[{"classID": 792, "schoolID": "2315200", "subject": [{"current": {"type": "SUBJECT", "status": "REGULAR", "shortName": "n1.12", "longName": "Schriftv/Dialog", "displayName": "n1.12", "displayNameLabel": "NAME"}, "removed": null}], "location": [{"current": {"type": "ROOM", "status": "REGULAR", "shortName": "R 5", "longName": "R 5", "displayName": "R 5", "displayNameLabel": "NAME"}, "removed": null}], "teacher": [{"current": {"type": "TEACHER", "status": "REGULAR", "shortName": "HN", "longName": "Heinecke", "displayName": "HN", "displayNameLabel": "NAME"}, "removed": null}], "cellState": "REGULAR", "date": "2025-08-14", "start": "2025-08-14T08:10", "end": "2025-08-14T10:40", "type": "NORMAL_TEACHING_PERIOD"}, {"classID": 792, "schoolID": "2315200", "subject": [{"current": {"type": "SUBJECT", "status": "REGULAR", "shortName": "c1.4", "longName": "c 1.4 Rechtswesen", "displayName": "c1.4", "displayNameLabel": "NAME"}, "removed": null}], "location": [{"current": {"type": "ROOM", "status": "REGULAR", "shortName": "R 5", "longName": "R 5", "displayName": "R 5", "displayNameLabel": "NAME"}, "removed": null}], "teacher": [{"current": {"type": "TEACHER", "status": "REGULAR", "shortName": "HN", "longName": "Heinecke", "displayName": "HN", "displayNameLabel": "NAME"}, "removed": null}], "cellState": "REGULAR", "date": "2025-08-14", "start": "2025-08-14T10:40", "end": "2025-08-14T12:25", "type": "NORMAL_TEACHING_PERIOD"}, {"classID": 792, "schoolID": "2315200", "subject": [{"current": {"type": "SUBJECT", "status": "REGULAR", "shortName": "n5.2", "longName": "Notfallmanagement", "displayName": "n5.2", "displayNameLabel": "NAME"}, "removed": null}], "location": [{"current": {"type": "ROOM", "status": "REGULAR", "shortName": "R 1", "longName": "R 1", "displayName": "R 1", "displayNameLabel": "NAME"}, "removed": null}], "teacher": [{"current": {"type": "TEACHER", "status": "REGULAR", "shortName": "MC", "longName": "Machnow", "displayName": "MC", "displayNameLabel": "NAME"}, "removed": null}], "cellState": "REGULAR", "date": "2025-08-14", "start": "2025-08-14T12:30", "end": "2025-08-14T13:10", "type": "NORMAL_TEACHING_PERIOD"}, {"classID": 792, "schoolID": "2315200", "subject": [{"current": {"type": "SUBJECT", "status": "REGULAR", "shortName": "n5.2", "longName": "Notfallmanagement", "displayName": "n5.2", "displayNameLabel": "NAME"}, "removed": null}], "location": [{"current": {"type": "ROOM", "status": "REGULAR", "shortName": "R 1", "longName": "R 1", "displayName": "R 1", "displayNameLabel": "NAME"}, "removed": null}], "teacher": [{"current": {"type": "TEACHER", "status": "REGULAR", "shortName": "MC", "longName": "Machnow", "displayName": "MC", "displayNameLabel": "NAME"}, "removed": null}], "cellState": "REGULAR", "date": "2025-08-14", "start": "2025-08-14T13:30", "end": "2025-08-14T14:15", "type": "NORMAL_TEACHING_PERIOD"}, {"classID": 795, "schoolID": "2315200", "subject": [{"current": {"type": "SUBJECT", "status": "REGULAR", "shortName": "n3.12", "longName": "Maritimes Englisch", "displayName": "n3.12", "displayNameLabel": "NAME"}, "removed": null}], "location": [{"current": {"type": "ROOM", "status": "REGULAR", "shortName": "R 1", "longName": "R 1", "displayName": "R 1", "displayNameLabel": "NAME"}, "removed": null}], "teacher": [{"current": {"type": "TEACHER", "status": "REGULAR", "shortName": "MC", "longName": "Machnow", "displayName": "MC", "displayNameLabel": "NAME"}, "removed": null}], "cellState": "REGULAR", "date": "2025-08-14", "start": "2025-08-14T08:10", "end": "2025-08-14T09:40", "type": "NORMAL_TEACHING_PERIOD"}, {"classID": 795, "schoolID": "2315200", "subject": [{"current": {"type": "SUBJECT", "status": "REGULAR", "shortName": "n4.3", "longName": "Ladungsumschlag und -sicherung 2", "displayName": "n4.3", "displayNameLabel": "NAME"}, "removed": null}], "location": [{"current": {"type": "ROOM", "status": "REGULAR", "shortName": "Kartenr", "longName": "Kartenr", "displayName": "Kartenr", "displayNameLabel": "NAME"}, "removed": null}], "teacher": [{"current": {"type": "TEACHER", "status": "REGULAR", "shortName": "GO", "longName": "G\u00f6rtz", "displayName": "GO", "displayNameLabel": "NAME"}, "removed": null}], "cellState": "REGULAR", "date": "2025-08-14", "start": "2025-08-14T09:55", "end": "2025-08-14T11:25", "type": "NORMAL_TEACHING_PERIOD"}, {"classID": 795, "schoolID": "2315200", "subject": [{"current": {"type": "SUBJECT", "status": "REGULAR", "shortName": "n2.1", "longName": "Mathematik 1", "displayName": "n2.1", "displayNameLabel": "NAME"}, "removed": null}], "location": [{"current": {"type": "ROOM", "status": "REGULAR", "shortName": "R 3", "longName": "R 3", "displayName": "R 3", "displayNameLabel": "NAME"}, "removed": null}], "teacher": [{"current": {"type": "TEACHER", "status": "REGULAR", "shortName": "PA", "longName": "Dr. Pause", "displayName": "PA", "displayNameLabel": "NAME"}, "removed": null}], "cellState": "REGULAR", "date": "2025-08-14", "start": "2025-08-14T11:40", "end": "2025-08-14T13:10", "type": "NORMAL_TEACHING_PERIOD"}, {"classID": 795, "schoolID": "2315200", "subject": [{"current": {"type": "SUBJECT", "status": "REGULAR", "shortName": "GOC n3.15", "longName": "Funkverkehr/ISB", "displayName": "GOC n3.15", "displayNameLabel": "NAME"}, "removed": null}], "location": [{"current": {"type": "ROOM", "status": "REGULAR", "shortName": "2.04", "longName": "EDV/GOC", "displayName": "2.04", "displayNameLabel": "NAME"}, "removed": null}], "teacher": [{"current": {"type": "TEACHER", "status": "REGULAR", "shortName": "GN", "longName": "Graven", "displayName": "GN", "displayNameLabel": "NAME"}, "removed": null}], "cellState": "REGULAR", "date": "2025-08-14", "start": "2025-08-14T13:30", "end": "2025-08-14T15:00", "type": "NORMAL_TEACHING_PERIOD"}, {"classID": 795, "schoolID": "2315200", "subject": [{"current": {"type": "SUBJECT", "status": "REGULAR", "shortName": "n7.1", "longName": "Fischereitechnologie", "displayName": "n7.1", "displayNameLabel": "NAME"}, "removed": null}], "location": [{"current": {"type": "ROOM", "status": "REGULAR", "shortName": "R 1", "longName": "R 1", "displayName": "R 1", "displayNameLabel": "NAME"}, "removed": null}], "teacher": [{"current": {"type": "TEACHER", "status": "REGULAR", "shortName": "PA", "longName": "Dr. Pause", "displayName": "PA", "displayNameLabel": "NAME"}, "removed": null}], "cellState": "REGULAR", "date": "2025-08-14", "start": "2025-08-14T15:15", "end": "2025-08-14T16:45", "type": "NORMAL_TEACHING_PERIOD"}, {"classID": 798, "schoolID": "2315200", "subject": [{"current": {"type": "SUBJECT", "status": "REGULAR", "shortName": "n5.6", "longName": "Intakt- und Leckstabilit\u00e4t, Schiffsfestigkeit", "displayName": "n5.6", "displayNameLabel": "NAME"}, "removed": null}], "location": [{"current": {"type": "ROOM", "status": "REGULAR", "shortName": "2.05", "longName": "SHS Instruktor", "displayName": "2.05", "displayNameLabel": "NAME"}, "removed": null}], "teacher": [{"current": {"type": "TEACHER", "status": "REGULAR", "shortName": "Ws", "longName": "Wessels", "displayName": "Ws", "displayNameLabel": "NAME"}, "removed": null}], "cellState": "REGULAR", "date": "2025-08-14", "start": "2025-08-14T08:10", "end": "2025-08-14T11:25", "type": "NORMAL_TEACHING_PERIOD"}, {"classID": 798, "schoolID": "2315200", "subject": [{"current": {"type": "SUBJECT", "status": "REGULAR", "shortName": "n4.3", "longName": "Ladungsumschlag und -sicherung 2", "displayName": "n4.3", "displayNameLabel": "NAME"}, "removed": null}], "location": [{"current": {"type": "ROOM", "status": "REGULAR", "shortName": "Kartenr", "longName": "Kartenr", "displayName": "Kartenr", "displayNameLabel": "NAME"}, "removed": null}], "teacher": [{"current": {"type": "TEACHER", "status": "REGULAR", "shortName": "GO", "longName": "G\u00f6rtz", "displayName": "GO", "displayNameLabel": "NAME"}, "removed": null}], "cellState": "REGULAR", "date": "2025-08-14", "start": "2025-08-14T11:40", "end": "2025-08-14T12:25", "type": "NORMAL_TEACHING_PERIOD"}, {"classID": 798, "schoolID": "2315200", "subject": [{"current": {"type": "SUBJECT", "status": "REGULAR", "shortName": "n4.4", "longName": "Gef\u00e4hrliche Ladungen", "displayName": "n4.4", "displayNameLabel": "NAME"}, "removed": null}], "location": [{"current": {"type": "ROOM", "status": "REGULAR", "shortName": "Kartenr", "longName": "Kartenr", "displayName": "Kartenr", "displayNameLabel": "NAME"}, "removed": null}], "teacher": [{"current": {"type": "TEACHER", "status": "REGULAR", "shortName": "WE", "longName": "Fr. Wessels", "displayName": "WE", "displayNameLabel": "NAME"}, "removed": null}], "cellState": "REGULAR", "date": "2025-08-14", "start": "2025-08-14T12:30", "end": "2025-08-14T13:10", "type": "NORMAL_TEACHING_PERIOD"}, {"classID": 798, "schoolID": "2315200", "subject": [{"current": {"type": "SUBJECT", "status": "REGULAR", "shortName": "n4.4", "longName": "Gef\u00e4hrliche Ladungen", "displayName": "n4.4", "displayNameLabel": "NAME"}, "removed": null}], "location": [{"current": {"type": "ROOM", "status": "REGULAR", "shortName": "Kartenr", "longName": "Kartenr", "displayName": "Kartenr", "displayNameLabel": "NAME"}, "removed": null}], "teacher": [{"current": {"type": "TEACHER", "status": "REGULAR", "shortName": "WE", "longName": "Fr. Wessels", "displayName": "WE", "displayNameLabel": "NAME"}, "removed": null}], "cellState": "REGULAR", "date": "2025-08-14", "start": "2025-08-14T13:30", "end": "2025-08-14T14:15", "type": "NORMAL_TEACHING_PERIOD"}, {"classID": 798, "schoolID": "2315200", "subject": [{"current": {"type": "SUBJECT", "status": "REGULAR", "shortName": "n3.5", "longName": "Gezeitenkunde", "displayName": "n3.5", "displayNameLabel": "NAME"}, "removed": null}], "location": [{"current": {"type": "ROOM", "status": "REGULAR", "shortName": "R 5", "longName": "R 5", "displayName": "R 5", "displayNameLabel": "NAME"}, "removed": null}], "teacher": [{"current": {"type": "TEACHER", "status": "REGULAR", "shortName": "MC", "longName": "Machnow", "displayName": "MC", "displayNameLabel": "NAME"}, "removed": null}], "cellState": "REGULAR", "date": "2025-08-14", "start": "2025-08-14T14:20", "end": "2025-08-14T15:00", "type": "NORMAL_TEACHING_PERIOD"}, {"classID": 801, "schoolID": "2315200", "subject": [{"current": {"type": "SUBJECT", "status": "REGULAR", "shortName": "n4.4", "longName": "Gef\u00e4hrliche Ladungen", "displayName": "n4.4", "displayNameLabel": "NAME"}, "removed": null}], "location": [{"current": {"type": "ROOM", "status": "REGULAR", "shortName": "Kartenr", "longName": "Kartenr", "displayName": "Kartenr", "displayNameLabel": "NAME"}, "removed": null}], "teacher": [{"current": {"type": "TEACHER", "status": "REGULAR", "shortName": "GO", "longName": "G\u00f6rtz", "displayName": "GO", "displayNameLabel": "NAME"}, "removed": null}], "cellState": "REGULAR", "date": "2025-08-14", "start": "2025-08-14T08:10", "end": "2025-08-14T09:40", "type": "NORMAL_TEACHING_PERIOD"}, {"classID": 801, "schoolID": "2315200", "subject": [{"current": {"type": "SUBJECT", "status": "REGULAR", "shortName": "n3.9", "longName": "Ma\u00dfnahmen in Notf\u00e4llen", "displayName": "n3.9", "displayNameLabel": "NAME"}, "removed": null}], "location": [{"current": {"type": "ROOM", "status": "REGULAR", "shortName": "R 1", "longName": "R 1", "displayName": "R 1", "displayNameLabel": "NAME"}, "removed": null}], "teacher": [{"current": {"type": "TEACHER", "status": "REGULAR", "shortName": "MC", "longName": "Machnow", "displayName": "MC", "displayNameLabel": "NAME"}, "removed": null}], "cellState": "REGULAR", "date": "2025-08-14", "start": "2025-08-14T09:55", "end": "2025-08-14T10:40", "type": "NORMAL_TEACHING_PERIOD"}, {"classID": 801, "schoolID": "2315200", "subject": [{"current": {"type": "SUBJECT", "status": "REGULAR", "shortName": "n5.2", "longName": "Notfallmanagement", "displayName": "n5.2", "displayNameLabel": "NAME"}, "removed": null}], "location": [{"current": {"type": "ROOM", "status": "REGULAR", "shortName": "R 1", "longName": "R 1", "displayName": "R 1", "displayNameLabel": "NAME"}, "removed": null}], "teacher": [{"current": {"type": "TEACHER", "status": "REGULAR", "shortName": "MC", "longName": "Machnow", "displayName": "MC", "displayNameLabel": "NAME"}, "removed": null}], "cellState": "REGULAR", "date": "2025-08-14", "start": "2025-08-14T10:40", "end": "2025-08-14T11:25", "type": "NORMAL_TEACHING_PERIOD"}, {"classID": 801, "schoolID": "2315200", "subject": [{"current": {"type": "SUBJECT", "status": "REGULAR", "shortName": "n5.5", "longName": "Internationales und nationales Recht", "displayName": "n5.5", "displayNameLabel": "NAME"}, "removed": null}], "location": [{"current": {"type": "ROOM", "status": "REGULAR", "shortName": "R 1", "longName": "R 1", "displayName": "R 1", "displayNameLabel": "NAME"}, "removed": null}], "teacher": [{"current": {"type": "TEACHER", "status": "REGULAR", "shortName": "MC", "longName": "Machnow", "displayName": "MC", "displayNameLabel": "NAME"}, "removed": null}], "cellState": "REGULAR", "date": "2025-08-14", "start": "2025-08-14T11:40", "end": "2025-08-14T12:25", "type": "NORMAL_TEACHING_PERIOD"}, {"classID": 801, "schoolID": "2315200", "subject": [{"current": {"type": "SUBJECT", "status": "REGULAR", "shortName": "n3.13", "longName": "System\u00fcberwachung", "displayName": "n3.13", "displayNameLabel": "NAME"}, "removed": null}], "location": [{"current": {"type": "ROOM", "status": "REGULAR", "shortName": "R 6", "longName": "R 6", "displayName": "R 6", "displayNameLabel": "NAME"}, "removed": null}], "teacher": [{"current": {"type": "TEACHER", "status": "REGULAR", "shortName": "GU", "longName": "Grunert", "displayName": "GU", "displayNameLabel": "NAME"}, "removed": null}], "cellState": "REGULAR", "date": "2025-08-14", "start": "2025-08-14T12:30", "end": "2025-08-14T13:10", "type": "NORMAL_TEACHING_PERIOD"}, {"classID": 807, "schoolID": "2315200", "subject": [{"current": {"type": "SUBJECT", "status": "REGULAR", "shortName": "n1.12", "longName": "Schriftv/Dialog", "displayName": "n1.12", "displayNameLabel": "NAME"}, "removed": null}], "location": [{"current": {"type": "ROOM", "status": "REGULAR", "shortName": "R 5", "longName": "R 5", "displayName": "R 5", "displayNameLabel": "NAME"}, "removed": null}], "teacher": [{"current": {"type": "TEACHER", "status": "REGULAR", "shortName": "HN", "longName": "Heinecke", "displayName": "HN", "displayNameLabel": "NAME"}, "removed": null}], "cellState": "REGULAR", "date": "2025-08-14", "start": "2025-08-14T08:10", "end": "2025-08-14T10:40", "type": "NORMAL_TEACHING_PERIOD"}, {"classID": 807, "schoolID": "2315200", "subject": [{"current": {"type": "SUBJECT", "status": "REGULAR", "shortName": "c4.11", "longName": "c 4.1.1 Grundlagen E-Technik", "displayName": "c4.11", "displayNameLabel": "NAME"}, "removed": null}], "location": [{"current": {"type": "ROOM", "status": "REGULAR", "shortName": "ELab", "longName": "ELab", "displayName": "ELab", "displayNameLabel": "NAME"}, "removed": null}], "teacher": [{"current": {"type": "TEACHER", "status": "REGULAR", "shortName": "DE", "longName": "Deiler", "displayName": "DE", "displayNameLabel": "NAME"}, "removed": null}], "cellState": "REGULAR", "date": "2025-08-14", "start": "2025-08-14T10:40", "end": "2025-08-14T12:25", "type": "NORMAL_TEACHING_PERIOD"}, {"classID": 807, "schoolID": "2315200", "subject": [{"current": {"type": "SUBJECT", "status": "REGULAR", "shortName": "n5.2", "longName": "Notfallmanagement", "displayName": "n5.2", "displayNameLabel": "NAME"}, "removed": null}], "location": [{"current": {"type": "ROOM", "status": "REGULAR", "shortName": "R 1", "longName": "R 1", "displayName": "R 1", "displayNameLabel": "NAME"}, "removed": null}], "teacher": [{"current": {"type": "TEACHER", "status": "REGULAR", "shortName": "MC", "longName": "Machnow", "displayName": "MC", "displayNameLabel": "NAME"}, "removed": null}], "cellState": "REGULAR", "date": "2025-08-14", "start": "2025-08-14T12:30", "end": "2025-08-14T13:10", "type": "NORMAL_TEACHING_PERIOD"}, {"classID": 807, "schoolID": "2315200", "subject": [{"current": {"type": "SUBJECT", "status": "REGULAR", "shortName": "n5.2", "longName": "Notfallmanagement", "displayName": "n5.2", "displayNameLabel": "NAME"}, "removed": null}], "location": [{"current": {"type": "ROOM", "status": "REGULAR", "shortName": "R 1", "longName": "R 1", "displayName": "R 1", "displayNameLabel": "NAME"}, "removed": null}], "teacher": [{"current": {"type": "TEACHER", "status": "REGULAR", "shortName": "MC", "longName": "Machnow", "displayName": "MC", "displayNameLabel": "NAME"}, "removed": null}], "cellState": "REGULAR", "date": "2025-08-14", "start": "2025-08-14T13:30", "end": "2025-08-14T14:15", "type": "NORMAL_TEACHING_PERIOD"}, {"classID": 810, "schoolID": "2315200", "subject": [{"current": {"type": "SUBJECT", "status": "REGULAR", "shortName": "c3.4", "longName": "c 3.4 Arbeitsmaschinen und Anlagen", "displayName": "c3.4", "displayNameLabel": "NAME"}, "removed": null}], "location": [{"current": {"type": "ROOM", "status": "REGULAR", "shortName": "R 3", "longName": "R 3", "displayName": "R 3", "displayNameLabel": "NAME"}, "removed": null}], "teacher": [{"current": {"type": "TEACHER", "status": "REGULAR", "shortName": "GU", "longName": "Grunert", "displayName": "GU", "displayNameLabel": "NAME"}, "removed": null}], "cellState": "REGULAR", "date": "2025-08-14", "start": "2025-08-14T08:10", "end": "2025-08-14T09:40", "type": "NORMAL_TEACHING_PERIOD"}, {"classID": 810, "schoolID": "2315200", "subject": [{"current": {"type": "SUBJECT", "status": "REGULAR", "shortName": "c4.21", "longName": "c 4.2.1 Hydr. Pneumat. Steuerungen", "displayName": "c4.21", "displayNameLabel": "NAME"}, "removed": null}], "location": [{"current": {"type": "ROOM", "status": "REGULAR", "shortName": "R 3", "longName": "R 3", "displayName": "R 3", "displayNameLabel": "NAME"}, "removed": null}], "teacher": [{"current": {"type": "TEACHER", "status": "REGULAR", "shortName": "GU", "longName": "Grunert", "displayName": "GU", "displayNameLabel": "NAME"}, "removed": null}], "cellState": "REGULAR", "date": "2025-08-14", "start": "2025-08-14T09:55", "end": "2025-08-14T11:25", "type": "NORMAL_TEACHING_PERIOD"}, {"classID": 810, "schoolID": "2315200", "subject": [{"current": {"type": "SUBJECT", "status": "REGULAR", "shortName": "n2.1", "longName": "Mathematik 1", "displayName": "n2.1", "displayNameLabel": "NAME"}, "removed": null}], "location": [{"current": {"type": "ROOM", "status": "REGULAR", "shortName": "R 3", "longName": "R 3", "displayName": "R 3", "displayNameLabel": "NAME"}, "removed": null}], "teacher": [{"current": {"type": "TEACHER", "status": "REGULAR", "shortName": "PA", "longName": "Dr. Pause", "displayName": "PA", "displayNameLabel": "NAME"}, "removed": null}], "cellState": "REGULAR", "date": "2025-08-14", "start": "2025-08-14T11:40", "end": "2025-08-14T13:10", "type": "NORMAL_TEACHING_PERIOD"}, {"classID": 813, "schoolID": "2315200", "subject": [{"current": {"type": "SUBJECT", "status": "REGULAR", "shortName": "c7.2", "longName": "c 7.2 Simulation", "displayName": "c7.2", "displayNameLabel": "NAME"}, "removed": null}], "location": [{"current": {"type": "ROOM", "status": "REGULAR", "shortName": "R 2", "longName": "R 2", "displayName": "R 2", "displayNameLabel": "NAME"}, "removed": null}], "teacher": [{"current": {"type": "TEACHER", "status": "REGULAR", "shortName": "MA", "longName": "M\u00e4th", "displayName": "MA", "displayNameLabel": "NAME"}, "removed": null}], "cellState": "REGULAR", "date": "2025-08-14", "start": "2025-08-14T08:10", "end": "2025-08-14T08:55", "type": "NORMAL_TEACHING_PERIOD"}, {"classID": 813, "schoolID": "2315200", "subject": [{"current": {"type": "SUBJECT", "status": "REGULAR", "shortName": "c2.21", "longName": "c 2.2.1 Thermodynamik", "displayName": "c2.21", "displayNameLabel": "NAME"}, "removed": null}], "location": [{"current": {"type": "ROOM", "status": "REGULAR", "shortName": "R 2", "longName": "R 2", "displayName": "R 2", "displayNameLabel": "NAME"}, "removed": null}], "teacher": [{"current": {"type": "TEACHER", "status": "REGULAR", "shortName": "MA", "longName": "M\u00e4th", "displayName": "MA", "displayNameLabel": "NAME"}, "removed": null}], "cellState": "REGULAR", "date": "2025-08-14", "start": "2025-08-14T08:55", "end": "2025-08-14T09:40", "type": "NORMAL_TEACHING_PERIOD"}, {"classID": 813, "schoolID": "2315200", "subject": [{"current": {"type": "SUBJECT", "status": "REGULAR", "shortName": "c3.5", "longName": "c 3.5 Dampftechnik", "displayName": "c3.5", "displayNameLabel": "NAME"}, "removed": null}], "location": [{"current": {"type": "ROOM", "status": "REGULAR", "shortName": "R 2", "longName": "R 2", "displayName": "R 2", "displayNameLabel": "NAME"}, "removed": null}], "teacher": [{"current": {"type": "TEACHER", "status": "REGULAR", "shortName": "MA", "longName": "M\u00e4th", "displayName": "MA", "displayNameLabel": "NAME"}, "removed": null}], "cellState": "REGULAR", "date": "2025-08-14", "start": "2025-08-14T09:55", "end": "2025-08-14T10:40", "type": "NORMAL_TEACHING_PERIOD"}, {"classID": 813, "schoolID": "2315200", "subject": [{"current": {"type": "SUBJECT", "status": "REGULAR", "shortName": "c1.4", "longName": "c 1.4 Rechtswesen", "displayName": "c1.4", "displayNameLabel": "NAME"}, "removed": null}], "location": [{"current": {"type": "ROOM", "status": "REGULAR", "shortName": "R 5", "longName": "R 5", "displayName": "R 5", "displayNameLabel": "NAME"}, "removed": null}], "teacher": [{"current": {"type": "TEACHER", "status": "REGULAR", "shortName": "HN", "longName": "Heinecke", "displayName": "HN", "displayNameLabel": "NAME"}, "removed": null}], "cellState": "REGULAR", "date": "2025-08-14", "start": "2025-08-14T10:40", "end": "2025-08-14T12:25", "type": "NORMAL_TEACHING_PERIOD"}, {"classID": 813, "schoolID": "2315200", "subject": [{"current": {"type": "SUBJECT", "status": "REGULAR", "shortName": "c4.31", "longName": "c 4.3.1 E-Masch. u. Anlagen", "displayName": "c4.31", "displayNameLabel": "NAME"}, "removed": null}], "location": [{"current": {"type": "ROOM", "status": "REGULAR", "shortName": "ELab", "longName": "ELab", "displayName": "ELab", "displayNameLabel": "NAME"}, "removed": null}], "teacher": [{"current": {"type": "TEACHER", "status": "REGULAR", "shortName": "DE", "longName": "Deiler", "displayName": "DE", "displayNameLabel": "NAME"}, "removed": null}], "cellState": "REGULAR", "date": "2025-08-14", "start": "2025-08-14T12:30", "end": "2025-08-14T13:10", "type": "NORMAL_TEACHING_PERIOD"}, {"classID": 834, "schoolID": "2315200", "subject": [{"current": {"type": "SUBJECT", "status": "REGULAR", "shortName": "n5-LAD", "longName": "Ladung", "displayName": "n5-LAD", "displayNameLabel": "NAME"}, "removed": null}], "location": [{"current": {"type": "ROOM", "status": "REGULAR", "shortName": "R 4", "longName": "R 4", "displayName": "R 4", "displayNameLabel": "NAME"}, "removed": null}], "teacher": [{"current": {"type": "TEACHER", "status": "REGULAR", "shortName": "WE", "longName": "Fr. Wessels", "displayName": "WE", "displayNameLabel": "NAME"}, "removed": null}], "cellState": "REGULAR", "date": "2025-08-14", "start": "2025-08-14T08:10", "end": "2025-08-14T08:55", "type": "NORMAL_TEACHING_PERIOD"}, {"classID": 834, "schoolID": "2315200", "subject": [{"current": {"type": "SUBJECT", "status": "REGULAR", "shortName": "n5-NAT", "longName": "Naturwiss", "displayName": "n5-NAT", "displayNameLabel": "NAME"}, "removed": null}], "location": [{"current": {"type": "ROOM", "status": "REGULAR", "shortName": "R 4", "longName": "R 4", "displayName": "R 4", "displayNameLabel": "NAME"}, "removed": null}], "teacher": [{"current": {"type": "TEACHER", "status": "REGULAR", "shortName": "WE", "longName": "Fr. Wessels", "displayName": "WE", "displayNameLabel": "NAME"}, "removed": null}], "cellState": "REGULAR", "date": "2025-08-14", "start": "2025-08-14T08:55", "end": "2025-08-14T09:40", "type": "NORMAL_TEACHING_PERIOD"}, {"classID": 834, "schoolID": "2315200", "subject": [{"current": {"type": "SUBJECT", "status": "REGULAR", "shortName": "n5-SF", "longName": "Schiffsf\u00fchrung", "displayName": "n5-SF", "displayNameLabel": "NAME"}, "removed": null}], "location": [{"current": {"type": "ROOM", "status": "REGULAR", "shortName": "R 4", "longName": "R 4", "displayName": "R 4", "displayNameLabel": "NAME"}, "removed": null}], "teacher": [{"current": {"type": "TEACHER", "status": "REGULAR", "shortName": "WE", "longName": "Fr. Wessels", "displayName": "WE", "displayNameLabel": "NAME"}, "removed": null}], "cellState": "REGULAR", "date": "2025-08-14", "start": "2025-08-14T09:55", "end": "2025-08-14T10:40", "type": "NORMAL_TEACHING_PERIOD"}, {"classID": 834, "schoolID": "2315200", "subject": [{"current": {"type": "SUBJECT", "status": "REGULAR", "shortName": "n5-SF", "longName": "Schiffsf\u00fchrung", "displayName": "n5-SF", "displayNameLabel": "NAME"}, "removed": null}], "location": [{"current": {"type": "ROOM", "status": "REGULAR", "shortName": "2.04", "longName": "EDV/GOC", "displayName": "2.04", "displayNameLabel": "NAME"}, "removed": null}], "teacher": [{"current": {"type": "TEACHER", "status": "REGULAR", "shortName": "WE", "longName": "Fr. Wessels", "displayName": "WE", "displayNameLabel": "NAME"}, "removed": null}], "cellState": "REGULAR", "date": "2025-08-14", "start": "2025-08-14T10:40", "end": "2025-08-14T12:25", "type": "NORMAL_TEACHING_PERIOD"}, {"classID": 834, "schoolID": "2315200", "subject": [{"current": {"type": "SUBJECT", "status": "REGULAR", "shortName": "n5-NAT", "longName": "Naturwiss", "displayName": "n5-NAT", "displayNameLabel": "NAME"}, "removed": null}], "location": [{"current": {"type": "ROOM", "status": "REGULAR", "shortName": "R 5", "longName": "R 5", "displayName": "R 5", "displayNameLabel": "NAME"}, "removed": null}], "teacher": [{"current": {"type": "TEACHER", "status": "REGULAR", "shortName": "HN", "longName": "Heinecke", "displayName": "HN", "displayNameLabel": "NAME"}, "removed": null}], "cellState": "REGULAR", "date": "2025-08-14", "start": "2025-08-14T12:30", "end": "2025-08-14T13:10", "type": "NORMAL_TEACHING_PERIOD"}, {"classID": 834, "schoolID": "2315200", "subject": [{"current": {"type": "SUBJECT", "status": "REGULAR", "shortName": "n5_\u00dcSB", "longName": "Schiffsbetrieb", "displayName": "n5_\u00dcSB", "displayNameLabel": "NAME"}, "removed": null}], "location": [{"current": {"type": "ROOM", "status": "REGULAR", "shortName": "R 4", "longName": "R 4", "displayName": "R 4", "displayNameLabel": "NAME"}, "removed": null}], "teacher": [{"current": {"type": "TEACHER", "status": "REGULAR", "shortName": "PA", "longName": "Dr. Pause", "displayName": "PA", "displayNameLabel": "NAME"}, "removed": null}], "cellState": "REGULAR", "date": "2025-08-14", "start": "2025-08-14T13:30", "end": "2025-08-14T14:15", "type": "NORMAL_TEACHING_PERIOD"}, {"classID": 834, "schoolID": "2315200", "subject": [{"current": {"type": "SUBJECT", "status": "REGULAR", "shortName": "n5-NAT", "longName": "Naturwiss", "displayName": "n5-NAT", "displayNameLabel": "NAME"}, "removed": null}], "location": [{"current": {"type": "ROOM", "status": "REGULAR", "shortName": "R 4", "longName": "R 4", "displayName": "R 4", "displayNameLabel": "NAME"}, "removed": null}], "teacher": [{"current": {"type": "TEACHER", "status": "REGULAR", "shortName": "PA", "longName": "Dr. Pause", "displayName": "PA", "displayNameLabel": "NAME"}, "removed": null}], "cellState": "REGULAR", "date": "2025-08-14", "start": "2025-08-14T14:20", "end": "2025-08-14T15:00", "type": "NORMAL_TEACHING_PERIOD"}, {"classID": 819, "schoolID": "2315200", "subject": [{"current": {"type": "SUBJECT", "status": "REGULAR", "shortName": "s5.1", "longName": "sBB5-1", "displayName": "s5.1", "displayNameLabel": "NAME"}, "removed": null}], "location": [{"current": {"type": "ROOM", "status": "REGULAR", "shortName": "BBS", "longName": "BBS", "displayName": "BBS", "displayNameLabel": "NAME"}, "removed": null}], "teacher": [{"current": {"type": "TEACHER", "status": "REGULAR", "shortName": "He", "longName": "Herrmann", "displayName": "He", "displayNameLabel": "NAME"}, "removed": null}], "cellState": "REGULAR", "date": "2025-08-14", "start": "2025-08-14T08:10", "end": "2025-08-14T13:10", "type": "NORMAL_TEACHING_PERIOD"}, {"classID": 819, "schoolID": "2315200", "subject": [{"current": {"type": "SUBJECT", "status": "REGULAR", "shortName": "s5.1", "longName": "sBB5-1", "displayName": "s5.1", "displayNameLabel": "NAME"}, "removed": null}], "location": [{"current": {"type": "ROOM", "status": "REGULAR", "shortName": "BBS", "longName": "BBS", "displayName": "BBS", "displayNameLabel": "NAME"}, "removed": null}], "teacher": [{"current": {"type": "TEACHER", "status": "REGULAR", "shortName": "He", "longName": "Herrmann", "displayName": "He", "displayNameLabel": "NAME"}, "removed": null}], "cellState": "REGULAR", "date": "2025-08-14", "start": "2025-08-14T13:30", "end": "2025-08-14T14:15", "type": "NORMAL_TEACHING_PERIOD"}, {"classID": 792, "schoolID": "2315200", "subject": [{"current": {"type": "SUBJECT", "status": "REGULAR", "shortName": "n5.1", "longName": "Personalf\u00fchrung und Arbeitsrecht", "displayName": "n5.1", "displayNameLabel": "NAME"}, "removed": null}], "location": [{"current": {"type": "ROOM", "status": "REGULAR", "shortName": "R 5", "longName": "R 5", "displayName": "R 5", "displayNameLabel": "NAME"}, "removed": null}], "teacher": [{"current": {"type": "TEACHER", "status": "REGULAR", "shortName": "HN", "longName": "Heinecke", "displayName": "HN", "displayNameLabel": "NAME"}, "removed": null}], "cellState": "REGULAR", "date": "2025-08-15", "start": "2025-08-15T08:10", "end": "2025-08-15T11:25", "type": "NORMAL_TEACHING_PERIOD"}, {"classID": 795, "schoolID": "2315200", "subject": [{"current": {"type": "SUBJECT", "status": "REGULAR", "shortName": "n5.8", "longName": "Schifffahrtsmedizin", "displayName": "n5.8", "displayNameLabel": "NAME"}, "removed": null}], "location": [{"current": {"type": "ROOM", "status": "REGULAR", "shortName": "Hel", "longName": "Heliosklinik", "displayName": "Hel", "displayNameLabel": "NAME"}, "removed": null}], "teacher": [{"current": {"type": "TEACHER", "status": "REGULAR", "shortName": "HBZ", "longName": "Helios Bildungszentrum", "displayName": "HBZ", "displayNameLabel": "NAME"}, "removed": null}], "cellState": "REGULAR", "date": "2025-08-15", "start": "2025-08-15T13:30", "end": "2025-08-15T16:45", "type": "NORMAL_TEACHING_PERIOD"}, {"classID": 801, "schoolID": "2315200", "subject": [{"current": {"type": "SUBJECT", "status": "REGULAR", "shortName": "n5.3", "longName": "Gefahrenabwehr auf dem Schiff", "displayName": "n5.3", "displayNameLabel": "NAME"}, "removed": null}], "location": [{"current": {"type": "ROOM", "status": "REGULAR", "shortName": "2.04", "longName": "EDV/GOC", "displayName": "2.04", "displayNameLabel": "NAME"}, "removed": null}], "teacher": [{"current": {"type": "TEACHER", "status": "REGULAR", "shortName": "GO", "longName": "G\u00f6rtz", "displayName": "GO", "displayNameLabel": "NAME"}, "removed": null}], "cellState": "REGULAR", "date": "2025-08-15", "start": "2025-08-15T13:30", "end": "2025-08-15T14:15", "type": "NORMAL_TEACHING_PERIOD"}, {"classID": 801, "schoolID": "2315200", "subject": [{"current": {"type": "SUBJECT", "status": "REGULAR", "shortName": "EDV n1.3", "longName": "Informatik", "displayName": "EDV n1.3", "displayNameLabel": "NAME"}, "removed": null}], "location": [{"current": {"type": "ROOM", "status": "REGULAR", "shortName": "2.04", "longName": "EDV/GOC", "displayName": "2.04", "displayNameLabel": "NAME"}, "removed": null}], "teacher": [{"current": {"type": "TEACHER", "status": "REGULAR", "shortName": "GO", "longName": "G\u00f6rtz", "displayName": "GO", "displayNameLabel": "NAME"}, "removed": null}], "cellState": "REGULAR", "date": "2025-08-15", "start": "2025-08-15T14:20", "end": "2025-08-15T15:00", "type": "NORMAL_TEACHING_PERIOD"}, {"classID": 810, "schoolID": "2315200", "subject": [{"current": {"type": "SUBJECT", "status": "REGULAR", "shortName": "n5.1", "longName": "Personalf\u00fchrung und Arbeitsrecht", "displayName": "n5.1", "displayNameLabel": "NAME"}, "removed": null}], "location": [{"current": {"type": "ROOM", "status": "REGULAR", "shortName": "R 5", "longName": "R 5", "displayName": "R 5", "displayNameLabel": "NAME"}, "removed": null}], "teacher": [{"current": {"type": "TEACHER", "status": "REGULAR", "shortName": "HN", "longName": "Heinecke", "displayName": "HN", "displayNameLabel": "NAME"}, "removed": null}], "cellState": "REGULAR", "date": "2025-08-15", "start": "2025-08-15T08:10", "end": "2025-08-15T11:25", "type": "NORMAL_TEACHING_PERIOD"}, {"classID": 813, "schoolID": "2315200", "subject": [{"current": {"type": "SUBJECT", "status": "REGULAR", "shortName": "c4.31", "longName": "c 4.3.1 E-Masch. u. Anlagen", "displayName": "c4.31", "displayNameLabel": "NAME"}, "removed": null}], "location": [{"current": {"type": "ROOM", "status": "REGULAR", "shortName": "ELab", "longName": "ELab", "displayName": "ELab", "displayNameLabel": "NAME"}, "removed": null}], "teacher": [{"current": {"type": "TEACHER", "status": "REGULAR", "shortName": "DE", "longName": "Deiler", "displayName": "DE", "displayNameLabel": "NAME"}, "removed": null}], "cellState": "REGULAR", "date": "2025-08-15", "start": "2025-08-15T08:10", "end": "2025-08-15T09:40", "type": "NORMAL_TEACHING_PERIOD"}, {"classID": 813, "schoolID": "2315200", "subject": [{"current": {"type": "SUBJECT", "status": "REGULAR", "shortName": "c5.1", "longName": "c 5.1  Instandhaltung/Motoren", "displayName": "c5.1", "displayNameLabel": "NAME"}, "removed": null}], "location": [{"current": {"type": "ROOM", "status": "REGULAR", "shortName": "ELab", "longName": "ELab", "displayName": "ELab", "displayNameLabel": "NAME"}, "removed": null}], "teacher": [{"current": {"type": "TEACHER", "status": "REGULAR", "shortName": "DE", "longName": "Deiler", "displayName": "DE", "displayNameLabel": "NAME"}, "removed": null}], "cellState": "REGULAR", "date": "2025-08-15", "start": "2025-08-15T09:55", "end": "2025-08-15T11:25", "type": "NORMAL_TEACHING_PERIOD"}, {"classID": 813, "schoolID": "2315200", "subject": [{"current": {"type": "SUBJECT", "status": "REGULAR", "shortName": "c5.2", "longName": "c 5.2  Instandhaltung/AuA", "displayName": "c5.2", "displayNameLabel": "NAME"}, "removed": null}], "location": [{"current": {"type": "ROOM", "status": "REGULAR", "shortName": "MH", "longName": "Maschinenhalle", "displayName": "MH", "displayNameLabel": "NAME"}, "removed": null}], "teacher": [{"current": {"type": "TEACHER", "status": "REGULAR", "shortName": "DE", "longName": "Deiler", "displayName": "DE", "displayNameLabel": "NAME"}, "removed": null}], "cellState": "REGULAR", "date": "2025-08-15", "start": "2025-08-15T11:40", "end": "2025-08-15T12:25", "type": "NORMAL_TEACHING_PERIOD"}, {"classID": 813, "schoolID": "2315200", "subject": [{"current": {"type": "SUBJECT", "status": "REGULAR", "shortName": "c4.4", "longName": "c 4.4 Mittelspannung", "displayName": "c4.4", "displayNameLabel": "NAME"}, "removed": null}], "location": [{"current": {"type": "ROOM", "status": "REGULAR", "shortName": "ELab", "longName": "ELab", "displayName": "ELab", "displayNameLabel": "NAME"}, "removed": null}], "teacher": [{"current": {"type": "TEACHER", "status": "REGULAR", "shortName": "DE", "longName": "Deiler", "displayName": "DE", "displayNameLabel": "NAME"}, "removed": null}], "cellState": "REGULAR", "date": "2025-08-15", "start": "2025-08-15T12:30", "end": "2025-08-15T13:10", "type": "NORMAL_TEACHING_PERIOD"}, {"classID": 834, "schoolID": "2315200", "subject": [{"current": {"type": "SUBJECT", "status": "REGULAR", "shortName": "n5-SF", "longName": "Schiffsf\u00fchrung", "displayName": "n5-SF", "displayNameLabel": "NAME"}, "removed": null}], "location": [{"current": {"type": "ROOM", "status": "REGULAR", "shortName": "R 4", "longName": "R 4", "displayName": "R 4", "displayNameLabel": "NAME"}, "removed": null}], "teacher": [{"current": {"type": "TEACHER", "status": "REGULAR", "shortName": "GN", "longName": "Graven", "displayName": "GN", "displayNameLabel": "NAME"}, "removed": null}], "cellState": "REGULAR", "date": "2025-08-15", "start": "2025-08-15T08:10", "end": "2025-08-15T09:40", "type": "NORMAL_TEACHING_PERIOD"}, {"classID": 834, "schoolID": "2315200", "subject": [{"current": {"type": "SUBJECT", "status": "REGULAR", "shortName": "n5_\u00dcSB", "longName": "Schiffsbetrieb", "displayName": "n5_\u00dcSB", "displayNameLabel": "NAME"}, "removed": null}], "location": [{"current": {"type": "ROOM", "status": "REGULAR", "shortName": "R 4", "longName": "R 4", "displayName": "R 4", "displayNameLabel": "NAME"}, "removed": null}], "teacher": [{"current": {"type": "TEACHER", "status": "REGULAR", "shortName": "GN", "longName": "Graven", "displayName": "GN", "displayNameLabel": "NAME"}, "removed": null}], "cellState": "REGULAR", "date": "2025-08-15", "start": "2025-08-15T09:55", "end": "2025-08-15T10:40", "type": "NORMAL_TEACHING_PERIOD"}, {"classID": 819, "schoolID": "2315200", "subject": [{"current": {"type": "SUBJECT", "status": "REGULAR", "shortName": "s5.1", "longName": "sBB5-1", "displayName": "s5.1", "displayNameLabel": "NAME"}, "removed": null}], "location": [{"current": {"type": "ROOM", "status": "REGULAR", "shortName": "BBS", "longName": "BBS", "displayName": "BBS", "displayNameLabel": "NAME"}, "removed": null}], "teacher": [{"current": {"type": "TEACHER", "status": "REGULAR", "shortName": "He", "longName": "Herrmann", "displayName": "He", "displayNameLabel": "NAME"}, "removed": null}], "cellState": "REGULAR", "date": "2025-08-15", "start": "2025-08-15T08:10", "end": "2025-08-15T13:10", "type": "NORMAL_TEACHING_PERIOD"}, {"classID": 825, "schoolID": "2315200", "subject": [{"current": {"type": "SUBJECT", "status": "REGULAR", "shortName": "sPrakt", "longName": "s Betreuung Praktika", "displayName": "sPrakt", "displayNameLabel": "NAME"}, "removed": null}], "location": [{"current": {"type": "ROOM", "status": "REGULAR", "shortName": "Reederei", "longName": "Reederei", "displayName": "Reederei", "displayNameLabel": "NAME"}, "removed": null}], "teacher": [{"current": {"type": "TEACHER", "status": "REGULAR", "shortName": "DE", "longName": "Deiler", "displayName": "DE", "displayNameLabel": "NAME"}, "removed": null}], "cellState": "REGULAR", "date": "2025-08-15", "start": "2025-08-15T15:15", "end": "2025-08-15T16:45", "type": "NORMAL_TEACHING_PERIOD"}]