[{"classID": 7667, "schoolID": "6353900", "subject": [{"current": {"type": "SUBJECT", "status": "REGULAR", "shortName": "G-VERANSTALTUNG", "longName": "Veranstaltung", "displayName": "Veranstaltung", "displayNameLabel": "LONGNAME"}, "removed": null}], "location": [{"current": {"type": "ROOM", "status": "REGULAR", "shortName": "P2.12", "longName": "P2.12 Projektraum 15 G", "displayName": "P2.12", "displayNameLabel": "NAME"}, "removed": null}], "teacher": [{"current": {"type": "TEACHER", "status": "REGULAR", "shortName": "G-NN", "longName": "G-NN", "displayName": "G-NN", "displayNameLabel": "NAME"}, "removed": null}], "cellState": "ADDITIONAL", "date": "2025-08-11", "start": "2025-08-11T08:00", "end": "2025-08-11T22:00", "type": "ADDITIONAL_PERIOD"}, {"classID": 7667, "schoolID": "6353900", "subject": [{"current": {"type": "SUBJECT", "status": "REGULAR", "shortName": "G-FACH", "longName": "Fach", "displayName": "Fach", "displayNameLabel": "LONGNAME"}, "removed": null}], "location": [{"current": {"type": "ROOM", "status": "REGULAR", "shortName": "P2.14", "longName": "P2.14 Projektraum 15 G", "displayName": "P2.14", "displayNameLabel": "NAME"}, "removed": null}], "teacher": [{"current": {"type": "TEACHER", "status": "REGULAR", "shortName": "G-NN", "longName": "G-NN", "displayName": "G-NN", "displayNameLabel": "NAME"}, "removed": null}], "cellState": "ADDITIONAL", "date": "2025-08-11", "start": "2025-08-11T08:00", "end": "2025-08-11T19:25", "type": "ADDITIONAL_PERIOD"}, {"classID": 7434, "schoolID": "6353900", "subject": [{"current": {"type": "SUBJECT", "status": "REGULAR", "shortName": "W-WCHIN5", "longName": "Wirtschaftschinesisch 5", "displayName": "Wirtschaftschinesisch 5", "displayNameLabel": "LONGNAME"}, "removed": null}], "location": "", "teacher": [{"current": {"type": "TEACHER", "status": "REGULAR", "shortName": "L\u00dc TIANSHU", "longName": "L\u00fc Tianshu", "displayName": "L\u00dc TIANSHU", "displayNameLabel": "NAME"}, "removed": null}], "cellState": "REGULAR", "date": "2025-08-11", "start": "2025-08-11T09:50", "end": "2025-08-11T11:20", "type": "NORMAL_TEACHING_PERIOD"}, {"classID": 7434, "schoolID": "6353900", "subject": [{"current": {"type": "SUBJECT", "status": "REGULAR", "shortName": "W-WCHIN5", "longName": "Wirtschaftschinesisch 5", "displayName": "Wirtschaftschinesisch 5", "displayNameLabel": "LONGNAME"}, "removed": null}], "location": "", "teacher": [{"current": {"type": "TEACHER", "status": "REGULAR", "shortName": "L\u00dc TIANSHU", "longName": "L\u00fc Tianshu", "displayName": "L\u00dc TIANSHU", "displayNameLabel": "NAME"}, "removed": null}], "cellState": "REGULAR", "date": "2025-08-11", "start": "2025-08-11T11:40", "end": "2025-08-11T13:10", "type": "NORMAL_TEACHING_PERIOD"}, {"classID": 7517, "schoolID": "6353900", "subject": [{"current": {"type": "SUBJECT", "status": "REGULAR", "shortName": "AGN-BA-SA4-PRAQU-S4", "longName": "PRAQU-Projektsemi.4", "displayName": "PRAQU-Projektsemi.4", "displayNameLabel": "LONGNAME"}, "removed": null}], "location": [{"current": {"type": "ROOM", "status": "REGULAR", "shortName": "H2.150", "longName": "H2.150 Projektraum 25 AGN", "displayName": "H2.150", "displayNameLabel": "NAME"}, "removed": null}], "teacher": [{"current": {"type": "TEACHER", "status": "REGULAR", "shortName": "SOMMER SIMONE", "longName": "Sommer Simone", "displayName": "SOMMER SIMONE", "displayNameLabel": "NAME"}, "removed": null}], "cellState": "REGULAR", "date": "2025-08-12", "start": "2025-08-12T14:00", "end": "2025-08-12T17:10", "type": "NORMAL_TEACHING_PERIOD"}, {"classID": 7607, "schoolID": "6353900", "subject": [{"current": {"type": "SUBJECT", "status": "REGULAR", "shortName": "E-SITZ", "longName": "SITZ./VORT.", "displayName": "SITZ./VORT.", "displayNameLabel": "LONGNAME"}, "removed": null}], "location": "", "teacher": [{"current": {"type": "TEACHER", "status": "REGULAR", "shortName": "ZELLER WOLFGANG", "longName": "Zeller Wolfgang", "displayName": "ZELLER WOLFGANG", "displayNameLabel": "NAME"}, "removed": null}], "cellState": "REGULAR", "date": "2025-08-12", "start": "2025-08-12T14:00", "end": "2025-08-12T18:40", "type": "NORMAL_TEACHING_PERIOD"}, {"classID": 7667, "schoolID": "6353900", "subject": [{"current": {"type": "SUBJECT", "status": "REGULAR", "shortName": "G-VERANSTALTUNG", "longName": "Veranstaltung", "displayName": "Veranstaltung", "displayNameLabel": "LONGNAME"}, "removed": null}], "location": [{"current": {"type": "ROOM", "status": "REGULAR", "shortName": "P2.12", "longName": "P2.12 Projektraum 15 G", "displayName": "P2.12", "displayNameLabel": "NAME"}, "removed": null}], "teacher": [{"current": {"type": "TEACHER", "status": "REGULAR", "shortName": "G-NN", "longName": "G-NN", "displayName": "G-NN", "displayNameLabel": "NAME"}, "removed": null}], "cellState": "ADDITIONAL", "date": "2025-08-12", "start": "2025-08-12T08:00", "end": "2025-08-12T22:00", "type": "ADDITIONAL_PERIOD"}, {"classID": 7667, "schoolID": "6353900", "subject": [{"current": {"type": "SUBJECT", "status": "REGULAR", "shortName": "G-FACH", "longName": "Fach", "displayName": "Fach", "displayNameLabel": "LONGNAME"}, "removed": null}], "location": [{"current": {"type": "ROOM", "status": "REGULAR", "shortName": "P2.14", "longName": "P2.14 Projektraum 15 G", "displayName": "P2.14", "displayNameLabel": "NAME"}, "removed": null}], "teacher": [{"current": {"type": "TEACHER", "status": "REGULAR", "shortName": "G-NN", "longName": "G-NN", "displayName": "G-NN", "displayNameLabel": "NAME"}, "removed": null}], "cellState": "ADDITIONAL", "date": "2025-08-12", "start": "2025-08-12T08:00", "end": "2025-08-12T19:25", "type": "ADDITIONAL_PERIOD"}, {"classID": 7401, "schoolID": "6353900", "subject": [{"current": {"type": "SUBJECT", "status": "REGULAR", "shortName": "W-WP2-WP1DA1-V", "longName": "Data Analytics 1 - Vorlesung", "displayName": "Data Analytics 1 - Vorlesung", "displayNameLabel": "LONGNAME"}, "removed": null}], "location": [{"current": {"type": "ROOM", "status": "REGULAR", "shortName": "W-ZOOMe", "longName": "virtuell siehe Moodle", "displayName": "W-ZOOMe", "displayNameLabel": "NAME"}, "removed": null}], "teacher": [{"current": {"type": "TEACHER", "status": "REGULAR", "shortName": "SCHRECK NICHOLAS", "longName": "Schreck Nicholas", "displayName": "SCHRECK NICHOLAS", "displayNameLabel": "NAME"}, "removed": null}], "cellState": "REGULAR", "date": "2025-08-12", "start": "2025-08-12T14:00", "end": "2025-08-12T15:30", "type": "NORMAL_TEACHING_PERIOD"}, {"classID": 7264, "schoolID": "6353900", "subject": [{"current": {"type": "SUBJECT", "status": "REGULAR", "shortName": "ZED-GSH", "longName": "Gesunde Hochschule", "displayName": "Gesunde Hochschule", "displayNameLabel": "LONGNAME"}, "removed": null}], "location": [{"current": {"type": "ROOM", "status": "REGULAR", "shortName": "B4.06", "longName": "B4.06 Sitzungszimmer 16 ZED", "displayName": "B4.06", "displayNameLabel": "NAME"}, "removed": null}], "teacher": [{"current": {"type": "TEACHER", "status": "REGULAR", "shortName": "ZED-PERSONAL", "longName": "Personal", "displayName": "ZED-PERSONAL", "displayNameLabel": "NAME"}, "removed": null}], "cellState": "ADDITIONAL", "date": "2025-08-12", "start": "2025-08-12T08:45", "end": "2025-08-12T17:10", "type": "ADDITIONAL_PERIOD"}, {"classID": 7535, "schoolID": "6353900", "subject": [{"current": {"type": "SUBJECT", "status": "REGULAR", "shortName": "AGN-BA-WI-BAS", "longName": "Bachelorseminar", "displayName": "Bachelorseminar", "displayNameLabel": "LONGNAME"}, "removed": null}], "location": [{"current": {"type": "ROOM", "status": "REGULAR", "shortName": "AGN.ZOOMu3", "longName": "Online AGNu3", "displayName": "AGN.ZOOMu3", "displayNameLabel": "NAME"}, "removed": null}], "teacher": [{"current": {"type": "TEACHER", "status": "REGULAR", "shortName": "ETSCHBERGER STEFAN", "longName": "Etschberger Stefan", "displayName": "ETSCHBERGER STEFAN", "displayNameLabel": "NAME"}, "removed": null}], "cellState": "ADDITIONAL", "date": "2025-08-13", "start": "2025-08-13T18:30", "end": "2025-08-13T21:45", "type": "ADDITIONAL_PERIOD"}, {"classID": 7667, "schoolID": "6353900", "subject": [{"current": {"type": "SUBJECT", "status": "REGULAR", "shortName": "G-VERANSTALTUNG", "longName": "Veranstaltung", "displayName": "Veranstaltung", "displayNameLabel": "LONGNAME"}, "removed": null}], "location": [{"current": {"type": "ROOM", "status": "REGULAR", "shortName": "P2.12", "longName": "P2.12 Projektraum 15 G", "displayName": "P2.12", "displayNameLabel": "NAME"}, "removed": null}], "teacher": [{"current": {"type": "TEACHER", "status": "REGULAR", "shortName": "G-NN", "longName": "G-NN", "displayName": "G-NN", "displayNameLabel": "NAME"}, "removed": null}], "cellState": "ADDITIONAL", "date": "2025-08-13", "start": "2025-08-13T08:00", "end": "2025-08-13T22:00", "type": "ADDITIONAL_PERIOD"}, {"classID": 7667, "schoolID": "6353900", "subject": [{"current": {"type": "SUBJECT", "status": "REGULAR", "shortName": "G-FACH", "longName": "Fach", "displayName": "Fach", "displayNameLabel": "LONGNAME"}, "removed": null}], "location": [{"current": {"type": "ROOM", "status": "REGULAR", "shortName": "P2.14", "longName": "P2.14 Projektraum 15 G", "displayName": "P2.14", "displayNameLabel": "NAME"}, "removed": null}], "teacher": [{"current": {"type": "TEACHER", "status": "REGULAR", "shortName": "G-NN", "longName": "G-NN", "displayName": "G-NN", "displayNameLabel": "NAME"}, "removed": null}], "cellState": "ADDITIONAL", "date": "2025-08-13", "start": "2025-08-13T08:00", "end": "2025-08-13T19:25", "type": "ADDITIONAL_PERIOD"}, {"classID": 7733, "schoolID": "6353900", "subject": [{"current": {"type": "SUBJECT", "status": "REGULAR", "shortName": "I-IntroInf", "longName": "Introduction to Information Systems", "displayName": "Introduction to Information Systems", "displayNameLabel": "LONGNAME"}, "removed": null}], "location": [{"current": {"type": "ROOM", "status": "REGULAR", "shortName": "M1.01", "longName": "M1.01 H\u00f6rsaal 130 I", "displayName": "M1.01", "displayNameLabel": "NAME"}, "removed": null}], "teacher": [{"current": {"type": "TEACHER", "status": "REGULAR", "shortName": "MAYER ARNE", "longName": "Mayer Arne", "displayName": "MAYER ARNE", "displayNameLabel": "NAME"}, "removed": null}], "cellState": "REGULAR", "date": "2025-08-13", "start": "2025-08-13T15:40", "end": "2025-08-13T18:40", "type": "NORMAL_TEACHING_PERIOD"}, {"classID": 7607, "schoolID": "6353900", "subject": [{"current": {"type": "SUBJECT", "status": "REGULAR", "shortName": "E-VORT./SITZ.", "longName": "Vortr\u00e4ge/Sitzungen", "displayName": "Vortr\u00e4ge/Sitzungen", "displayNameLabel": "LONGNAME"}, "removed": null}], "location": "", "teacher": [{"current": {"type": "TEACHER", "status": "REGULAR", "shortName": "DANZER BENJAMIN", "longName": "Danzer Benjamin", "displayName": "DANZER BENJAMIN", "displayNameLabel": "NAME"}, "removed": null}, {"current": {"type": "TEACHER", "status": "REGULAR", "shortName": "DIETRICH SIMON", "longName": "Dietrich Simon", "displayName": "DIETRICH SIMON", "displayNameLabel": "NAME"}, "removed": null}, {"current": {"type": "TEACHER", "status": "REGULAR", "shortName": "ECKERT BJ\u00d6RN", "longName": "Eckert Bj\u00f6rn", "displayName": "ECKERT BJ\u00d6RN", "displayNameLabel": "NAME"}, "removed": null}, {"current": {"type": "TEACHER", "status": "REGULAR", "shortName": "FINKEL MICHAEL", "longName": "Finkel Michael", "displayName": "FINKEL MICHAEL", "displayNameLabel": "NAME"}, "removed": null}, {"current": {"type": "TEACHER", "status": "REGULAR", "shortName": "FREY ALEXANDER", "longName": "Frey Alexander", "displayName": "FREY ALEXANDER", "displayNameLabel": "NAME"}, "removed": null}, {"current": {"type": "TEACHER", "status": "REGULAR", "shortName": "FROMMELT THOMAS", "longName": "Frommelt Thomas", "displayName": "FROMMELT THOMAS", "displayNameLabel": "NAME"}, "removed": null}, {"current": {"type": "TEACHER", "status": "REGULAR", "shortName": "GRO\u00dfMANN RAINER", "longName": "Gro\u00dfmann Rainer", "displayName": "GRO\u00dfMANN RAINER", "displayNameLabel": "NAME"}, "removed": null}, {"current": {"type": "TEACHER", "status": "REGULAR", "shortName": "HOLLMANN HELIA", "longName": "Hollmann Helia", "displayName": "HOLLMANN HELIA", "displayNameLabel": "NAME"}, "removed": null}, {"current": {"type": "TEACHER", "status": "REGULAR", "shortName": "KAMUF MATTHIAS", "longName": "Kamuf Matthias", "displayName": "KAMUF MATTHIAS", "displayNameLabel": "NAME"}, "removed": null}, {"current": {"type": "TEACHER", "status": "REGULAR", "shortName": "KERBER FLORIAN", "longName": "Kerber Florian", "displayName": "KERBER FLORIAN", "displayNameLabel": "NAME"}, "removed": null}, {"current": {"type": "TEACHER", "status": "REGULAR", "shortName": "KOPYSTYNSKI PETER", "longName": "Kopystynski Peter", "displayName": "KOPYSTYNSKI PETER", "displayNameLabel": "NAME"}, "removed": null}, {"current": {"type": "TEACHER", "status": "REGULAR", "shortName": "K\u00d6NIGBAUER MARTINA", "longName": "K\u00f6nigbauer Martina", "displayName": "K\u00d6NIGBAUER MARTINA", "displayNameLabel": "NAME"}, "removed": null}, {"current": {"type": "TEACHER", "status": "REGULAR", "shortName": "LEGAT CHRISTOPH", "longName": "Legat Christoph", "displayName": "LEGAT CHRISTOPH", "displayNameLabel": "NAME"}, "removed": null}, {"current": {"type": "TEACHER", "status": "REGULAR", "shortName": "MARKGRAF CARSTEN", "longName": "Markgraf Carsten", "displayName": "MARKGRAF CARSTEN", "displayNameLabel": "NAME"}, "removed": null}, {"current": {"type": "TEACHER", "status": "REGULAR", "shortName": "MEITINGER CLAUDIA", "longName": "Meitinger Claudia", "displayName": "MEITINGER CLAUDIA", "displayNameLabel": "NAME"}, "removed": null}, {"current": {"type": "TEACHER", "status": "REGULAR", "shortName": "MEYER WOLFGANG", "longName": "Meyer Wolfgang", "displayName": "MEYER WOLFGANG", "displayNameLabel": "NAME"}, "removed": null}, {"current": {"type": "TEACHER", "status": "REGULAR", "shortName": "RAPS FRANZ", "longName": "Raps Franz", "displayName": "RAPS FRANZ", "displayNameLabel": "NAME"}, "removed": null}, {"current": {"type": "TEACHER", "status": "REGULAR", "shortName": "RITTER MATTHIAS", "longName": "Ritter Matthias", "displayName": "RITTER MATTHIAS", "displayNameLabel": "NAME"}, "removed": null}, {"current": {"type": "TEACHER", "status": "REGULAR", "shortName": "SCHW\u00c4GERL CHRISTINE", "longName": "Schw\u00e4gerl Christine", "displayName": "SCHW\u00c4GERL CHRISTINE", "displayNameLabel": "NAME"}, "removed": null}, {"current": {"type": "TEACHER", "status": "REGULAR", "shortName": "STOLLE REINHARD", "longName": "Stolle Reinhard", "displayName": "STOLLE REINHARD", "displayNameLabel": "NAME"}, "removed": null}, {"current": {"type": "TEACHER", "status": "REGULAR", "shortName": "WERTHSCHULTE KAY", "longName": "Werthschulte Kay", "displayName": "WERTHSCHULTE KAY", "displayNameLabel": "NAME"}, "removed": null}, {"current": {"type": "TEACHER", "status": "REGULAR", "shortName": "ZELLER WOLFGANG", "longName": "Zeller Wolfgang", "displayName": "ZELLER WOLFGANG", "displayNameLabel": "NAME"}, "removed": null}, {"current": {"type": "TEACHER", "status": "REGULAR", "shortName": "ZEUKE CHRISTOPH", "longName": "Zeuke Christoph", "displayName": "ZEUKE CHRISTOPH", "displayNameLabel": "NAME"}, "removed": null}], "cellState": "REGULAR", "date": "2025-08-14", "start": "2025-08-14T11:40", "end": "2025-08-14T13:10", "type": "NORMAL_TEACHING_PERIOD"}, {"classID": 7607, "schoolID": "6353900", "subject": [{"current": {"type": "SUBJECT", "status": "REGULAR", "shortName": "E-S-RV", "longName": "Reservierung", "displayName": "Reservierung", "displayNameLabel": "LONGNAME"}, "removed": null}], "location": [{"current": {"type": "ROOM", "status": "REGULAR", "shortName": "A2.10", "longName": "A2.10 Besrprechungsraum - nur f\u00fcr Fak. E", "displayName": "A2.10", "displayNameLabel": "NAME"}, "removed": null}], "teacher": [{"current": {"type": "TEACHER", "status": "REGULAR", "shortName": "HOLLMANN HELIA", "longName": "Hollmann Helia", "displayName": "HOLLMANN HELIA", "displayNameLabel": "NAME"}, "removed": null}], "cellState": "ADDITIONAL", "date": "2025-08-14", "start": "2025-08-14T15:40", "end": "2025-08-14T16:25", "type": "ADDITIONAL_PERIOD"}, {"classID": 7607, "schoolID": "6353900", "subject": [{"current": {"type": "SUBJECT", "status": "REGULAR", "shortName": "E-VORT./SITZ.", "longName": "Vortr\u00e4ge/Sitzungen", "displayName": "Vortr\u00e4ge/Sitzungen", "displayNameLabel": "LONGNAME"}, "removed": null}], "location": [{"current": {"type": "ROOM", "status": "REGULAR", "shortName": "A2.10", "longName": "A2.10 Besrprechungsraum - nur f\u00fcr Fak. E", "displayName": "A2.10", "displayNameLabel": "NAME"}, "removed": null}], "teacher": [{"current": {"type": "TEACHER", "status": "REGULAR", "shortName": "DANZER BENJAMIN", "longName": "Danzer Benjamin", "displayName": "DANZER BENJAMIN", "displayNameLabel": "NAME"}, "removed": null}, {"current": {"type": "TEACHER", "status": "REGULAR", "shortName": "DIETRICH SIMON", "longName": "Dietrich Simon", "displayName": "DIETRICH SIMON", "displayNameLabel": "NAME"}, "removed": null}, {"current": {"type": "TEACHER", "status": "REGULAR", "shortName": "E-NN", "longName": "NN", "displayName": "E-NN", "displayNameLabel": "NAME"}, "removed": null}, {"current": {"type": "TEACHER", "status": "REGULAR", "shortName": "ECKERT BJ\u00d6RN", "longName": "Eckert Bj\u00f6rn", "displayName": "ECKERT BJ\u00d6RN", "displayNameLabel": "NAME"}, "removed": null}, {"current": {"type": "TEACHER", "status": "REGULAR", "shortName": "FINKEL MICHAEL", "longName": "Finkel Michael", "displayName": "FINKEL MICHAEL", "displayNameLabel": "NAME"}, "removed": null}, {"current": {"type": "TEACHER", "status": "REGULAR", "shortName": "FREY ALEXANDER", "longName": "Frey Alexander", "displayName": "FREY ALEXANDER", "displayNameLabel": "NAME"}, "removed": null}, {"current": {"type": "TEACHER", "status": "REGULAR", "shortName": "FROMMELT THOMAS", "longName": "Frommelt Thomas", "displayName": "FROMMELT THOMAS", "displayNameLabel": "NAME"}, "removed": null}, {"current": {"type": "TEACHER", "status": "REGULAR", "shortName": "GRO\u00dfMANN RAINER", "longName": "Gro\u00dfmann Rainer", "displayName": "GRO\u00dfMANN RAINER", "displayNameLabel": "NAME"}, "removed": null}, {"current": {"type": "TEACHER", "status": "REGULAR", "shortName": "HOLLMANN HELIA", "longName": "Hollmann Helia", "displayName": "HOLLMANN HELIA", "displayNameLabel": "NAME"}, "removed": null}, {"current": {"type": "TEACHER", "status": "REGULAR", "shortName": "KAMUF MATTHIAS", "longName": "Kamuf Matthias", "displayName": "KAMUF MATTHIAS", "displayNameLabel": "NAME"}, "removed": null}, {"current": {"type": "TEACHER", "status": "REGULAR", "shortName": "KERBER FLORIAN", "longName": "Kerber Florian", "displayName": "KERBER FLORIAN", "displayNameLabel": "NAME"}, "removed": null}, {"current": {"type": "TEACHER", "status": "REGULAR", "shortName": "KOPYSTYNSKI PETER", "longName": "Kopystynski Peter", "displayName": "KOPYSTYNSKI PETER", "displayNameLabel": "NAME"}, "removed": null}, {"current": {"type": "TEACHER", "status": "REGULAR", "shortName": "K\u00d6NIGBAUER MARTINA", "longName": "K\u00f6nigbauer Martina", "displayName": "K\u00d6NIGBAUER MARTINA", "displayNameLabel": "NAME"}, "removed": null}, {"current": {"type": "TEACHER", "status": "REGULAR", "shortName": "LEGAT CHRISTOPH", "longName": "Legat Christoph", "displayName": "LEGAT CHRISTOPH", "displayNameLabel": "NAME"}, "removed": null}, {"current": {"type": "TEACHER", "status": "REGULAR", "shortName": "MARKGRAF CARSTEN", "longName": "Markgraf Carsten", "displayName": "MARKGRAF CARSTEN", "displayNameLabel": "NAME"}, "removed": null}, {"current": {"type": "TEACHER", "status": "REGULAR", "shortName": "MEITINGER CLAUDIA", "longName": "Meitinger Claudia", "displayName": "MEITINGER CLAUDIA", "displayNameLabel": "NAME"}, "removed": null}, {"current": {"type": "TEACHER", "status": "REGULAR", "shortName": "MEYER WOLFGANG", "longName": "Meyer Wolfgang", "displayName": "MEYER WOLFGANG", "displayNameLabel": "NAME"}, "removed": null}, {"current": {"type": "TEACHER", "status": "REGULAR", "shortName": "RAPS FRANZ", "longName": "Raps Franz", "displayName": "RAPS FRANZ", "displayNameLabel": "NAME"}, "removed": null}, {"current": {"type": "TEACHER", "status": "REGULAR", "shortName": "RITTER MATTHIAS", "longName": "Ritter Matthias", "displayName": "RITTER MATTHIAS", "displayNameLabel": "NAME"}, "removed": null}, {"current": {"type": "TEACHER", "status": "REGULAR", "shortName": "SCHW\u00c4GERL CHRISTINE", "longName": "Schw\u00e4gerl Christine", "displayName": "SCHW\u00c4GERL CHRISTINE", "displayNameLabel": "NAME"}, "removed": null}, {"current": {"type": "TEACHER", "status": "REGULAR", "shortName": "STOLLE REINHARD", "longName": "Stolle Reinhard", "displayName": "STOLLE REINHARD", "displayNameLabel": "NAME"}, "removed": null}, {"current": {"type": "TEACHER", "status": "REGULAR", "shortName": "WERTHSCHULTE KAY", "longName": "Werthschulte Kay", "displayName": "WERTHSCHULTE KAY", "displayNameLabel": "NAME"}, "removed": null}, {"current": {"type": "TEACHER", "status": "REGULAR", "shortName": "ZELLER WOLFGANG", "longName": "Zeller Wolfgang", "displayName": "ZELLER WOLFGANG", "displayNameLabel": "NAME"}, "removed": null}, {"current": {"type": "TEACHER", "status": "REGULAR", "shortName": "ZEUKE CHRISTOPH", "longName": "Zeuke Christoph", "displayName": "ZEUKE CHRISTOPH", "displayNameLabel": "NAME"}, "removed": null}], "cellState": "REGULAR", "date": "2025-08-14", "start": "2025-08-14T15:40", "end": "2025-08-14T18:40", "type": "NORMAL_TEACHING_PERIOD"}, {"classID": 7607, "schoolID": "6353900", "subject": [{"current": {"type": "SUBJECT", "status": "REGULAR", "shortName": "E-S-RV", "longName": "Reservierung", "displayName": "Reservierung", "displayNameLabel": "LONGNAME"}, "removed": null}], "location": [{"current": {"type": "ROOM", "status": "REGULAR", "shortName": "A2.10", "longName": "A2.10 Besrprechungsraum - nur f\u00fcr Fak. E", "displayName": "A2.10", "displayNameLabel": "NAME"}, "removed": null}], "teacher": [{"current": {"type": "TEACHER", "status": "REGULAR", "shortName": "HOLLMANN HELIA", "longName": "Hollmann Helia", "displayName": "HOLLMANN HELIA", "displayNameLabel": "NAME"}, "removed": null}], "cellState": "ADDITIONAL", "date": "2025-08-14", "start": "2025-08-14T16:25", "end": "2025-08-14T17:10", "type": "ADDITIONAL_PERIOD"}, {"classID": 7607, "schoolID": "6353900", "subject": [{"current": {"type": "SUBJECT", "status": "REGULAR", "shortName": "E-S-RV", "longName": "Reservierung", "displayName": "Reservierung", "displayNameLabel": "LONGNAME"}, "removed": null}], "location": [{"current": {"type": "ROOM", "status": "REGULAR", "shortName": "A2.10", "longName": "A2.10 Besrprechungsraum - nur f\u00fcr Fak. E", "displayName": "A2.10", "displayNameLabel": "NAME"}, "removed": null}], "teacher": [{"current": {"type": "TEACHER", "status": "REGULAR", "shortName": "HOLLMANN HELIA", "longName": "Hollmann Helia", "displayName": "HOLLMANN HELIA", "displayNameLabel": "NAME"}, "removed": null}], "cellState": "ADDITIONAL", "date": "2025-08-14", "start": "2025-08-14T17:10", "end": "2025-08-14T17:55", "type": "ADDITIONAL_PERIOD"}, {"classID": 7667, "schoolID": "6353900", "subject": [{"current": {"type": "SUBJECT", "status": "REGULAR", "shortName": "G-VERANSTALTUNG", "longName": "Veranstaltung", "displayName": "Veranstaltung", "displayNameLabel": "LONGNAME"}, "removed": null}], "location": [{"current": {"type": "ROOM", "status": "REGULAR", "shortName": "P2.12", "longName": "P2.12 Projektraum 15 G", "displayName": "P2.12", "displayNameLabel": "NAME"}, "removed": null}], "teacher": [{"current": {"type": "TEACHER", "status": "REGULAR", "shortName": "G-NN", "longName": "G-NN", "displayName": "G-NN", "displayNameLabel": "NAME"}, "removed": null}], "cellState": "ADDITIONAL", "date": "2025-08-14", "start": "2025-08-14T08:00", "end": "2025-08-14T22:00", "type": "ADDITIONAL_PERIOD"}, {"classID": 7667, "schoolID": "6353900", "subject": [{"current": {"type": "SUBJECT", "status": "REGULAR", "shortName": "G-FACH", "longName": "Fach", "displayName": "Fach", "displayNameLabel": "LONGNAME"}, "removed": null}], "location": [{"current": {"type": "ROOM", "status": "REGULAR", "shortName": "P2.14", "longName": "P2.14 Projektraum 15 G", "displayName": "P2.14", "displayNameLabel": "NAME"}, "removed": null}], "teacher": [{"current": {"type": "TEACHER", "status": "REGULAR", "shortName": "G-NN", "longName": "G-NN", "displayName": "G-NN", "displayNameLabel": "NAME"}, "removed": null}], "cellState": "ADDITIONAL", "date": "2025-08-14", "start": "2025-08-14T08:00", "end": "2025-08-14T19:25", "type": "ADDITIONAL_PERIOD"}, {"classID": 7739, "schoolID": "6353900", "subject": [{"current": {"type": "SUBJECT", "status": "REGULAR", "shortName": "I-PROLO", "longName": "Produktion und Logistik", "displayName": "Produktion und Logistik", "displayNameLabel": "LONGNAME"}, "removed": null}], "location": [{"current": {"type": "ROOM", "status": "REGULAR", "shortName": "W3.01", "longName": "W3.01 H\u00f6rsaal 49 I", "displayName": "W3.01", "displayNameLabel": "NAME"}, "removed": null}], "teacher": [{"current": {"type": "TEACHER", "status": "REGULAR", "shortName": "MAYER ARNE", "longName": "Mayer Arne", "displayName": "MAYER ARNE", "displayNameLabel": "NAME"}, "removed": null}], "cellState": "REGULAR", "date": "2025-08-14", "start": "2025-08-14T11:40", "end": "2025-08-14T13:10", "type": "NORMAL_TEACHING_PERIOD"}, {"classID": 7739, "schoolID": "6353900", "subject": [{"current": {"type": "SUBJECT", "status": "REGULAR", "shortName": "I-PROLO", "longName": "Produktion und Logistik", "displayName": "Produktion und Logistik", "displayNameLabel": "LONGNAME"}, "removed": null}], "location": [{"current": {"type": "ROOM", "status": "REGULAR", "shortName": "M1.02", "longName": "M1.02 H\u00f6rsaal 132 I", "displayName": "M1.02", "displayNameLabel": "NAME"}, "removed": null}], "teacher": [{"current": {"type": "TEACHER", "status": "REGULAR", "shortName": "MAYER ARNE", "longName": "Mayer Arne", "displayName": "MAYER ARNE", "displayNameLabel": "NAME"}, "removed": null}], "cellState": "REGULAR", "date": "2025-08-14", "start": "2025-08-14T14:00", "end": "2025-08-14T15:30", "type": "NORMAL_TEACHING_PERIOD"}, {"classID": 7607, "schoolID": "6353900", "subject": [{"current": {"type": "SUBJECT", "status": "REGULAR", "shortName": "E-VORT./SITZ.", "longName": "Vortr\u00e4ge/Sitzungen", "displayName": "Vortr\u00e4ge/Sitzungen", "displayNameLabel": "LONGNAME"}, "removed": null}], "location": [{"current": {"type": "ROOM", "status": "REGULAR", "shortName": "A2.10", "longName": "A2.10 Besrprechungsraum - nur f\u00fcr Fak. E", "displayName": "A2.10", "displayNameLabel": "NAME"}, "removed": null}], "teacher": [{"current": {"type": "TEACHER", "status": "REGULAR", "shortName": "E-NN", "longName": "NN", "displayName": "E-NN", "displayNameLabel": "NAME"}, "removed": null}], "cellState": "REGULAR", "date": "2025-08-15", "start": "2025-08-15T14:00", "end": "2025-08-15T17:10", "type": "NORMAL_TEACHING_PERIOD"}, {"classID": 7667, "schoolID": "6353900", "subject": [{"current": {"type": "SUBJECT", "status": "REGULAR", "shortName": "G-VERANSTALTUNG", "longName": "Veranstaltung", "displayName": "Veranstaltung", "displayNameLabel": "LONGNAME"}, "removed": null}], "location": [{"current": {"type": "ROOM", "status": "REGULAR", "shortName": "P2.12", "longName": "P2.12 Projektraum 15 G", "displayName": "P2.12", "displayNameLabel": "NAME"}, "removed": null}], "teacher": [{"current": {"type": "TEACHER", "status": "REGULAR", "shortName": "G-NN", "longName": "G-NN", "displayName": "G-NN", "displayNameLabel": "NAME"}, "removed": null}], "cellState": "ADDITIONAL", "date": "2025-08-15", "start": "2025-08-15T08:00", "end": "2025-08-15T22:00", "type": "ADDITIONAL_PERIOD"}, {"classID": 7667, "schoolID": "6353900", "subject": [{"current": {"type": "SUBJECT", "status": "REGULAR", "shortName": "G-FACH", "longName": "Fach", "displayName": "Fach", "displayNameLabel": "LONGNAME"}, "removed": null}], "location": [{"current": {"type": "ROOM", "status": "REGULAR", "shortName": "P2.14", "longName": "P2.14 Projektraum 15 G", "displayName": "P2.14", "displayNameLabel": "NAME"}, "removed": null}], "teacher": [{"current": {"type": "TEACHER", "status": "REGULAR", "shortName": "G-NN", "longName": "G-NN", "displayName": "G-NN", "displayNameLabel": "NAME"}, "removed": null}], "cellState": "ADDITIONAL", "date": "2025-08-15", "start": "2025-08-15T08:00", "end": "2025-08-15T19:25", "type": "ADDITIONAL_PERIOD"}]