[{"classID": 1086, "schoolID": "3897400", "subject": [{"current": {"type": "SUBJECT", "status": "REGULAR", "shortName": "E-F\u00f6", "longName": "Englisch F\u00f6rderung", "displayName": "E-F\u00f6", "displayNameLabel": "NAME"}, "removed": null}], "location": "", "teacher": "", "cellState": "REGULAR", "date": "2025-08-15", "start": "2025-08-15T13:40", "end": "2025-08-15T14:25", "type": "NORMAL_TEACHING_PERIOD"}, {"classID": 1149, "schoolID": "3897400", "subject": [{"current": {"type": "SUBJECT", "status": "REGULAR", "shortName": "Ma-Pro", "longName": "Mathe f\u00fcr Profis", "displayName": "Ma-Pro", "displayNameLabel": "NAME"}, "removed": null}], "location": [{"current": {"type": "ROOM", "status": "REGULAR", "shortName": "C22", "longName": "C22", "displayName": "C22", "displayNameLabel": "NAME"}, "removed": null}], "teacher": [{"current": {"type": "TEACHER", "status": "REGULAR", "shortName": "Kl", "longName": "Kleinert", "displayName": "Kl", "displayNameLabel": "NAME"}, "removed": null}], "cellState": "REGULAR", "date": "2025-08-15", "start": "2025-08-15T08:00", "end": "2025-08-15T09:30", "type": "NORMAL_TEACHING_PERIOD"}, {"classID": 1149, "schoolID": "3897400", "subject": [{"current": {"type": "SUBJECT", "status": "REGULAR", "shortName": "Bio", "longName": "Biologie", "displayName": "Bio", "displayNameLabel": "NAME"}, "removed": null}], "location": [{"current": {"type": "ROOM", "status": "REGULAR", "shortName": "BioS", "longName": "Biologie S\u00fcd", "displayName": "BioS", "displayNameLabel": "NAME"}, "removed": null}], "teacher": [{"current": {"type": "TEACHER", "status": "REGULAR", "shortName": "Si", "longName": "Spiekermann", "displayName": "Si", "displayNameLabel": "NAME"}, "removed": null}], "cellState": "REGULAR", "date": "2025-08-15", "start": "2025-08-15T10:00", "end": "2025-08-15T11:30", "type": "NORMAL_TEACHING_PERIOD"}, {"classID": 1149, "schoolID": "3897400", "subject": [{"current": {"type": "SUBJECT", "status": "REGULAR", "shortName": "Ch", "longName": "Chemie", "displayName": "Ch", "displayNameLabel": "NAME"}, "removed": null}], "location": [{"current": {"type": "ROOM", "status": "REGULAR", "shortName": "ChO", "longName": "Chemie Ost", "displayName": "ChO", "displayNameLabel": "NAME"}, "removed": null}], "teacher": [{"current": {"type": "TEACHER", "status": "REGULAR", "shortName": "My", "longName": "Mayet", "displayName": "My", "displayNameLabel": "NAME"}, "removed": null}], "cellState": "REGULAR", "date": "2025-08-15", "start": "2025-08-15T10:00", "end": "2025-08-15T11:30", "type": "NORMAL_TEACHING_PERIOD"}, {"classID": 1149, "schoolID": "3897400", "subject": [{"current": {"type": "SUBJECT", "status": "REGULAR", "shortName": "Ma-eA", "longName": "Mathe erhNiveau", "displayName": "Ma-eA", "displayNameLabel": "NAME"}, "removed": null}], "location": [{"current": {"type": "ROOM", "status": "REGULAR", "shortName": "D21", "longName": "D21", "displayName": "D21", "displayNameLabel": "NAME"}, "removed": null}], "teacher": "", "cellState": "REGULAR", "date": "2025-08-15", "start": "2025-08-15T12:00", "end": "2025-08-15T13:30", "type": "NORMAL_TEACHING_PERIOD"}, {"classID": 1149, "schoolID": "3897400", "subject": [{"current": {"type": "SUBJECT", "status": "REGULAR", "shortName": "Ma1", "longName": "Ma1", "displayName": "Ma1", "displayNameLabel": "NAME"}, "removed": null}], "location": [{"current": {"type": "ROOM", "status": "REGULAR", "shortName": "C22", "longName": "C22", "displayName": "C22", "displayNameLabel": "NAME"}, "removed": null}], "teacher": "", "cellState": "REGULAR", "date": "2025-08-15", "start": "2025-08-15T12:00", "end": "2025-08-15T13:30", "type": "NORMAL_TEACHING_PERIOD"}, {"classID": 1149, "schoolID": "3897400", "subject": [{"current": {"type": "SUBJECT", "status": "REGULAR", "shortName": "Ma2", "longName": "Ma2", "displayName": "Ma2", "displayNameLabel": "NAME"}, "removed": null}], "location": [{"current": {"type": "ROOM", "status": "REGULAR", "shortName": "D24", "longName": "D24", "displayName": "D24", "displayNameLabel": "NAME"}, "removed": null}], "teacher": "", "cellState": "REGULAR", "date": "2025-08-15", "start": "2025-08-15T12:00", "end": "2025-08-15T13:30", "type": "NORMAL_TEACHING_PERIOD"}, {"classID": 1149, "schoolID": "3897400", "subject": [{"current": {"type": "SUBJECT", "status": "REGULAR", "shortName": "Ge", "longName": "Ges in der Studienstufe", "displayName": "Ge", "displayNameLabel": "NAME"}, "removed": null}], "location": "", "teacher": "", "cellState": "REGULAR", "date": "2025-08-15", "start": "2025-08-15T14:00", "end": "2025-08-15T15:30", "type": "NORMAL_TEACHING_PERIOD"}, {"classID": 1149, "schoolID": "3897400", "subject": [{"current": {"type": "SUBJECT", "status": "REGULAR", "shortName": "PGW", "longName": "PGW in der Studienstufe", "displayName": "PGW", "displayNameLabel": "NAME"}, "removed": null}], "location": [{"current": {"type": "ROOM", "status": "REGULAR", "shortName": "C22", "longName": "C22", "displayName": "C22", "displayNameLabel": "NAME"}, "removed": null}], "teacher": "", "cellState": "REGULAR", "date": "2025-08-15", "start": "2025-08-15T14:00", "end": "2025-08-15T15:30", "type": "NORMAL_TEACHING_PERIOD"}, {"classID": 1164, "schoolID": "3897400", "subject": [{"current": {"type": "SUBJECT", "status": "REGULAR", "shortName": "OChor", "longName": "Oberstufenchor", "displayName": "OChor", "displayNameLabel": "NAME"}, "removed": null}], "location": [{"current": {"type": "ROOM", "status": "REGULAR", "shortName": "Mure", "longName": "Musik rechts", "displayName": "Mure", "displayNameLabel": "NAME"}, "removed": null}, {"current": {"type": "ROOM", "status": "REGULAR", "shortName": "MzH", "longName": "Mehrzweckhalle", "displayName": "MzH", "displayNameLabel": "NAME"}, "removed": null}], "teacher": [{"current": {"type": "TEACHER", "status": "REGULAR", "shortName": "Re", "longName": "Rentz", "displayName": "Re", "displayNameLabel": "NAME"}, "removed": null}], "cellState": "REGULAR", "date": "2025-08-15", "start": "2025-08-15T08:00", "end": "2025-08-15T09:30", "type": "NORMAL_TEACHING_PERIOD"}, {"classID": 1164, "schoolID": "3897400", "subject": [{"current": {"type": "SUBJECT", "status": "REGULAR", "shortName": "Ma-Pro", "longName": "Mathe f\u00fcr Profis", "displayName": "Ma-Pro", "displayNameLabel": "NAME"}, "removed": null}], "location": [{"current": {"type": "ROOM", "status": "REGULAR", "shortName": "C22", "longName": "C22", "displayName": "C22", "displayNameLabel": "NAME"}, "removed": null}], "teacher": [{"current": {"type": "TEACHER", "status": "REGULAR", "shortName": "Kl", "longName": "Kleinert", "displayName": "Kl", "displayNameLabel": "NAME"}, "removed": null}], "cellState": "REGULAR", "date": "2025-08-15", "start": "2025-08-15T08:00", "end": "2025-08-15T09:30", "type": "NORMAL_TEACHING_PERIOD"}, {"classID": 1164, "schoolID": "3897400", "subject": [{"current": {"type": "SUBJECT", "status": "REGULAR", "shortName": "Ma-eA", "longName": "Mathe erhNiveau", "displayName": "Ma-eA", "displayNameLabel": "NAME"}, "removed": null}], "location": [{"current": {"type": "ROOM", "status": "REGULAR", "shortName": "D24", "longName": "D24", "displayName": "D24", "displayNameLabel": "NAME"}, "removed": null}], "teacher": [{"current": {"type": "TEACHER", "status": "REGULAR", "shortName": "Bl", "longName": "Blank", "displayName": "Bl", "displayNameLabel": "NAME"}, "removed": null}], "cellState": "REGULAR", "date": "2025-08-15", "start": "2025-08-15T10:00", "end": "2025-08-15T11:30", "type": "NORMAL_TEACHING_PERIOD"}, {"classID": 1164, "schoolID": "3897400", "subject": [{"current": {"type": "SUBJECT", "status": "REGULAR", "shortName": "Ma1", "longName": "Ma1", "displayName": "Ma1", "displayNameLabel": "NAME"}, "removed": null}], "location": [{"current": {"type": "ROOM", "status": "REGULAR", "shortName": "C21", "longName": "C21", "displayName": "C21", "displayNameLabel": "NAME"}, "removed": null}], "teacher": [{"current": {"type": "TEACHER", "status": "REGULAR", "shortName": "Gr", "longName": "Gr\u00fctzmacher", "displayName": "Gr", "displayNameLabel": "NAME"}, "removed": null}], "cellState": "REGULAR", "date": "2025-08-15", "start": "2025-08-15T10:00", "end": "2025-08-15T11:30", "type": "NORMAL_TEACHING_PERIOD"}, {"classID": 1164, "schoolID": "3897400", "subject": [{"current": {"type": "SUBJECT", "status": "REGULAR", "shortName": "Ma2", "longName": "Ma2", "displayName": "Ma2", "displayNameLabel": "NAME"}, "removed": null}], "location": [{"current": {"type": "ROOM", "status": "REGULAR", "shortName": "D23", "longName": "D23", "displayName": "D23", "displayNameLabel": "NAME"}, "removed": null}], "teacher": [{"current": {"type": "TEACHER", "status": "REGULAR", "shortName": "Kl", "longName": "Kleinert", "displayName": "Kl", "displayNameLabel": "NAME"}, "removed": null}], "cellState": "REGULAR", "date": "2025-08-15", "start": "2025-08-15T10:00", "end": "2025-08-15T11:30", "type": "NORMAL_TEACHING_PERIOD"}, {"classID": 1164, "schoolID": "3897400", "subject": [{"current": {"type": "SUBJECT", "status": "REGULAR", "shortName": "Phil2", "longName": "Phil2", "displayName": "Phil2", "displayNameLabel": "NAME"}, "removed": null}], "location": [{"current": {"type": "ROOM", "status": "REGULAR", "shortName": "A12", "longName": "A12 Latein, Religion", "displayName": "A12", "displayNameLabel": "NAME"}, "removed": null}], "teacher": [{"current": {"type": "TEACHER", "status": "REGULAR", "shortName": "Mn", "longName": "Me\u00dfner", "displayName": "Mn", "displayNameLabel": "NAME"}, "removed": null}], "cellState": "REGULAR", "date": "2025-08-15", "start": "2025-08-15T12:00", "end": "2025-08-15T13:30", "type": "NORMAL_TEACHING_PERIOD"}, {"classID": 1164, "schoolID": "3897400", "subject": [{"current": {"type": "SUBJECT", "status": "REGULAR", "shortName": "Phil", "longName": "Phil in der Studienstufe", "displayName": "Phil", "displayNameLabel": "NAME"}, "removed": null}], "location": [{"current": {"type": "ROOM", "status": "REGULAR", "shortName": "D23", "longName": "D23", "displayName": "D23", "displayNameLabel": "NAME"}, "removed": null}], "teacher": [{"current": {"type": "TEACHER", "status": "REGULAR", "shortName": "Hu", "longName": "Husen", "displayName": "Hu", "displayNameLabel": "NAME"}, "removed": null}], "cellState": "REGULAR", "date": "2025-08-15", "start": "2025-08-15T12:00", "end": "2025-08-15T13:30", "type": "NORMAL_TEACHING_PERIOD"}, {"classID": 1164, "schoolID": "3897400", "subject": [{"current": {"type": "SUBJECT", "status": "REGULAR", "shortName": "Rel1", "longName": "Rel1", "displayName": "Rel1", "displayNameLabel": "NAME"}, "removed": null}], "location": [{"current": {"type": "ROOM", "status": "REGULAR", "shortName": "C21", "longName": "C21", "displayName": "C21", "displayNameLabel": "NAME"}, "removed": null}], "teacher": [{"current": {"type": "TEACHER", "status": "REGULAR", "shortName": "Gu", "longName": "Gustmann", "displayName": "Gu", "displayNameLabel": "NAME"}, "removed": null}], "cellState": "REGULAR", "date": "2025-08-15", "start": "2025-08-15T12:00", "end": "2025-08-15T13:30", "type": "NORMAL_TEACHING_PERIOD"}, {"classID": 1164, "schoolID": "3897400", "subject": [{"current": {"type": "SUBJECT", "status": "REGULAR", "shortName": "Bio", "longName": "Biologie", "displayName": "Bio", "displayNameLabel": "NAME"}, "removed": null}], "location": [{"current": {"type": "ROOM", "status": "REGULAR", "shortName": "BioW", "longName": "Biologie West", "displayName": "BioW", "displayNameLabel": "NAME"}, "removed": null}], "teacher": [{"current": {"type": "TEACHER", "status": "REGULAR", "shortName": "My", "longName": "Mayet", "displayName": "My", "displayNameLabel": "NAME"}, "removed": null}], "cellState": "REGULAR", "date": "2025-08-15", "start": "2025-08-15T14:00", "end": "2025-08-15T15:30", "type": "NORMAL_TEACHING_PERIOD"}, {"classID": 1164, "schoolID": "3897400", "subject": [{"current": {"type": "SUBJECT", "status": "REGULAR", "shortName": "Ch", "longName": "Chemie", "displayName": "Ch", "displayNameLabel": "NAME"}, "removed": null}], "location": [{"current": {"type": "ROOM", "status": "REGULAR", "shortName": "ChO", "longName": "Chemie Ost", "displayName": "ChO", "displayNameLabel": "NAME"}, "removed": null}], "teacher": [{"current": {"type": "TEACHER", "status": "REGULAR", "shortName": "Sc", "longName": "Schmidt", "displayName": "Sc", "displayNameLabel": "NAME"}, "removed": null}], "cellState": "REGULAR", "date": "2025-08-15", "start": "2025-08-15T14:00", "end": "2025-08-15T15:30", "type": "NORMAL_TEACHING_PERIOD"}]