[{"classID": 104, "schoolID": "7735400", "subject": [{"current": {"type": "SUBJECT", "status": "REGULAR", "shortName": "BK", "longName": "Berufskunde", "displayName": "BK", "displayNameLabel": "NAME"}, "removed": null}], "location": [{"current": {"type": "ROOM", "status": "REGULAR", "shortName": "R 2", "longName": "Theorieraum", "displayName": "R 2", "displayNameLabel": "NAME"}, "removed": null}], "teacher": [{"current": {"type": "TEACHER", "status": "REGULAR", "shortName": "D.HV.", "longName": "Hilbers-Verheyden", "displayName": "D.HV.", "displayNameLabel": "NAME"}, "removed": null}], "cellState": "REGULAR", "date": "2025-08-11", "start": "2025-08-11T08:00", "end": "2025-08-11T09:30", "type": "NORMAL_TEACHING_PERIOD"}, {"classID": 104, "schoolID": "7735400", "subject": [{"current": {"type": "SUBJECT", "status": "REGULAR", "shortName": "PT-Geri", "longName": "PT-Geriatrie", "displayName": "PT-Geri", "displayNameLabel": "NAME"}, "removed": null}], "location": [{"current": {"type": "ROOM", "status": "REGULAR", "shortName": "R 4", "longName": "Praxisraum", "displayName": "R 4", "displayNameLabel": "NAME"}, "removed": null}], "teacher": [{"current": {"type": "TEACHER", "status": "REGULAR", "shortName": "G.W.", "longName": "Wermeling", "displayName": "G.W.", "displayNameLabel": "NAME"}, "removed": null}], "cellState": "REGULAR", "date": "2025-08-11", "start": "2025-08-11T09:45", "end": "2025-08-11T11:15", "type": "NORMAL_TEACHING_PERIOD"}, {"classID": 104, "schoolID": "7735400", "subject": [{"current": {"type": "SUBJECT", "status": "REGULAR", "shortName": "Entspannung", "longName": "Entspannungstechniken", "displayName": "Entspannung", "displayNameLabel": "NAME"}, "removed": null}], "location": [{"current": {"type": "ROOM", "status": "REGULAR", "shortName": "R 4", "longName": "Praxisraum", "displayName": "R 4", "displayNameLabel": "NAME"}, "removed": null}], "teacher": [{"current": {"type": "TEACHER", "status": "REGULAR", "shortName": "F.W.", "longName": "Wehmeier", "displayName": "F.W.", "displayNameLabel": "NAME"}, "removed": null}], "cellState": "REGULAR", "date": "2025-08-11", "start": "2025-08-11T11:30", "end": "2025-08-11T13:00", "type": "NORMAL_TEACHING_PERIOD"}, {"classID": 104, "schoolID": "7735400", "subject": [{"current": {"type": "SUBJECT", "status": "REGULAR", "shortName": "PT-Ortho I", "longName": "PT-Orthop\u00e4die Teil 1", "displayName": "PT-Ortho I", "displayNameLabel": "NAME"}, "removed": null}], "location": [{"current": {"type": "ROOM", "status": "REGULAR", "shortName": "R 4", "longName": "Praxisraum", "displayName": "R 4", "displayNameLabel": "NAME"}, "removed": null}], "teacher": [{"current": {"type": "TEACHER", "status": "REGULAR", "shortName": "J.S.", "longName": "Stifter", "displayName": "J.S.", "displayNameLabel": "NAME"}, "removed": null}], "cellState": "REGULAR", "date": "2025-08-11", "start": "2025-08-11T13:45", "end": "2025-08-11T15:15", "type": "NORMAL_TEACHING_PERIOD"}, {"classID": 107, "schoolID": "7735400", "subject": [{"current": {"type": "SUBJECT", "status": "REGULAR", "shortName": "PT-Ortho I", "longName": "PT-Orthop\u00e4die Teil 1", "displayName": "PT-Ortho I", "displayNameLabel": "NAME"}, "removed": null}], "location": [{"current": {"type": "ROOM", "status": "REGULAR", "shortName": "R 5", "longName": "Praxisraum", "displayName": "R 5", "displayNameLabel": "NAME"}, "removed": null}], "teacher": [{"current": {"type": "TEACHER", "status": "REGULAR", "shortName": "J.S.", "longName": "Stifter", "displayName": "J.S.", "displayNameLabel": "NAME"}, "removed": null}], "cellState": "REGULAR", "date": "2025-08-11", "start": "2025-08-11T09:45", "end": "2025-08-11T11:15", "type": "NORMAL_TEACHING_PERIOD"}, {"classID": 107, "schoolID": "7735400", "subject": [{"current": {"type": "SUBJECT", "status": "REGULAR", "shortName": "PT-Geri", "longName": "PT-Geriatrie", "displayName": "PT-Geri", "displayNameLabel": "NAME"}, "removed": null}], "location": [{"current": {"type": "ROOM", "status": "REGULAR", "shortName": "R 5", "longName": "Praxisraum", "displayName": "R 5", "displayNameLabel": "NAME"}, "removed": null}], "teacher": [{"current": {"type": "TEACHER", "status": "REGULAR", "shortName": "G.W.", "longName": "Wermeling", "displayName": "G.W.", "displayNameLabel": "NAME"}, "removed": null}], "cellState": "REGULAR", "date": "2025-08-11", "start": "2025-08-11T11:30", "end": "2025-08-11T13:00", "type": "NORMAL_TEACHING_PERIOD"}, {"classID": 107, "schoolID": "7735400", "subject": [{"current": {"type": "SUBJECT", "status": "REGULAR", "shortName": "BK", "longName": "Berufskunde", "displayName": "BK", "displayNameLabel": "NAME"}, "removed": null}], "location": [{"current": {"type": "ROOM", "status": "REGULAR", "shortName": "R 2", "longName": "Theorieraum", "displayName": "R 2", "displayNameLabel": "NAME"}, "removed": null}], "teacher": [{"current": {"type": "TEACHER", "status": "REGULAR", "shortName": "D.HV.", "longName": "Hilbers-Verheyden", "displayName": "D.HV.", "displayNameLabel": "NAME"}, "removed": null}], "cellState": "REGULAR", "date": "2025-08-11", "start": "2025-08-11T13:45", "end": "2025-08-11T15:15", "type": "NORMAL_TEACHING_PERIOD"}, {"classID": 122, "schoolID": "7735400", "subject": [{"current": {"type": "SUBJECT", "status": "REGULAR", "shortName": "PT-Gyn I", "longName": "PT-Gyn\u00e4kologie Teil 1", "displayName": "PT-Gyn I", "displayNameLabel": "NAME"}, "removed": null}], "location": [{"current": {"type": "ROOM", "status": "REGULAR", "shortName": "R 1", "longName": "Praxisraum 1", "displayName": "R 1", "displayNameLabel": "NAME"}, "removed": null}], "teacher": [{"current": {"type": "TEACHER", "status": "REGULAR", "shortName": "G.W.", "longName": "Wermeling", "displayName": "G.W.", "displayNameLabel": "NAME"}, "removed": null}], "cellState": "REGULAR", "date": "2025-08-11", "start": "2025-08-11T08:00", "end": "2025-08-11T09:30", "type": "NORMAL_TEACHING_PERIOD"}, {"classID": 122, "schoolID": "7735400", "subject": [{"current": {"type": "SUBJECT", "status": "REGULAR", "shortName": "Anatomie I", "longName": "Anatomie Bewegungsapparat 1.Teil", "displayName": "Anatomie I", "displayNameLabel": "NAME"}, "removed": null}], "location": [{"current": {"type": "ROOM", "status": "REGULAR", "shortName": "R 2", "longName": "Theorieraum", "displayName": "R 2", "displayNameLabel": "NAME"}, "removed": null}], "teacher": [{"current": {"type": "TEACHER", "status": "REGULAR", "shortName": "D.HV.", "longName": "Hilbers-Verheyden", "displayName": "D.HV.", "displayNameLabel": "NAME"}, "removed": null}], "cellState": "REGULAR", "date": "2025-08-11", "start": "2025-08-11T09:45", "end": "2025-08-11T11:15", "type": "NORMAL_TEACHING_PERIOD"}, {"classID": 122, "schoolID": "7735400", "subject": [{"current": {"type": "SUBJECT", "status": "REGULAR", "shortName": "SKL Ortho I", "longName": "SKL Orthop\u00e4die Teil 1", "displayName": "SKL Ortho I", "displayNameLabel": "NAME"}, "removed": null}], "location": [{"current": {"type": "ROOM", "status": "REGULAR", "shortName": "R 1", "longName": "Praxisraum 1", "displayName": "R 1", "displayNameLabel": "NAME"}, "removed": null}], "teacher": [{"current": {"type": "TEACHER", "status": "REGULAR", "shortName": "J.S.", "longName": "Stifter", "displayName": "J.S.", "displayNameLabel": "NAME"}, "removed": null}], "cellState": "REGULAR", "date": "2025-08-11", "start": "2025-08-11T11:30", "end": "2025-08-11T13:00", "type": "NORMAL_TEACHING_PERIOD"}, {"classID": 122, "schoolID": "7735400", "subject": [{"current": {"type": "SUBJECT", "status": "REGULAR", "shortName": "ET", "longName": "Elektrotherapie", "displayName": "ET", "displayNameLabel": "NAME"}, "removed": null}], "location": [{"current": {"type": "ROOM", "status": "REGULAR", "shortName": "R 1", "longName": "Praxisraum 1", "displayName": "R 1", "displayNameLabel": "NAME"}, "removed": null}], "teacher": [{"current": {"type": "TEACHER", "status": "REGULAR", "shortName": "F.W.", "longName": "Wehmeier", "displayName": "F.W.", "displayNameLabel": "NAME"}, "removed": null}], "cellState": "REGULAR", "date": "2025-08-11", "start": "2025-08-11T13:45", "end": "2025-08-11T15:15", "type": "NORMAL_TEACHING_PERIOD"}, {"classID": 125, "schoolID": "7735400", "subject": [{"current": {"type": "SUBJECT", "status": "REGULAR", "shortName": "SKL Ortho I", "longName": "SKL Orthop\u00e4die Teil 1", "displayName": "SKL Ortho I", "displayNameLabel": "NAME"}, "removed": null}], "location": [{"current": {"type": "ROOM", "status": "REGULAR", "shortName": "R 3", "longName": "Praxisraum", "displayName": "R 3", "displayNameLabel": "NAME"}, "removed": null}], "teacher": [{"current": {"type": "TEACHER", "status": "REGULAR", "shortName": "J.S.", "longName": "Stifter", "displayName": "J.S.", "displayNameLabel": "NAME"}, "removed": null}], "cellState": "REGULAR", "date": "2025-08-11", "start": "2025-08-11T08:00", "end": "2025-08-11T09:30", "type": "NORMAL_TEACHING_PERIOD"}, {"classID": 125, "schoolID": "7735400", "subject": [{"current": {"type": "SUBJECT", "status": "REGULAR", "shortName": "ET", "longName": "Elektrotherapie", "displayName": "ET", "displayNameLabel": "NAME"}, "removed": null}], "location": [{"current": {"type": "ROOM", "status": "REGULAR", "shortName": "R 3", "longName": "Praxisraum", "displayName": "R 3", "displayNameLabel": "NAME"}, "removed": null}], "teacher": [{"current": {"type": "TEACHER", "status": "REGULAR", "shortName": "F.W.", "longName": "Wehmeier", "displayName": "F.W.", "displayNameLabel": "NAME"}, "removed": null}], "cellState": "REGULAR", "date": "2025-08-11", "start": "2025-08-11T09:45", "end": "2025-08-11T11:15", "type": "NORMAL_TEACHING_PERIOD"}, {"classID": 125, "schoolID": "7735400", "subject": [{"current": {"type": "SUBJECT", "status": "REGULAR", "shortName": "Anatomie II", "longName": "Anatomie Bewegungsapparat 2. Teil", "displayName": "Anatomie II", "displayNameLabel": "NAME"}, "removed": null}], "location": [{"current": {"type": "ROOM", "status": "REGULAR", "shortName": "R 2", "longName": "Theorieraum", "displayName": "R 2", "displayNameLabel": "NAME"}, "removed": null}], "teacher": [{"current": {"type": "TEACHER", "status": "REGULAR", "shortName": "D.HV.", "longName": "Hilbers-Verheyden", "displayName": "D.HV.", "displayNameLabel": "NAME"}, "removed": null}], "cellState": "REGULAR", "date": "2025-08-11", "start": "2025-08-11T11:30", "end": "2025-08-11T13:00", "type": "NORMAL_TEACHING_PERIOD"}, {"classID": 125, "schoolID": "7735400", "subject": [{"current": {"type": "SUBJECT", "status": "REGULAR", "shortName": "Skoliose", "longName": "Skoliosetherapie", "displayName": "Skoliose", "displayNameLabel": "NAME"}, "removed": null}], "location": [{"current": {"type": "ROOM", "status": "REGULAR", "shortName": "R 3", "longName": "Praxisraum", "displayName": "R 3", "displayNameLabel": "NAME"}, "removed": null}], "teacher": [{"current": {"type": "TEACHER", "status": "REGULAR", "shortName": "C.H.", "longName": "H\u00e4cker", "displayName": "C.H.", "displayNameLabel": "NAME"}, "removed": null}], "cellState": "REGULAR", "date": "2025-08-11", "start": "2025-08-11T13:45", "end": "2025-08-11T15:15", "type": "NORMAL_TEACHING_PERIOD"}, {"classID": 104, "schoolID": "7735400", "subject": [{"current": {"type": "SUBJECT", "status": "REGULAR", "shortName": "MT I", "longName": "Manuelle Therapie Teil 1", "displayName": "MT I", "displayNameLabel": "NAME"}, "removed": null}], "location": [{"current": {"type": "ROOM", "status": "REGULAR", "shortName": "R 4", "longName": "Praxisraum", "displayName": "R 4", "displayNameLabel": "NAME"}, "removed": null}], "teacher": [{"current": {"type": "TEACHER", "status": "REGULAR", "shortName": "Y.E.", "longName": "Eilers", "displayName": "Y.E.", "displayNameLabel": "NAME"}, "removed": null}], "cellState": "REGULAR", "date": "2025-08-12", "start": "2025-08-12T08:00", "end": "2025-08-12T09:30", "type": "NORMAL_TEACHING_PERIOD"}, {"classID": 104, "schoolID": "7735400", "subject": [{"current": {"type": "SUBJECT", "status": "REGULAR", "shortName": "PT-Ortho I", "longName": "PT-Orthop\u00e4die Teil 1", "displayName": "PT-Ortho I", "displayNameLabel": "NAME"}, "removed": null}], "location": [{"current": {"type": "ROOM", "status": "REGULAR", "shortName": "R 4", "longName": "Praxisraum", "displayName": "R 4", "displayNameLabel": "NAME"}, "removed": null}], "teacher": [{"current": {"type": "TEACHER", "status": "REGULAR", "shortName": "J.S.", "longName": "Stifter", "displayName": "J.S.", "displayNameLabel": "NAME"}, "removed": null}], "cellState": "REGULAR", "date": "2025-08-12", "start": "2025-08-12T09:45", "end": "2025-08-12T11:15", "type": "NORMAL_TEACHING_PERIOD"}, {"classID": 104, "schoolID": "7735400", "subject": [{"current": {"type": "SUBJECT", "status": "REGULAR", "shortName": "SKL Neuro I", "longName": "SKL Neurologie Teil 1", "displayName": "SKL Neuro I", "displayNameLabel": "NAME"}, "removed": null}], "location": [{"current": {"type": "ROOM", "status": "REGULAR", "shortName": "R 4", "longName": "Praxisraum", "displayName": "R 4", "displayNameLabel": "NAME"}, "removed": null}], "teacher": [{"current": {"type": "TEACHER", "status": "REGULAR", "shortName": "K.S.", "longName": "Steinhausen", "displayName": "K.S.", "displayNameLabel": "NAME"}, "removed": null}], "cellState": "REGULAR", "date": "2025-08-12", "start": "2025-08-12T11:30", "end": "2025-08-12T13:00", "type": "NORMAL_TEACHING_PERIOD"}, {"classID": 104, "schoolID": "7735400", "subject": [{"current": {"type": "SUBJECT", "status": "REGULAR", "shortName": "Entspannung", "longName": "Entspannungstechniken", "displayName": "Entspannung", "displayNameLabel": "NAME"}, "removed": null}], "location": [{"current": {"type": "ROOM", "status": "REGULAR", "shortName": "R 4", "longName": "Praxisraum", "displayName": "R 4", "displayNameLabel": "NAME"}, "removed": null}], "teacher": [{"current": {"type": "TEACHER", "status": "REGULAR", "shortName": "F.W.", "longName": "Wehmeier", "displayName": "F.W.", "displayNameLabel": "NAME"}, "removed": null}], "cellState": "REGULAR", "date": "2025-08-12", "start": "2025-08-12T13:45", "end": "2025-08-12T15:15", "type": "NORMAL_TEACHING_PERIOD"}, {"classID": 107, "schoolID": "7735400", "subject": [{"current": {"type": "SUBJECT", "status": "REGULAR", "shortName": "SKL Neuro I", "longName": "SKL Neurologie Teil 1", "displayName": "SKL Neuro I", "displayNameLabel": "NAME"}, "removed": null}], "location": [{"current": {"type": "ROOM", "status": "REGULAR", "shortName": "R 5", "longName": "Praxisraum", "displayName": "R 5", "displayNameLabel": "NAME"}, "removed": null}], "teacher": [{"current": {"type": "TEACHER", "status": "REGULAR", "shortName": "K.S.", "longName": "Steinhausen", "displayName": "K.S.", "displayNameLabel": "NAME"}, "removed": null}], "cellState": "REGULAR", "date": "2025-08-12", "start": "2025-08-12T08:00", "end": "2025-08-12T09:30", "type": "NORMAL_TEACHING_PERIOD"}, {"classID": 107, "schoolID": "7735400", "subject": [{"current": {"type": "SUBJECT", "status": "REGULAR", "shortName": "MT I", "longName": "Manuelle Therapie Teil 1", "displayName": "MT I", "displayNameLabel": "NAME"}, "removed": null}], "location": [{"current": {"type": "ROOM", "status": "REGULAR", "shortName": "R 5", "longName": "Praxisraum", "displayName": "R 5", "displayNameLabel": "NAME"}, "removed": null}], "teacher": [{"current": {"type": "TEACHER", "status": "REGULAR", "shortName": "Y.E.", "longName": "Eilers", "displayName": "Y.E.", "displayNameLabel": "NAME"}, "removed": null}], "cellState": "REGULAR", "date": "2025-08-12", "start": "2025-08-12T09:45", "end": "2025-08-12T11:15", "type": "NORMAL_TEACHING_PERIOD"}, {"classID": 107, "schoolID": "7735400", "subject": [{"current": {"type": "SUBJECT", "status": "REGULAR", "shortName": "PT-Ortho I", "longName": "PT-Orthop\u00e4die Teil 1", "displayName": "PT-Ortho I", "displayNameLabel": "NAME"}, "removed": null}], "location": [{"current": {"type": "ROOM", "status": "REGULAR", "shortName": "R 5", "longName": "Praxisraum", "displayName": "R 5", "displayNameLabel": "NAME"}, "removed": null}], "teacher": [{"current": {"type": "TEACHER", "status": "REGULAR", "shortName": "J.S.", "longName": "Stifter", "displayName": "J.S.", "displayNameLabel": "NAME"}, "removed": null}], "cellState": "REGULAR", "date": "2025-08-12", "start": "2025-08-12T11:30", "end": "2025-08-12T13:00", "type": "NORMAL_TEACHING_PERIOD"}, {"classID": 122, "schoolID": "7735400", "subject": [{"current": {"type": "SUBJECT", "status": "REGULAR", "shortName": "Anatomie I", "longName": "Anatomie Bewegungsapparat 1.Teil", "displayName": "Anatomie I", "displayNameLabel": "NAME"}, "removed": null}], "location": [{"current": {"type": "ROOM", "status": "REGULAR", "shortName": "R 2", "longName": "Theorieraum", "displayName": "R 2", "displayNameLabel": "NAME"}, "removed": null}], "teacher": [{"current": {"type": "TEACHER", "status": "REGULAR", "shortName": "D.HV.", "longName": "Hilbers-Verheyden", "displayName": "D.HV.", "displayNameLabel": "NAME"}, "removed": null}], "cellState": "REGULAR", "date": "2025-08-12", "start": "2025-08-12T08:00", "end": "2025-08-12T09:30", "type": "NORMAL_TEACHING_PERIOD"}, {"classID": 122, "schoolID": "7735400", "subject": [{"current": {"type": "SUBJECT", "status": "REGULAR", "shortName": "ET", "longName": "Elektrotherapie", "displayName": "ET", "displayNameLabel": "NAME"}, "removed": null}], "location": [{"current": {"type": "ROOM", "status": "REGULAR", "shortName": "R 1", "longName": "Praxisraum 1", "displayName": "R 1", "displayNameLabel": "NAME"}, "removed": null}], "teacher": [{"current": {"type": "TEACHER", "status": "REGULAR", "shortName": "F.W.", "longName": "Wehmeier", "displayName": "F.W.", "displayNameLabel": "NAME"}, "removed": null}], "cellState": "REGULAR", "date": "2025-08-12", "start": "2025-08-12T09:45", "end": "2025-08-12T11:15", "type": "NORMAL_TEACHING_PERIOD"}, {"classID": 122, "schoolID": "7735400", "subject": [{"current": {"type": "SUBJECT", "status": "REGULAR", "shortName": "Massage II", "longName": "Massage Teil 2", "displayName": "Massage II", "displayNameLabel": "NAME"}, "removed": null}], "location": [{"current": {"type": "ROOM", "status": "REGULAR", "shortName": "R 1", "longName": "Praxisraum 1", "displayName": "R 1", "displayNameLabel": "NAME"}, "removed": null}], "teacher": [{"current": {"type": "TEACHER", "status": "REGULAR", "shortName": "G.B.", "longName": "Berlekamp", "displayName": "G.B.", "displayNameLabel": "NAME"}, "removed": null}], "cellState": "REGULAR", "date": "2025-08-12", "start": "2025-08-12T11:30", "end": "2025-08-12T13:00", "type": "NORMAL_TEACHING_PERIOD"}, {"classID": 122, "schoolID": "7735400", "subject": [{"current": {"type": "SUBJECT", "status": "REGULAR", "shortName": "PT-Neuro II", "longName": "PT-Neurologie Teil 2", "displayName": "PT-Neuro II", "displayNameLabel": "NAME"}, "removed": null}], "location": [{"current": {"type": "ROOM", "status": "REGULAR", "shortName": "R 1", "longName": "Praxisraum 1", "displayName": "R 1", "displayNameLabel": "NAME"}, "removed": null}], "teacher": [{"current": {"type": "TEACHER", "status": "REGULAR", "shortName": "K.S.", "longName": "Steinhausen", "displayName": "K.S.", "displayNameLabel": "NAME"}, "removed": null}], "cellState": "REGULAR", "date": "2025-08-12", "start": "2025-08-12T13:45", "end": "2025-08-12T15:15", "type": "NORMAL_TEACHING_PERIOD"}, {"classID": 125, "schoolID": "7735400", "subject": [{"current": {"type": "SUBJECT", "status": "REGULAR", "shortName": "SKL Ortho I", "longName": "SKL Orthop\u00e4die Teil 1", "displayName": "SKL Ortho I", "displayNameLabel": "NAME"}, "removed": null}], "location": [{"current": {"type": "ROOM", "status": "REGULAR", "shortName": "R 3", "longName": "Praxisraum", "displayName": "R 3", "displayNameLabel": "NAME"}, "removed": null}], "teacher": [{"current": {"type": "TEACHER", "status": "REGULAR", "shortName": "J.S.", "longName": "Stifter", "displayName": "J.S.", "displayNameLabel": "NAME"}, "removed": null}], "cellState": "REGULAR", "date": "2025-08-12", "start": "2025-08-12T08:00", "end": "2025-08-12T09:30", "type": "NORMAL_TEACHING_PERIOD"}, {"classID": 125, "schoolID": "7735400", "subject": [{"current": {"type": "SUBJECT", "status": "REGULAR", "shortName": "Anatomie II", "longName": "Anatomie Bewegungsapparat 2. Teil", "displayName": "Anatomie II", "displayNameLabel": "NAME"}, "removed": null}], "location": [{"current": {"type": "ROOM", "status": "REGULAR", "shortName": "R 2", "longName": "Theorieraum", "displayName": "R 2", "displayNameLabel": "NAME"}, "removed": null}], "teacher": [{"current": {"type": "TEACHER", "status": "REGULAR", "shortName": "D.HV.", "longName": "Hilbers-Verheyden", "displayName": "D.HV.", "displayNameLabel": "NAME"}, "removed": null}], "cellState": "REGULAR", "date": "2025-08-12", "start": "2025-08-12T09:45", "end": "2025-08-12T11:15", "type": "NORMAL_TEACHING_PERIOD"}, {"classID": 125, "schoolID": "7735400", "subject": [{"current": {"type": "SUBJECT", "status": "REGULAR", "shortName": "ET", "longName": "Elektrotherapie", "displayName": "ET", "displayNameLabel": "NAME"}, "removed": null}], "location": [{"current": {"type": "ROOM", "status": "REGULAR", "shortName": "R 3", "longName": "Praxisraum", "displayName": "R 3", "displayNameLabel": "NAME"}, "removed": null}], "teacher": [{"current": {"type": "TEACHER", "status": "REGULAR", "shortName": "F.W.", "longName": "Wehmeier", "displayName": "F.W.", "displayNameLabel": "NAME"}, "removed": null}], "cellState": "REGULAR", "date": "2025-08-12", "start": "2025-08-12T11:30", "end": "2025-08-12T13:00", "type": "NORMAL_TEACHING_PERIOD"}, {"classID": 104, "schoolID": "7735400", "subject": [{"current": {"type": "SUBJECT", "status": "REGULAR", "shortName": "PT-P\u00e4d. I", "longName": "PT-P\u00e4diatrie Teil 1", "displayName": "PT-P\u00e4d. I", "displayNameLabel": "NAME"}, "removed": null}], "location": [{"current": {"type": "ROOM", "status": "REGULAR", "shortName": "R 4", "longName": "Praxisraum", "displayName": "R 4", "displayNameLabel": "NAME"}, "removed": null}], "teacher": [{"current": {"type": "TEACHER", "status": "REGULAR", "shortName": "N.H.", "longName": "Herrmann", "displayName": "N.H.", "displayNameLabel": "NAME"}, "removed": null}], "cellState": "REGULAR", "date": "2025-08-13", "start": "2025-08-13T08:00", "end": "2025-08-13T09:30", "type": "NORMAL_TEACHING_PERIOD"}, {"classID": 104, "schoolID": "7735400", "subject": [{"current": {"type": "SUBJECT", "status": "REGULAR", "shortName": "SKL Neuro I", "longName": "SKL Neurologie Teil 1", "displayName": "SKL Neuro I", "displayNameLabel": "NAME"}, "removed": null}], "location": [{"current": {"type": "ROOM", "status": "REGULAR", "shortName": "R 4", "longName": "Praxisraum", "displayName": "R 4", "displayNameLabel": "NAME"}, "removed": null}], "teacher": [{"current": {"type": "TEACHER", "status": "REGULAR", "shortName": "K.S.", "longName": "Steinhausen", "displayName": "K.S.", "displayNameLabel": "NAME"}, "removed": null}], "cellState": "REGULAR", "date": "2025-08-13", "start": "2025-08-13T09:45", "end": "2025-08-13T11:15", "type": "NORMAL_TEACHING_PERIOD"}, {"classID": 104, "schoolID": "7735400", "subject": [{"current": {"type": "SUBJECT", "status": "REGULAR", "shortName": "Entspannung", "longName": "Entspannungstechniken", "displayName": "Entspannung", "displayNameLabel": "NAME"}, "removed": null}], "location": [{"current": {"type": "ROOM", "status": "REGULAR", "shortName": "R 4", "longName": "Praxisraum", "displayName": "R 4", "displayNameLabel": "NAME"}, "removed": null}], "teacher": [{"current": {"type": "TEACHER", "status": "REGULAR", "shortName": "F.W.", "longName": "Wehmeier", "displayName": "F.W.", "displayNameLabel": "NAME"}, "removed": null}], "cellState": "REGULAR", "date": "2025-08-13", "start": "2025-08-13T11:30", "end": "2025-08-13T13:00", "type": "NORMAL_TEACHING_PERIOD"}, {"classID": 104, "schoolID": "7735400", "subject": [{"current": {"type": "SUBJECT", "status": "REGULAR", "shortName": "BK", "longName": "Berufskunde", "displayName": "BK", "displayNameLabel": "NAME"}, "removed": null}], "location": [{"current": {"type": "ROOM", "status": "REGULAR", "shortName": "R 2", "longName": "Theorieraum", "displayName": "R 2", "displayNameLabel": "NAME"}, "removed": null}], "teacher": [{"current": {"type": "TEACHER", "status": "REGULAR", "shortName": "D.HV.", "longName": "Hilbers-Verheyden", "displayName": "D.HV.", "displayNameLabel": "NAME"}, "removed": null}], "cellState": "REGULAR", "date": "2025-08-13", "start": "2025-08-13T13:45", "end": "2025-08-13T15:15", "type": "NORMAL_TEACHING_PERIOD"}, {"classID": 107, "schoolID": "7735400", "subject": [{"current": {"type": "SUBJECT", "status": "REGULAR", "shortName": "BK", "longName": "Berufskunde", "displayName": "BK", "displayNameLabel": "NAME"}, "removed": null}], "location": [{"current": {"type": "ROOM", "status": "REGULAR", "shortName": "R 2", "longName": "Theorieraum", "displayName": "R 2", "displayNameLabel": "NAME"}, "removed": null}], "teacher": [{"current": {"type": "TEACHER", "status": "REGULAR", "shortName": "D.HV.", "longName": "Hilbers-Verheyden", "displayName": "D.HV.", "displayNameLabel": "NAME"}, "removed": null}], "cellState": "REGULAR", "date": "2025-08-13", "start": "2025-08-13T08:00", "end": "2025-08-13T09:30", "type": "NORMAL_TEACHING_PERIOD"}, {"classID": 107, "schoolID": "7735400", "subject": [{"current": {"type": "SUBJECT", "status": "REGULAR", "shortName": "PT-P\u00e4d. I", "longName": "PT-P\u00e4diatrie Teil 1", "displayName": "PT-P\u00e4d. I", "displayNameLabel": "NAME"}, "removed": null}], "location": [{"current": {"type": "ROOM", "status": "REGULAR", "shortName": "R 5", "longName": "Praxisraum", "displayName": "R 5", "displayNameLabel": "NAME"}, "removed": null}], "teacher": [{"current": {"type": "TEACHER", "status": "REGULAR", "shortName": "N.H.", "longName": "Herrmann", "displayName": "N.H.", "displayNameLabel": "NAME"}, "removed": null}], "cellState": "REGULAR", "date": "2025-08-13", "start": "2025-08-13T09:45", "end": "2025-08-13T11:15", "type": "NORMAL_TEACHING_PERIOD"}, {"classID": 107, "schoolID": "7735400", "subject": [{"current": {"type": "SUBJECT", "status": "REGULAR", "shortName": "SKL Neuro I", "longName": "SKL Neurologie Teil 1", "displayName": "SKL Neuro I", "displayNameLabel": "NAME"}, "removed": null}], "location": [{"current": {"type": "ROOM", "status": "REGULAR", "shortName": "R 5", "longName": "Praxisraum", "displayName": "R 5", "displayNameLabel": "NAME"}, "removed": null}], "teacher": [{"current": {"type": "TEACHER", "status": "REGULAR", "shortName": "K.S.", "longName": "Steinhausen", "displayName": "K.S.", "displayNameLabel": "NAME"}, "removed": null}], "cellState": "REGULAR", "date": "2025-08-13", "start": "2025-08-13T11:30", "end": "2025-08-13T13:00", "type": "NORMAL_TEACHING_PERIOD"}, {"classID": 107, "schoolID": "7735400", "subject": [{"current": {"type": "SUBJECT", "status": "REGULAR", "shortName": "Entspannung", "longName": "Entspannungstechniken", "displayName": "Entspannung", "displayNameLabel": "NAME"}, "removed": null}], "location": [{"current": {"type": "ROOM", "status": "REGULAR", "shortName": "R 5", "longName": "Praxisraum", "displayName": "R 5", "displayNameLabel": "NAME"}, "removed": null}], "teacher": [{"current": {"type": "TEACHER", "status": "REGULAR", "shortName": "F.W.", "longName": "Wehmeier", "displayName": "F.W.", "displayNameLabel": "NAME"}, "removed": null}], "cellState": "REGULAR", "date": "2025-08-13", "start": "2025-08-13T13:45", "end": "2025-08-13T15:15", "type": "NORMAL_TEACHING_PERIOD"}, {"classID": 122, "schoolID": "7735400", "subject": [{"current": {"type": "SUBJECT", "status": "REGULAR", "shortName": "Gangschule I", "longName": "Gangschule Teil 1", "displayName": "Gangschule I", "displayNameLabel": "NAME"}, "removed": null}], "location": [{"current": {"type": "ROOM", "status": "REGULAR", "shortName": "R 1", "longName": "Praxisraum 1", "displayName": "R 1", "displayNameLabel": "NAME"}, "removed": null}], "teacher": [{"current": {"type": "TEACHER", "status": "REGULAR", "shortName": "S.Sch", "longName": "Schulte", "displayName": "S.Sch", "displayNameLabel": "NAME"}, "removed": null}], "cellState": "REGULAR", "date": "2025-08-13", "start": "2025-08-13T08:00", "end": "2025-08-13T11:15", "type": "NORMAL_TEACHING_PERIOD"}, {"classID": 122, "schoolID": "7735400", "subject": [{"current": {"type": "SUBJECT", "status": "REGULAR", "shortName": "Anatomie I", "longName": "Anatomie Bewegungsapparat 1.Teil", "displayName": "Anatomie I", "displayNameLabel": "NAME"}, "removed": null}], "location": [{"current": {"type": "ROOM", "status": "REGULAR", "shortName": "R 2", "longName": "Theorieraum", "displayName": "R 2", "displayNameLabel": "NAME"}, "removed": null}], "teacher": [{"current": {"type": "TEACHER", "status": "REGULAR", "shortName": "D.HV.", "longName": "Hilbers-Verheyden", "displayName": "D.HV.", "displayNameLabel": "NAME"}, "removed": null}], "cellState": "REGULAR", "date": "2025-08-13", "start": "2025-08-13T11:30", "end": "2025-08-13T13:00", "type": "NORMAL_TEACHING_PERIOD"}, {"classID": 122, "schoolID": "7735400", "subject": [{"current": {"type": "SUBJECT", "status": "REGULAR", "shortName": "SKL Ortho I", "longName": "SKL Orthop\u00e4die Teil 1", "displayName": "SKL Ortho I", "displayNameLabel": "NAME"}, "removed": null}], "location": [{"current": {"type": "ROOM", "status": "REGULAR", "shortName": "R 1", "longName": "Praxisraum 1", "displayName": "R 1", "displayNameLabel": "NAME"}, "removed": null}], "teacher": [{"current": {"type": "TEACHER", "status": "REGULAR", "shortName": "J.S.", "longName": "Stifter", "displayName": "J.S.", "displayNameLabel": "NAME"}, "removed": null}], "cellState": "REGULAR", "date": "2025-08-13", "start": "2025-08-13T13:45", "end": "2025-08-13T15:15", "type": "NORMAL_TEACHING_PERIOD"}, {"classID": 125, "schoolID": "7735400", "subject": [{"current": {"type": "SUBJECT", "status": "REGULAR", "shortName": "PT-Neuro II", "longName": "PT-Neurologie Teil 2", "displayName": "PT-Neuro II", "displayNameLabel": "NAME"}, "removed": null}], "location": [{"current": {"type": "ROOM", "status": "REGULAR", "shortName": "R 3", "longName": "Praxisraum", "displayName": "R 3", "displayNameLabel": "NAME"}, "removed": null}], "teacher": [{"current": {"type": "TEACHER", "status": "REGULAR", "shortName": "K.S.", "longName": "Steinhausen", "displayName": "K.S.", "displayNameLabel": "NAME"}, "removed": null}], "cellState": "REGULAR", "date": "2025-08-13", "start": "2025-08-13T08:00", "end": "2025-08-13T09:30", "type": "NORMAL_TEACHING_PERIOD"}, {"classID": 125, "schoolID": "7735400", "subject": [{"current": {"type": "SUBJECT", "status": "REGULAR", "shortName": "Anatomie II", "longName": "Anatomie Bewegungsapparat 2. Teil", "displayName": "Anatomie II", "displayNameLabel": "NAME"}, "removed": null}], "location": [{"current": {"type": "ROOM", "status": "REGULAR", "shortName": "R 2", "longName": "Theorieraum", "displayName": "R 2", "displayNameLabel": "NAME"}, "removed": null}], "teacher": [{"current": {"type": "TEACHER", "status": "REGULAR", "shortName": "D.HV.", "longName": "Hilbers-Verheyden", "displayName": "D.HV.", "displayNameLabel": "NAME"}, "removed": null}], "cellState": "REGULAR", "date": "2025-08-13", "start": "2025-08-13T09:45", "end": "2025-08-13T11:15", "type": "NORMAL_TEACHING_PERIOD"}, {"classID": 125, "schoolID": "7735400", "subject": [{"current": {"type": "SUBJECT", "status": "REGULAR", "shortName": "Gangschule I", "longName": "Gangschule Teil 1", "displayName": "Gangschule I", "displayNameLabel": "NAME"}, "removed": null}], "location": [{"current": {"type": "ROOM", "status": "REGULAR", "shortName": "R 3", "longName": "Praxisraum", "displayName": "R 3", "displayNameLabel": "NAME"}, "removed": null}], "teacher": [{"current": {"type": "TEACHER", "status": "REGULAR", "shortName": "S.Sch", "longName": "Schulte", "displayName": "S.Sch", "displayNameLabel": "NAME"}, "removed": null}], "cellState": "REGULAR", "date": "2025-08-13", "start": "2025-08-13T11:30", "end": "2025-08-13T13:00", "type": "NORMAL_TEACHING_PERIOD"}, {"classID": 122, "schoolID": "7735400", "subject": [{"current": {"type": "SUBJECT", "status": "REGULAR", "shortName": "PNF II", "longName": "PNF Teil 2", "displayName": "PNF II", "displayNameLabel": "NAME"}, "removed": null}], "location": [{"current": {"type": "ROOM", "status": "REGULAR", "shortName": "R 4", "longName": "Praxisraum", "displayName": "R 4", "displayNameLabel": "NAME"}, "removed": null}], "teacher": [{"current": {"type": "TEACHER", "status": "REGULAR", "shortName": "B.S.", "longName": "Selker", "displayName": "B.S.", "displayNameLabel": "NAME"}, "removed": null}], "cellState": "REGULAR", "date": "2025-08-14", "start": "2025-08-14T08:00", "end": "2025-08-14T09:30", "type": "NORMAL_TEACHING_PERIOD"}, {"classID": 122, "schoolID": "7735400", "subject": [{"current": {"type": "SUBJECT", "status": "REGULAR", "shortName": "Anatomie I", "longName": "Anatomie Bewegungsapparat 1.Teil", "displayName": "Anatomie I", "displayNameLabel": "NAME"}, "removed": null}], "location": [{"current": {"type": "ROOM", "status": "REGULAR", "shortName": "R 2", "longName": "Theorieraum", "displayName": "R 2", "displayNameLabel": "NAME"}, "removed": null}], "teacher": [{"current": {"type": "TEACHER", "status": "REGULAR", "shortName": "D.HV.", "longName": "Hilbers-Verheyden", "displayName": "D.HV.", "displayNameLabel": "NAME"}, "removed": null}], "cellState": "REGULAR", "date": "2025-08-14", "start": "2025-08-14T09:45", "end": "2025-08-14T11:15", "type": "NORMAL_TEACHING_PERIOD"}, {"classID": 122, "schoolID": "7735400", "subject": [{"current": {"type": "SUBJECT", "status": "REGULAR", "shortName": "BWE II", "longName": "Bewegungserziehung Teil 2", "displayName": "BWE II", "displayNameLabel": "NAME"}, "removed": null}], "location": [{"current": {"type": "ROOM", "status": "REGULAR", "shortName": "R 4", "longName": "Praxisraum", "displayName": "R 4", "displayNameLabel": "NAME"}, "removed": null}], "teacher": [{"current": {"type": "TEACHER", "status": "REGULAR", "shortName": "Y.E.", "longName": "Eilers", "displayName": "Y.E.", "displayNameLabel": "NAME"}, "removed": null}], "cellState": "REGULAR", "date": "2025-08-14", "start": "2025-08-14T11:30", "end": "2025-08-14T13:00", "type": "NORMAL_TEACHING_PERIOD"}, {"classID": 122, "schoolID": "7735400", "subject": [{"current": {"type": "SUBJECT", "status": "REGULAR", "shortName": "ET", "longName": "Elektrotherapie", "displayName": "ET", "displayNameLabel": "NAME"}, "removed": null}], "location": [{"current": {"type": "ROOM", "status": "REGULAR", "shortName": "R 4", "longName": "Praxisraum", "displayName": "R 4", "displayNameLabel": "NAME"}, "removed": null}], "teacher": [{"current": {"type": "TEACHER", "status": "REGULAR", "shortName": "F.W.", "longName": "Wehmeier", "displayName": "F.W.", "displayNameLabel": "NAME"}, "removed": null}], "cellState": "REGULAR", "date": "2025-08-14", "start": "2025-08-14T13:45", "end": "2025-08-14T15:15", "type": "NORMAL_TEACHING_PERIOD"}, {"classID": 125, "schoolID": "7735400", "subject": [{"current": {"type": "SUBJECT", "status": "REGULAR", "shortName": "Anatomie II", "longName": "Anatomie Bewegungsapparat 2. Teil", "displayName": "Anatomie II", "displayNameLabel": "NAME"}, "removed": null}], "location": [{"current": {"type": "ROOM", "status": "REGULAR", "shortName": "R 2", "longName": "Theorieraum", "displayName": "R 2", "displayNameLabel": "NAME"}, "removed": null}], "teacher": [{"current": {"type": "TEACHER", "status": "REGULAR", "shortName": "D.HV.", "longName": "Hilbers-Verheyden", "displayName": "D.HV.", "displayNameLabel": "NAME"}, "removed": null}], "cellState": "REGULAR", "date": "2025-08-14", "start": "2025-08-14T08:00", "end": "2025-08-14T09:30", "type": "NORMAL_TEACHING_PERIOD"}, {"classID": 125, "schoolID": "7735400", "subject": [{"current": {"type": "SUBJECT", "status": "REGULAR", "shortName": "PNF I", "longName": "PNF Teil 1", "displayName": "PNF I", "displayNameLabel": "NAME"}, "removed": null}], "location": [{"current": {"type": "ROOM", "status": "REGULAR", "shortName": "R 5", "longName": "Praxisraum", "displayName": "R 5", "displayNameLabel": "NAME"}, "removed": null}], "teacher": [{"current": {"type": "TEACHER", "status": "REGULAR", "shortName": "B.S.", "longName": "Selker", "displayName": "B.S.", "displayNameLabel": "NAME"}, "removed": null}], "cellState": "REGULAR", "date": "2025-08-14", "start": "2025-08-14T09:45", "end": "2025-08-14T11:15", "type": "NORMAL_TEACHING_PERIOD"}, {"classID": 125, "schoolID": "7735400", "subject": [{"current": {"type": "SUBJECT", "status": "REGULAR", "shortName": "Massage II", "longName": "Massage Teil 2", "displayName": "Massage II", "displayNameLabel": "NAME"}, "removed": null}], "location": [{"current": {"type": "ROOM", "status": "REGULAR", "shortName": "R 5", "longName": "Praxisraum", "displayName": "R 5", "displayNameLabel": "NAME"}, "removed": null}], "teacher": [{"current": {"type": "TEACHER", "status": "REGULAR", "shortName": "G.B.", "longName": "Berlekamp", "displayName": "G.B.", "displayNameLabel": "NAME"}, "removed": null}], "cellState": "REGULAR", "date": "2025-08-14", "start": "2025-08-14T11:30", "end": "2025-08-14T13:00", "type": "NORMAL_TEACHING_PERIOD"}, {"classID": 125, "schoolID": "7735400", "subject": [{"current": {"type": "SUBJECT", "status": "REGULAR", "shortName": "MT I", "longName": "Manuelle Therapie Teil 1", "displayName": "MT I", "displayNameLabel": "NAME"}, "removed": null}], "location": [{"current": {"type": "ROOM", "status": "REGULAR", "shortName": "R 5", "longName": "Praxisraum", "displayName": "R 5", "displayNameLabel": "NAME"}, "removed": null}], "teacher": [{"current": {"type": "TEACHER", "status": "REGULAR", "shortName": "Y.E.", "longName": "Eilers", "displayName": "Y.E.", "displayNameLabel": "NAME"}, "removed": null}], "cellState": "REGULAR", "date": "2025-08-14", "start": "2025-08-14T13:45", "end": "2025-08-14T15:15", "type": "NORMAL_TEACHING_PERIOD"}, {"classID": 122, "schoolID": "7735400", "subject": [{"current": {"type": "SUBJECT", "status": "REGULAR", "shortName": "Hydro I", "longName": "Hydrotherapie Teil 1", "displayName": "Hydro I", "displayNameLabel": "NAME"}, "removed": null}], "location": [{"current": {"type": "ROOM", "status": "REGULAR", "shortName": "R 4", "longName": "Praxisraum", "displayName": "R 4", "displayNameLabel": "NAME"}, "removed": null}], "teacher": [{"current": {"type": "TEACHER", "status": "REGULAR", "shortName": "B.Sch.", "longName": "Schumann", "displayName": "B.Sch.", "displayNameLabel": "NAME"}, "removed": null}], "cellState": "REGULAR", "date": "2025-08-15", "start": "2025-08-15T08:00", "end": "2025-08-15T09:30", "type": "NORMAL_TEACHING_PERIOD"}, {"classID": 122, "schoolID": "7735400", "subject": [{"current": {"type": "SUBJECT", "status": "REGULAR", "shortName": "Anatomie I", "longName": "Anatomie Bewegungsapparat 1.Teil", "displayName": "Anatomie I", "displayNameLabel": "NAME"}, "removed": null}], "location": [{"current": {"type": "ROOM", "status": "REGULAR", "shortName": "R 2", "longName": "Theorieraum", "displayName": "R 2", "displayNameLabel": "NAME"}, "removed": null}], "teacher": [{"current": {"type": "TEACHER", "status": "REGULAR", "shortName": "D.HV.", "longName": "Hilbers-Verheyden", "displayName": "D.HV.", "displayNameLabel": "NAME"}, "removed": null}], "cellState": "REGULAR", "date": "2025-08-15", "start": "2025-08-15T09:45", "end": "2025-08-15T13:00", "type": "NORMAL_TEACHING_PERIOD"}, {"classID": 125, "schoolID": "7735400", "subject": [{"current": {"type": "SUBJECT", "status": "REGULAR", "shortName": "Anatomie II", "longName": "Anatomie Bewegungsapparat 2. Teil", "displayName": "Anatomie II", "displayNameLabel": "NAME"}, "removed": null}], "location": [{"current": {"type": "ROOM", "status": "REGULAR", "shortName": "R 5", "longName": "Praxisraum", "displayName": "R 5", "displayNameLabel": "NAME"}, "removed": null}], "teacher": [{"current": {"type": "TEACHER", "status": "REGULAR", "shortName": "D.HV.", "longName": "Hilbers-Verheyden", "displayName": "D.HV.", "displayNameLabel": "NAME"}, "removed": null}], "cellState": "REGULAR", "date": "2025-08-15", "start": "2025-08-15T08:00", "end": "2025-08-15T09:30", "type": "NORMAL_TEACHING_PERIOD"}, {"classID": 125, "schoolID": "7735400", "subject": [{"current": {"type": "SUBJECT", "status": "REGULAR", "shortName": "Hydro II", "longName": "Hydrotherapie Teil 2", "displayName": "Hydro II", "displayNameLabel": "NAME"}, "removed": null}], "location": [{"current": {"type": "ROOM", "status": "REGULAR", "shortName": "R 5", "longName": "Praxisraum", "displayName": "R 5", "displayNameLabel": "NAME"}, "removed": null}], "teacher": [{"current": {"type": "TEACHER", "status": "REGULAR", "shortName": "B.Sch.", "longName": "Schumann", "displayName": "B.Sch.", "displayNameLabel": "NAME"}, "removed": null}], "cellState": "REGULAR", "date": "2025-08-15", "start": "2025-08-15T09:45", "end": "2025-08-15T11:15", "type": "NORMAL_TEACHING_PERIOD"}, {"classID": 125, "schoolID": "7735400", "subject": [{"current": {"type": "SUBJECT", "status": "REGULAR", "shortName": "PT-Innere II", "longName": "PT-Innere Medizin Teil 2", "displayName": "PT-Innere II", "displayNameLabel": "NAME"}, "removed": null}], "location": [{"current": {"type": "ROOM", "status": "REGULAR", "shortName": "R 5", "longName": "Praxisraum", "displayName": "R 5", "displayNameLabel": "NAME"}, "removed": null}], "teacher": [{"current": {"type": "TEACHER", "status": "REGULAR", "shortName": "G.W.", "longName": "Wermeling", "displayName": "G.W.", "displayNameLabel": "NAME"}, "removed": null}], "cellState": "REGULAR", "date": "2025-08-15", "start": "2025-08-15T11:30", "end": "2025-08-15T13:00", "type": "NORMAL_TEACHING_PERIOD"}]