[{"classID": 5743, "schoolID": "5971900", "subject": "", "location": [{"current": {"type": "ROOM", "status": "REGULAR", "shortName": "2-138", "longName": "Seminarraum, lose bestuhlt, Beamer", "displayName": "2-138", "displayNameLabel": "NAME"}, "removed": null}], "teacher": [{"current": {"type": "TEACHER", "status": "REGULAR", "shortName": "Muf", "longName": "Muffler", "displayName": "Muf", "displayNameLabel": "NAME"}, "removed": null}], "cellState": "ADDITIONAL", "date": "2025-08-11", "start": "2025-08-11T10:00", "end": "2025-08-11T11:30", "type": "ADDITIONAL_PERIOD"}, {"classID": 5716, "schoolID": "5971900", "subject": "", "location": [{"current": {"type": "ROOM", "status": "REGULAR", "shortName": "5-101/103", "longName": "Klausursaal", "displayName": "5-101/103", "displayNameLabel": "NAME"}, "removed": null}], "teacher": [{"current": {"type": "TEACHER", "status": "REGULAR", "shortName": "Wcl", "longName": "Wei\u00df", "displayName": "Wcl", "displayNameLabel": "NAME"}, "removed": null}], "cellState": "ADDITIONAL", "date": "2025-08-12", "start": "2025-08-12T10:00", "end": "2025-08-12T11:30", "type": "ADDITIONAL_PERIOD"}, {"classID": 5719, "schoolID": "5971900", "subject": "", "location": [{"current": {"type": "ROOM", "status": "REGULAR", "shortName": "5-101/103", "longName": "Klausursaal", "displayName": "5-101/103", "displayNameLabel": "NAME"}, "removed": null}], "teacher": [{"current": {"type": "TEACHER", "status": "REGULAR", "shortName": "Wcl", "longName": "Wei\u00df", "displayName": "Wcl", "displayNameLabel": "NAME"}, "removed": null}], "cellState": "ADDITIONAL", "date": "2025-08-12", "start": "2025-08-12T10:00", "end": "2025-08-12T11:30", "type": "ADDITIONAL_PERIOD"}, {"classID": 5734, "schoolID": "5971900", "subject": "", "location": [{"current": {"type": "ROOM", "status": "REGULAR", "shortName": "5-101/103", "longName": "Klausursaal", "displayName": "5-101/103", "displayNameLabel": "NAME"}, "removed": null}], "teacher": [{"current": {"type": "TEACHER", "status": "REGULAR", "shortName": "Wcl", "longName": "Wei\u00df", "displayName": "Wcl", "displayNameLabel": "NAME"}, "removed": null}], "cellState": "ADDITIONAL", "date": "2025-08-12", "start": "2025-08-12T10:00", "end": "2025-08-12T11:30", "type": "ADDITIONAL_PERIOD"}, {"classID": 5779, "schoolID": "5971900", "subject": "", "location": [{"current": {"type": "ROOM", "status": "REGULAR", "shortName": "5-101/103", "longName": "Klausursaal", "displayName": "5-101/103", "displayNameLabel": "NAME"}, "removed": null}], "teacher": [{"current": {"type": "TEACHER", "status": "REGULAR", "shortName": "Wcl", "longName": "Wei\u00df", "displayName": "Wcl", "displayNameLabel": "NAME"}, "removed": null}], "cellState": "ADDITIONAL", "date": "2025-08-12", "start": "2025-08-12T10:00", "end": "2025-08-12T11:30", "type": "ADDITIONAL_PERIOD"}, {"classID": 5869, "schoolID": "5971900", "subject": "", "location": [{"current": {"type": "ROOM", "status": "REGULAR", "shortName": "5-101/103", "longName": "Klausursaal", "displayName": "5-101/103", "displayNameLabel": "NAME"}, "removed": null}], "teacher": [{"current": {"type": "TEACHER", "status": "REGULAR", "shortName": "Wcl", "longName": "Wei\u00df", "displayName": "Wcl", "displayNameLabel": "NAME"}, "removed": null}], "cellState": "ADDITIONAL", "date": "2025-08-12", "start": "2025-08-12T10:00", "end": "2025-08-12T11:30", "type": "ADDITIONAL_PERIOD"}, {"classID": 5800, "schoolID": "5971900", "subject": "", "location": [{"current": {"type": "ROOM", "status": "REGULAR", "shortName": "2-123", "longName": "Seminarraum, lose bestuhlt, Beamer", "displayName": "2-123", "displayNameLabel": "NAME"}, "removed": null}], "teacher": [{"current": {"type": "TEACHER", "status": "REGULAR", "shortName": "Dap", "longName": "Dell\u2019Anna", "displayName": "Dap", "displayNameLabel": "NAME"}, "removed": null}], "cellState": "ADDITIONAL", "date": "2025-08-13", "start": "2025-08-13T10:00", "end": "2025-08-13T11:30", "type": "ADDITIONAL_PERIOD"}, {"classID": 5893, "schoolID": "5971900", "subject": "", "location": [{"current": {"type": "ROOM", "status": "REGULAR", "shortName": "2-123", "longName": "Seminarraum, lose bestuhlt, Beamer", "displayName": "2-123", "displayNameLabel": "NAME"}, "removed": null}], "teacher": [{"current": {"type": "TEACHER", "status": "REGULAR", "shortName": "Dap", "longName": "Dell\u2019Anna", "displayName": "Dap", "displayNameLabel": "NAME"}, "removed": null}], "cellState": "ADDITIONAL", "date": "2025-08-13", "start": "2025-08-13T10:00", "end": "2025-08-13T11:30", "type": "ADDITIONAL_PERIOD"}, {"classID": 5878, "schoolID": "5971900", "subject": "", "location": [{"current": {"type": "ROOM", "status": "REGULAR", "shortName": "2-107", "longName": "Seminarraum, lose bestuhlt, Beamer", "displayName": "2-107", "displayNameLabel": "NAME"}, "removed": null}], "teacher": [{"current": {"type": "TEACHER", "status": "REGULAR", "shortName": "Dap", "longName": "Dell\u2019Anna", "displayName": "Dap", "displayNameLabel": "NAME"}, "removed": null}], "cellState": "ADDITIONAL", "date": "2025-08-14", "start": "2025-08-14T10:00", "end": "2025-08-14T11:30", "type": "ADDITIONAL_PERIOD"}, {"classID": 5881, "schoolID": "5971900", "subject": "", "location": [{"current": {"type": "ROOM", "status": "REGULAR", "shortName": "2-107", "longName": "Seminarraum, lose bestuhlt, Beamer", "displayName": "2-107", "displayNameLabel": "NAME"}, "removed": null}], "teacher": [{"current": {"type": "TEACHER", "status": "REGULAR", "shortName": "Dap", "longName": "Dell\u2019Anna", "displayName": "Dap", "displayNameLabel": "NAME"}, "removed": null}], "cellState": "ADDITIONAL", "date": "2025-08-14", "start": "2025-08-14T10:00", "end": "2025-08-14T11:30", "type": "ADDITIONAL_PERIOD"}, {"classID": 5980, "schoolID": "5971900", "subject": [{"current": {"type": "SUBJECT", "status": "REGULAR", "shortName": "MOBI", "longName": "Molekularbiologie", "displayName": "MOBI", "displayNameLabel": "NAME"}, "removed": null}], "location": [{"current": {"type": "ROOM", "status": "REGULAR", "shortName": "2-107", "longName": "Seminarraum, lose bestuhlt, Beamer", "displayName": "2-107", "displayNameLabel": "NAME"}, "removed": null}], "teacher": [{"current": {"type": "TEACHER", "status": "REGULAR", "shortName": "Lmn", "longName": "Lehmann", "displayName": "Lmn", "displayNameLabel": "NAME"}, "removed": null}], "cellState": "ADDITIONAL", "date": "2025-08-14", "start": "2025-08-14T11:45", "end": "2025-08-14T13:45", "type": "ADDITIONAL_PERIOD"}, {"classID": 5719, "schoolID": "5971900", "subject": "", "location": [{"current": {"type": "ROOM", "status": "REGULAR", "shortName": "5-101/103", "longName": "Klausursaal", "displayName": "5-101/103", "displayNameLabel": "NAME"}, "removed": null}], "teacher": [{"current": {"type": "TEACHER", "status": "REGULAR", "shortName": "Lmn", "longName": "Lehmann", "displayName": "Lmn", "displayNameLabel": "NAME"}, "removed": null}], "cellState": "ADDITIONAL", "date": "2025-08-15", "start": "2025-08-15T12:00", "end": "2025-08-15T13:30", "type": "ADDITIONAL_PERIOD"}, {"classID": 5734, "schoolID": "5971900", "subject": "", "location": [{"current": {"type": "ROOM", "status": "REGULAR", "shortName": "5-101/103", "longName": "Klausursaal", "displayName": "5-101/103", "displayNameLabel": "NAME"}, "removed": null}], "teacher": [{"current": {"type": "TEACHER", "status": "REGULAR", "shortName": "Lmn", "longName": "Lehmann", "displayName": "Lmn", "displayNameLabel": "NAME"}, "removed": null}], "cellState": "ADDITIONAL", "date": "2025-08-15", "start": "2025-08-15T12:00", "end": "2025-08-15T13:30", "type": "ADDITIONAL_PERIOD"}, {"classID": 5743, "schoolID": "5971900", "subject": "", "location": [{"current": {"type": "ROOM", "status": "REGULAR", "shortName": "2-123", "longName": "Seminarraum, lose bestuhlt, Beamer", "displayName": "2-123", "displayNameLabel": "NAME"}, "removed": null}], "teacher": [{"current": {"type": "TEACHER", "status": "REGULAR", "shortName": "Muf", "longName": "Muffler", "displayName": "Muf", "displayNameLabel": "NAME"}, "removed": null}], "cellState": "ADDITIONAL", "date": "2025-08-15", "start": "2025-08-15T10:00", "end": "2025-08-15T11:30", "type": "ADDITIONAL_PERIOD"}, {"classID": 5746, "schoolID": "5971900", "subject": "", "location": [{"current": {"type": "ROOM", "status": "REGULAR", "shortName": "2-123", "longName": "Seminarraum, lose bestuhlt, Beamer", "displayName": "2-123", "displayNameLabel": "NAME"}, "removed": null}], "teacher": [{"current": {"type": "TEACHER", "status": "REGULAR", "shortName": "Muf", "longName": "Muffler", "displayName": "Muf", "displayNameLabel": "NAME"}, "removed": null}], "cellState": "ADDITIONAL", "date": "2025-08-15", "start": "2025-08-15T10:00", "end": "2025-08-15T11:30", "type": "ADDITIONAL_PERIOD"}, {"classID": 5800, "schoolID": "5971900", "subject": "", "location": [{"current": {"type": "ROOM", "status": "REGULAR", "shortName": "2-139", "longName": "Seminarraum, lose bestuhl, Beamer", "displayName": "2-139", "displayNameLabel": "NAME"}, "removed": null}], "teacher": [{"current": {"type": "TEACHER", "status": "REGULAR", "shortName": "Zch", "longName": "Zeis", "displayName": "Zch", "displayNameLabel": "NAME"}, "removed": null}], "cellState": "ADDITIONAL", "date": "2025-08-15", "start": "2025-08-15T10:00", "end": "2025-08-15T11:30", "type": "ADDITIONAL_PERIOD"}, {"classID": 5803, "schoolID": "5971900", "subject": "", "location": [{"current": {"type": "ROOM", "status": "REGULAR", "shortName": "2-139", "longName": "Seminarraum, lose bestuhl, Beamer", "displayName": "2-139", "displayNameLabel": "NAME"}, "removed": null}], "teacher": [{"current": {"type": "TEACHER", "status": "REGULAR", "shortName": "Zch", "longName": "Zeis", "displayName": "Zch", "displayNameLabel": "NAME"}, "removed": null}], "cellState": "ADDITIONAL", "date": "2025-08-15", "start": "2025-08-15T10:00", "end": "2025-08-15T11:30", "type": "ADDITIONAL_PERIOD"}]