[{"classID": 2790, "schoolID": "4137400", "subject": [{"current": {"type": "SUBJECT", "status": "REGULAR", "shortName": "PhyBTut", "longName": "Physik B Tutorium", "displayName": "PhyBTut", "displayNameLabel": "NAME"}, "removed": null}], "location": [{"current": {"type": "ROOM", "status": "REGULAR", "shortName": "107-706", "longName": "Vorlesung", "displayName": "107-706", "displayNameLabel": "NAME"}, "removed": null}], "teacher": [{"current": {"type": "TEACHER", "status": "REGULAR", "shortName": "Tut", "longName": "Tutor/in", "displayName": "Tut", "displayNameLabel": "NAME"}, "removed": null}], "cellState": "REGULAR", "date": "2025-08-11", "start": "2025-08-11T08:00", "end": "2025-08-11T09:30", "type": "NORMAL_TEACHING_PERIOD"}, {"classID": 2793, "schoolID": "4137400", "subject": [{"current": {"type": "SUBJECT", "status": "REGULAR", "shortName": "BioChe", "longName": "Biochemie", "displayName": "BioChe", "displayNameLabel": "NAME"}, "removed": null}], "location": [{"current": {"type": "ROOM", "status": "REGULAR", "shortName": "104-401", "longName": "LM-Chemie Labor", "displayName": "104-401", "displayNameLabel": "NAME"}, "removed": null}], "teacher": [{"current": {"type": "TEACHER", "status": "REGULAR", "shortName": "Sto", "longName": "Prof. Dr. Stoll", "displayName": "Sto", "displayNameLabel": "NAME"}, "removed": null}], "cellState": "CANCELLED", "date": "2025-08-11", "start": "2025-08-11T14:00", "end": "2025-08-11T19:00", "type": "NORMAL_TEACHING_PERIOD"}, {"classID": 2805, "schoolID": "4137400", "subject": [{"current": {"type": "SUBJECT", "status": "REGULAR", "shortName": "PhyBTut", "longName": "Physik B Tutorium", "displayName": "PhyBTut", "displayNameLabel": "NAME"}, "removed": null}], "location": [{"current": {"type": "ROOM", "status": "REGULAR", "shortName": "107-706", "longName": "Vorlesung", "displayName": "107-706", "displayNameLabel": "NAME"}, "removed": null}], "teacher": [{"current": {"type": "TEACHER", "status": "REGULAR", "shortName": "Tut", "longName": "Tutor/in", "displayName": "Tut", "displayNameLabel": "NAME"}, "removed": null}], "cellState": "REGULAR", "date": "2025-08-11", "start": "2025-08-11T08:00", "end": "2025-08-11T09:30", "type": "NORMAL_TEACHING_PERIOD"}, {"classID": 2898, "schoolID": "4137400", "subject": [{"current": {"type": "SUBJECT", "status": "REGULAR", "shortName": "PhyBTut", "longName": "Physik B Tutorium", "displayName": "PhyBTut", "displayNameLabel": "NAME"}, "removed": null}], "location": [{"current": {"type": "ROOM", "status": "REGULAR", "shortName": "107-706", "longName": "Vorlesung", "displayName": "107-706", "displayNameLabel": "NAME"}, "removed": null}], "teacher": [{"current": {"type": "TEACHER", "status": "REGULAR", "shortName": "Tut", "longName": "Tutor/in", "displayName": "Tut", "displayNameLabel": "NAME"}, "removed": null}], "cellState": "REGULAR", "date": "2025-08-11", "start": "2025-08-11T08:00", "end": "2025-08-11T09:30", "type": "NORMAL_TEACHING_PERIOD"}, {"classID": 2916, "schoolID": "4137400", "subject": [{"current": {"type": "SUBJECT", "status": "REGULAR", "shortName": "ReHyM", "longName": "Reinigungstechnik, Hygienemanagement", "displayName": "ReHyM", "displayNameLabel": "NAME"}, "removed": null}], "location": [{"current": {"type": "ROOM", "status": "REGULAR", "shortName": "109-924", "longName": "MGT 3 Labor", "displayName": "109-924", "displayNameLabel": "NAME"}, "removed": null}], "teacher": [{"current": {"type": "TEACHER", "status": "REGULAR", "shortName": "Eilts", "longName": "Prof. Dr. Eilts", "displayName": "Eilts", "displayNameLabel": "NAME"}, "removed": null}], "cellState": "REGULAR", "date": "2025-08-11", "start": "2025-08-11T09:45", "end": "2025-08-11T13:00", "type": "NORMAL_TEACHING_PERIOD"}, {"classID": 2919, "schoolID": "4137400", "subject": [{"current": {"type": "SUBJECT", "status": "REGULAR", "shortName": "ReHyM", "longName": "Reinigungstechnik, Hygienemanagement", "displayName": "ReHyM", "displayNameLabel": "NAME"}, "removed": null}], "location": [{"current": {"type": "ROOM", "status": "REGULAR", "shortName": "109-924", "longName": "MGT 3 Labor", "displayName": "109-924", "displayNameLabel": "NAME"}, "removed": null}], "teacher": [{"current": {"type": "TEACHER", "status": "REGULAR", "shortName": "Eilts", "longName": "Prof. Dr. Eilts", "displayName": "Eilts", "displayNameLabel": "NAME"}, "removed": null}], "cellState": "REGULAR", "date": "2025-08-11", "start": "2025-08-11T09:45", "end": "2025-08-11T13:00", "type": "NORMAL_TEACHING_PERIOD"}, {"classID": 2943, "schoolID": "4137400", "subject": [{"current": {"type": "SUBJECT", "status": "REGULAR", "shortName": "PhyBTut", "longName": "Physik B Tutorium", "displayName": "PhyBTut", "displayNameLabel": "NAME"}, "removed": null}], "location": [{"current": {"type": "ROOM", "status": "REGULAR", "shortName": "107-706", "longName": "Vorlesung", "displayName": "107-706", "displayNameLabel": "NAME"}, "removed": null}], "teacher": [{"current": {"type": "TEACHER", "status": "REGULAR", "shortName": "Tut", "longName": "Tutor/in", "displayName": "Tut", "displayNameLabel": "NAME"}, "removed": null}], "cellState": "REGULAR", "date": "2025-08-11", "start": "2025-08-11T08:00", "end": "2025-08-11T09:30", "type": "NORMAL_TEACHING_PERIOD"}, {"classID": 2787, "schoolID": "4137400", "subject": [{"current": {"type": "SUBJECT", "status": "REGULAR", "shortName": "AformLe", "longName": "Arzneiformenlehre", "displayName": "AformLe", "displayNameLabel": "NAME"}, "removed": null}], "location": [{"current": {"type": "ROOM", "status": "REGULAR", "shortName": "109-912", "longName": "PHT-Technikum 1", "displayName": "109-912", "displayNameLabel": "NAME"}, "removed": null}, {"current": {"type": "ROOM", "status": "REGULAR", "shortName": "109-959", "longName": "CAD/CAFM PC-Pool", "displayName": "109-959", "displayNameLabel": "NAME"}, "removed": null}], "teacher": [{"current": {"type": "TEACHER", "status": "REGULAR", "shortName": "Fav", "longName": "Favella", "displayName": "Fav", "displayNameLabel": "NAME"}, "removed": null}, {"current": {"type": "TEACHER", "status": "REGULAR", "shortName": "Klein", "longName": "Kleiner", "displayName": "Klein", "displayNameLabel": "NAME"}, "removed": null}, {"current": {"type": "TEACHER", "status": "REGULAR", "shortName": "M\u00fcI", "longName": "Prof. Dr. M\u00fcller", "displayName": "M\u00fcI", "displayNameLabel": "NAME"}, "removed": null}], "cellState": "REGULAR", "date": "2025-08-12", "start": "2025-08-12T09:45", "end": "2025-08-12T11:15", "type": "NORMAL_TEACHING_PERIOD"}, {"classID": 2787, "schoolID": "4137400", "subject": [{"current": {"type": "SUBJECT", "status": "REGULAR", "shortName": "AformLe", "longName": "Arzneiformenlehre", "displayName": "AformLe", "displayNameLabel": "NAME"}, "removed": null}], "location": [{"current": {"type": "ROOM", "status": "REGULAR", "shortName": "109-912", "longName": "PHT-Technikum 1", "displayName": "109-912", "displayNameLabel": "NAME"}, "removed": null}], "teacher": [{"current": {"type": "TEACHER", "status": "REGULAR", "shortName": "Fav", "longName": "Favella", "displayName": "Fav", "displayNameLabel": "NAME"}, "removed": null}, {"current": {"type": "TEACHER", "status": "REGULAR", "shortName": "Klein", "longName": "Kleiner", "displayName": "Klein", "displayNameLabel": "NAME"}, "removed": null}, {"current": {"type": "TEACHER", "status": "REGULAR", "shortName": "M\u00fcI", "longName": "Prof. Dr. M\u00fcller", "displayName": "M\u00fcI", "displayNameLabel": "NAME"}, "removed": null}], "cellState": "REGULAR", "date": "2025-08-12", "start": "2025-08-12T11:30", "end": "2025-08-12T13:00", "type": "NORMAL_TEACHING_PERIOD"}, {"classID": 2793, "schoolID": "4137400", "subject": [{"current": {"type": "SUBJECT", "status": "REGULAR", "shortName": "Sta Tut", "longName": "Statistik Tutorium", "displayName": "Sta Tut", "displayNameLabel": "NAME"}, "removed": null}], "location": [{"current": {"type": "ROOM", "status": "REGULAR", "shortName": "107-706", "longName": "Vorlesung", "displayName": "107-706", "displayNameLabel": "NAME"}, "removed": null}], "teacher": [{"current": {"type": "TEACHER", "status": "REGULAR", "shortName": "Tut", "longName": "Tutor/in", "displayName": "Tut", "displayNameLabel": "NAME"}, "removed": null}], "cellState": "REGULAR", "date": "2025-08-12", "start": "2025-08-12T17:30", "end": "2025-08-12T19:00", "type": "NORMAL_TEACHING_PERIOD"}, {"classID": 2901, "schoolID": "4137400", "subject": [{"current": {"type": "SUBJECT", "status": "REGULAR", "shortName": "Sta Tut", "longName": "Statistik Tutorium", "displayName": "Sta Tut", "displayNameLabel": "NAME"}, "removed": null}], "location": [{"current": {"type": "ROOM", "status": "REGULAR", "shortName": "107-706", "longName": "Vorlesung", "displayName": "107-706", "displayNameLabel": "NAME"}, "removed": null}], "teacher": [{"current": {"type": "TEACHER", "status": "REGULAR", "shortName": "Tut", "longName": "Tutor/in", "displayName": "Tut", "displayNameLabel": "NAME"}, "removed": null}], "cellState": "REGULAR", "date": "2025-08-12", "start": "2025-08-12T17:30", "end": "2025-08-12T19:00", "type": "NORMAL_TEACHING_PERIOD"}, {"classID": 2940, "schoolID": "4137400", "subject": [{"current": {"type": "SUBJECT", "status": "REGULAR", "shortName": "AformLe", "longName": "Arzneiformenlehre", "displayName": "AformLe", "displayNameLabel": "NAME"}, "removed": null}], "location": [{"current": {"type": "ROOM", "status": "REGULAR", "shortName": "109-912", "longName": "PHT-Technikum 1", "displayName": "109-912", "displayNameLabel": "NAME"}, "removed": null}, {"current": {"type": "ROOM", "status": "REGULAR", "shortName": "109-959", "longName": "CAD/CAFM PC-Pool", "displayName": "109-959", "displayNameLabel": "NAME"}, "removed": null}], "teacher": [{"current": {"type": "TEACHER", "status": "REGULAR", "shortName": "Fav", "longName": "Favella", "displayName": "Fav", "displayNameLabel": "NAME"}, "removed": null}, {"current": {"type": "TEACHER", "status": "REGULAR", "shortName": "Klein", "longName": "Kleiner", "displayName": "Klein", "displayNameLabel": "NAME"}, "removed": null}, {"current": {"type": "TEACHER", "status": "REGULAR", "shortName": "M\u00fcI", "longName": "Prof. Dr. M\u00fcller", "displayName": "M\u00fcI", "displayNameLabel": "NAME"}, "removed": null}], "cellState": "REGULAR", "date": "2025-08-12", "start": "2025-08-12T09:45", "end": "2025-08-12T11:15", "type": "NORMAL_TEACHING_PERIOD"}, {"classID": 2940, "schoolID": "4137400", "subject": [{"current": {"type": "SUBJECT", "status": "REGULAR", "shortName": "AformLe", "longName": "Arzneiformenlehre", "displayName": "AformLe", "displayNameLabel": "NAME"}, "removed": null}], "location": [{"current": {"type": "ROOM", "status": "REGULAR", "shortName": "109-912", "longName": "PHT-Technikum 1", "displayName": "109-912", "displayNameLabel": "NAME"}, "removed": null}], "teacher": [{"current": {"type": "TEACHER", "status": "REGULAR", "shortName": "Fav", "longName": "Favella", "displayName": "Fav", "displayNameLabel": "NAME"}, "removed": null}, {"current": {"type": "TEACHER", "status": "REGULAR", "shortName": "Klein", "longName": "Kleiner", "displayName": "Klein", "displayNameLabel": "NAME"}, "removed": null}, {"current": {"type": "TEACHER", "status": "REGULAR", "shortName": "M\u00fcI", "longName": "Prof. Dr. M\u00fcller", "displayName": "M\u00fcI", "displayNameLabel": "NAME"}, "removed": null}], "cellState": "REGULAR", "date": "2025-08-12", "start": "2025-08-12T11:30", "end": "2025-08-12T13:00", "type": "NORMAL_TEACHING_PERIOD"}, {"classID": 2946, "schoolID": "4137400", "subject": [{"current": {"type": "SUBJECT", "status": "REGULAR", "shortName": "Sta Tut", "longName": "Statistik Tutorium", "displayName": "Sta Tut", "displayNameLabel": "NAME"}, "removed": null}], "location": [{"current": {"type": "ROOM", "status": "REGULAR", "shortName": "107-706", "longName": "Vorlesung", "displayName": "107-706", "displayNameLabel": "NAME"}, "removed": null}], "teacher": [{"current": {"type": "TEACHER", "status": "REGULAR", "shortName": "Tut", "longName": "Tutor/in", "displayName": "Tut", "displayNameLabel": "NAME"}, "removed": null}], "cellState": "REGULAR", "date": "2025-08-12", "start": "2025-08-12T17:30", "end": "2025-08-12T19:00", "type": "NORMAL_TEACHING_PERIOD"}, {"classID": 2784, "schoolID": "4137400", "subject": [{"current": {"type": "SUBJECT", "status": "REGULAR", "shortName": "MatGrTut", "longName": "Mathematische Grundlagen Tutorium", "displayName": "MatGrTut", "displayNameLabel": "NAME"}, "removed": null}], "location": [{"current": {"type": "ROOM", "status": "REGULAR", "shortName": "109-946", "longName": "Vorlesung", "displayName": "109-946", "displayNameLabel": "NAME"}, "removed": null}], "teacher": [{"current": {"type": "TEACHER", "status": "REGULAR", "shortName": "Tut2", "longName": "Tutor/in", "displayName": "Tut2", "displayNameLabel": "NAME"}, "removed": null}], "cellState": "REGULAR", "date": "2025-08-13", "start": "2025-08-13T09:45", "end": "2025-08-13T11:15", "type": "NORMAL_TEACHING_PERIOD"}, {"classID": 2787, "schoolID": "4137400", "subject": [{"current": {"type": "SUBJECT", "status": "REGULAR", "shortName": "MatGrTut", "longName": "Mathematische Grundlagen Tutorium", "displayName": "MatGrTut", "displayNameLabel": "NAME"}, "removed": null}], "location": [{"current": {"type": "ROOM", "status": "REGULAR", "shortName": "109-946", "longName": "Vorlesung", "displayName": "109-946", "displayNameLabel": "NAME"}, "removed": null}], "teacher": [{"current": {"type": "TEACHER", "status": "REGULAR", "shortName": "Tut2", "longName": "Tutor/in", "displayName": "Tut2", "displayNameLabel": "NAME"}, "removed": null}], "cellState": "REGULAR", "date": "2025-08-13", "start": "2025-08-13T09:45", "end": "2025-08-13T11:15", "type": "NORMAL_TEACHING_PERIOD"}, {"classID": 2790, "schoolID": "4137400", "subject": [{"current": {"type": "SUBJECT", "status": "REGULAR", "shortName": "PhyATut", "longName": "Physik A Tutorium", "displayName": "PhyATut", "displayNameLabel": "NAME"}, "removed": null}], "location": "", "teacher": [{"current": {"type": "TEACHER", "status": "REGULAR", "shortName": "Tut1", "longName": "Tutor/in", "displayName": "Tut1", "displayNameLabel": "NAME"}, "removed": null}], "cellState": "REGULAR", "date": "2025-08-13", "start": "2025-08-13T08:00", "end": "2025-08-13T09:30", "type": "NORMAL_TEACHING_PERIOD"}, {"classID": 2790, "schoolID": "4137400", "subject": [{"current": {"type": "SUBJECT", "status": "REGULAR", "shortName": "OrChTut", "longName": "Organische Chemie Tutorium", "displayName": "OrChTut", "displayNameLabel": "NAME"}, "removed": null}], "location": [{"current": {"type": "ROOM", "status": "REGULAR", "shortName": "109-976", "longName": "PC-Pool", "displayName": "109-976", "displayNameLabel": "NAME"}, "removed": null}], "teacher": [{"current": {"type": "TEACHER", "status": "REGULAR", "shortName": "Tut", "longName": "Tutor/in", "displayName": "Tut", "displayNameLabel": "NAME"}, "removed": null}], "cellState": "REGULAR", "date": "2025-08-13", "start": "2025-08-13T09:45", "end": "2025-08-13T11:15", "type": "NORMAL_TEACHING_PERIOD"}, {"classID": 2790, "schoolID": "4137400", "subject": [{"current": {"type": "SUBJECT", "status": "REGULAR", "shortName": "PhyBTut", "longName": "Physik B Tutorium", "displayName": "PhyBTut", "displayNameLabel": "NAME"}, "removed": null}], "location": [{"current": {"type": "ROOM", "status": "REGULAR", "shortName": "109-978", "longName": "Vorlesung", "displayName": "109-978", "displayNameLabel": "NAME"}, "removed": null}], "teacher": [{"current": {"type": "TEACHER", "status": "REGULAR", "shortName": "Tut2", "longName": "Tutor/in", "displayName": "Tut2", "displayNameLabel": "NAME"}, "removed": null}], "cellState": "REGULAR", "date": "2025-08-13", "start": "2025-08-13T15:45", "end": "2025-08-13T17:15", "type": "NORMAL_TEACHING_PERIOD"}, {"classID": 2805, "schoolID": "4137400", "subject": [{"current": {"type": "SUBJECT", "status": "REGULAR", "shortName": "PhyATut", "longName": "Physik A Tutorium", "displayName": "PhyATut", "displayNameLabel": "NAME"}, "removed": null}], "location": "", "teacher": [{"current": {"type": "TEACHER", "status": "REGULAR", "shortName": "Tut1", "longName": "Tutor/in", "displayName": "Tut1", "displayNameLabel": "NAME"}, "removed": null}], "cellState": "REGULAR", "date": "2025-08-13", "start": "2025-08-13T08:00", "end": "2025-08-13T09:30", "type": "NORMAL_TEACHING_PERIOD"}, {"classID": 2805, "schoolID": "4137400", "subject": [{"current": {"type": "SUBJECT", "status": "REGULAR", "shortName": "OrChTut", "longName": "Organische Chemie Tutorium", "displayName": "OrChTut", "displayNameLabel": "NAME"}, "removed": null}], "location": [{"current": {"type": "ROOM", "status": "REGULAR", "shortName": "109-976", "longName": "PC-Pool", "displayName": "109-976", "displayNameLabel": "NAME"}, "removed": null}], "teacher": [{"current": {"type": "TEACHER", "status": "REGULAR", "shortName": "Tut", "longName": "Tutor/in", "displayName": "Tut", "displayNameLabel": "NAME"}, "removed": null}], "cellState": "REGULAR", "date": "2025-08-13", "start": "2025-08-13T09:45", "end": "2025-08-13T11:15", "type": "NORMAL_TEACHING_PERIOD"}, {"classID": 2805, "schoolID": "4137400", "subject": [{"current": {"type": "SUBJECT", "status": "REGULAR", "shortName": "PhyBTut", "longName": "Physik B Tutorium", "displayName": "PhyBTut", "displayNameLabel": "NAME"}, "removed": null}], "location": [{"current": {"type": "ROOM", "status": "REGULAR", "shortName": "109-978", "longName": "Vorlesung", "displayName": "109-978", "displayNameLabel": "NAME"}, "removed": null}], "teacher": [{"current": {"type": "TEACHER", "status": "REGULAR", "shortName": "Tut2", "longName": "Tutor/in", "displayName": "Tut2", "displayNameLabel": "NAME"}, "removed": null}], "cellState": "REGULAR", "date": "2025-08-13", "start": "2025-08-13T15:45", "end": "2025-08-13T17:15", "type": "NORMAL_TEACHING_PERIOD"}, {"classID": 2898, "schoolID": "4137400", "subject": [{"current": {"type": "SUBJECT", "status": "REGULAR", "shortName": "PhyATut", "longName": "Physik A Tutorium", "displayName": "PhyATut", "displayNameLabel": "NAME"}, "removed": null}], "location": "", "teacher": [{"current": {"type": "TEACHER", "status": "REGULAR", "shortName": "Tut1", "longName": "Tutor/in", "displayName": "Tut1", "displayNameLabel": "NAME"}, "removed": null}], "cellState": "REGULAR", "date": "2025-08-13", "start": "2025-08-13T08:00", "end": "2025-08-13T09:30", "type": "NORMAL_TEACHING_PERIOD"}, {"classID": 2898, "schoolID": "4137400", "subject": [{"current": {"type": "SUBJECT", "status": "REGULAR", "shortName": "OrChTut", "longName": "Organische Chemie Tutorium", "displayName": "OrChTut", "displayNameLabel": "NAME"}, "removed": null}], "location": [{"current": {"type": "ROOM", "status": "REGULAR", "shortName": "109-976", "longName": "PC-Pool", "displayName": "109-976", "displayNameLabel": "NAME"}, "removed": null}], "teacher": [{"current": {"type": "TEACHER", "status": "REGULAR", "shortName": "Tut", "longName": "Tutor/in", "displayName": "Tut", "displayNameLabel": "NAME"}, "removed": null}], "cellState": "REGULAR", "date": "2025-08-13", "start": "2025-08-13T09:45", "end": "2025-08-13T11:15", "type": "NORMAL_TEACHING_PERIOD"}, {"classID": 2898, "schoolID": "4137400", "subject": [{"current": {"type": "SUBJECT", "status": "REGULAR", "shortName": "PhyBTut", "longName": "Physik B Tutorium", "displayName": "PhyBTut", "displayNameLabel": "NAME"}, "removed": null}], "location": [{"current": {"type": "ROOM", "status": "REGULAR", "shortName": "109-978", "longName": "Vorlesung", "displayName": "109-978", "displayNameLabel": "NAME"}, "removed": null}], "teacher": [{"current": {"type": "TEACHER", "status": "REGULAR", "shortName": "Tut2", "longName": "Tutor/in", "displayName": "Tut2", "displayNameLabel": "NAME"}, "removed": null}], "cellState": "REGULAR", "date": "2025-08-13", "start": "2025-08-13T15:45", "end": "2025-08-13T17:15", "type": "NORMAL_TEACHING_PERIOD"}, {"classID": 2940, "schoolID": "4137400", "subject": [{"current": {"type": "SUBJECT", "status": "REGULAR", "shortName": "MatGrTut", "longName": "Mathematische Grundlagen Tutorium", "displayName": "MatGrTut", "displayNameLabel": "NAME"}, "removed": null}], "location": [{"current": {"type": "ROOM", "status": "REGULAR", "shortName": "109-946", "longName": "Vorlesung", "displayName": "109-946", "displayNameLabel": "NAME"}, "removed": null}], "teacher": [{"current": {"type": "TEACHER", "status": "REGULAR", "shortName": "Tut2", "longName": "Tutor/in", "displayName": "Tut2", "displayNameLabel": "NAME"}, "removed": null}], "cellState": "REGULAR", "date": "2025-08-13", "start": "2025-08-13T09:45", "end": "2025-08-13T11:15", "type": "NORMAL_TEACHING_PERIOD"}, {"classID": 2943, "schoolID": "4137400", "subject": [{"current": {"type": "SUBJECT", "status": "REGULAR", "shortName": "PhyATut", "longName": "Physik A Tutorium", "displayName": "PhyATut", "displayNameLabel": "NAME"}, "removed": null}], "location": "", "teacher": [{"current": {"type": "TEACHER", "status": "REGULAR", "shortName": "Tut1", "longName": "Tutor/in", "displayName": "Tut1", "displayNameLabel": "NAME"}, "removed": null}], "cellState": "REGULAR", "date": "2025-08-13", "start": "2025-08-13T08:00", "end": "2025-08-13T09:30", "type": "NORMAL_TEACHING_PERIOD"}, {"classID": 2943, "schoolID": "4137400", "subject": [{"current": {"type": "SUBJECT", "status": "REGULAR", "shortName": "OrChTut", "longName": "Organische Chemie Tutorium", "displayName": "OrChTut", "displayNameLabel": "NAME"}, "removed": null}], "location": [{"current": {"type": "ROOM", "status": "REGULAR", "shortName": "109-976", "longName": "PC-Pool", "displayName": "109-976", "displayNameLabel": "NAME"}, "removed": null}], "teacher": [{"current": {"type": "TEACHER", "status": "REGULAR", "shortName": "Tut", "longName": "Tutor/in", "displayName": "Tut", "displayNameLabel": "NAME"}, "removed": null}], "cellState": "REGULAR", "date": "2025-08-13", "start": "2025-08-13T09:45", "end": "2025-08-13T11:15", "type": "NORMAL_TEACHING_PERIOD"}, {"classID": 2943, "schoolID": "4137400", "subject": [{"current": {"type": "SUBJECT", "status": "REGULAR", "shortName": "PhyBTut", "longName": "Physik B Tutorium", "displayName": "PhyBTut", "displayNameLabel": "NAME"}, "removed": null}], "location": [{"current": {"type": "ROOM", "status": "REGULAR", "shortName": "109-978", "longName": "Vorlesung", "displayName": "109-978", "displayNameLabel": "NAME"}, "removed": null}], "teacher": [{"current": {"type": "TEACHER", "status": "REGULAR", "shortName": "Tut2", "longName": "Tutor/in", "displayName": "Tut2", "displayNameLabel": "NAME"}, "removed": null}], "cellState": "REGULAR", "date": "2025-08-13", "start": "2025-08-13T15:45", "end": "2025-08-13T17:15", "type": "NORMAL_TEACHING_PERIOD"}, {"classID": 2946, "schoolID": "4137400", "subject": [{"current": {"type": "SUBJECT", "status": "REGULAR", "shortName": "VeTeTut", "longName": "Verfahrenstechnik 1 Tutorium", "displayName": "VeTeTut", "displayNameLabel": "NAME"}, "removed": null}], "location": [{"current": {"type": "ROOM", "status": "REGULAR", "shortName": "109-946", "longName": "Vorlesung", "displayName": "109-946", "displayNameLabel": "NAME"}, "removed": null}], "teacher": [{"current": {"type": "TEACHER", "status": "REGULAR", "shortName": "Tut2", "longName": "Tutor/in", "displayName": "Tut2", "displayNameLabel": "NAME"}, "removed": null}], "cellState": "REGULAR", "date": "2025-08-13", "start": "2025-08-13T15:45", "end": "2025-08-13T17:15", "type": "NORMAL_TEACHING_PERIOD"}, {"classID": 2973, "schoolID": "4137400", "subject": [{"current": {"type": "SUBJECT", "status": "REGULAR", "shortName": "PhyATut", "longName": "Physik A Tutorium", "displayName": "PhyATut", "displayNameLabel": "NAME"}, "removed": null}], "location": "", "teacher": [{"current": {"type": "TEACHER", "status": "REGULAR", "shortName": "Tut1", "longName": "Tutor/in", "displayName": "Tut1", "displayNameLabel": "NAME"}, "removed": null}], "cellState": "REGULAR", "date": "2025-08-13", "start": "2025-08-13T08:00", "end": "2025-08-13T09:30", "type": "NORMAL_TEACHING_PERIOD"}, {"classID": 2790, "schoolID": "4137400", "subject": [{"current": {"type": "SUBJECT", "status": "REGULAR", "shortName": "PhyATut", "longName": "Physik A Tutorium", "displayName": "PhyATut", "displayNameLabel": "NAME"}, "removed": null}], "location": [{"current": {"type": "ROOM", "status": "REGULAR", "shortName": "109-975", "longName": "Seminarraum", "displayName": "109-975", "displayNameLabel": "NAME"}, "removed": null}], "teacher": [{"current": {"type": "TEACHER", "status": "REGULAR", "shortName": "Tut3", "longName": "Tutor/in", "displayName": "Tut3", "displayNameLabel": "NAME"}, "removed": null}], "cellState": "REGULAR", "date": "2025-08-14", "start": "2025-08-14T14:00", "end": "2025-08-14T15:30", "type": "NORMAL_TEACHING_PERIOD"}, {"classID": 2790, "schoolID": "4137400", "subject": [{"current": {"type": "SUBJECT", "status": "REGULAR", "shortName": "PhyBTut", "longName": "Physik B Tutorium", "displayName": "PhyBTut", "displayNameLabel": "NAME"}, "removed": null}], "location": [{"current": {"type": "ROOM", "status": "REGULAR", "shortName": "109-945", "longName": "Vorlesung", "displayName": "109-945", "displayNameLabel": "NAME"}, "removed": null}], "teacher": [{"current": {"type": "TEACHER", "status": "REGULAR", "shortName": "Tut3", "longName": "Tutor/in", "displayName": "Tut3", "displayNameLabel": "NAME"}, "removed": null}], "cellState": "REGULAR", "date": "2025-08-14", "start": "2025-08-14T15:45", "end": "2025-08-14T17:15", "type": "NORMAL_TEACHING_PERIOD"}, {"classID": 2793, "schoolID": "4137400", "subject": [{"current": {"type": "SUBJECT", "status": "REGULAR", "shortName": "BioA1Tut", "longName": "Bioanalytische Assays 1 Tutorium", "displayName": "BioA1Tut", "displayNameLabel": "NAME"}, "removed": null}], "location": [{"current": {"type": "ROOM", "status": "REGULAR", "shortName": "109-976", "longName": "PC-Pool", "displayName": "109-976", "displayNameLabel": "NAME"}, "removed": null}], "teacher": [{"current": {"type": "TEACHER", "status": "REGULAR", "shortName": "Tut", "longName": "Tutor/in", "displayName": "Tut", "displayNameLabel": "NAME"}, "removed": null}], "cellState": "REGULAR", "date": "2025-08-14", "start": "2025-08-14T14:00", "end": "2025-08-14T15:30", "type": "NORMAL_TEACHING_PERIOD"}, {"classID": 2796, "schoolID": "4137400", "subject": [{"current": {"type": "SUBJECT", "status": "REGULAR", "shortName": "BioA1Tut", "longName": "Bioanalytische Assays 1 Tutorium", "displayName": "BioA1Tut", "displayNameLabel": "NAME"}, "removed": null}], "location": [{"current": {"type": "ROOM", "status": "REGULAR", "shortName": "109-976", "longName": "PC-Pool", "displayName": "109-976", "displayNameLabel": "NAME"}, "removed": null}], "teacher": [{"current": {"type": "TEACHER", "status": "REGULAR", "shortName": "Tut", "longName": "Tutor/in", "displayName": "Tut", "displayNameLabel": "NAME"}, "removed": null}], "cellState": "REGULAR", "date": "2025-08-14", "start": "2025-08-14T14:00", "end": "2025-08-14T15:30", "type": "NORMAL_TEACHING_PERIOD"}, {"classID": 2805, "schoolID": "4137400", "subject": [{"current": {"type": "SUBJECT", "status": "REGULAR", "shortName": "PhyATut", "longName": "Physik A Tutorium", "displayName": "PhyATut", "displayNameLabel": "NAME"}, "removed": null}], "location": [{"current": {"type": "ROOM", "status": "REGULAR", "shortName": "109-975", "longName": "Seminarraum", "displayName": "109-975", "displayNameLabel": "NAME"}, "removed": null}], "teacher": [{"current": {"type": "TEACHER", "status": "REGULAR", "shortName": "Tut3", "longName": "Tutor/in", "displayName": "Tut3", "displayNameLabel": "NAME"}, "removed": null}], "cellState": "REGULAR", "date": "2025-08-14", "start": "2025-08-14T14:00", "end": "2025-08-14T15:30", "type": "NORMAL_TEACHING_PERIOD"}, {"classID": 2805, "schoolID": "4137400", "subject": [{"current": {"type": "SUBJECT", "status": "REGULAR", "shortName": "PhyBTut", "longName": "Physik B Tutorium", "displayName": "PhyBTut", "displayNameLabel": "NAME"}, "removed": null}], "location": [{"current": {"type": "ROOM", "status": "REGULAR", "shortName": "109-945", "longName": "Vorlesung", "displayName": "109-945", "displayNameLabel": "NAME"}, "removed": null}], "teacher": [{"current": {"type": "TEACHER", "status": "REGULAR", "shortName": "Tut3", "longName": "Tutor/in", "displayName": "Tut3", "displayNameLabel": "NAME"}, "removed": null}], "cellState": "REGULAR", "date": "2025-08-14", "start": "2025-08-14T15:45", "end": "2025-08-14T17:15", "type": "NORMAL_TEACHING_PERIOD"}, {"classID": 2850, "schoolID": "4137400", "subject": [{"current": {"type": "SUBJECT", "status": "REGULAR", "shortName": "SpaA", "longName": "Spanisch Anf\u00e4nger", "displayName": "SpaA", "displayNameLabel": "NAME"}, "removed": null}], "location": [{"current": {"type": "ROOM", "status": "REGULAR", "shortName": "105-512", "longName": "105-512", "displayName": "105-512", "displayNameLabel": "NAME"}, "removed": null}], "teacher": [{"current": {"type": "TEACHER", "status": "REGULAR", "shortName": "CC", "longName": "Career Center", "displayName": "CC", "displayNameLabel": "NAME"}, "removed": null}], "cellState": "REGULAR", "date": "2025-08-14", "start": "2025-08-14T17:30", "end": "2025-08-14T19:00", "type": "NORMAL_TEACHING_PERIOD"}, {"classID": 2898, "schoolID": "4137400", "subject": [{"current": {"type": "SUBJECT", "status": "REGULAR", "shortName": "PhyATut", "longName": "Physik A Tutorium", "displayName": "PhyATut", "displayNameLabel": "NAME"}, "removed": null}], "location": [{"current": {"type": "ROOM", "status": "REGULAR", "shortName": "109-975", "longName": "Seminarraum", "displayName": "109-975", "displayNameLabel": "NAME"}, "removed": null}], "teacher": [{"current": {"type": "TEACHER", "status": "REGULAR", "shortName": "Tut3", "longName": "Tutor/in", "displayName": "Tut3", "displayNameLabel": "NAME"}, "removed": null}], "cellState": "REGULAR", "date": "2025-08-14", "start": "2025-08-14T14:00", "end": "2025-08-14T15:30", "type": "NORMAL_TEACHING_PERIOD"}, {"classID": 2898, "schoolID": "4137400", "subject": [{"current": {"type": "SUBJECT", "status": "REGULAR", "shortName": "PhyBTut", "longName": "Physik B Tutorium", "displayName": "PhyBTut", "displayNameLabel": "NAME"}, "removed": null}], "location": [{"current": {"type": "ROOM", "status": "REGULAR", "shortName": "109-945", "longName": "Vorlesung", "displayName": "109-945", "displayNameLabel": "NAME"}, "removed": null}], "teacher": [{"current": {"type": "TEACHER", "status": "REGULAR", "shortName": "Tut3", "longName": "Tutor/in", "displayName": "Tut3", "displayNameLabel": "NAME"}, "removed": null}], "cellState": "REGULAR", "date": "2025-08-14", "start": "2025-08-14T15:45", "end": "2025-08-14T17:15", "type": "NORMAL_TEACHING_PERIOD"}, {"classID": 2943, "schoolID": "4137400", "subject": [{"current": {"type": "SUBJECT", "status": "REGULAR", "shortName": "PhyATut", "longName": "Physik A Tutorium", "displayName": "PhyATut", "displayNameLabel": "NAME"}, "removed": null}], "location": [{"current": {"type": "ROOM", "status": "REGULAR", "shortName": "109-975", "longName": "Seminarraum", "displayName": "109-975", "displayNameLabel": "NAME"}, "removed": null}], "teacher": [{"current": {"type": "TEACHER", "status": "REGULAR", "shortName": "Tut3", "longName": "Tutor/in", "displayName": "Tut3", "displayNameLabel": "NAME"}, "removed": null}], "cellState": "REGULAR", "date": "2025-08-14", "start": "2025-08-14T14:00", "end": "2025-08-14T15:30", "type": "NORMAL_TEACHING_PERIOD"}, {"classID": 2943, "schoolID": "4137400", "subject": [{"current": {"type": "SUBJECT", "status": "REGULAR", "shortName": "PhyBTut", "longName": "Physik B Tutorium", "displayName": "PhyBTut", "displayNameLabel": "NAME"}, "removed": null}], "location": [{"current": {"type": "ROOM", "status": "REGULAR", "shortName": "109-945", "longName": "Vorlesung", "displayName": "109-945", "displayNameLabel": "NAME"}, "removed": null}], "teacher": [{"current": {"type": "TEACHER", "status": "REGULAR", "shortName": "Tut3", "longName": "Tutor/in", "displayName": "Tut3", "displayNameLabel": "NAME"}, "removed": null}], "cellState": "REGULAR", "date": "2025-08-14", "start": "2025-08-14T15:45", "end": "2025-08-14T17:15", "type": "NORMAL_TEACHING_PERIOD"}, {"classID": 2946, "schoolID": "4137400", "subject": [{"current": {"type": "SUBJECT", "status": "REGULAR", "shortName": "VeTeTut", "longName": "Verfahrenstechnik 1 Tutorium", "displayName": "VeTeTut", "displayNameLabel": "NAME"}, "removed": null}], "location": [{"current": {"type": "ROOM", "status": "REGULAR", "shortName": "Online", "longName": "Online", "displayName": "Online", "displayNameLabel": "NAME"}, "removed": null}], "teacher": [{"current": {"type": "TEACHER", "status": "REGULAR", "shortName": "Tut", "longName": "Tutor/in", "displayName": "Tut", "displayNameLabel": "NAME"}, "removed": null}], "cellState": "REGULAR", "date": "2025-08-14", "start": "2025-08-14T08:00", "end": "2025-08-14T09:30", "type": "NORMAL_TEACHING_PERIOD"}, {"classID": 2973, "schoolID": "4137400", "subject": [{"current": {"type": "SUBJECT", "status": "REGULAR", "shortName": "PhyATut", "longName": "Physik A Tutorium", "displayName": "PhyATut", "displayNameLabel": "NAME"}, "removed": null}], "location": [{"current": {"type": "ROOM", "status": "REGULAR", "shortName": "109-975", "longName": "Seminarraum", "displayName": "109-975", "displayNameLabel": "NAME"}, "removed": null}], "teacher": [{"current": {"type": "TEACHER", "status": "REGULAR", "shortName": "Tut3", "longName": "Tutor/in", "displayName": "Tut3", "displayNameLabel": "NAME"}, "removed": null}], "cellState": "REGULAR", "date": "2025-08-14", "start": "2025-08-14T14:00", "end": "2025-08-14T15:30", "type": "NORMAL_TEACHING_PERIOD"}, {"classID": 2790, "schoolID": "4137400", "subject": [{"current": {"type": "SUBJECT", "status": "REGULAR", "shortName": "PhyATut", "longName": "Physik A Tutorium", "displayName": "PhyATut", "displayNameLabel": "NAME"}, "removed": null}], "location": [{"current": {"type": "ROOM", "status": "REGULAR", "shortName": "Online", "longName": "Online", "displayName": "Online", "displayNameLabel": "NAME"}, "removed": null}], "teacher": [{"current": {"type": "TEACHER", "status": "REGULAR", "shortName": "Tut2", "longName": "Tutor/in", "displayName": "Tut2", "displayNameLabel": "NAME"}, "removed": null}], "cellState": "REGULAR", "date": "2025-08-15", "start": "2025-08-15T11:30", "end": "2025-08-15T13:00", "type": "NORMAL_TEACHING_PERIOD"}, {"classID": 2805, "schoolID": "4137400", "subject": [{"current": {"type": "SUBJECT", "status": "REGULAR", "shortName": "PhyATut", "longName": "Physik A Tutorium", "displayName": "PhyATut", "displayNameLabel": "NAME"}, "removed": null}], "location": [{"current": {"type": "ROOM", "status": "REGULAR", "shortName": "Online", "longName": "Online", "displayName": "Online", "displayNameLabel": "NAME"}, "removed": null}], "teacher": [{"current": {"type": "TEACHER", "status": "REGULAR", "shortName": "Tut2", "longName": "Tutor/in", "displayName": "Tut2", "displayNameLabel": "NAME"}, "removed": null}], "cellState": "REGULAR", "date": "2025-08-15", "start": "2025-08-15T11:30", "end": "2025-08-15T13:00", "type": "NORMAL_TEACHING_PERIOD"}, {"classID": 2898, "schoolID": "4137400", "subject": [{"current": {"type": "SUBJECT", "status": "REGULAR", "shortName": "PhyATut", "longName": "Physik A Tutorium", "displayName": "PhyATut", "displayNameLabel": "NAME"}, "removed": null}], "location": [{"current": {"type": "ROOM", "status": "REGULAR", "shortName": "Online", "longName": "Online", "displayName": "Online", "displayNameLabel": "NAME"}, "removed": null}], "teacher": [{"current": {"type": "TEACHER", "status": "REGULAR", "shortName": "Tut2", "longName": "Tutor/in", "displayName": "Tut2", "displayNameLabel": "NAME"}, "removed": null}], "cellState": "REGULAR", "date": "2025-08-15", "start": "2025-08-15T11:30", "end": "2025-08-15T13:00", "type": "NORMAL_TEACHING_PERIOD"}, {"classID": 2943, "schoolID": "4137400", "subject": [{"current": {"type": "SUBJECT", "status": "REGULAR", "shortName": "PhyATut", "longName": "Physik A Tutorium", "displayName": "PhyATut", "displayNameLabel": "NAME"}, "removed": null}], "location": [{"current": {"type": "ROOM", "status": "REGULAR", "shortName": "Online", "longName": "Online", "displayName": "Online", "displayNameLabel": "NAME"}, "removed": null}], "teacher": [{"current": {"type": "TEACHER", "status": "REGULAR", "shortName": "Tut2", "longName": "Tutor/in", "displayName": "Tut2", "displayNameLabel": "NAME"}, "removed": null}], "cellState": "REGULAR", "date": "2025-08-15", "start": "2025-08-15T11:30", "end": "2025-08-15T13:00", "type": "NORMAL_TEACHING_PERIOD"}, {"classID": 2973, "schoolID": "4137400", "subject": [{"current": {"type": "SUBJECT", "status": "REGULAR", "shortName": "PhyATut", "longName": "Physik A Tutorium", "displayName": "PhyATut", "displayNameLabel": "NAME"}, "removed": null}], "location": [{"current": {"type": "ROOM", "status": "REGULAR", "shortName": "Online", "longName": "Online", "displayName": "Online", "displayNameLabel": "NAME"}, "removed": null}], "teacher": [{"current": {"type": "TEACHER", "status": "REGULAR", "shortName": "Tut2", "longName": "Tutor/in", "displayName": "Tut2", "displayNameLabel": "NAME"}, "removed": null}], "cellState": "REGULAR", "date": "2025-08-15", "start": "2025-08-15T11:30", "end": "2025-08-15T13:00", "type": "NORMAL_TEACHING_PERIOD"}]