[{"classID": 39, "schoolID": "7735200", "subject": [{"current": {"type": "SUBJECT", "status": "REGULAR", "shortName": "PiZMo LogoWi", "longName": "PiZMo Log\u00e4die als Wissenschaft", "displayName": "PiZMo LogoWi", "displayNameLabel": "NAME"}, "removed": null}], "location": [{"current": {"type": "ROOM", "status": "REGULAR", "shortName": "R9", "longName": "Raum 9", "displayName": "R9", "displayNameLabel": "NAME"}, "removed": null}], "teacher": [{"current": {"type": "TEACHER", "status": "REGULAR", "shortName": "VSO", "longName": "Sondermann", "displayName": "VSO", "displayNameLabel": "NAME"}, "removed": null}], "cellState": "REGULAR", "date": "2025-08-11", "start": "2025-08-11T08:45", "end": "2025-08-11T12:00", "type": "NORMAL_TEACHING_PERIOD"}, {"classID": 39, "schoolID": "7735200", "subject": [{"current": {"type": "SUBJECT", "status": "REGULAR", "shortName": "IP", "longName": "interne Praxis (Praxis der Logop\u00e4die)", "displayName": "IP", "displayNameLabel": "NAME"}, "removed": null}], "location": [{"current": {"type": "ROOM", "status": "REGULAR", "shortName": "R9", "longName": "Raum 9", "displayName": "R9", "displayNameLabel": "NAME"}, "removed": null}], "teacher": "", "cellState": "REGULAR", "date": "2025-08-11", "start": "2025-08-11T12:30", "end": "2025-08-11T15:45", "type": "NORMAL_TEACHING_PERIOD"}, {"classID": 43, "schoolID": "7735200", "subject": [{"current": {"type": "SUBJECT", "status": "REGULAR", "shortName": "PiZMo SGBK", "longName": "PiZMo SGBK Zusammenarbeit mit anderen Heilberufen", "displayName": "PiZMo SGBK", "displayNameLabel": "NAME"}, "removed": null}], "location": [{"current": {"type": "ROOM", "status": "REGULAR", "shortName": "R2", "longName": "Raum 2", "displayName": "R2", "displayNameLabel": "NAME"}, "removed": null}], "teacher": [{"current": {"type": "TEACHER", "status": "REGULAR", "shortName": "SKOE", "longName": "K\u00f6hler", "displayName": "SKOE", "displayNameLabel": "NAME"}, "removed": null}], "cellState": "REGULAR", "date": "2025-08-11", "start": "2025-08-11T08:45", "end": "2025-08-11T12:00", "type": "NORMAL_TEACHING_PERIOD"}, {"classID": 43, "schoolID": "7735200", "subject": [{"current": {"type": "SUBJECT", "status": "REGULAR", "shortName": "IP", "longName": "interne Praxis (Praxis der Logop\u00e4die)", "displayName": "IP", "displayNameLabel": "NAME"}, "removed": null}], "location": [{"current": {"type": "ROOM", "status": "REGULAR", "shortName": "R2", "longName": "Raum 2", "displayName": "R2", "displayNameLabel": "NAME"}, "removed": null}], "teacher": [{"current": {"type": "TEACHER", "status": "REGULAR", "shortName": "N.N", "longName": "N.N.", "displayName": "N.N", "displayNameLabel": "NAME"}, "removed": null}], "cellState": "REGULAR", "date": "2025-08-11", "start": "2025-08-11T12:30", "end": "2025-08-11T15:45", "type": "NORMAL_TEACHING_PERIOD"}, {"classID": 39, "schoolID": "7735200", "subject": [{"current": {"type": "SUBJECT", "status": "REGULAR", "shortName": "StiBi II", "longName": "Stimmbildung II", "displayName": "StiBi II", "displayNameLabel": "NAME"}, "removed": null}], "location": [{"current": {"type": "ROOM", "status": "REGULAR", "shortName": "R9", "longName": "Raum 9", "displayName": "R9", "displayNameLabel": "NAME"}, "removed": null}], "teacher": [{"current": {"type": "TEACHER", "status": "REGULAR", "shortName": "KKL", "longName": "Klocke", "displayName": "KKL", "displayNameLabel": "NAME"}, "removed": null}], "cellState": "REGULAR", "date": "2025-08-12", "start": "2025-08-12T08:45", "end": "2025-08-12T12:00", "type": "NORMAL_TEACHING_PERIOD"}, {"classID": 39, "schoolID": "7735200", "subject": [{"current": {"type": "SUBJECT", "status": "REGULAR", "shortName": "Psycho Ba", "longName": "Psychologie Basis", "displayName": "Psycho Ba", "displayNameLabel": "NAME"}, "removed": null}], "location": [{"current": {"type": "ROOM", "status": "REGULAR", "shortName": "R9", "longName": "Raum 9", "displayName": "R9", "displayNameLabel": "NAME"}, "removed": null}], "teacher": [{"current": {"type": "TEACHER", "status": "REGULAR", "shortName": "WFR", "longName": "Fried", "displayName": "WFR", "displayNameLabel": "NAME"}, "removed": null}], "cellState": "REGULAR", "date": "2025-08-12", "start": "2025-08-12T12:30", "end": "2025-08-12T15:45", "type": "NORMAL_TEACHING_PERIOD"}, {"classID": 43, "schoolID": "7735200", "subject": [{"current": {"type": "SUBJECT", "status": "REGULAR", "shortName": "LO Lex KiSpra", "longName": "LO Lexikalische St\u00f6rungen im Kindesalter", "displayName": "LO Lex KiSpra", "displayNameLabel": "NAME"}, "removed": null}], "location": [{"current": {"type": "ROOM", "status": "REGULAR", "shortName": "R2", "longName": "Raum 2", "displayName": "R2", "displayNameLabel": "NAME"}, "removed": null}], "teacher": [{"current": {"type": "TEACHER", "status": "REGULAR", "shortName": "WFR", "longName": "Fried", "displayName": "WFR", "displayNameLabel": "NAME"}, "removed": null}], "cellState": "REGULAR", "date": "2025-08-12", "start": "2025-08-12T08:45", "end": "2025-08-12T12:00", "type": "NORMAL_TEACHING_PERIOD"}, {"classID": 43, "schoolID": "7735200", "subject": [{"current": {"type": "SUBJECT", "status": "REGULAR", "shortName": "StiBi II", "longName": "Stimmbildung II", "displayName": "StiBi II", "displayNameLabel": "NAME"}, "removed": null}], "location": [{"current": {"type": "ROOM", "status": "REGULAR", "shortName": "R2", "longName": "Raum 2", "displayName": "R2", "displayNameLabel": "NAME"}, "removed": null}], "teacher": [{"current": {"type": "TEACHER", "status": "REGULAR", "shortName": "KKL", "longName": "Klocke", "displayName": "KKL", "displayNameLabel": "NAME"}, "removed": null}], "cellState": "REGULAR", "date": "2025-08-12", "start": "2025-08-12T12:30", "end": "2025-08-12T15:45", "type": "NORMAL_TEACHING_PERIOD"}, {"classID": 39, "schoolID": "7735200", "subject": [{"current": {"type": "SUBJECT", "status": "REGULAR", "shortName": "IP", "longName": "interne Praxis (Praxis der Logop\u00e4die)", "displayName": "IP", "displayNameLabel": "NAME"}, "removed": null}], "location": [{"current": {"type": "ROOM", "status": "REGULAR", "shortName": "R9", "longName": "Raum 9", "displayName": "R9", "displayNameLabel": "NAME"}, "removed": null}], "teacher": "", "cellState": "REGULAR", "date": "2025-08-13", "start": "2025-08-13T08:45", "end": "2025-08-13T12:00", "type": "NORMAL_TEACHING_PERIOD"}, {"classID": 39, "schoolID": "7735200", "subject": [{"current": {"type": "SUBJECT", "status": "REGULAR", "shortName": "PiZMo Gespr\u00e4", "longName": "PiZMo Gespr\u00e4chsf\u00fchrung", "displayName": "PiZMo Gespr\u00e4", "displayNameLabel": "NAME"}, "removed": null}], "location": [{"current": {"type": "ROOM", "status": "REGULAR", "shortName": "R9", "longName": "Raum 9", "displayName": "R9", "displayNameLabel": "NAME"}, "removed": null}], "teacher": [{"current": {"type": "TEACHER", "status": "REGULAR", "shortName": "SKOE", "longName": "K\u00f6hler", "displayName": "SKOE", "displayNameLabel": "NAME"}, "removed": null}], "cellState": "REGULAR", "date": "2025-08-13", "start": "2025-08-13T12:30", "end": "2025-08-13T15:45", "type": "NORMAL_TEACHING_PERIOD"}, {"classID": 43, "schoolID": "7735200", "subject": [{"current": {"type": "SUBJECT", "status": "REGULAR", "shortName": "IP", "longName": "interne Praxis (Praxis der Logop\u00e4die)", "displayName": "IP", "displayNameLabel": "NAME"}, "removed": null}], "location": [{"current": {"type": "ROOM", "status": "REGULAR", "shortName": "R2", "longName": "Raum 2", "displayName": "R2", "displayNameLabel": "NAME"}, "removed": null}], "teacher": [{"current": {"type": "TEACHER", "status": "REGULAR", "shortName": "N.N", "longName": "N.N.", "displayName": "N.N", "displayNameLabel": "NAME"}, "removed": null}], "cellState": "REGULAR", "date": "2025-08-13", "start": "2025-08-13T08:45", "end": "2025-08-13T12:00", "type": "NORMAL_TEACHING_PERIOD"}, {"classID": 43, "schoolID": "7735200", "subject": [{"current": {"type": "SUBJECT", "status": "REGULAR", "shortName": "PDLMo Dysart", "longName": "PDLMo Dysarthrie", "displayName": "PDLMo Dysart", "displayNameLabel": "NAME"}, "removed": null}], "location": [{"current": {"type": "ROOM", "status": "REGULAR", "shortName": "R2", "longName": "Raum 2", "displayName": "R2", "displayNameLabel": "NAME"}, "removed": null}], "teacher": [{"current": {"type": "TEACHER", "status": "REGULAR", "shortName": "VSO", "longName": "Sondermann", "displayName": "VSO", "displayNameLabel": "NAME"}, "removed": null}], "cellState": "REGULAR", "date": "2025-08-13", "start": "2025-08-13T12:30", "end": "2025-08-13T15:45", "type": "NORMAL_TEACHING_PERIOD"}, {"classID": 39, "schoolID": "7735200", "subject": [{"current": {"type": "SUBJECT", "status": "REGULAR", "shortName": "PiZMo Gespr\u00e4", "longName": "PiZMo Gespr\u00e4chsf\u00fchrung", "displayName": "PiZMo Gespr\u00e4", "displayNameLabel": "NAME"}, "removed": null}], "location": [{"current": {"type": "ROOM", "status": "REGULAR", "shortName": "R9", "longName": "Raum 9", "displayName": "R9", "displayNameLabel": "NAME"}, "removed": null}], "teacher": [{"current": {"type": "TEACHER", "status": "REGULAR", "shortName": "SKOE", "longName": "K\u00f6hler", "displayName": "SKOE", "displayNameLabel": "NAME"}, "removed": null}], "cellState": "REGULAR", "date": "2025-08-14", "start": "2025-08-14T08:45", "end": "2025-08-14T12:00", "type": "NORMAL_TEACHING_PERIOD"}, {"classID": 39, "schoolID": "7735200", "subject": [{"current": {"type": "SUBJECT", "status": "REGULAR", "shortName": "HNO H\u00f6St\u00f6", "longName": "HNO H\u00f6rst\u00f6rungen", "displayName": "HNO H\u00f6St\u00f6", "displayNameLabel": "NAME"}, "removed": null}], "location": [{"current": {"type": "ROOM", "status": "REGULAR", "shortName": "R9", "longName": "Raum 9", "displayName": "R9", "displayNameLabel": "NAME"}, "removed": null}], "teacher": [{"current": {"type": "TEACHER", "status": "REGULAR", "shortName": "MAR", "longName": "Marchewka", "displayName": "MAR", "displayNameLabel": "NAME"}, "removed": null}], "cellState": "REGULAR", "date": "2025-08-14", "start": "2025-08-14T12:30", "end": "2025-08-14T15:45", "type": "NORMAL_TEACHING_PERIOD"}, {"classID": 43, "schoolID": "7735200", "subject": [{"current": {"type": "SUBJECT", "status": "REGULAR", "shortName": "LO PhoneKiSpra", "longName": "LO Phonetische St\u00f6rungen im Kindesalter", "displayName": "LO PhoneKiSpra", "displayNameLabel": "NAME"}, "removed": null}], "location": [{"current": {"type": "ROOM", "status": "REGULAR", "shortName": "R2", "longName": "Raum 2", "displayName": "R2", "displayNameLabel": "NAME"}, "removed": null}], "teacher": [{"current": {"type": "TEACHER", "status": "REGULAR", "shortName": "MAR", "longName": "Marchewka", "displayName": "MAR", "displayNameLabel": "NAME"}, "removed": null}], "cellState": "REGULAR", "date": "2025-08-14", "start": "2025-08-14T08:45", "end": "2025-08-14T12:00", "type": "NORMAL_TEACHING_PERIOD"}, {"classID": 43, "schoolID": "7735200", "subject": [{"current": {"type": "SUBJECT", "status": "REGULAR", "shortName": "PiZMo SGBK", "longName": "PiZMo SGBK Zusammenarbeit mit anderen Heilberufen", "displayName": "PiZMo SGBK", "displayNameLabel": "NAME"}, "removed": null}], "location": [{"current": {"type": "ROOM", "status": "REGULAR", "shortName": "R2", "longName": "Raum 2", "displayName": "R2", "displayNameLabel": "NAME"}, "removed": null}], "teacher": [{"current": {"type": "TEACHER", "status": "REGULAR", "shortName": "SKOE", "longName": "K\u00f6hler", "displayName": "SKOE", "displayNameLabel": "NAME"}, "removed": null}], "cellState": "REGULAR", "date": "2025-08-14", "start": "2025-08-14T12:30", "end": "2025-08-14T15:45", "type": "NORMAL_TEACHING_PERIOD"}]