[{"classID": 5399, "schoolID": "3249500", "subject": [{"current": {"type": "SUBJECT", "status": "REGULAR", "shortName": "EIN", "longName": "Einschulung", "displayName": "EIN", "displayNameLabel": "NAME"}, "removed": null}], "location": [{"current": {"type": "ROOM", "status": "REGULAR", "shortName": "N06", "longName": "Klassenraum", "displayName": "N06", "displayNameLabel": "NAME"}, "removed": null}], "teacher": [{"current": {"type": "TEACHER", "status": "REGULAR", "shortName": "JUN", "longName": "Junge", "displayName": "JUN", "displayNameLabel": "NAME"}, "removed": null}], "cellState": "REGULAR", "date": "2025-08-14", "start": "2025-08-14T07:45", "end": "2025-08-14T12:45", "type": "NORMAL_TEACHING_PERIOD"}, {"classID": 5402, "schoolID": "3249500", "subject": [{"current": {"type": "SUBJECT", "status": "REGULAR", "shortName": "EIN", "longName": "Einschulung", "displayName": "EIN", "displayNameLabel": "NAME"}, "removed": null}], "location": [{"current": {"type": "ROOM", "status": "REGULAR", "shortName": "N06", "longName": "Klassenraum", "displayName": "N06", "displayNameLabel": "NAME"}, "removed": null}, {"current": {"type": "ROOM", "status": "REGULAR", "shortName": "T25", "longName": "FP Lehrk\u00fcche 2", "displayName": "T25", "displayNameLabel": "NAME"}, "removed": null}], "teacher": [{"current": {"type": "TEACHER", "status": "REGULAR", "shortName": "FOG", "longName": "F\u00f6ge", "displayName": "FOG", "displayNameLabel": "NAME"}, "removed": null}, {"current": {"type": "TEACHER", "status": "REGULAR", "shortName": "OST", "longName": "Osterndorff", "displayName": "OST", "displayNameLabel": "NAME"}, "removed": null}, {"current": {"type": "TEACHER", "status": "REGULAR", "shortName": "VOL", "longName": "Volland", "displayName": "VOL", "displayNameLabel": "NAME"}, "removed": null}], "cellState": "REGULAR", "date": "2025-08-14", "start": "2025-08-14T07:45", "end": "2025-08-14T12:45", "type": "NORMAL_TEACHING_PERIOD"}, {"classID": 5405, "schoolID": "3249500", "subject": [{"current": {"type": "SUBJECT", "status": "REGULAR", "shortName": "EIN", "longName": "Einschulung", "displayName": "EIN", "displayNameLabel": "NAME"}, "removed": null}], "location": [{"current": {"type": "ROOM", "status": "REGULAR", "shortName": "N05", "longName": "FP Fachpraxisraum", "displayName": "N05", "displayNameLabel": "NAME"}, "removed": null}], "teacher": [{"current": {"type": "TEACHER", "status": "REGULAR", "shortName": "MOL", "longName": "Moeller", "displayName": "MOL", "displayNameLabel": "NAME"}, "removed": null}], "cellState": "REGULAR", "date": "2025-08-14", "start": "2025-08-14T07:45", "end": "2025-08-14T12:45", "type": "NORMAL_TEACHING_PERIOD"}, {"classID": 5342, "schoolID": "3249500", "subject": [{"current": {"type": "SUBJECT", "status": "REGULAR", "shortName": "EIN", "longName": "Einschulung", "displayName": "EIN", "displayNameLabel": "NAME"}, "removed": null}], "location": [{"current": {"type": "ROOM", "status": "REGULAR", "shortName": "N14", "longName": "Klassenraum", "displayName": "N14", "displayNameLabel": "NAME"}, "removed": null}], "teacher": [{"current": {"type": "TEACHER", "status": "REGULAR", "shortName": "MAW", "longName": "Mawed", "displayName": "MAW", "displayNameLabel": "NAME"}, "removed": null}], "cellState": "REGULAR", "date": "2025-08-14", "start": "2025-08-14T07:45", "end": "2025-08-14T12:45", "type": "NORMAL_TEACHING_PERIOD"}, {"classID": 5219, "schoolID": "3249500", "subject": [{"current": {"type": "SUBJECT", "status": "REGULAR", "shortName": "QB", "longName": "Qualifizierungsbaustein", "displayName": "QB", "displayNameLabel": "NAME"}, "removed": null}], "location": [{"current": {"type": "ROOM", "status": "REGULAR", "shortName": "N16", "longName": "PC-Raum", "displayName": "N16", "displayNameLabel": "NAME"}, "removed": null}, {"current": {"type": "ROOM", "status": "REGULAR", "shortName": "N18", "longName": "Klassenraum", "displayName": "N18", "displayNameLabel": "NAME"}, "removed": null}], "teacher": [{"current": {"type": "TEACHER", "status": "REGULAR", "shortName": "KOS", "longName": "Koslowski", "displayName": "KOS", "displayNameLabel": "NAME"}, "removed": null}, {"current": {"type": "TEACHER", "status": "REGULAR", "shortName": "RED", "longName": "Redlich", "displayName": "RED", "displayNameLabel": "NAME"}, "removed": null}], "cellState": "REGULAR", "date": "2025-08-14", "start": "2025-08-14T07:45", "end": "2025-08-14T12:45", "type": "NORMAL_TEACHING_PERIOD"}, {"classID": 5279, "schoolID": "3249500", "subject": [{"current": {"type": "SUBJECT", "status": "REGULAR", "shortName": "EIN", "longName": "Einschulung", "displayName": "EIN", "displayNameLabel": "NAME"}, "removed": null}], "location": [{"current": {"type": "ROOM", "status": "REGULAR", "shortName": "M4", "longName": "FP Autowerkstatt", "displayName": "M4", "displayNameLabel": "NAME"}, "removed": null}], "teacher": [{"current": {"type": "TEACHER", "status": "REGULAR", "shortName": "BUC", "longName": "Buck", "displayName": "BUC", "displayNameLabel": "NAME"}, "removed": null}, {"current": {"type": "TEACHER", "status": "REGULAR", "shortName": "RUK", "longName": "Ruks", "displayName": "RUK", "displayNameLabel": "NAME"}, "removed": null}], "cellState": "REGULAR", "date": "2025-08-14", "start": "2025-08-14T07:45", "end": "2025-08-14T12:45", "type": "NORMAL_TEACHING_PERIOD"}, {"classID": 5408, "schoolID": "3249500", "subject": [{"current": {"type": "SUBJECT", "status": "REGULAR", "shortName": "EIN", "longName": "Einschulung", "displayName": "EIN", "displayNameLabel": "NAME"}, "removed": null}], "location": "", "teacher": [{"current": {"type": "TEACHER", "status": "REGULAR", "shortName": "DIT", "longName": "Dittmer", "displayName": "DIT", "displayNameLabel": "NAME"}, "removed": null}], "cellState": "REGULAR", "date": "2025-08-14", "start": "2025-08-14T07:45", "end": "2025-08-14T12:45", "type": "NORMAL_TEACHING_PERIOD"}, {"classID": 5408, "schoolID": "3249500", "subject": [{"current": {"type": "SUBJECT", "status": "REGULAR", "shortName": "EIN", "longName": "Einschulung", "displayName": "EIN", "displayNameLabel": "NAME"}, "removed": null}], "location": [{"current": {"type": "ROOM", "status": "REGULAR", "shortName": "K12", "longName": "Klassenraum Ti", "displayName": "K12", "displayNameLabel": "NAME"}, "removed": null}], "teacher": [{"current": {"type": "TEACHER", "status": "REGULAR", "shortName": "BRE", "longName": "Breuer", "displayName": "BRE", "displayNameLabel": "NAME"}, "removed": null}], "cellState": "REGULAR", "date": "2025-08-14", "start": "2025-08-14T07:45", "end": "2025-08-14T12:45", "type": "NORMAL_TEACHING_PERIOD"}, {"classID": 5411, "schoolID": "3249500", "subject": [{"current": {"type": "SUBJECT", "status": "REGULAR", "shortName": "EIN", "longName": "Einschulung", "displayName": "EIN", "displayNameLabel": "NAME"}, "removed": null}], "location": [{"current": {"type": "ROOM", "status": "REGULAR", "shortName": "K12", "longName": "Klassenraum Ti", "displayName": "K12", "displayNameLabel": "NAME"}, "removed": null}], "teacher": [{"current": {"type": "TEACHER", "status": "REGULAR", "shortName": "BRE", "longName": "Breuer", "displayName": "BRE", "displayNameLabel": "NAME"}, "removed": null}], "cellState": "REGULAR", "date": "2025-08-14", "start": "2025-08-14T07:45", "end": "2025-08-14T12:45", "type": "NORMAL_TEACHING_PERIOD"}, {"classID": 5222, "schoolID": "3249500", "subject": [{"current": {"type": "SUBJECT", "status": "REGULAR", "shortName": "EIN", "longName": "Einschulung", "displayName": "EIN", "displayNameLabel": "NAME"}, "removed": null}], "location": [{"current": {"type": "ROOM", "status": "REGULAR", "shortName": "N15", "longName": "PC- u. Klassenraum", "displayName": "N15", "displayNameLabel": "NAME"}, "removed": null}], "teacher": [{"current": {"type": "TEACHER", "status": "REGULAR", "shortName": "SIM", "longName": "Siemoneit", "displayName": "SIM", "displayNameLabel": "NAME"}, "removed": null}, {"current": {"type": "TEACHER", "status": "REGULAR", "shortName": "SUP", "longName": "Supe", "displayName": "SUP", "displayNameLabel": "NAME"}, "removed": null}], "cellState": "REGULAR", "date": "2025-08-14", "start": "2025-08-14T07:45", "end": "2025-08-14T12:45", "type": "NORMAL_TEACHING_PERIOD"}, {"classID": 5225, "schoolID": "3249500", "subject": [{"current": {"type": "SUBJECT", "status": "REGULAR", "shortName": "EIN", "longName": "Einschulung", "displayName": "EIN", "displayNameLabel": "NAME"}, "removed": null}], "location": [{"current": {"type": "ROOM", "status": "REGULAR", "shortName": "N01", "longName": "PC-Lernb\u00fcro", "displayName": "N01", "displayNameLabel": "NAME"}, "removed": null}], "teacher": [{"current": {"type": "TEACHER", "status": "REGULAR", "shortName": "BIG", "longName": "Bienge", "displayName": "BIG", "displayNameLabel": "NAME"}, "removed": null}, {"current": {"type": "TEACHER", "status": "REGULAR", "shortName": "GET", "longName": "Getsch", "displayName": "GET", "displayNameLabel": "NAME"}, "removed": null}], "cellState": "REGULAR", "date": "2025-08-14", "start": "2025-08-14T07:45", "end": "2025-08-14T12:45", "type": "NORMAL_TEACHING_PERIOD"}, {"classID": 5583, "schoolID": "3249500", "subject": [{"current": {"type": "SUBJECT", "status": "REGULAR", "shortName": "EIN", "longName": "Einschulung", "displayName": "EIN", "displayNameLabel": "NAME"}, "removed": null}], "location": [{"current": {"type": "ROOM", "status": "REGULAR", "shortName": "N01", "longName": "PC-Lernb\u00fcro", "displayName": "N01", "displayNameLabel": "NAME"}, "removed": null}], "teacher": [{"current": {"type": "TEACHER", "status": "REGULAR", "shortName": "BIG", "longName": "Bienge", "displayName": "BIG", "displayNameLabel": "NAME"}, "removed": null}, {"current": {"type": "TEACHER", "status": "REGULAR", "shortName": "GET", "longName": "Getsch", "displayName": "GET", "displayNameLabel": "NAME"}, "removed": null}], "cellState": "REGULAR", "date": "2025-08-14", "start": "2025-08-14T07:45", "end": "2025-08-14T12:45", "type": "NORMAL_TEACHING_PERIOD"}, {"classID": 5285, "schoolID": "3249500", "subject": [{"current": {"type": "SUBJECT", "status": "REGULAR", "shortName": "EIN", "longName": "Einschulung", "displayName": "EIN", "displayNameLabel": "NAME"}, "removed": null}], "location": [{"current": {"type": "ROOM", "status": "REGULAR", "shortName": "K11", "longName": "Klassenraum LM", "displayName": "K11", "displayNameLabel": "NAME"}, "removed": null}], "teacher": [{"current": {"type": "TEACHER", "status": "REGULAR", "shortName": "BRG", "longName": "Br\u00fcggemann", "displayName": "BRG", "displayNameLabel": "NAME"}, "removed": null}], "cellState": "REGULAR", "date": "2025-08-14", "start": "2025-08-14T07:45", "end": "2025-08-14T12:45", "type": "NORMAL_TEACHING_PERIOD"}, {"classID": 5417, "schoolID": "3249500", "subject": [{"current": {"type": "SUBJECT", "status": "REGULAR", "shortName": "Allg.", "longName": "Allg.", "displayName": "Allg.", "displayNameLabel": "NAME"}, "removed": null}], "location": [{"current": {"type": "ROOM", "status": "REGULAR", "shortName": "K02", "longName": "P'C-Raum", "displayName": "K02", "displayNameLabel": "NAME"}, "removed": null}], "teacher": [{"current": {"type": "TEACHER", "status": "REGULAR", "shortName": "BAU", "longName": "Baum", "displayName": "BAU", "displayNameLabel": "NAME"}, "removed": null}, {"current": {"type": "TEACHER", "status": "REGULAR", "shortName": "FJA", "longName": "Ferchland", "displayName": "FJA", "displayNameLabel": "NAME"}, "removed": null}, {"current": {"type": "TEACHER", "status": "REGULAR", "shortName": "FOR", "longName": "Forthaus", "displayName": "FOR", "displayNameLabel": "NAME"}, "removed": null}, {"current": {"type": "TEACHER", "status": "REGULAR", "shortName": "KOA", "longName": "Kovacevic", "displayName": "KOA", "displayNameLabel": "NAME"}, "removed": null}, {"current": {"type": "TEACHER", "status": "REGULAR", "shortName": "MAD", "longName": "M\u00e4dler", "displayName": "MAD", "displayNameLabel": "NAME"}, "removed": null}, {"current": {"type": "TEACHER", "status": "REGULAR", "shortName": "MVE", "longName": "Matz", "displayName": "MVE", "displayNameLabel": "NAME"}, "removed": null}, {"current": {"type": "TEACHER", "status": "REGULAR", "shortName": "PUE", "longName": "Puelsch", "displayName": "PUE", "displayNameLabel": "NAME"}, "removed": null}, {"current": {"type": "TEACHER", "status": "REGULAR", "shortName": "SIE", "longName": "Siemer", "displayName": "SIE", "displayNameLabel": "NAME"}, "removed": null}, {"current": {"type": "TEACHER", "status": "REGULAR", "shortName": "SIL", "longName": "Schilling", "displayName": "SIL", "displayNameLabel": "NAME"}, "removed": null}, {"current": {"type": "TEACHER", "status": "REGULAR", "shortName": "STA", "longName": "Schr\u00f6der", "displayName": "STA", "displayNameLabel": "NAME"}, "removed": null}, {"current": {"type": "TEACHER", "status": "REGULAR", "shortName": "ZAP", "longName": "Zapf", "displayName": "ZAP", "displayNameLabel": "NAME"}, "removed": null}], "cellState": "REGULAR", "date": "2025-08-14", "start": "2025-08-14T11:15", "end": "2025-08-14T12:00", "type": "NORMAL_TEACHING_PERIOD"}, {"classID": 5420, "schoolID": "3249500", "subject": [{"current": {"type": "SUBJECT", "status": "REGULAR", "shortName": "FT", "longName": "Fachtheorie", "displayName": "FT", "displayNameLabel": "NAME"}, "removed": null}], "location": [{"current": {"type": "ROOM", "status": "REGULAR", "shortName": "N24", "longName": "Klassenraum", "displayName": "N24", "displayNameLabel": "NAME"}, "removed": null}], "teacher": [{"current": {"type": "TEACHER", "status": "REGULAR", "shortName": "STA", "longName": "Schr\u00f6der", "displayName": "STA", "displayNameLabel": "NAME"}, "removed": null}], "cellState": "REGULAR", "date": "2025-08-14", "start": "2025-08-14T07:45", "end": "2025-08-14T09:15", "type": "NORMAL_TEACHING_PERIOD"}, {"classID": 5420, "schoolID": "3249500", "subject": [{"current": {"type": "SUBJECT", "status": "REGULAR", "shortName": "FT", "longName": "Fachtheorie", "displayName": "FT", "displayNameLabel": "NAME"}, "removed": null}], "location": [{"current": {"type": "ROOM", "status": "REGULAR", "shortName": "N24", "longName": "Klassenraum", "displayName": "N24", "displayNameLabel": "NAME"}, "removed": null}], "teacher": [{"current": {"type": "TEACHER", "status": "REGULAR", "shortName": "SKA", "longName": "Schlueter", "displayName": "SKA", "displayNameLabel": "NAME"}, "removed": null}], "cellState": "REGULAR", "date": "2025-08-14", "start": "2025-08-14T09:30", "end": "2025-08-14T12:45", "type": "NORMAL_TEACHING_PERIOD"}, {"classID": 5429, "schoolID": "3249500", "subject": [{"current": {"type": "SUBJECT", "status": "REGULAR", "shortName": "EIN", "longName": "Einschulung", "displayName": "EIN", "displayNameLabel": "NAME"}, "removed": null}], "location": [{"current": {"type": "ROOM", "status": "REGULAR", "shortName": "N22", "longName": "PC+Klassenraum", "displayName": "N22", "displayNameLabel": "NAME"}, "removed": null}], "teacher": [{"current": {"type": "TEACHER", "status": "REGULAR", "shortName": "MVE", "longName": "Matz", "displayName": "MVE", "displayNameLabel": "NAME"}, "removed": null}], "cellState": "REGULAR", "date": "2025-08-14", "start": "2025-08-14T07:45", "end": "2025-08-14T12:45", "type": "NORMAL_TEACHING_PERIOD"}, {"classID": 5243, "schoolID": "3249500", "subject": [{"current": {"type": "SUBJECT", "status": "REGULAR", "shortName": "LF", "longName": "LF", "displayName": "LF", "displayNameLabel": "NAME"}, "removed": null}], "location": [{"current": {"type": "ROOM", "status": "REGULAR", "shortName": "N28", "longName": "Klassenraum", "displayName": "N28", "displayNameLabel": "NAME"}, "removed": null}], "teacher": [{"current": {"type": "TEACHER", "status": "REGULAR", "shortName": "SWA", "longName": "Schwanemann", "displayName": "SWA", "displayNameLabel": "NAME"}, "removed": null}], "cellState": "REGULAR", "date": "2025-08-14", "start": "2025-08-14T07:45", "end": "2025-08-14T11:00", "type": "NORMAL_TEACHING_PERIOD"}, {"classID": 5243, "schoolID": "3249500", "subject": [{"current": {"type": "SUBJECT", "status": "REGULAR", "shortName": "Po", "longName": "Politik", "displayName": "Po", "displayNameLabel": "NAME"}, "removed": null}], "location": [{"current": {"type": "ROOM", "status": "REGULAR", "shortName": "N28", "longName": "Klassenraum", "displayName": "N28", "displayNameLabel": "NAME"}, "removed": null}], "teacher": [{"current": {"type": "TEACHER", "status": "REGULAR", "shortName": "SWA", "longName": "Schwanemann", "displayName": "SWA", "displayNameLabel": "NAME"}, "removed": null}], "cellState": "REGULAR", "date": "2025-08-14", "start": "2025-08-14T11:15", "end": "2025-08-14T12:45", "type": "NORMAL_TEACHING_PERIOD"}, {"classID": 5243, "schoolID": "3249500", "subject": [{"current": {"type": "SUBJECT", "status": "REGULAR", "shortName": "EDV", "longName": "EDV", "displayName": "EDV", "displayNameLabel": "NAME"}, "removed": null}], "location": [{"current": {"type": "ROOM", "status": "REGULAR", "shortName": "N16", "longName": "PC-Raum", "displayName": "N16", "displayNameLabel": "NAME"}, "removed": null}], "teacher": [{"current": {"type": "TEACHER", "status": "REGULAR", "shortName": "SUP", "longName": "Supe", "displayName": "SUP", "displayNameLabel": "NAME"}, "removed": null}], "cellState": "REGULAR", "date": "2025-08-14", "start": "2025-08-14T13:05", "end": "2025-08-14T14:35", "type": "NORMAL_TEACHING_PERIOD"}, {"classID": 5348, "schoolID": "3249500", "subject": [{"current": {"type": "SUBJECT", "status": "REGULAR", "shortName": "EIN", "longName": "Einschulung", "displayName": "EIN", "displayNameLabel": "NAME"}, "removed": null}], "location": [{"current": {"type": "ROOM", "status": "REGULAR", "shortName": "N21", "longName": "Klassenraum", "displayName": "N21", "displayNameLabel": "NAME"}, "removed": null}], "teacher": [{"current": {"type": "TEACHER", "status": "REGULAR", "shortName": "PSL", "longName": "Peesel", "displayName": "PSL", "displayNameLabel": "NAME"}, "removed": null}], "cellState": "REGULAR", "date": "2025-08-14", "start": "2025-08-14T07:45", "end": "2025-08-14T12:45", "type": "NORMAL_TEACHING_PERIOD"}, {"classID": 5288, "schoolID": "3249500", "subject": [{"current": {"type": "SUBJECT", "status": "REGULAR", "shortName": "EIN", "longName": "Einschulung", "displayName": "EIN", "displayNameLabel": "NAME"}, "removed": null}], "location": [{"current": {"type": "ROOM", "status": "REGULAR", "shortName": "N17", "longName": "Klassenraum", "displayName": "N17", "displayNameLabel": "NAME"}, "removed": null}], "teacher": [{"current": {"type": "TEACHER", "status": "REGULAR", "shortName": "HAG", "longName": "Hagedorn", "displayName": "HAG", "displayNameLabel": "NAME"}, "removed": null}], "cellState": "REGULAR", "date": "2025-08-14", "start": "2025-08-14T07:45", "end": "2025-08-14T12:45", "type": "NORMAL_TEACHING_PERIOD"}, {"classID": 5351, "schoolID": "3249500", "subject": [{"current": {"type": "SUBJECT", "status": "REGULAR", "shortName": "PT", "longName": "Praxistag", "displayName": "PT", "displayNameLabel": "NAME"}, "removed": null}], "location": [{"current": {"type": "ROOM", "status": "REGULAR", "shortName": "T12", "longName": "Klassenraum", "displayName": "T12", "displayNameLabel": "NAME"}, "removed": null}], "teacher": [{"current": {"type": "TEACHER", "status": "REGULAR", "shortName": "PT", "longName": "Praxistag", "displayName": "PT", "displayNameLabel": "NAME"}, "removed": null}], "cellState": "REGULAR", "date": "2025-08-14", "start": "2025-08-14T07:45", "end": "2025-08-14T12:45", "type": "NORMAL_TEACHING_PERIOD"}, {"classID": 5354, "schoolID": "3249500", "subject": [{"current": {"type": "SUBJECT", "status": "REGULAR", "shortName": "EIN", "longName": "Einschulung", "displayName": "EIN", "displayNameLabel": "NAME"}, "removed": null}], "location": [{"current": {"type": "ROOM", "status": "REGULAR", "shortName": "T14", "longName": "Klassenraum", "displayName": "T14", "displayNameLabel": "NAME"}, "removed": null}], "teacher": [{"current": {"type": "TEACHER", "status": "REGULAR", "shortName": "SOM", "longName": "Somogyvar", "displayName": "SOM", "displayNameLabel": "NAME"}, "removed": null}], "cellState": "REGULAR", "date": "2025-08-14", "start": "2025-08-14T07:45", "end": "2025-08-14T12:45", "type": "NORMAL_TEACHING_PERIOD"}, {"classID": 5357, "schoolID": "3249500", "subject": [{"current": {"type": "SUBJECT", "status": "REGULAR", "shortName": "EIN", "longName": "Einschulung", "displayName": "EIN", "displayNameLabel": "NAME"}, "removed": null}], "location": [{"current": {"type": "ROOM", "status": "REGULAR", "shortName": "T22", "longName": "Klassenraum", "displayName": "T22", "displayNameLabel": "NAME"}, "removed": null}], "teacher": [{"current": {"type": "TEACHER", "status": "REGULAR", "shortName": "PIC", "longName": "Pick", "displayName": "PIC", "displayNameLabel": "NAME"}, "removed": null}], "cellState": "REGULAR", "date": "2025-08-14", "start": "2025-08-14T07:45", "end": "2025-08-14T12:45", "type": "NORMAL_TEACHING_PERIOD"}, {"classID": 5297, "schoolID": "3249500", "subject": [{"current": {"type": "SUBJECT", "status": "REGULAR", "shortName": "EIN", "longName": "Einschulung", "displayName": "EIN", "displayNameLabel": "NAME"}, "removed": null}], "location": [{"current": {"type": "ROOM", "status": "REGULAR", "shortName": "K14", "longName": "Klassenraum", "displayName": "K14", "displayNameLabel": "NAME"}, "removed": null}], "teacher": [{"current": {"type": "TEACHER", "status": "REGULAR", "shortName": "STE", "longName": "Steffens", "displayName": "STE", "displayNameLabel": "NAME"}, "removed": null}], "cellState": "REGULAR", "date": "2025-08-14", "start": "2025-08-14T07:45", "end": "2025-08-14T12:45", "type": "NORMAL_TEACHING_PERIOD"}, {"classID": 5312, "schoolID": "3249500", "subject": [{"current": {"type": "SUBJECT", "status": "REGULAR", "shortName": "FPM", "longName": "Fachpraxis Metalltechnik", "displayName": "FPM", "displayNameLabel": "NAME"}, "removed": null}], "location": [{"current": {"type": "ROOM", "status": "REGULAR", "shortName": "M2", "longName": "FP Metallbautechnik", "displayName": "M2", "displayNameLabel": "NAME"}, "removed": null}], "teacher": [{"current": {"type": "TEACHER", "status": "REGULAR", "shortName": "SEM", "longName": "Semmling", "displayName": "SEM", "displayNameLabel": "NAME"}, "removed": null}], "cellState": "REGULAR", "date": "2025-08-14", "start": "2025-08-14T07:45", "end": "2025-08-14T12:45", "type": "NORMAL_TEACHING_PERIOD"}, {"classID": 5330, "schoolID": "3249500", "subject": [{"current": {"type": "SUBJECT", "status": "REGULAR", "shortName": "EIN", "longName": "Einschulung", "displayName": "EIN", "displayNameLabel": "NAME"}, "removed": null}], "location": [{"current": {"type": "ROOM", "status": "REGULAR", "shortName": "K13", "longName": "Klassenraum", "displayName": "K13", "displayNameLabel": "NAME"}, "removed": null}], "teacher": [{"current": {"type": "TEACHER", "status": "REGULAR", "shortName": "GOG", "longName": "Gogolin", "displayName": "GOG", "displayNameLabel": "NAME"}, "removed": null}], "cellState": "REGULAR", "date": "2025-08-14", "start": "2025-08-14T07:45", "end": "2025-08-14T12:45", "type": "NORMAL_TEACHING_PERIOD"}, {"classID": 5339, "schoolID": "3249500", "subject": [{"current": {"type": "SUBJECT", "status": "REGULAR", "shortName": "EIN", "longName": "Einschulung", "displayName": "EIN", "displayNameLabel": "NAME"}, "removed": null}], "location": [{"current": {"type": "ROOM", "status": "REGULAR", "shortName": "T23", "longName": "Klassenraum Physikraum", "displayName": "T23", "displayNameLabel": "NAME"}, "removed": null}], "teacher": [{"current": {"type": "TEACHER", "status": "REGULAR", "shortName": "RON", "longName": "Ronge", "displayName": "RON", "displayNameLabel": "NAME"}, "removed": null}], "cellState": "REGULAR", "date": "2025-08-14", "start": "2025-08-14T07:45", "end": "2025-08-14T12:45", "type": "NORMAL_TEACHING_PERIOD"}, {"classID": 5375, "schoolID": "3249500", "subject": [{"current": {"type": "SUBJECT", "status": "REGULAR", "shortName": "EIN", "longName": "Einschulung", "displayName": "EIN", "displayNameLabel": "NAME"}, "removed": null}], "location": [{"current": {"type": "ROOM", "status": "REGULAR", "shortName": "T06", "longName": "PC-Raum", "displayName": "T06", "displayNameLabel": "NAME"}, "removed": null}], "teacher": [{"current": {"type": "TEACHER", "status": "REGULAR", "shortName": "LYH", "longName": "Lyhs", "displayName": "LYH", "displayNameLabel": "NAME"}, "removed": null}], "cellState": "REGULAR", "date": "2025-08-14", "start": "2025-08-14T07:45", "end": "2025-08-14T12:45", "type": "NORMAL_TEACHING_PERIOD"}, {"classID": 5378, "schoolID": "3249500", "subject": [{"current": {"type": "SUBJECT", "status": "REGULAR", "shortName": "EIN", "longName": "Einschulung", "displayName": "EIN", "displayNameLabel": "NAME"}, "removed": null}], "location": [{"current": {"type": "ROOM", "status": "REGULAR", "shortName": "N11", "longName": "Klassenraum", "displayName": "N11", "displayNameLabel": "NAME"}, "removed": null}], "teacher": [{"current": {"type": "TEACHER", "status": "REGULAR", "shortName": "WIL", "longName": "Willmann", "displayName": "WIL", "displayNameLabel": "NAME"}, "removed": null}], "cellState": "REGULAR", "date": "2025-08-14", "start": "2025-08-14T07:45", "end": "2025-08-14T12:45", "type": "NORMAL_TEACHING_PERIOD"}, {"classID": 5381, "schoolID": "3249500", "subject": [{"current": {"type": "SUBJECT", "status": "REGULAR", "shortName": "EIN", "longName": "Einschulung", "displayName": "EIN", "displayNameLabel": "NAME"}, "removed": null}], "location": [{"current": {"type": "ROOM", "status": "REGULAR", "shortName": "N12", "longName": "Klassenraum mit AvtiveBoard", "displayName": "N12", "displayNameLabel": "NAME"}, "removed": null}], "teacher": [{"current": {"type": "TEACHER", "status": "REGULAR", "shortName": "HAD", "longName": "Hadler", "displayName": "HAD", "displayNameLabel": "NAME"}, "removed": null}], "cellState": "REGULAR", "date": "2025-08-14", "start": "2025-08-14T07:45", "end": "2025-08-14T12:45", "type": "NORMAL_TEACHING_PERIOD"}, {"classID": 5399, "schoolID": "3249500", "subject": [{"current": {"type": "SUBJECT", "status": "REGULAR", "shortName": "EIN", "longName": "Einschulung", "displayName": "EIN", "displayNameLabel": "NAME"}, "removed": null}], "location": [{"current": {"type": "ROOM", "status": "REGULAR", "shortName": "N06", "longName": "Klassenraum", "displayName": "N06", "displayNameLabel": "NAME"}, "removed": null}], "teacher": [{"current": {"type": "TEACHER", "status": "REGULAR", "shortName": "VOL", "longName": "Volland", "displayName": "VOL", "displayNameLabel": "NAME"}, "removed": null}], "cellState": "REGULAR", "date": "2025-08-15", "start": "2025-08-15T07:45", "end": "2025-08-15T12:45", "type": "NORMAL_TEACHING_PERIOD"}, {"classID": 5402, "schoolID": "3249500", "subject": [{"current": {"type": "SUBJECT", "status": "REGULAR", "shortName": "EIN", "longName": "Einschulung", "displayName": "EIN", "displayNameLabel": "NAME"}, "removed": null}], "location": [{"current": {"type": "ROOM", "status": "REGULAR", "shortName": "N06", "longName": "Klassenraum", "displayName": "N06", "displayNameLabel": "NAME"}, "removed": null}], "teacher": [{"current": {"type": "TEACHER", "status": "REGULAR", "shortName": "FOG", "longName": "F\u00f6ge", "displayName": "FOG", "displayNameLabel": "NAME"}, "removed": null}], "cellState": "REGULAR", "date": "2025-08-15", "start": "2025-08-15T07:45", "end": "2025-08-15T12:45", "type": "NORMAL_TEACHING_PERIOD"}, {"classID": 5405, "schoolID": "3249500", "subject": [{"current": {"type": "SUBJECT", "status": "REGULAR", "shortName": "EIN", "longName": "Einschulung", "displayName": "EIN", "displayNameLabel": "NAME"}, "removed": null}], "location": [{"current": {"type": "ROOM", "status": "REGULAR", "shortName": "N05", "longName": "FP Fachpraxisraum", "displayName": "N05", "displayNameLabel": "NAME"}, "removed": null}], "teacher": [{"current": {"type": "TEACHER", "status": "REGULAR", "shortName": "MOL", "longName": "Moeller", "displayName": "MOL", "displayNameLabel": "NAME"}, "removed": null}], "cellState": "REGULAR", "date": "2025-08-15", "start": "2025-08-15T07:45", "end": "2025-08-15T12:45", "type": "NORMAL_TEACHING_PERIOD"}, {"classID": 5342, "schoolID": "3249500", "subject": [{"current": {"type": "SUBJECT", "status": "REGULAR", "shortName": "EIN", "longName": "Einschulung", "displayName": "EIN", "displayNameLabel": "NAME"}, "removed": null}], "location": [{"current": {"type": "ROOM", "status": "REGULAR", "shortName": "N14", "longName": "Klassenraum", "displayName": "N14", "displayNameLabel": "NAME"}, "removed": null}], "teacher": [{"current": {"type": "TEACHER", "status": "REGULAR", "shortName": "MAW", "longName": "Mawed", "displayName": "MAW", "displayNameLabel": "NAME"}, "removed": null}], "cellState": "REGULAR", "date": "2025-08-15", "start": "2025-08-15T07:45", "end": "2025-08-15T12:45", "type": "NORMAL_TEACHING_PERIOD"}, {"classID": 5219, "schoolID": "3249500", "subject": [{"current": {"type": "SUBJECT", "status": "REGULAR", "shortName": "QB", "longName": "Qualifizierungsbaustein", "displayName": "QB", "displayNameLabel": "NAME"}, "removed": null}], "location": [{"current": {"type": "ROOM", "status": "REGULAR", "shortName": "N18", "longName": "Klassenraum", "displayName": "N18", "displayNameLabel": "NAME"}, "removed": null}], "teacher": [{"current": {"type": "TEACHER", "status": "REGULAR", "shortName": "KOS", "longName": "Koslowski", "displayName": "KOS", "displayNameLabel": "NAME"}, "removed": null}], "cellState": "REGULAR", "date": "2025-08-15", "start": "2025-08-15T07:45", "end": "2025-08-15T11:00", "type": "NORMAL_TEACHING_PERIOD"}, {"classID": 5219, "schoolID": "3249500", "subject": [{"current": {"type": "SUBJECT", "status": "REGULAR", "shortName": "QB", "longName": "Qualifizierungsbaustein", "displayName": "QB", "displayNameLabel": "NAME"}, "removed": null}], "location": [{"current": {"type": "ROOM", "status": "REGULAR", "shortName": "N16", "longName": "PC-Raum", "displayName": "N16", "displayNameLabel": "NAME"}, "removed": null}], "teacher": [{"current": {"type": "TEACHER", "status": "REGULAR", "shortName": "RED", "longName": "Redlich", "displayName": "RED", "displayNameLabel": "NAME"}, "removed": null}], "cellState": "REGULAR", "date": "2025-08-15", "start": "2025-08-15T07:45", "end": "2025-08-15T11:00", "type": "NORMAL_TEACHING_PERIOD"}, {"classID": 5219, "schoolID": "3249500", "subject": [{"current": {"type": "SUBJECT", "status": "REGULAR", "shortName": "QB", "longName": "Qualifizierungsbaustein", "displayName": "QB", "displayNameLabel": "NAME"}, "removed": null}], "location": [{"current": {"type": "ROOM", "status": "REGULAR", "shortName": "N16", "longName": "PC-Raum", "displayName": "N16", "displayNameLabel": "NAME"}, "removed": null}, {"current": {"type": "ROOM", "status": "REGULAR", "shortName": "N18", "longName": "Klassenraum", "displayName": "N18", "displayNameLabel": "NAME"}, "removed": null}], "teacher": [{"current": {"type": "TEACHER", "status": "REGULAR", "shortName": "GET", "longName": "Getsch", "displayName": "GET", "displayNameLabel": "NAME"}, "removed": null}, {"current": {"type": "TEACHER", "status": "REGULAR", "shortName": "KOS", "longName": "Koslowski", "displayName": "KOS", "displayNameLabel": "NAME"}, "removed": null}], "cellState": "REGULAR", "date": "2025-08-15", "start": "2025-08-15T11:15", "end": "2025-08-15T12:45", "type": "NORMAL_TEACHING_PERIOD"}, {"classID": 5279, "schoolID": "3249500", "subject": [{"current": {"type": "SUBJECT", "status": "REGULAR", "shortName": "EIN", "longName": "Einschulung", "displayName": "EIN", "displayNameLabel": "NAME"}, "removed": null}], "location": [{"current": {"type": "ROOM", "status": "REGULAR", "shortName": "M2", "longName": "FP Metallbautechnik", "displayName": "M2", "displayNameLabel": "NAME"}, "removed": null}, {"current": {"type": "ROOM", "status": "REGULAR", "shortName": "M4", "longName": "FP Autowerkstatt", "displayName": "M4", "displayNameLabel": "NAME"}, "removed": null}], "teacher": [{"current": {"type": "TEACHER", "status": "REGULAR", "shortName": "BUC", "longName": "Buck", "displayName": "BUC", "displayNameLabel": "NAME"}, "removed": null}, {"current": {"type": "TEACHER", "status": "REGULAR", "shortName": "RUK", "longName": "Ruks", "displayName": "RUK", "displayNameLabel": "NAME"}, "removed": null}], "cellState": "REGULAR", "date": "2025-08-15", "start": "2025-08-15T07:45", "end": "2025-08-15T12:45", "type": "NORMAL_TEACHING_PERIOD"}, {"classID": 5408, "schoolID": "3249500", "subject": [{"current": {"type": "SUBJECT", "status": "REGULAR", "shortName": "EIN", "longName": "Einschulung", "displayName": "EIN", "displayNameLabel": "NAME"}, "removed": null}], "location": "", "teacher": [{"current": {"type": "TEACHER", "status": "REGULAR", "shortName": "OST", "longName": "Osterndorff", "displayName": "OST", "displayNameLabel": "NAME"}, "removed": null}], "cellState": "REGULAR", "date": "2025-08-15", "start": "2025-08-15T07:45", "end": "2025-08-15T12:45", "type": "NORMAL_TEACHING_PERIOD"}, {"classID": 5408, "schoolID": "3249500", "subject": [{"current": {"type": "SUBJECT", "status": "REGULAR", "shortName": "EIN", "longName": "Einschulung", "displayName": "EIN", "displayNameLabel": "NAME"}, "removed": null}], "location": [{"current": {"type": "ROOM", "status": "REGULAR", "shortName": "K11", "longName": "Klassenraum LM", "displayName": "K11", "displayNameLabel": "NAME"}, "removed": null}], "teacher": [{"current": {"type": "TEACHER", "status": "REGULAR", "shortName": "KOA", "longName": "Kovacevic", "displayName": "KOA", "displayNameLabel": "NAME"}, "removed": null}], "cellState": "REGULAR", "date": "2025-08-15", "start": "2025-08-15T07:45", "end": "2025-08-15T12:45", "type": "NORMAL_TEACHING_PERIOD"}, {"classID": 5411, "schoolID": "3249500", "subject": [{"current": {"type": "SUBJECT", "status": "REGULAR", "shortName": "EIN", "longName": "Einschulung", "displayName": "EIN", "displayNameLabel": "NAME"}, "removed": null}], "location": [{"current": {"type": "ROOM", "status": "REGULAR", "shortName": "K11", "longName": "Klassenraum LM", "displayName": "K11", "displayNameLabel": "NAME"}, "removed": null}], "teacher": [{"current": {"type": "TEACHER", "status": "REGULAR", "shortName": "KOA", "longName": "Kovacevic", "displayName": "KOA", "displayNameLabel": "NAME"}, "removed": null}], "cellState": "REGULAR", "date": "2025-08-15", "start": "2025-08-15T07:45", "end": "2025-08-15T12:45", "type": "NORMAL_TEACHING_PERIOD"}, {"classID": 5222, "schoolID": "3249500", "subject": [{"current": {"type": "SUBJECT", "status": "REGULAR", "shortName": "EIN", "longName": "Einschulung", "displayName": "EIN", "displayNameLabel": "NAME"}, "removed": null}], "location": [{"current": {"type": "ROOM", "status": "REGULAR", "shortName": "N15", "longName": "PC- u. Klassenraum", "displayName": "N15", "displayNameLabel": "NAME"}, "removed": null}], "teacher": [{"current": {"type": "TEACHER", "status": "REGULAR", "shortName": "BIG", "longName": "Bienge", "displayName": "BIG", "displayNameLabel": "NAME"}, "removed": null}, {"current": {"type": "TEACHER", "status": "REGULAR", "shortName": "SUP", "longName": "Supe", "displayName": "SUP", "displayNameLabel": "NAME"}, "removed": null}], "cellState": "REGULAR", "date": "2025-08-15", "start": "2025-08-15T07:45", "end": "2025-08-15T09:15", "type": "NORMAL_TEACHING_PERIOD"}, {"classID": 5222, "schoolID": "3249500", "subject": [{"current": {"type": "SUBJECT", "status": "REGULAR", "shortName": "DE", "longName": "Deutsch", "displayName": "DE", "displayNameLabel": "NAME"}, "removed": null}], "location": [{"current": {"type": "ROOM", "status": "REGULAR", "shortName": "N15", "longName": "PC- u. Klassenraum", "displayName": "N15", "displayNameLabel": "NAME"}, "removed": null}], "teacher": [{"current": {"type": "TEACHER", "status": "REGULAR", "shortName": "WLK", "longName": "Wilkening", "displayName": "WLK", "displayNameLabel": "NAME"}, "removed": null}], "cellState": "REGULAR", "date": "2025-08-15", "start": "2025-08-15T09:30", "end": "2025-08-15T11:00", "type": "NORMAL_TEACHING_PERIOD"}, {"classID": 5222, "schoolID": "3249500", "subject": [{"current": {"type": "SUBJECT", "status": "REGULAR", "shortName": "EIN", "longName": "Einschulung", "displayName": "EIN", "displayNameLabel": "NAME"}, "removed": null}], "location": [{"current": {"type": "ROOM", "status": "REGULAR", "shortName": "N15", "longName": "PC- u. Klassenraum", "displayName": "N15", "displayNameLabel": "NAME"}, "removed": null}], "teacher": [{"current": {"type": "TEACHER", "status": "REGULAR", "shortName": "SUP", "longName": "Supe", "displayName": "SUP", "displayNameLabel": "NAME"}, "removed": null}], "cellState": "REGULAR", "date": "2025-08-15", "start": "2025-08-15T11:15", "end": "2025-08-15T12:45", "type": "NORMAL_TEACHING_PERIOD"}, {"classID": 5225, "schoolID": "3249500", "subject": [{"current": {"type": "SUBJECT", "status": "REGULAR", "shortName": "EIN", "longName": "Einschulung", "displayName": "EIN", "displayNameLabel": "NAME"}, "removed": null}], "location": [{"current": {"type": "ROOM", "status": "REGULAR", "shortName": "N01", "longName": "PC-Lernb\u00fcro", "displayName": "N01", "displayNameLabel": "NAME"}, "removed": null}], "teacher": [{"current": {"type": "TEACHER", "status": "REGULAR", "shortName": "GET", "longName": "Getsch", "displayName": "GET", "displayNameLabel": "NAME"}, "removed": null}, {"current": {"type": "TEACHER", "status": "REGULAR", "shortName": "IMK", "longName": "Imken", "displayName": "IMK", "displayNameLabel": "NAME"}, "removed": null}], "cellState": "CHANGED", "date": "2025-08-15", "start": "2025-08-15T07:45", "end": "2025-08-15T09:15", "type": "NORMAL_TEACHING_PERIOD"}, {"classID": 5225, "schoolID": "3249500", "subject": [{"current": {"type": "SUBJECT", "status": "REGULAR", "shortName": "EIN", "longName": "Einschulung", "displayName": "EIN", "displayNameLabel": "NAME"}, "removed": null}], "location": [{"current": {"type": "ROOM", "status": "REGULAR", "shortName": "N01", "longName": "PC-Lernb\u00fcro", "displayName": "N01", "displayNameLabel": "NAME"}, "removed": null}], "teacher": [{"current": {"type": "TEACHER", "status": "REGULAR", "shortName": "BIG", "longName": "Bienge", "displayName": "BIG", "displayNameLabel": "NAME"}, "removed": null}, {"current": {"type": "TEACHER", "status": "REGULAR", "shortName": "GET", "longName": "Getsch", "displayName": "GET", "displayNameLabel": "NAME"}, "removed": null}], "cellState": "CHANGED", "date": "2025-08-15", "start": "2025-08-15T09:30", "end": "2025-08-15T11:00", "type": "NORMAL_TEACHING_PERIOD"}, {"classID": 5225, "schoolID": "3249500", "subject": [{"current": {"type": "SUBJECT", "status": "REGULAR", "shortName": "DE", "longName": "Deutsch", "displayName": "DE", "displayNameLabel": "NAME"}, "removed": null}], "location": [{"current": {"type": "ROOM", "status": "REGULAR", "shortName": "N01", "longName": "PC-Lernb\u00fcro", "displayName": "N01", "displayNameLabel": "NAME"}, "removed": null}], "teacher": [{"current": {"type": "TEACHER", "status": "REGULAR", "shortName": "WLK", "longName": "Wilkening", "displayName": "WLK", "displayNameLabel": "NAME"}, "removed": null}], "cellState": "CHANGED", "date": "2025-08-15", "start": "2025-08-15T11:15", "end": "2025-08-15T12:45", "type": "NORMAL_TEACHING_PERIOD"}, {"classID": 5583, "schoolID": "3249500", "subject": "", "location": [{"current": {"type": "ROOM", "status": "ADDED", "shortName": "N27", "longName": "Klassenraum", "displayName": "N27", "displayNameLabel": "NAME"}, "removed": null}], "teacher": "", "cellState": "CHANGED", "date": "2025-08-15", "start": "2025-08-15T07:45", "end": "2025-08-15T12:45", "type": "EVENT"}, {"classID": 5583, "schoolID": "3249500", "subject": [{"current": {"type": "SUBJECT", "status": "REGULAR", "shortName": "EIN", "longName": "Einschulung", "displayName": "EIN", "displayNameLabel": "NAME"}, "removed": null}], "location": [{"current": {"type": "ROOM", "status": "REGULAR", "shortName": "N01", "longName": "PC-Lernb\u00fcro", "displayName": "N01", "displayNameLabel": "NAME"}, "removed": null}], "teacher": [{"current": {"type": "TEACHER", "status": "REGULAR", "shortName": "GET", "longName": "Getsch", "displayName": "GET", "displayNameLabel": "NAME"}, "removed": null}, {"current": {"type": "TEACHER", "status": "REGULAR", "shortName": "IMK", "longName": "Imken", "displayName": "IMK", "displayNameLabel": "NAME"}, "removed": null}], "cellState": "CHANGED", "date": "2025-08-15", "start": "2025-08-15T07:45", "end": "2025-08-15T09:15", "type": "NORMAL_TEACHING_PERIOD"}, {"classID": 5583, "schoolID": "3249500", "subject": [{"current": {"type": "SUBJECT", "status": "REGULAR", "shortName": "EIN", "longName": "Einschulung", "displayName": "EIN", "displayNameLabel": "NAME"}, "removed": null}], "location": [{"current": {"type": "ROOM", "status": "REGULAR", "shortName": "N01", "longName": "PC-Lernb\u00fcro", "displayName": "N01", "displayNameLabel": "NAME"}, "removed": null}], "teacher": [{"current": {"type": "TEACHER", "status": "REGULAR", "shortName": "BIG", "longName": "Bienge", "displayName": "BIG", "displayNameLabel": "NAME"}, "removed": null}, {"current": {"type": "TEACHER", "status": "REGULAR", "shortName": "GET", "longName": "Getsch", "displayName": "GET", "displayNameLabel": "NAME"}, "removed": null}], "cellState": "CHANGED", "date": "2025-08-15", "start": "2025-08-15T09:30", "end": "2025-08-15T11:00", "type": "NORMAL_TEACHING_PERIOD"}, {"classID": 5583, "schoolID": "3249500", "subject": [{"current": {"type": "SUBJECT", "status": "REGULAR", "shortName": "DE", "longName": "Deutsch", "displayName": "DE", "displayNameLabel": "NAME"}, "removed": null}], "location": [{"current": {"type": "ROOM", "status": "REGULAR", "shortName": "N01", "longName": "PC-Lernb\u00fcro", "displayName": "N01", "displayNameLabel": "NAME"}, "removed": null}], "teacher": [{"current": {"type": "TEACHER", "status": "REGULAR", "shortName": "WLK", "longName": "Wilkening", "displayName": "WLK", "displayNameLabel": "NAME"}, "removed": null}], "cellState": "CHANGED", "date": "2025-08-15", "start": "2025-08-15T11:15", "end": "2025-08-15T12:45", "type": "NORMAL_TEACHING_PERIOD"}, {"classID": 5420, "schoolID": "3249500", "subject": [{"current": {"type": "SUBJECT", "status": "REGULAR", "shortName": "Eng", "longName": "Fremdsprache/Kommunikation", "displayName": "Eng", "displayNameLabel": "NAME"}, "removed": null}], "location": [{"current": {"type": "ROOM", "status": "REGULAR", "shortName": "N24", "longName": "Klassenraum", "displayName": "N24", "displayNameLabel": "NAME"}, "removed": null}], "teacher": [{"current": {"type": "TEACHER", "status": "REGULAR", "shortName": "WIN", "longName": "Winter", "displayName": "WIN", "displayNameLabel": "NAME"}, "removed": null}], "cellState": "REGULAR", "date": "2025-08-15", "start": "2025-08-15T07:45", "end": "2025-08-15T09:15", "type": "NORMAL_TEACHING_PERIOD"}, {"classID": 5420, "schoolID": "3249500", "subject": [{"current": {"type": "SUBJECT", "status": "REGULAR", "shortName": "FT", "longName": "Fachtheorie", "displayName": "FT", "displayNameLabel": "NAME"}, "removed": null}], "location": [{"current": {"type": "ROOM", "status": "REGULAR", "shortName": "N24", "longName": "Klassenraum", "displayName": "N24", "displayNameLabel": "NAME"}, "removed": null}], "teacher": [{"current": {"type": "TEACHER", "status": "REGULAR", "shortName": "ZAP", "longName": "Zapf", "displayName": "ZAP", "displayNameLabel": "NAME"}, "removed": null}], "cellState": "REGULAR", "date": "2025-08-15", "start": "2025-08-15T09:30", "end": "2025-08-15T12:45", "type": "NORMAL_TEACHING_PERIOD"}, {"classID": 5429, "schoolID": "3249500", "subject": [{"current": {"type": "SUBJECT", "status": "REGULAR", "shortName": "EIN", "longName": "Einschulung", "displayName": "EIN", "displayNameLabel": "NAME"}, "removed": null}], "location": [{"current": {"type": "ROOM", "status": "REGULAR", "shortName": "N22", "longName": "PC+Klassenraum", "displayName": "N22", "displayNameLabel": "NAME"}, "removed": null}], "teacher": [{"current": {"type": "TEACHER", "status": "REGULAR", "shortName": "KRA", "longName": "Kragge", "displayName": "KRA", "displayNameLabel": "NAME"}, "removed": null}], "cellState": "REGULAR", "date": "2025-08-15", "start": "2025-08-15T07:45", "end": "2025-08-15T12:45", "type": "NORMAL_TEACHING_PERIOD"}, {"classID": 5234, "schoolID": "3249500", "subject": [{"current": {"type": "SUBJECT", "status": "REGULAR", "shortName": "LF", "longName": "LF", "displayName": "LF", "displayNameLabel": "NAME"}, "removed": null}], "location": [{"current": {"type": "ROOM", "status": "REGULAR", "shortName": "N25", "longName": "Klassenraum", "displayName": "N25", "displayNameLabel": "NAME"}, "removed": null}], "teacher": [{"current": {"type": "TEACHER", "status": "REGULAR", "shortName": "KUV", "longName": "Kuever", "displayName": "KUV", "displayNameLabel": "NAME"}, "removed": null}], "cellState": "REGULAR", "date": "2025-08-15", "start": "2025-08-15T07:45", "end": "2025-08-15T11:00", "type": "NORMAL_TEACHING_PERIOD"}, {"classID": 5234, "schoolID": "3249500", "subject": [{"current": {"type": "SUBJECT", "status": "REGULAR", "shortName": "LF", "longName": "LF", "displayName": "LF", "displayNameLabel": "NAME"}, "removed": null}], "location": [{"current": {"type": "ROOM", "status": "REGULAR", "shortName": "N25", "longName": "Klassenraum", "displayName": "N25", "displayNameLabel": "NAME"}, "removed": null}], "teacher": [{"current": {"type": "TEACHER", "status": "REGULAR", "shortName": "WRN", "longName": "Wernicke", "displayName": "WRN", "displayNameLabel": "NAME"}, "removed": null}], "cellState": "REGULAR", "date": "2025-08-15", "start": "2025-08-15T11:15", "end": "2025-08-15T12:45", "type": "NORMAL_TEACHING_PERIOD"}, {"classID": 5234, "schoolID": "3249500", "subject": [{"current": {"type": "SUBJECT", "status": "REGULAR", "shortName": "LF", "longName": "LF", "displayName": "LF", "displayNameLabel": "NAME"}, "removed": null}], "location": [{"current": {"type": "ROOM", "status": "REGULAR", "shortName": "N12", "longName": "Klassenraum mit AvtiveBoard", "displayName": "N12", "displayNameLabel": "NAME"}, "removed": null}], "teacher": [{"current": {"type": "TEACHER", "status": "REGULAR", "shortName": "AHL", "longName": "Ahlff", "displayName": "AHL", "displayNameLabel": "NAME"}, "removed": null}], "cellState": "REGULAR", "date": "2025-08-15", "start": "2025-08-15T13:05", "end": "2025-08-15T14:35", "type": "NORMAL_TEACHING_PERIOD"}, {"classID": 5249, "schoolID": "3249500", "subject": [{"current": {"type": "SUBJECT", "status": "REGULAR", "shortName": "EIN", "longName": "Einschulung", "displayName": "EIN", "displayNameLabel": "NAME"}, "removed": null}], "location": [{"current": {"type": "ROOM", "status": "REGULAR", "shortName": "N28", "longName": "Klassenraum", "displayName": "N28", "displayNameLabel": "NAME"}, "removed": null}], "teacher": [{"current": {"type": "TEACHER", "status": "REGULAR", "shortName": "HUE", "longName": "H\u00fcttermann", "displayName": "HUE", "displayNameLabel": "NAME"}, "removed": null}], "cellState": "REGULAR", "date": "2025-08-15", "start": "2025-08-15T07:45", "end": "2025-08-15T12:45", "type": "NORMAL_TEACHING_PERIOD"}, {"classID": 5348, "schoolID": "3249500", "subject": [{"current": {"type": "SUBJECT", "status": "REGULAR", "shortName": "EIN", "longName": "Einschulung", "displayName": "EIN", "displayNameLabel": "NAME"}, "removed": null}], "location": [{"current": {"type": "ROOM", "status": "REGULAR", "shortName": "N21", "longName": "Klassenraum", "displayName": "N21", "displayNameLabel": "NAME"}, "removed": null}], "teacher": [{"current": {"type": "TEACHER", "status": "REGULAR", "shortName": "PSL", "longName": "Peesel", "displayName": "PSL", "displayNameLabel": "NAME"}, "removed": null}], "cellState": "REGULAR", "date": "2025-08-15", "start": "2025-08-15T07:45", "end": "2025-08-15T12:45", "type": "NORMAL_TEACHING_PERIOD"}, {"classID": 5288, "schoolID": "3249500", "subject": [{"current": {"type": "SUBJECT", "status": "REGULAR", "shortName": "EIN", "longName": "Einschulung", "displayName": "EIN", "displayNameLabel": "NAME"}, "removed": null}], "location": [{"current": {"type": "ROOM", "status": "REGULAR", "shortName": "N17", "longName": "Klassenraum", "displayName": "N17", "displayNameLabel": "NAME"}, "removed": null}], "teacher": [{"current": {"type": "TEACHER", "status": "REGULAR", "shortName": "GOG", "longName": "Gogolin", "displayName": "GOG", "displayNameLabel": "NAME"}, "removed": null}], "cellState": "REGULAR", "date": "2025-08-15", "start": "2025-08-15T07:45", "end": "2025-08-15T12:45", "type": "NORMAL_TEACHING_PERIOD"}, {"classID": 5351, "schoolID": "3249500", "subject": [{"current": {"type": "SUBJECT", "status": "REGULAR", "shortName": "PT", "longName": "Praxistag", "displayName": "PT", "displayNameLabel": "NAME"}, "removed": null}], "location": [{"current": {"type": "ROOM", "status": "REGULAR", "shortName": "T12", "longName": "Klassenraum", "displayName": "T12", "displayNameLabel": "NAME"}, "removed": null}], "teacher": [{"current": {"type": "TEACHER", "status": "REGULAR", "shortName": "PT", "longName": "Praxistag", "displayName": "PT", "displayNameLabel": "NAME"}, "removed": null}], "cellState": "REGULAR", "date": "2025-08-15", "start": "2025-08-15T07:45", "end": "2025-08-15T12:45", "type": "NORMAL_TEACHING_PERIOD"}, {"classID": 5354, "schoolID": "3249500", "subject": [{"current": {"type": "SUBJECT", "status": "REGULAR", "shortName": "EIN", "longName": "Einschulung", "displayName": "EIN", "displayNameLabel": "NAME"}, "removed": null}], "location": [{"current": {"type": "ROOM", "status": "REGULAR", "shortName": "T14", "longName": "Klassenraum", "displayName": "T14", "displayNameLabel": "NAME"}, "removed": null}], "teacher": [{"current": {"type": "TEACHER", "status": "REGULAR", "shortName": "SOM", "longName": "Somogyvar", "displayName": "SOM", "displayNameLabel": "NAME"}, "removed": null}], "cellState": "CANCELLED", "date": "2025-08-15", "start": "2025-08-15T07:45", "end": "2025-08-15T12:45", "type": "NORMAL_TEACHING_PERIOD"}, {"classID": 5357, "schoolID": "3249500", "subject": [{"current": {"type": "SUBJECT", "status": "REGULAR", "shortName": "EIN", "longName": "Einschulung", "displayName": "EIN", "displayNameLabel": "NAME"}, "removed": null}], "location": [{"current": {"type": "ROOM", "status": "REGULAR", "shortName": "T22", "longName": "Klassenraum", "displayName": "T22", "displayNameLabel": "NAME"}, "removed": null}], "teacher": [{"current": {"type": "TEACHER", "status": "REGULAR", "shortName": "PIC", "longName": "Pick", "displayName": "PIC", "displayNameLabel": "NAME"}, "removed": null}], "cellState": "REGULAR", "date": "2025-08-15", "start": "2025-08-15T07:45", "end": "2025-08-15T12:45", "type": "NORMAL_TEACHING_PERIOD"}, {"classID": 5291, "schoolID": "3249500", "subject": [{"current": {"type": "SUBJECT", "status": "REGULAR", "shortName": "FT", "longName": "Fachtheorie", "displayName": "FT", "displayNameLabel": "NAME"}, "removed": null}], "location": [{"current": {"type": "ROOM", "status": "REGULAR", "shortName": "K14", "longName": "Klassenraum", "displayName": "K14", "displayNameLabel": "NAME"}, "removed": null}], "teacher": [{"current": {"type": "TEACHER", "status": "REGULAR", "shortName": "STE", "longName": "Steffens", "displayName": "STE", "displayNameLabel": "NAME"}, "removed": null}], "cellState": "REGULAR", "date": "2025-08-15", "start": "2025-08-15T07:45", "end": "2025-08-15T11:00", "type": "NORMAL_TEACHING_PERIOD"}, {"classID": 5291, "schoolID": "3249500", "subject": [{"current": {"type": "SUBJECT", "status": "REGULAR", "shortName": "Po", "longName": "Politik", "displayName": "Po", "displayNameLabel": "NAME"}, "removed": null}], "location": [{"current": {"type": "ROOM", "status": "REGULAR", "shortName": "K14", "longName": "Klassenraum", "displayName": "K14", "displayNameLabel": "NAME"}, "removed": null}], "teacher": [{"current": {"type": "TEACHER", "status": "REGULAR", "shortName": "AHL", "longName": "Ahlff", "displayName": "AHL", "displayNameLabel": "NAME"}, "removed": null}], "cellState": "REGULAR", "date": "2025-08-15", "start": "2025-08-15T11:15", "end": "2025-08-15T12:45", "type": "NORMAL_TEACHING_PERIOD"}, {"classID": 5450, "schoolID": "3249500", "subject": [{"current": {"type": "SUBJECT", "status": "REGULAR", "shortName": "FPH", "longName": "Fachpraxis Holztechnik", "displayName": "FPH", "displayNameLabel": "NAME"}, "removed": null}], "location": [{"current": {"type": "ROOM", "status": "REGULAR", "shortName": "EXT", "longName": "Extern", "displayName": "EXT", "displayNameLabel": "NAME"}, "removed": null}], "teacher": [{"current": {"type": "TEACHER", "status": "REGULAR", "shortName": "DIT", "longName": "Dittmer", "displayName": "DIT", "displayNameLabel": "NAME"}, "removed": null}], "cellState": "REGULAR", "date": "2025-08-15", "start": "2025-08-15T07:45", "end": "2025-08-15T12:45", "type": "NORMAL_TEACHING_PERIOD"}, {"classID": 5324, "schoolID": "3249500", "subject": [{"current": {"type": "SUBJECT", "status": "REGULAR", "shortName": "FT", "longName": "Fachtheorie", "displayName": "FT", "displayNameLabel": "NAME"}, "removed": null}], "location": [{"current": {"type": "ROOM", "status": "REGULAR", "shortName": "K13", "longName": "Klassenraum", "displayName": "K13", "displayNameLabel": "NAME"}, "removed": null}], "teacher": [{"current": {"type": "TEACHER", "status": "REGULAR", "shortName": "HAG", "longName": "Hagedorn", "displayName": "HAG", "displayNameLabel": "NAME"}, "removed": null}], "cellState": "REGULAR", "date": "2025-08-15", "start": "2025-08-15T07:45", "end": "2025-08-15T12:45", "type": "NORMAL_TEACHING_PERIOD"}, {"classID": 5333, "schoolID": "3249500", "subject": [{"current": {"type": "SUBJECT", "status": "REGULAR", "shortName": "FT", "longName": "Fachtheorie", "displayName": "FT", "displayNameLabel": "NAME"}, "removed": null}], "location": [{"current": {"type": "ROOM", "status": "REGULAR", "shortName": "T24", "longName": "Klassenraum (6 Sch\u00fclerPC)", "displayName": "T24", "displayNameLabel": "NAME"}, "removed": null}], "teacher": [{"current": {"type": "TEACHER", "status": "REGULAR", "shortName": "RON", "longName": "Ronge", "displayName": "RON", "displayNameLabel": "NAME"}, "removed": null}], "cellState": "REGULAR", "date": "2025-08-15", "start": "2025-08-15T07:45", "end": "2025-08-15T11:00", "type": "NORMAL_TEACHING_PERIOD"}, {"classID": 5333, "schoolID": "3249500", "subject": [{"current": {"type": "SUBJECT", "status": "REGULAR", "shortName": "Po", "longName": "Politik", "displayName": "Po", "displayNameLabel": "NAME"}, "removed": null}], "location": [{"current": {"type": "ROOM", "status": "REGULAR", "shortName": "K14", "longName": "Klassenraum", "displayName": "K14", "displayNameLabel": "NAME"}, "removed": null}], "teacher": [{"current": {"type": "TEACHER", "status": "REGULAR", "shortName": "AHL", "longName": "Ahlff", "displayName": "AHL", "displayNameLabel": "NAME"}, "removed": null}], "cellState": "REGULAR", "date": "2025-08-15", "start": "2025-08-15T11:15", "end": "2025-08-15T12:45", "type": "NORMAL_TEACHING_PERIOD"}, {"classID": 5375, "schoolID": "3249500", "subject": [{"current": {"type": "SUBJECT", "status": "REGULAR", "shortName": "EIN", "longName": "Einschulung", "displayName": "EIN", "displayNameLabel": "NAME"}, "removed": null}], "location": [{"current": {"type": "ROOM", "status": "REGULAR", "shortName": "T06", "longName": "PC-Raum", "displayName": "T06", "displayNameLabel": "NAME"}, "removed": null}], "teacher": [{"current": {"type": "TEACHER", "status": "REGULAR", "shortName": "LYH", "longName": "Lyhs", "displayName": "LYH", "displayNameLabel": "NAME"}, "removed": null}], "cellState": "REGULAR", "date": "2025-08-15", "start": "2025-08-15T07:45", "end": "2025-08-15T12:45", "type": "NORMAL_TEACHING_PERIOD"}, {"classID": 5378, "schoolID": "3249500", "subject": [{"current": {"type": "SUBJECT", "status": "REGULAR", "shortName": "EIN", "longName": "Einschulung", "displayName": "EIN", "displayNameLabel": "NAME"}, "removed": null}], "location": [{"current": {"type": "ROOM", "status": "REGULAR", "shortName": "N11", "longName": "Klassenraum", "displayName": "N11", "displayNameLabel": "NAME"}, "removed": null}], "teacher": [{"current": {"type": "TEACHER", "status": "REGULAR", "shortName": "WIL", "longName": "Willmann", "displayName": "WIL", "displayNameLabel": "NAME"}, "removed": null}], "cellState": "REGULAR", "date": "2025-08-15", "start": "2025-08-15T07:45", "end": "2025-08-15T12:45", "type": "NORMAL_TEACHING_PERIOD"}, {"classID": 5381, "schoolID": "3249500", "subject": [{"current": {"type": "SUBJECT", "status": "REGULAR", "shortName": "EIN", "longName": "Einschulung", "displayName": "EIN", "displayNameLabel": "NAME"}, "removed": null}], "location": [{"current": {"type": "ROOM", "status": "REGULAR", "shortName": "N12", "longName": "Klassenraum mit AvtiveBoard", "displayName": "N12", "displayNameLabel": "NAME"}, "removed": null}], "teacher": [{"current": {"type": "TEACHER", "status": "REGULAR", "shortName": "HAD", "longName": "Hadler", "displayName": "HAD", "displayNameLabel": "NAME"}, "removed": null}], "cellState": "REGULAR", "date": "2025-08-15", "start": "2025-08-15T07:45", "end": "2025-08-15T12:45", "type": "NORMAL_TEACHING_PERIOD"}, {"classID": 5543, "schoolID": "3249500", "subject": [{"current": {"type": "SUBJECT", "status": "REGULAR", "shortName": "EIN", "longName": "Einschulung", "displayName": "EIN", "displayNameLabel": "NAME"}, "removed": null}], "location": [{"current": {"type": "ROOM", "status": "REGULAR", "shortName": "K12", "longName": "Klassenraum Ti", "displayName": "K12", "displayNameLabel": "NAME"}, "removed": null}], "teacher": [{"current": {"type": "TEACHER", "status": "REGULAR", "shortName": "SAP", "longName": "Schaper", "displayName": "SAP", "displayNameLabel": "NAME"}, "removed": null}], "cellState": "REGULAR", "date": "2025-08-15", "start": "2025-08-15T07:45", "end": "2025-08-15T12:45", "type": "NORMAL_TEACHING_PERIOD"}]