[{"classID": 685, "schoolID": "6488400", "subject": "", "location": [{"current": {"type": "ROOM", "status": "ADDED", "shortName": "1.013", "longName": "Su", "displayName": "1.013", "displayNameLabel": "NAME"}, "removed": null}], "teacher": [{"current": {"type": "TEACHER", "status": "REGULAR", "shortName": "Dr\u00f6", "longName": "Dr\u00f6scher", "displayName": "Dr\u00f6", "displayNameLabel": "NAME"}, "removed": null}, {"current": {"type": "TEACHER", "status": "REGULAR", "shortName": "Su", "longName": "Sulz", "displayName": "Su", "displayNameLabel": "NAME"}, "removed": null}], "cellState": "CHANGED", "date": "2025-08-18", "start": "2025-08-18T17:30", "end": "2025-08-18T19:00", "type": "EVENT"}, {"classID": 685, "schoolID": "6488400", "subject": [{"current": {"type": "SUBJECT", "status": "REGULAR", "shortName": "M", "longName": "Mathematik", "displayName": "M", "displayNameLabel": "NAME"}, "removed": null}], "location": [{"current": {"type": "ROOM", "status": "REGULAR", "shortName": "1.026", "longName": "Ro", "displayName": "1.026", "displayNameLabel": "NAME"}, "removed": null}], "teacher": [{"current": {"type": "TEACHER", "status": "REGULAR", "shortName": "Ro", "longName": "Rothe", "displayName": "Ro", "displayNameLabel": "NAME"}, "removed": null}], "cellState": "CANCELLED", "date": "2025-08-18", "start": "2025-08-18T17:30", "end": "2025-08-18T19:00", "type": "NORMAL_TEACHING_PERIOD"}, {"classID": 685, "schoolID": "6488400", "subject": "", "location": [{"current": {"type": "ROOM", "status": "ADDED", "shortName": "1.013", "longName": "Su", "displayName": "1.013", "displayNameLabel": "NAME"}, "removed": null}], "teacher": [{"current": {"type": "TEACHER", "status": "REGULAR", "shortName": "Su", "longName": "Sulz", "displayName": "Su", "displayNameLabel": "NAME"}, "removed": null}], "cellState": "CHANGED", "date": "2025-08-18", "start": "2025-08-18T19:05", "end": "2025-08-18T20:30", "type": "EVENT"}, {"classID": 685, "schoolID": "6488400", "subject": [{"current": {"type": "SUBJECT", "status": "REGULAR", "shortName": "LZ", "longName": "Lernzeit", "displayName": "LZ", "displayNameLabel": "NAME"}, "removed": null}], "location": "", "teacher": [{"current": {"type": "TEACHER", "status": "REGULAR", "shortName": "Dr\u00f6", "longName": "Dr\u00f6scher", "displayName": "Dr\u00f6", "displayNameLabel": "NAME"}, "removed": null}], "cellState": "CANCELLED", "date": "2025-08-18", "start": "2025-08-18T19:05", "end": "2025-08-18T20:30", "type": "NORMAL_TEACHING_PERIOD"}, {"classID": 685, "schoolID": "6488400", "subject": [{"current": {"type": "SUBJECT", "status": "REGULAR", "shortName": "LZ", "longName": "Lernzeit", "displayName": "LZ", "displayNameLabel": "NAME"}, "removed": null}], "location": "", "teacher": [{"current": {"type": "TEACHER", "status": "REGULAR", "shortName": "Md", "longName": "Mead", "displayName": "Md", "displayNameLabel": "NAME"}, "removed": null}], "cellState": "CANCELLED", "date": "2025-08-18", "start": "2025-08-18T19:05", "end": "2025-08-18T20:30", "type": "NORMAL_TEACHING_PERIOD"}, {"classID": 688, "schoolID": "6488400", "subject": "", "location": [{"current": {"type": "ROOM", "status": "ADDED", "shortName": "1.017", "longName": "Md", "displayName": "1.017", "displayNameLabel": "NAME"}, "removed": null}], "teacher": [{"current": {"type": "TEACHER", "status": "REGULAR", "shortName": "Md", "longName": "Mead", "displayName": "Md", "displayNameLabel": "NAME"}, "removed": null}], "cellState": "CHANGED", "date": "2025-08-18", "start": "2025-08-18T17:30", "end": "2025-08-18T19:00", "type": "EVENT"}, {"classID": 688, "schoolID": "6488400", "subject": [{"current": {"type": "SUBJECT", "status": "REGULAR", "shortName": "D", "longName": "Deutsch", "displayName": "D", "displayNameLabel": "NAME"}, "removed": null}], "location": [{"current": {"type": "ROOM", "status": "REGULAR", "shortName": "1.029", "longName": "Dr\u00f6", "displayName": "1.029", "displayNameLabel": "NAME"}, "removed": null}], "teacher": [{"current": {"type": "TEACHER", "status": "REGULAR", "shortName": "Dr\u00f6", "longName": "Dr\u00f6scher", "displayName": "Dr\u00f6", "displayNameLabel": "NAME"}, "removed": null}], "cellState": "CANCELLED", "date": "2025-08-18", "start": "2025-08-18T17:30", "end": "2025-08-18T19:00", "type": "NORMAL_TEACHING_PERIOD"}, {"classID": 688, "schoolID": "6488400", "subject": "", "location": [{"current": {"type": "ROOM", "status": "ADDED", "shortName": "1.026", "longName": "Ro", "displayName": "1.026", "displayNameLabel": "NAME"}, "removed": null}], "teacher": [{"current": {"type": "TEACHER", "status": "REGULAR", "shortName": "Ro", "longName": "Rothe", "displayName": "Ro", "displayNameLabel": "NAME"}, "removed": null}], "cellState": "CHANGED", "date": "2025-08-18", "start": "2025-08-18T19:05", "end": "2025-08-18T20:30", "type": "EVENT"}, {"classID": 688, "schoolID": "6488400", "subject": [{"current": {"type": "SUBJECT", "status": "REGULAR", "shortName": "LZ", "longName": "Lernzeit", "displayName": "LZ", "displayNameLabel": "NAME"}, "removed": null}], "location": "", "teacher": [{"current": {"type": "TEACHER", "status": "REGULAR", "shortName": "Dr\u00f6", "longName": "Dr\u00f6scher", "displayName": "Dr\u00f6", "displayNameLabel": "NAME"}, "removed": null}], "cellState": "CANCELLED", "date": "2025-08-18", "start": "2025-08-18T19:05", "end": "2025-08-18T20:30", "type": "NORMAL_TEACHING_PERIOD"}, {"classID": 688, "schoolID": "6488400", "subject": [{"current": {"type": "SUBJECT", "status": "REGULAR", "shortName": "LZ", "longName": "Lernzeit", "displayName": "LZ", "displayNameLabel": "NAME"}, "removed": null}], "location": "", "teacher": [{"current": {"type": "TEACHER", "status": "REGULAR", "shortName": "Md", "longName": "Mead", "displayName": "Md", "displayNameLabel": "NAME"}, "removed": null}], "cellState": "CANCELLED", "date": "2025-08-18", "start": "2025-08-18T19:05", "end": "2025-08-18T20:30", "type": "NORMAL_TEACHING_PERIOD"}, {"classID": 688, "schoolID": "6488400", "subject": [{"current": {"type": "SUBJECT", "status": "REGULAR", "shortName": "E", "longName": "Englisch", "displayName": "E", "displayNameLabel": "NAME"}, "removed": null}], "location": [{"current": {"type": "ROOM", "status": "REGULAR", "shortName": "1.017", "longName": "Md", "displayName": "1.017", "displayNameLabel": "NAME"}, "removed": null}], "teacher": [{"current": {"type": "TEACHER", "status": "REGULAR", "shortName": "Md", "longName": "Mead", "displayName": "Md", "displayNameLabel": "NAME"}, "removed": null}], "cellState": "REGULAR", "date": "2025-08-18", "start": "2025-08-18T20:35", "end": "2025-08-18T22:00", "type": "NORMAL_TEACHING_PERIOD"}, {"classID": 694, "schoolID": "6488400", "subject": "", "location": [{"current": {"type": "ROOM", "status": "ADDED", "shortName": "1.011", "longName": "Bm", "displayName": "1.011", "displayNameLabel": "NAME"}, "removed": null}], "teacher": [{"current": {"type": "TEACHER", "status": "REGULAR", "shortName": "Bm", "longName": "Bauermann", "displayName": "Bm", "displayNameLabel": "NAME"}, "removed": null}], "cellState": "CHANGED", "date": "2025-08-18", "start": "2025-08-18T17:30", "end": "2025-08-18T20:30", "type": "EVENT"}, {"classID": 694, "schoolID": "6488400", "subject": [{"current": {"type": "SUBJECT", "status": "REGULAR", "shortName": "HpB", "longName": "Historischpolitische Bildung", "displayName": "HpB", "displayNameLabel": "NAME"}, "removed": null}], "location": [{"current": {"type": "ROOM", "status": "REGULAR", "shortName": "1.011", "longName": "Bm", "displayName": "1.011", "displayNameLabel": "NAME"}, "removed": null}], "teacher": [{"current": {"type": "TEACHER", "status": "REGULAR", "shortName": "Bm", "longName": "Bauermann", "displayName": "Bm", "displayNameLabel": "NAME"}, "removed": null}], "cellState": "CANCELLED", "date": "2025-08-18", "start": "2025-08-18T17:30", "end": "2025-08-18T19:00", "type": "NORMAL_TEACHING_PERIOD"}, {"classID": 694, "schoolID": "6488400", "subject": [{"current": {"type": "SUBJECT", "status": "REGULAR", "shortName": "LZ-D", "longName": "LZ-D", "displayName": "LZ-D", "displayNameLabel": "NAME"}, "removed": null}], "location": "", "teacher": [{"current": {"type": "TEACHER", "status": "REGULAR", "shortName": "Sb", "longName": "Schwalbach", "displayName": "Sb", "displayNameLabel": "NAME"}, "removed": null}], "cellState": "CANCELLED", "date": "2025-08-18", "start": "2025-08-18T19:05", "end": "2025-08-18T20:30", "type": "NORMAL_TEACHING_PERIOD"}, {"classID": 694, "schoolID": "6488400", "subject": [{"current": {"type": "SUBJECT", "status": "REGULAR", "shortName": "LZ-D", "longName": "LZ-D", "displayName": "LZ-D", "displayNameLabel": "NAME"}, "removed": null}], "location": "", "teacher": [{"current": {"type": "TEACHER", "status": "REGULAR", "shortName": "B\u00f6", "longName": "B\u00f6hlecke", "displayName": "B\u00f6", "displayNameLabel": "NAME"}, "removed": null}], "cellState": "CANCELLED", "date": "2025-08-18", "start": "2025-08-18T19:05", "end": "2025-08-18T20:30", "type": "NORMAL_TEACHING_PERIOD"}, {"classID": 694, "schoolID": "6488400", "subject": [{"current": {"type": "SUBJECT", "status": "REGULAR", "shortName": "LZ-D", "longName": "LZ-D", "displayName": "LZ-D", "displayNameLabel": "NAME"}, "removed": null}], "location": "", "teacher": [{"current": {"type": "TEACHER", "status": "REGULAR", "shortName": "Ri", "longName": "Rieger", "displayName": "Ri", "displayNameLabel": "NAME"}, "removed": null}], "cellState": "CANCELLED", "date": "2025-08-18", "start": "2025-08-18T19:05", "end": "2025-08-18T20:30", "type": "NORMAL_TEACHING_PERIOD"}, {"classID": 694, "schoolID": "6488400", "subject": [{"current": {"type": "SUBJECT", "status": "REGULAR", "shortName": "M", "longName": "Mathematik", "displayName": "M", "displayNameLabel": "NAME"}, "removed": null}], "location": [{"current": {"type": "ROOM", "status": "REGULAR", "shortName": "1.027", "longName": "B\u00f6", "displayName": "1.027", "displayNameLabel": "NAME"}, "removed": null}], "teacher": [{"current": {"type": "TEACHER", "status": "REGULAR", "shortName": "B\u00f6", "longName": "B\u00f6hlecke", "displayName": "B\u00f6", "displayNameLabel": "NAME"}, "removed": null}], "cellState": "CANCELLED", "date": "2025-08-18", "start": "2025-08-18T20:35", "end": "2025-08-18T22:00", "type": "NORMAL_TEACHING_PERIOD"}, {"classID": 697, "schoolID": "6488400", "subject": "", "location": [{"current": {"type": "ROOM", "status": "ADDED", "shortName": "1.027", "longName": "B\u00f6", "displayName": "1.027", "displayNameLabel": "NAME"}, "removed": null}], "teacher": [{"current": {"type": "TEACHER", "status": "REGULAR", "shortName": "B\u00f6", "longName": "B\u00f6hlecke", "displayName": "B\u00f6", "displayNameLabel": "NAME"}, "removed": null}], "cellState": "CHANGED", "date": "2025-08-18", "start": "2025-08-18T17:30", "end": "2025-08-18T20:30", "type": "EVENT"}, {"classID": 697, "schoolID": "6488400", "subject": [{"current": {"type": "SUBJECT", "status": "REGULAR", "shortName": "M", "longName": "Mathematik", "displayName": "M", "displayNameLabel": "NAME"}, "removed": null}], "location": [{"current": {"type": "ROOM", "status": "REGULAR", "shortName": "1.027", "longName": "B\u00f6", "displayName": "1.027", "displayNameLabel": "NAME"}, "removed": null}], "teacher": [{"current": {"type": "TEACHER", "status": "REGULAR", "shortName": "B\u00f6", "longName": "B\u00f6hlecke", "displayName": "B\u00f6", "displayNameLabel": "NAME"}, "removed": null}], "cellState": "CANCELLED", "date": "2025-08-18", "start": "2025-08-18T17:30", "end": "2025-08-18T19:00", "type": "NORMAL_TEACHING_PERIOD"}, {"classID": 697, "schoolID": "6488400", "subject": [{"current": {"type": "SUBJECT", "status": "REGULAR", "shortName": "LZ-D", "longName": "LZ-D", "displayName": "LZ-D", "displayNameLabel": "NAME"}, "removed": null}], "location": "", "teacher": [{"current": {"type": "TEACHER", "status": "REGULAR", "shortName": "Sb", "longName": "Schwalbach", "displayName": "Sb", "displayNameLabel": "NAME"}, "removed": null}], "cellState": "CANCELLED", "date": "2025-08-18", "start": "2025-08-18T19:05", "end": "2025-08-18T20:30", "type": "NORMAL_TEACHING_PERIOD"}, {"classID": 697, "schoolID": "6488400", "subject": [{"current": {"type": "SUBJECT", "status": "REGULAR", "shortName": "LZ-D", "longName": "LZ-D", "displayName": "LZ-D", "displayNameLabel": "NAME"}, "removed": null}], "location": "", "teacher": [{"current": {"type": "TEACHER", "status": "REGULAR", "shortName": "B\u00f6", "longName": "B\u00f6hlecke", "displayName": "B\u00f6", "displayNameLabel": "NAME"}, "removed": null}], "cellState": "CANCELLED", "date": "2025-08-18", "start": "2025-08-18T19:05", "end": "2025-08-18T20:30", "type": "NORMAL_TEACHING_PERIOD"}, {"classID": 697, "schoolID": "6488400", "subject": [{"current": {"type": "SUBJECT", "status": "REGULAR", "shortName": "LZ-D", "longName": "LZ-D", "displayName": "LZ-D", "displayNameLabel": "NAME"}, "removed": null}], "location": "", "teacher": [{"current": {"type": "TEACHER", "status": "REGULAR", "shortName": "Ri", "longName": "Rieger", "displayName": "Ri", "displayNameLabel": "NAME"}, "removed": null}], "cellState": "CANCELLED", "date": "2025-08-18", "start": "2025-08-18T19:05", "end": "2025-08-18T20:30", "type": "NORMAL_TEACHING_PERIOD"}, {"classID": 700, "schoolID": "6488400", "subject": "", "location": [{"current": {"type": "ROOM", "status": "ADDED", "shortName": "1.031", "longName": "Ri", "displayName": "1.031", "displayNameLabel": "NAME"}, "removed": null}], "teacher": [{"current": {"type": "TEACHER", "status": "REGULAR", "shortName": "Ri", "longName": "Rieger", "displayName": "Ri", "displayNameLabel": "NAME"}, "removed": null}], "cellState": "CHANGED", "date": "2025-08-18", "start": "2025-08-18T17:30", "end": "2025-08-18T20:30", "type": "EVENT"}, {"classID": 700, "schoolID": "6488400", "subject": [{"current": {"type": "SUBJECT", "status": "REGULAR", "shortName": "AL", "longName": "Arbeitslehre", "displayName": "AL", "displayNameLabel": "NAME"}, "removed": null}], "location": [{"current": {"type": "ROOM", "status": "REGULAR", "shortName": "2.013", "longName": "Informatik 2", "displayName": "2.013", "displayNameLabel": "NAME"}, "removed": null}], "teacher": [{"current": {"type": "TEACHER", "status": "REGULAR", "shortName": "Ri", "longName": "Rieger", "displayName": "Ri", "displayNameLabel": "NAME"}, "removed": null}], "cellState": "CANCELLED", "date": "2025-08-18", "start": "2025-08-18T17:30", "end": "2025-08-18T19:00", "type": "NORMAL_TEACHING_PERIOD"}, {"classID": 700, "schoolID": "6488400", "subject": [{"current": {"type": "SUBJECT", "status": "REGULAR", "shortName": "LZ-D", "longName": "LZ-D", "displayName": "LZ-D", "displayNameLabel": "NAME"}, "removed": null}], "location": "", "teacher": [{"current": {"type": "TEACHER", "status": "REGULAR", "shortName": "B\u00f6", "longName": "B\u00f6hlecke", "displayName": "B\u00f6", "displayNameLabel": "NAME"}, "removed": null}], "cellState": "CANCELLED", "date": "2025-08-18", "start": "2025-08-18T19:05", "end": "2025-08-18T20:30", "type": "NORMAL_TEACHING_PERIOD"}, {"classID": 700, "schoolID": "6488400", "subject": [{"current": {"type": "SUBJECT", "status": "REGULAR", "shortName": "LZ-D", "longName": "LZ-D", "displayName": "LZ-D", "displayNameLabel": "NAME"}, "removed": null}], "location": "", "teacher": [{"current": {"type": "TEACHER", "status": "REGULAR", "shortName": "Ri", "longName": "Rieger", "displayName": "Ri", "displayNameLabel": "NAME"}, "removed": null}], "cellState": "CANCELLED", "date": "2025-08-18", "start": "2025-08-18T19:05", "end": "2025-08-18T20:30", "type": "NORMAL_TEACHING_PERIOD"}, {"classID": 700, "schoolID": "6488400", "subject": [{"current": {"type": "SUBJECT", "status": "REGULAR", "shortName": "HpB", "longName": "Historischpolitische Bildung", "displayName": "HpB", "displayNameLabel": "NAME"}, "removed": null}], "location": [{"current": {"type": "ROOM", "status": "REGULAR", "shortName": "1.011", "longName": "Bm", "displayName": "1.011", "displayNameLabel": "NAME"}, "removed": null}], "teacher": [{"current": {"type": "TEACHER", "status": "REGULAR", "shortName": "Bm", "longName": "Bauermann", "displayName": "Bm", "displayNameLabel": "NAME"}, "removed": null}], "cellState": "REGULAR", "date": "2025-08-18", "start": "2025-08-18T20:35", "end": "2025-08-18T22:00", "type": "NORMAL_TEACHING_PERIOD"}, {"classID": 703, "schoolID": "6488400", "subject": "", "location": [{"current": {"type": "ROOM", "status": "ADDED", "shortName": "1.025", "longName": "Sb", "displayName": "1.025", "displayNameLabel": "NAME"}, "removed": null}], "teacher": [{"current": {"type": "TEACHER", "status": "REGULAR", "shortName": "Sb", "longName": "Schwalbach", "displayName": "Sb", "displayNameLabel": "NAME"}, "removed": null}], "cellState": "CHANGED", "date": "2025-08-18", "start": "2025-08-18T17:30", "end": "2025-08-18T19:00", "type": "EVENT"}, {"classID": 703, "schoolID": "6488400", "subject": [{"current": {"type": "SUBJECT", "status": "REGULAR", "shortName": "E", "longName": "Englisch", "displayName": "E", "displayNameLabel": "NAME"}, "removed": null}], "location": [{"current": {"type": "ROOM", "status": "REGULAR", "shortName": "1.017", "longName": "Md", "displayName": "1.017", "displayNameLabel": "NAME"}, "removed": null}], "teacher": [{"current": {"type": "TEACHER", "status": "REGULAR", "shortName": "Md", "longName": "Mead", "displayName": "Md", "displayNameLabel": "NAME"}, "removed": null}], "cellState": "CANCELLED", "date": "2025-08-18", "start": "2025-08-18T17:30", "end": "2025-08-18T19:00", "type": "NORMAL_TEACHING_PERIOD"}, {"classID": 703, "schoolID": "6488400", "subject": "", "location": [{"current": {"type": "ROOM", "status": "ADDED", "shortName": "1.025", "longName": "Sb", "displayName": "1.025", "displayNameLabel": "NAME"}, "removed": null}], "teacher": [{"current": {"type": "TEACHER", "status": "REGULAR", "shortName": "Sb", "longName": "Schwalbach", "displayName": "Sb", "displayNameLabel": "NAME"}, "removed": null}], "cellState": "CHANGED", "date": "2025-08-18", "start": "2025-08-18T19:05", "end": "2025-08-18T20:30", "type": "EVENT"}, {"classID": 703, "schoolID": "6488400", "subject": [{"current": {"type": "SUBJECT", "status": "REGULAR", "shortName": "LZ-D", "longName": "LZ-D", "displayName": "LZ-D", "displayNameLabel": "NAME"}, "removed": null}], "location": "", "teacher": [{"current": {"type": "TEACHER", "status": "REGULAR", "shortName": "Sb", "longName": "Schwalbach", "displayName": "Sb", "displayNameLabel": "NAME"}, "removed": null}], "cellState": "CANCELLED", "date": "2025-08-18", "start": "2025-08-18T19:05", "end": "2025-08-18T20:30", "type": "NORMAL_TEACHING_PERIOD"}, {"classID": 703, "schoolID": "6488400", "subject": [{"current": {"type": "SUBJECT", "status": "REGULAR", "shortName": "LZ-D", "longName": "LZ-D", "displayName": "LZ-D", "displayNameLabel": "NAME"}, "removed": null}], "location": "", "teacher": [{"current": {"type": "TEACHER", "status": "REGULAR", "shortName": "B\u00f6", "longName": "B\u00f6hlecke", "displayName": "B\u00f6", "displayNameLabel": "NAME"}, "removed": null}], "cellState": "CANCELLED", "date": "2025-08-18", "start": "2025-08-18T19:05", "end": "2025-08-18T20:30", "type": "NORMAL_TEACHING_PERIOD"}, {"classID": 703, "schoolID": "6488400", "subject": [{"current": {"type": "SUBJECT", "status": "REGULAR", "shortName": "LZ-D", "longName": "LZ-D", "displayName": "LZ-D", "displayNameLabel": "NAME"}, "removed": null}], "location": "", "teacher": [{"current": {"type": "TEACHER", "status": "REGULAR", "shortName": "Ri", "longName": "Rieger", "displayName": "Ri", "displayNameLabel": "NAME"}, "removed": null}], "cellState": "CANCELLED", "date": "2025-08-18", "start": "2025-08-18T19:05", "end": "2025-08-18T20:30", "type": "NORMAL_TEACHING_PERIOD"}, {"classID": 703, "schoolID": "6488400", "subject": [{"current": {"type": "SUBJECT", "status": "REGULAR", "shortName": "M", "longName": "Mathematik", "displayName": "M", "displayNameLabel": "NAME"}, "removed": null}], "location": [{"current": {"type": "ROOM", "status": "REGULAR", "shortName": "1.019", "longName": "Wm", "displayName": "1.019", "displayNameLabel": "NAME"}, "removed": null}], "teacher": [{"current": {"type": "TEACHER", "status": "REGULAR", "shortName": "Wm", "longName": "Weimann", "displayName": "Wm", "displayNameLabel": "NAME"}, "removed": null}], "cellState": "REGULAR", "date": "2025-08-18", "start": "2025-08-18T20:35", "end": "2025-08-18T22:00", "type": "NORMAL_TEACHING_PERIOD"}, {"classID": 706, "schoolID": "6488400", "subject": "", "location": [{"current": {"type": "ROOM", "status": "ADDED", "shortName": "2.002", "longName": "Chemie 1", "displayName": "2.002", "displayNameLabel": "NAME"}, "removed": null}], "teacher": [{"current": {"type": "TEACHER", "status": "REGULAR", "shortName": "Ro", "longName": "Rothe", "displayName": "Ro", "displayNameLabel": "NAME"}, "removed": null}], "cellState": "CHANGED", "date": "2025-08-18", "start": "2025-08-18T17:30", "end": "2025-08-18T19:00", "type": "EVENT"}, {"classID": 706, "schoolID": "6488400", "subject": [{"current": {"type": "SUBJECT", "status": "REGULAR", "shortName": "E", "longName": "Englisch", "displayName": "E", "displayNameLabel": "NAME"}, "removed": null}], "location": [{"current": {"type": "ROOM", "status": "REGULAR", "shortName": "1.025", "longName": "Sb", "displayName": "1.025", "displayNameLabel": "NAME"}, "removed": null}], "teacher": [{"current": {"type": "TEACHER", "status": "REGULAR", "shortName": "Sb", "longName": "Schwalbach", "displayName": "Sb", "displayNameLabel": "NAME"}, "removed": null}], "cellState": "CANCELLED", "date": "2025-08-18", "start": "2025-08-18T17:30", "end": "2025-08-18T19:00", "type": "NORMAL_TEACHING_PERIOD"}, {"classID": 706, "schoolID": "6488400", "subject": "", "location": [{"current": {"type": "ROOM", "status": "ADDED", "shortName": "1.019", "longName": "Wm", "displayName": "1.019", "displayNameLabel": "NAME"}, "removed": null}], "teacher": [{"current": {"type": "TEACHER", "status": "REGULAR", "shortName": "Wm", "longName": "Weimann", "displayName": "Wm", "displayNameLabel": "NAME"}, "removed": null}], "cellState": "CHANGED", "date": "2025-08-18", "start": "2025-08-18T19:05", "end": "2025-08-18T20:30", "type": "EVENT"}, {"classID": 706, "schoolID": "6488400", "subject": [{"current": {"type": "SUBJECT", "status": "REGULAR", "shortName": "M", "longName": "Mathematik", "displayName": "M", "displayNameLabel": "NAME"}, "removed": null}], "location": [{"current": {"type": "ROOM", "status": "REGULAR", "shortName": "1.019", "longName": "Wm", "displayName": "1.019", "displayNameLabel": "NAME"}, "removed": null}], "teacher": [{"current": {"type": "TEACHER", "status": "REGULAR", "shortName": "Wm", "longName": "Weimann", "displayName": "Wm", "displayNameLabel": "NAME"}, "removed": null}], "cellState": "CANCELLED", "date": "2025-08-18", "start": "2025-08-18T19:05", "end": "2025-08-18T20:30", "type": "NORMAL_TEACHING_PERIOD"}, {"classID": 685, "schoolID": "6488400", "subject": "", "location": [{"current": {"type": "ROOM", "status": "ADDED", "shortName": "1.029", "longName": "Dr\u00f6", "displayName": "1.029", "displayNameLabel": "NAME"}, "removed": null}], "teacher": [{"current": {"type": "TEACHER", "status": "REGULAR", "shortName": "Dr\u00f6", "longName": "Dr\u00f6scher", "displayName": "Dr\u00f6", "displayNameLabel": "NAME"}, "removed": null}], "cellState": "CHANGED", "date": "2025-08-19", "start": "2025-08-19T17:30", "end": "2025-08-19T20:30", "type": "EVENT"}, {"classID": 685, "schoolID": "6488400", "subject": [{"current": {"type": "SUBJECT", "status": "REGULAR", "shortName": "PoWi", "longName": "Politik und Wirtschaft", "displayName": "PoWi", "displayNameLabel": "NAME"}, "removed": null}], "location": [{"current": {"type": "ROOM", "status": "REGULAR", "shortName": "1.013", "longName": "Su", "displayName": "1.013", "displayNameLabel": "NAME"}, "removed": null}], "teacher": [{"current": {"type": "TEACHER", "status": "REGULAR", "shortName": "Su", "longName": "Sulz", "displayName": "Su", "displayNameLabel": "NAME"}, "removed": null}], "cellState": "CANCELLED", "date": "2025-08-19", "start": "2025-08-19T17:30", "end": "2025-08-19T19:00", "type": "NORMAL_TEACHING_PERIOD"}, {"classID": 685, "schoolID": "6488400", "subject": [{"current": {"type": "SUBJECT", "status": "REGULAR", "shortName": "D", "longName": "Deutsch", "displayName": "D", "displayNameLabel": "NAME"}, "removed": null}], "location": [{"current": {"type": "ROOM", "status": "REGULAR", "shortName": "1.011", "longName": "Bm", "displayName": "1.011", "displayNameLabel": "NAME"}, "removed": null}], "teacher": [{"current": {"type": "TEACHER", "status": "REGULAR", "shortName": "Bm", "longName": "Bauermann", "displayName": "Bm", "displayNameLabel": "NAME"}, "removed": null}], "cellState": "CANCELLED", "date": "2025-08-19", "start": "2025-08-19T19:05", "end": "2025-08-19T20:30", "type": "NORMAL_TEACHING_PERIOD"}, {"classID": 685, "schoolID": "6488400", "subject": [{"current": {"type": "SUBJECT", "status": "REGULAR", "shortName": "E", "longName": "Englisch", "displayName": "E", "displayNameLabel": "NAME"}, "removed": null}], "location": [{"current": {"type": "ROOM", "status": "REGULAR", "shortName": "1.017", "longName": "Md", "displayName": "1.017", "displayNameLabel": "NAME"}, "removed": null}], "teacher": [{"current": {"type": "TEACHER", "status": "REGULAR", "shortName": "Md", "longName": "Mead", "displayName": "Md", "displayNameLabel": "NAME"}, "removed": null}], "cellState": "CANCELLED", "date": "2025-08-19", "start": "2025-08-19T20:35", "end": "2025-08-19T22:00", "type": "NORMAL_TEACHING_PERIOD"}, {"classID": 688, "schoolID": "6488400", "subject": [{"current": {"type": "SUBJECT", "status": "REGULAR", "shortName": "E", "longName": "Englisch", "displayName": "E", "displayNameLabel": "NAME"}, "removed": null}], "location": [{"current": {"type": "ROOM", "status": "REGULAR", "shortName": "1.017", "longName": "Md", "displayName": "1.017", "displayNameLabel": "NAME"}, "removed": null}], "teacher": [{"current": {"type": "TEACHER", "status": "REGULAR", "shortName": "Md", "longName": "Mead", "displayName": "Md", "displayNameLabel": "NAME"}, "removed": null}], "cellState": "REGULAR", "date": "2025-08-19", "start": "2025-08-19T17:30", "end": "2025-08-19T19:00", "type": "NORMAL_TEACHING_PERIOD"}, {"classID": 688, "schoolID": "6488400", "subject": [{"current": {"type": "SUBJECT", "status": "REGULAR", "shortName": "PoWi", "longName": "Politik und Wirtschaft", "displayName": "PoWi", "displayNameLabel": "NAME"}, "removed": null}], "location": [{"current": {"type": "ROOM", "status": "REGULAR", "shortName": "1.013", "longName": "Su", "displayName": "1.013", "displayNameLabel": "NAME"}, "removed": null}], "teacher": [{"current": {"type": "TEACHER", "status": "REGULAR", "shortName": "Su", "longName": "Sulz", "displayName": "Su", "displayNameLabel": "NAME"}, "removed": null}], "cellState": "REGULAR", "date": "2025-08-19", "start": "2025-08-19T19:05", "end": "2025-08-19T20:30", "type": "NORMAL_TEACHING_PERIOD"}, {"classID": 688, "schoolID": "6488400", "subject": [{"current": {"type": "SUBJECT", "status": "REGULAR", "shortName": "B", "longName": "Biologie", "displayName": "B", "displayNameLabel": "NAME"}, "removed": null}], "location": [{"current": {"type": "ROOM", "status": "REGULAR", "shortName": "2.048", "longName": "Biologie 1", "displayName": "2.048", "displayNameLabel": "NAME"}, "removed": null}], "teacher": [{"current": {"type": "TEACHER", "status": "REGULAR", "shortName": "Gr", "longName": "Grimm", "displayName": "Gr", "displayNameLabel": "NAME"}, "removed": null}], "cellState": "REGULAR", "date": "2025-08-19", "start": "2025-08-19T20:35", "end": "2025-08-19T22:00", "type": "NORMAL_TEACHING_PERIOD"}, {"classID": 694, "schoolID": "6488400", "subject": "", "location": [{"current": {"type": "ROOM", "status": "ADDED", "shortName": "1.011", "longName": "Bm", "displayName": "1.011", "displayNameLabel": "NAME"}, "removed": null}], "teacher": [{"current": {"type": "TEACHER", "status": "REGULAR", "shortName": "Bm", "longName": "Bauermann", "displayName": "Bm", "displayNameLabel": "NAME"}, "removed": null}], "cellState": "CHANGED", "date": "2025-08-19", "start": "2025-08-19T17:30", "end": "2025-08-19T20:30", "type": "EVENT"}, {"classID": 694, "schoolID": "6488400", "subject": [{"current": {"type": "SUBJECT", "status": "REGULAR", "shortName": "D", "longName": "Deutsch", "displayName": "D", "displayNameLabel": "NAME"}, "removed": null}], "location": [{"current": {"type": "ROOM", "status": "REGULAR", "shortName": "1.027", "longName": "B\u00f6", "displayName": "1.027", "displayNameLabel": "NAME"}, "removed": null}], "teacher": [{"current": {"type": "TEACHER", "status": "REGULAR", "shortName": "B\u00f6", "longName": "B\u00f6hlecke", "displayName": "B\u00f6", "displayNameLabel": "NAME"}, "removed": null}], "cellState": "CANCELLED", "date": "2025-08-19", "start": "2025-08-19T17:30", "end": "2025-08-19T19:00", "type": "NORMAL_TEACHING_PERIOD"}, {"classID": 694, "schoolID": "6488400", "subject": [{"current": {"type": "SUBJECT", "status": "REGULAR", "shortName": "B", "longName": "Biologie", "displayName": "B", "displayNameLabel": "NAME"}, "removed": null}], "location": [{"current": {"type": "ROOM", "status": "REGULAR", "shortName": "2.048", "longName": "Biologie 1", "displayName": "2.048", "displayNameLabel": "NAME"}, "removed": null}], "teacher": [{"current": {"type": "TEACHER", "status": "REGULAR", "shortName": "Gr", "longName": "Grimm", "displayName": "Gr", "displayNameLabel": "NAME"}, "removed": null}], "cellState": "CANCELLED", "date": "2025-08-19", "start": "2025-08-19T19:05", "end": "2025-08-19T20:30", "type": "NORMAL_TEACHING_PERIOD"}, {"classID": 697, "schoolID": "6488400", "subject": "", "location": [{"current": {"type": "ROOM", "status": "ADDED", "shortName": "1.027", "longName": "B\u00f6", "displayName": "1.027", "displayNameLabel": "NAME"}, "removed": null}], "teacher": [{"current": {"type": "TEACHER", "status": "REGULAR", "shortName": "B\u00f6", "longName": "B\u00f6hlecke", "displayName": "B\u00f6", "displayNameLabel": "NAME"}, "removed": null}], "cellState": "CHANGED", "date": "2025-08-19", "start": "2025-08-19T17:30", "end": "2025-08-19T19:00", "type": "EVENT"}, {"classID": 697, "schoolID": "6488400", "subject": [{"current": {"type": "SUBJECT", "status": "REGULAR", "shortName": "B", "longName": "Biologie", "displayName": "B", "displayNameLabel": "NAME"}, "removed": null}], "location": [{"current": {"type": "ROOM", "status": "REGULAR", "shortName": "2.048", "longName": "Biologie 1", "displayName": "2.048", "displayNameLabel": "NAME"}, "removed": null}], "teacher": [{"current": {"type": "TEACHER", "status": "REGULAR", "shortName": "Gr", "longName": "Grimm", "displayName": "Gr", "displayNameLabel": "NAME"}, "removed": null}], "cellState": "CANCELLED", "date": "2025-08-19", "start": "2025-08-19T17:30", "end": "2025-08-19T19:00", "type": "NORMAL_TEACHING_PERIOD"}, {"classID": 697, "schoolID": "6488400", "subject": "", "location": "", "teacher": [{"current": {"type": "TEACHER", "status": "REGULAR", "shortName": "Sb", "longName": "Schwalbach", "displayName": "Sb", "displayNameLabel": "NAME"}, "removed": null}], "cellState": "CHANGED", "date": "2025-08-19", "start": "2025-08-19T19:05", "end": "2025-08-19T20:30", "type": "EVENT"}, {"classID": 697, "schoolID": "6488400", "subject": [{"current": {"type": "SUBJECT", "status": "REGULAR", "shortName": "E", "longName": "Englisch", "displayName": "E", "displayNameLabel": "NAME"}, "removed": null}], "location": [{"current": {"type": "ROOM", "status": "REGULAR", "shortName": "1.025", "longName": "Sb", "displayName": "1.025", "displayNameLabel": "NAME"}, "removed": null}], "teacher": [{"current": {"type": "TEACHER", "status": "REGULAR", "shortName": "Sb", "longName": "Schwalbach", "displayName": "Sb", "displayNameLabel": "NAME"}, "removed": null}], "cellState": "CANCELLED", "date": "2025-08-19", "start": "2025-08-19T19:05", "end": "2025-08-19T20:30", "type": "NORMAL_TEACHING_PERIOD"}, {"classID": 697, "schoolID": "6488400", "subject": [{"current": {"type": "SUBJECT", "status": "REGULAR", "shortName": "D", "longName": "Deutsch", "displayName": "D", "displayNameLabel": "NAME"}, "removed": null}], "location": [{"current": {"type": "ROOM", "status": "REGULAR", "shortName": "1.027", "longName": "B\u00f6", "displayName": "1.027", "displayNameLabel": "NAME"}, "removed": null}], "teacher": [{"current": {"type": "TEACHER", "status": "REGULAR", "shortName": "B\u00f6", "longName": "B\u00f6hlecke", "displayName": "B\u00f6", "displayNameLabel": "NAME"}, "removed": null}], "cellState": "CANCELLED", "date": "2025-08-19", "start": "2025-08-19T20:35", "end": "2025-08-19T22:00", "type": "NORMAL_TEACHING_PERIOD"}, {"classID": 700, "schoolID": "6488400", "subject": "", "location": [{"current": {"type": "ROOM", "status": "ADDED", "shortName": "1.030", "longName": "Gr", "displayName": "1.030", "displayNameLabel": "NAME"}, "removed": null}], "teacher": [{"current": {"type": "TEACHER", "status": "REGULAR", "shortName": "Gr", "longName": "Grimm", "displayName": "Gr", "displayNameLabel": "NAME"}, "removed": null}], "cellState": "CHANGED", "date": "2025-08-19", "start": "2025-08-19T17:30", "end": "2025-08-19T20:30", "type": "EVENT"}, {"classID": 700, "schoolID": "6488400", "subject": [{"current": {"type": "SUBJECT", "status": "REGULAR", "shortName": "HpB", "longName": "Historischpolitische Bildung", "displayName": "HpB", "displayNameLabel": "NAME"}, "removed": null}], "location": [{"current": {"type": "ROOM", "status": "REGULAR", "shortName": "1.011", "longName": "Bm", "displayName": "1.011", "displayNameLabel": "NAME"}, "removed": null}], "teacher": [{"current": {"type": "TEACHER", "status": "REGULAR", "shortName": "Bm", "longName": "Bauermann", "displayName": "Bm", "displayNameLabel": "NAME"}, "removed": null}], "cellState": "CANCELLED", "date": "2025-08-19", "start": "2025-08-19T17:30", "end": "2025-08-19T19:00", "type": "NORMAL_TEACHING_PERIOD"}, {"classID": 700, "schoolID": "6488400", "subject": [{"current": {"type": "SUBJECT", "status": "REGULAR", "shortName": "M", "longName": "Mathematik", "displayName": "M", "displayNameLabel": "NAME"}, "removed": null}], "location": [{"current": {"type": "ROOM", "status": "REGULAR", "shortName": "1.019", "longName": "Wm", "displayName": "1.019", "displayNameLabel": "NAME"}, "removed": null}], "teacher": [{"current": {"type": "TEACHER", "status": "REGULAR", "shortName": "Wm", "longName": "Weimann", "displayName": "Wm", "displayNameLabel": "NAME"}, "removed": null}], "cellState": "CANCELLED", "date": "2025-08-19", "start": "2025-08-19T19:05", "end": "2025-08-19T20:30", "type": "NORMAL_TEACHING_PERIOD"}, {"classID": 703, "schoolID": "6488400", "subject": [{"current": {"type": "SUBJECT", "status": "REGULAR", "shortName": "D", "longName": "Deutsch", "displayName": "D", "displayNameLabel": "NAME"}, "removed": null}], "location": [{"current": {"type": "ROOM", "status": "REGULAR", "shortName": "1.025", "longName": "Sb", "displayName": "1.025", "displayNameLabel": "NAME"}, "removed": null}], "teacher": [{"current": {"type": "TEACHER", "status": "REGULAR", "shortName": "Sb", "longName": "Schwalbach", "displayName": "Sb", "displayNameLabel": "NAME"}, "removed": null}], "cellState": "REGULAR", "date": "2025-08-19", "start": "2025-08-19T17:30", "end": "2025-08-19T19:00", "type": "NORMAL_TEACHING_PERIOD"}, {"classID": 703, "schoolID": "6488400", "subject": [{"current": {"type": "SUBJECT", "status": "REGULAR", "shortName": "E", "longName": "Englisch", "displayName": "E", "displayNameLabel": "NAME"}, "removed": null}], "location": [{"current": {"type": "ROOM", "status": "REGULAR", "shortName": "1.017", "longName": "Md", "displayName": "1.017", "displayNameLabel": "NAME"}, "removed": null}], "teacher": [{"current": {"type": "TEACHER", "status": "REGULAR", "shortName": "Md", "longName": "Mead", "displayName": "Md", "displayNameLabel": "NAME"}, "removed": null}], "cellState": "REGULAR", "date": "2025-08-19", "start": "2025-08-19T19:05", "end": "2025-08-19T20:30", "type": "NORMAL_TEACHING_PERIOD"}, {"classID": 703, "schoolID": "6488400", "subject": [{"current": {"type": "SUBJECT", "status": "REGULAR", "shortName": "M", "longName": "Mathematik", "displayName": "M", "displayNameLabel": "NAME"}, "removed": null}], "location": [{"current": {"type": "ROOM", "status": "REGULAR", "shortName": "1.019", "longName": "Wm", "displayName": "1.019", "displayNameLabel": "NAME"}, "removed": null}], "teacher": [{"current": {"type": "TEACHER", "status": "REGULAR", "shortName": "Wm", "longName": "Weimann", "displayName": "Wm", "displayNameLabel": "NAME"}, "removed": null}], "cellState": "REGULAR", "date": "2025-08-19", "start": "2025-08-19T20:35", "end": "2025-08-19T22:00", "type": "NORMAL_TEACHING_PERIOD"}, {"classID": 706, "schoolID": "6488400", "subject": [{"current": {"type": "SUBJECT", "status": "REGULAR", "shortName": "M", "longName": "Mathematik", "displayName": "M", "displayNameLabel": "NAME"}, "removed": null}], "location": [{"current": {"type": "ROOM", "status": "REGULAR", "shortName": "1.019", "longName": "Wm", "displayName": "1.019", "displayNameLabel": "NAME"}, "removed": null}], "teacher": [{"current": {"type": "TEACHER", "status": "REGULAR", "shortName": "Wm", "longName": "Weimann", "displayName": "Wm", "displayNameLabel": "NAME"}, "removed": null}], "cellState": "REGULAR", "date": "2025-08-19", "start": "2025-08-19T17:30", "end": "2025-08-19T19:00", "type": "NORMAL_TEACHING_PERIOD"}, {"classID": 706, "schoolID": "6488400", "subject": [{"current": {"type": "SUBJECT", "status": "REGULAR", "shortName": "D", "longName": "Deutsch", "displayName": "D", "displayNameLabel": "NAME"}, "removed": null}], "location": [{"current": {"type": "ROOM", "status": "REGULAR", "shortName": "1.027", "longName": "B\u00f6", "displayName": "1.027", "displayNameLabel": "NAME"}, "removed": null}], "teacher": [{"current": {"type": "TEACHER", "status": "REGULAR", "shortName": "B\u00f6", "longName": "B\u00f6hlecke", "displayName": "B\u00f6", "displayNameLabel": "NAME"}, "removed": null}], "cellState": "REGULAR", "date": "2025-08-19", "start": "2025-08-19T19:05", "end": "2025-08-19T20:30", "type": "NORMAL_TEACHING_PERIOD"}, {"classID": 685, "schoolID": "6488400", "subject": "", "location": [{"current": {"type": "ROOM", "status": "ADDED", "shortName": "1.029", "longName": "Dr\u00f6", "displayName": "1.029", "displayNameLabel": "NAME"}, "removed": null}], "teacher": [{"current": {"type": "TEACHER", "status": "REGULAR", "shortName": "Dr\u00f6", "longName": "Dr\u00f6scher", "displayName": "Dr\u00f6", "displayNameLabel": "NAME"}, "removed": null}], "cellState": "CHANGED", "date": "2025-08-20", "start": "2025-08-20T17:30", "end": "2025-08-20T20:30", "type": "EVENT"}, {"classID": 685, "schoolID": "6488400", "subject": [{"current": {"type": "SUBJECT", "status": "REGULAR", "shortName": "F", "longName": "Franz\u00f6sisch", "displayName": "F", "displayNameLabel": "NAME"}, "removed": null}], "location": [{"current": {"type": "ROOM", "status": "REGULAR", "shortName": "1.023", "longName": "Co", "displayName": "1.023", "displayNameLabel": "NAME"}, "removed": null}], "teacher": [{"current": {"type": "TEACHER", "status": "REGULAR", "shortName": "Co", "longName": "Cojan", "displayName": "Co", "displayNameLabel": "NAME"}, "removed": null}], "cellState": "CANCELLED", "date": "2025-08-20", "start": "2025-08-20T17:30", "end": "2025-08-20T19:00", "type": "NORMAL_TEACHING_PERIOD"}, {"classID": 685, "schoolID": "6488400", "subject": [{"current": {"type": "SUBJECT", "status": "REGULAR", "shortName": "B", "longName": "Biologie", "displayName": "B", "displayNameLabel": "NAME"}, "removed": null}], "location": [{"current": {"type": "ROOM", "status": "REGULAR", "shortName": "2.048", "longName": "Biologie 1", "displayName": "2.048", "displayNameLabel": "NAME"}, "removed": null}], "teacher": [{"current": {"type": "TEACHER", "status": "REGULAR", "shortName": "Gr", "longName": "Grimm", "displayName": "Gr", "displayNameLabel": "NAME"}, "removed": null}], "cellState": "CANCELLED", "date": "2025-08-20", "start": "2025-08-20T19:05", "end": "2025-08-20T20:30", "type": "NORMAL_TEACHING_PERIOD"}, {"classID": 685, "schoolID": "6488400", "subject": [{"current": {"type": "SUBJECT", "status": "REGULAR", "shortName": "F", "longName": "Franz\u00f6sisch", "displayName": "F", "displayNameLabel": "NAME"}, "removed": null}], "location": [{"current": {"type": "ROOM", "status": "REGULAR", "shortName": "1.023", "longName": "Co", "displayName": "1.023", "displayNameLabel": "NAME"}, "removed": null}], "teacher": [{"current": {"type": "TEACHER", "status": "REGULAR", "shortName": "Co", "longName": "Cojan", "displayName": "Co", "displayNameLabel": "NAME"}, "removed": null}], "cellState": "CANCELLED", "date": "2025-08-20", "start": "2025-08-20T20:35", "end": "2025-08-20T22:00", "type": "NORMAL_TEACHING_PERIOD"}, {"classID": 688, "schoolID": "6488400", "subject": [{"current": {"type": "SUBJECT", "status": "REGULAR", "shortName": "PoWi", "longName": "Politik und Wirtschaft", "displayName": "PoWi", "displayNameLabel": "NAME"}, "removed": null}], "location": [{"current": {"type": "ROOM", "status": "REGULAR", "shortName": "1.013", "longName": "Su", "displayName": "1.013", "displayNameLabel": "NAME"}, "removed": null}], "teacher": [{"current": {"type": "TEACHER", "status": "REGULAR", "shortName": "Su", "longName": "Sulz", "displayName": "Su", "displayNameLabel": "NAME"}, "removed": null}], "cellState": "REGULAR", "date": "2025-08-20", "start": "2025-08-20T17:30", "end": "2025-08-20T19:00", "type": "NORMAL_TEACHING_PERIOD"}, {"classID": 688, "schoolID": "6488400", "subject": [{"current": {"type": "SUBJECT", "status": "REGULAR", "shortName": "G", "longName": "Geschichte", "displayName": "G", "displayNameLabel": "NAME"}, "removed": null}], "location": [{"current": {"type": "ROOM", "status": "REGULAR", "shortName": "1.011", "longName": "Bm", "displayName": "1.011", "displayNameLabel": "NAME"}, "removed": null}], "teacher": [{"current": {"type": "TEACHER", "status": "REGULAR", "shortName": "Bm", "longName": "Bauermann", "displayName": "Bm", "displayNameLabel": "NAME"}, "removed": null}], "cellState": "REGULAR", "date": "2025-08-20", "start": "2025-08-20T19:05", "end": "2025-08-20T20:30", "type": "NORMAL_TEACHING_PERIOD"}, {"classID": 688, "schoolID": "6488400", "subject": [{"current": {"type": "SUBJECT", "status": "REGULAR", "shortName": "M", "longName": "Mathematik", "displayName": "M", "displayNameLabel": "NAME"}, "removed": null}], "location": [{"current": {"type": "ROOM", "status": "REGULAR", "shortName": "1.026", "longName": "Ro", "displayName": "1.026", "displayNameLabel": "NAME"}, "removed": null}], "teacher": [{"current": {"type": "TEACHER", "status": "REGULAR", "shortName": "Ro", "longName": "Rothe", "displayName": "Ro", "displayNameLabel": "NAME"}, "removed": null}], "cellState": "REGULAR", "date": "2025-08-20", "start": "2025-08-20T20:35", "end": "2025-08-20T22:00", "type": "NORMAL_TEACHING_PERIOD"}, {"classID": 694, "schoolID": "6488400", "subject": "", "location": [{"current": {"type": "ROOM", "status": "ADDED", "shortName": "1.011", "longName": "Bm", "displayName": "1.011", "displayNameLabel": "NAME"}, "removed": null}], "teacher": [{"current": {"type": "TEACHER", "status": "REGULAR", "shortName": "Bm", "longName": "Bauermann", "displayName": "Bm", "displayNameLabel": "NAME"}, "removed": null}], "cellState": "CHANGED", "date": "2025-08-20", "start": "2025-08-20T17:30", "end": "2025-08-20T19:00", "type": "EVENT"}, {"classID": 694, "schoolID": "6488400", "subject": [{"current": {"type": "SUBJECT", "status": "REGULAR", "shortName": "B", "longName": "Biologie", "displayName": "B", "displayNameLabel": "NAME"}, "removed": null}], "location": [{"current": {"type": "ROOM", "status": "REGULAR", "shortName": "2.048", "longName": "Biologie 1", "displayName": "2.048", "displayNameLabel": "NAME"}, "removed": null}], "teacher": [{"current": {"type": "TEACHER", "status": "REGULAR", "shortName": "Gr", "longName": "Grimm", "displayName": "Gr", "displayNameLabel": "NAME"}, "removed": null}], "cellState": "CANCELLED", "date": "2025-08-20", "start": "2025-08-20T17:30", "end": "2025-08-20T19:00", "type": "NORMAL_TEACHING_PERIOD"}, {"classID": 694, "schoolID": "6488400", "subject": "", "location": [{"current": {"type": "ROOM", "status": "ADDED", "shortName": "1.025", "longName": "Sb", "displayName": "1.025", "displayNameLabel": "NAME"}, "removed": null}], "teacher": [{"current": {"type": "TEACHER", "status": "REGULAR", "shortName": "Sb", "longName": "Schwalbach", "displayName": "Sb", "displayNameLabel": "NAME"}, "removed": null}], "cellState": "CHANGED", "date": "2025-08-20", "start": "2025-08-20T19:05", "end": "2025-08-20T20:30", "type": "EVENT"}, {"classID": 694, "schoolID": "6488400", "subject": [{"current": {"type": "SUBJECT", "status": "REGULAR", "shortName": "E", "longName": "Englisch", "displayName": "E", "displayNameLabel": "NAME"}, "removed": null}], "location": [{"current": {"type": "ROOM", "status": "REGULAR", "shortName": "1.025", "longName": "Sb", "displayName": "1.025", "displayNameLabel": "NAME"}, "removed": null}], "teacher": [{"current": {"type": "TEACHER", "status": "REGULAR", "shortName": "Sb", "longName": "Schwalbach", "displayName": "Sb", "displayNameLabel": "NAME"}, "removed": null}], "cellState": "CANCELLED", "date": "2025-08-20", "start": "2025-08-20T19:05", "end": "2025-08-20T20:30", "type": "NORMAL_TEACHING_PERIOD"}, {"classID": 694, "schoolID": "6488400", "subject": [{"current": {"type": "SUBJECT", "status": "REGULAR", "shortName": "D", "longName": "Deutsch", "displayName": "D", "displayNameLabel": "NAME"}, "removed": null}], "location": [{"current": {"type": "ROOM", "status": "REGULAR", "shortName": "1.027", "longName": "B\u00f6", "displayName": "1.027", "displayNameLabel": "NAME"}, "removed": null}], "teacher": [{"current": {"type": "TEACHER", "status": "REGULAR", "shortName": "B\u00f6", "longName": "B\u00f6hlecke", "displayName": "B\u00f6", "displayNameLabel": "NAME"}, "removed": null}], "cellState": "CANCELLED", "date": "2025-08-20", "start": "2025-08-20T20:35", "end": "2025-08-20T22:00", "type": "NORMAL_TEACHING_PERIOD"}, {"classID": 697, "schoolID": "6488400", "subject": "", "location": [{"current": {"type": "ROOM", "status": "ADDED", "shortName": "1.027", "longName": "B\u00f6", "displayName": "1.027", "displayNameLabel": "NAME"}, "removed": null}], "teacher": [{"current": {"type": "TEACHER", "status": "REGULAR", "shortName": "B\u00f6", "longName": "B\u00f6hlecke", "displayName": "B\u00f6", "displayNameLabel": "NAME"}, "removed": null}], "cellState": "CHANGED", "date": "2025-08-20", "start": "2025-08-20T17:30", "end": "2025-08-20T20:30", "type": "EVENT"}, {"classID": 697, "schoolID": "6488400", "subject": [{"current": {"type": "SUBJECT", "status": "REGULAR", "shortName": "HpB", "longName": "Historischpolitische Bildung", "displayName": "HpB", "displayNameLabel": "NAME"}, "removed": null}], "location": [{"current": {"type": "ROOM", "status": "REGULAR", "shortName": "1.011", "longName": "Bm", "displayName": "1.011", "displayNameLabel": "NAME"}, "removed": null}], "teacher": [{"current": {"type": "TEACHER", "status": "REGULAR", "shortName": "Bm", "longName": "Bauermann", "displayName": "Bm", "displayNameLabel": "NAME"}, "removed": null}], "cellState": "CANCELLED", "date": "2025-08-20", "start": "2025-08-20T17:30", "end": "2025-08-20T19:00", "type": "NORMAL_TEACHING_PERIOD"}, {"classID": 697, "schoolID": "6488400", "subject": [{"current": {"type": "SUBJECT", "status": "REGULAR", "shortName": "D", "longName": "Deutsch", "displayName": "D", "displayNameLabel": "NAME"}, "removed": null}], "location": [{"current": {"type": "ROOM", "status": "REGULAR", "shortName": "1.027", "longName": "B\u00f6", "displayName": "1.027", "displayNameLabel": "NAME"}, "removed": null}], "teacher": [{"current": {"type": "TEACHER", "status": "REGULAR", "shortName": "B\u00f6", "longName": "B\u00f6hlecke", "displayName": "B\u00f6", "displayNameLabel": "NAME"}, "removed": null}], "cellState": "CANCELLED", "date": "2025-08-20", "start": "2025-08-20T19:05", "end": "2025-08-20T20:30", "type": "NORMAL_TEACHING_PERIOD"}, {"classID": 700, "schoolID": "6488400", "subject": "", "location": [{"current": {"type": "ROOM", "status": "ADDED", "shortName": "1.031", "longName": "Ri", "displayName": "1.031", "displayNameLabel": "NAME"}, "removed": null}], "teacher": [{"current": {"type": "TEACHER", "status": "REGULAR", "shortName": "Ri", "longName": "Rieger", "displayName": "Ri", "displayNameLabel": "NAME"}, "removed": null}], "cellState": "CHANGED", "date": "2025-08-20", "start": "2025-08-20T17:30", "end": "2025-08-20T19:00", "type": "EVENT"}, {"classID": 700, "schoolID": "6488400", "subject": [{"current": {"type": "SUBJECT", "status": "REGULAR", "shortName": "D", "longName": "Deutsch", "displayName": "D", "displayNameLabel": "NAME"}, "removed": null}], "location": [{"current": {"type": "ROOM", "status": "REGULAR", "shortName": "2.013", "longName": "Informatik 2", "displayName": "2.013", "displayNameLabel": "NAME"}, "removed": null}], "teacher": [{"current": {"type": "TEACHER", "status": "REGULAR", "shortName": "Ri", "longName": "Rieger", "displayName": "Ri", "displayNameLabel": "NAME"}, "removed": null}], "cellState": "CANCELLED", "date": "2025-08-20", "start": "2025-08-20T17:30", "end": "2025-08-20T19:00", "type": "NORMAL_TEACHING_PERIOD"}, {"classID": 700, "schoolID": "6488400", "subject": "", "location": [{"current": {"type": "ROOM", "status": "ADDED", "shortName": "1.023", "longName": "Co", "displayName": "1.023", "displayNameLabel": "NAME"}, "removed": null}], "teacher": "", "cellState": "CHANGED", "date": "2025-08-20", "start": "2025-08-20T19:05", "end": "2025-08-20T20:30", "type": "EVENT"}, {"classID": 700, "schoolID": "6488400", "subject": [{"current": {"type": "SUBJECT", "status": "REGULAR", "shortName": "E", "longName": "Englisch", "displayName": "E", "displayNameLabel": "NAME"}, "removed": null}], "location": [{"current": {"type": "ROOM", "status": "REGULAR", "shortName": "1.023", "longName": "Co", "displayName": "1.023", "displayNameLabel": "NAME"}, "removed": null}], "teacher": [{"current": {"type": "TEACHER", "status": "REGULAR", "shortName": "Co", "longName": "Cojan", "displayName": "Co", "displayNameLabel": "NAME"}, "removed": null}], "cellState": "CANCELLED", "date": "2025-08-20", "start": "2025-08-20T19:05", "end": "2025-08-20T20:30", "type": "NORMAL_TEACHING_PERIOD"}, {"classID": 700, "schoolID": "6488400", "subject": [{"current": {"type": "SUBJECT", "status": "REGULAR", "shortName": "AL", "longName": "Arbeitslehre", "displayName": "AL", "displayNameLabel": "NAME"}, "removed": null}], "location": [{"current": {"type": "ROOM", "status": "REGULAR", "shortName": "2.013", "longName": "Informatik 2", "displayName": "2.013", "displayNameLabel": "NAME"}, "removed": null}], "teacher": [{"current": {"type": "TEACHER", "status": "REGULAR", "shortName": "Ri", "longName": "Rieger", "displayName": "Ri", "displayNameLabel": "NAME"}, "removed": null}], "cellState": "REGULAR", "date": "2025-08-20", "start": "2025-08-20T20:35", "end": "2025-08-20T22:00", "type": "NORMAL_TEACHING_PERIOD"}, {"classID": 703, "schoolID": "6488400", "subject": [{"current": {"type": "SUBJECT", "status": "REGULAR", "shortName": "D", "longName": "Deutsch", "displayName": "D", "displayNameLabel": "NAME"}, "removed": null}], "location": [{"current": {"type": "ROOM", "status": "REGULAR", "shortName": "1.025", "longName": "Sb", "displayName": "1.025", "displayNameLabel": "NAME"}, "removed": null}], "teacher": [{"current": {"type": "TEACHER", "status": "REGULAR", "shortName": "Sb", "longName": "Schwalbach", "displayName": "Sb", "displayNameLabel": "NAME"}, "removed": null}], "cellState": "REGULAR", "date": "2025-08-20", "start": "2025-08-20T17:30", "end": "2025-08-20T19:00", "type": "NORMAL_TEACHING_PERIOD"}, {"classID": 703, "schoolID": "6488400", "subject": [{"current": {"type": "SUBJECT", "status": "REGULAR", "shortName": "AL", "longName": "Arbeitslehre", "displayName": "AL", "displayNameLabel": "NAME"}, "removed": null}], "location": [{"current": {"type": "ROOM", "status": "REGULAR", "shortName": "2.013", "longName": "Informatik 2", "displayName": "2.013", "displayNameLabel": "NAME"}, "removed": null}], "teacher": [{"current": {"type": "TEACHER", "status": "REGULAR", "shortName": "Ri", "longName": "Rieger", "displayName": "Ri", "displayNameLabel": "NAME"}, "removed": null}], "cellState": "REGULAR", "date": "2025-08-20", "start": "2025-08-20T19:05", "end": "2025-08-20T20:30", "type": "NORMAL_TEACHING_PERIOD"}, {"classID": 703, "schoolID": "6488400", "subject": [{"current": {"type": "SUBJECT", "status": "REGULAR", "shortName": "HpB", "longName": "Historischpolitische Bildung", "displayName": "HpB", "displayNameLabel": "NAME"}, "removed": null}], "location": [{"current": {"type": "ROOM", "status": "REGULAR", "shortName": "1.011", "longName": "Bm", "displayName": "1.011", "displayNameLabel": "NAME"}, "removed": null}], "teacher": [{"current": {"type": "TEACHER", "status": "REGULAR", "shortName": "Bm", "longName": "Bauermann", "displayName": "Bm", "displayNameLabel": "NAME"}, "removed": null}], "cellState": "REGULAR", "date": "2025-08-20", "start": "2025-08-20T20:35", "end": "2025-08-20T22:00", "type": "NORMAL_TEACHING_PERIOD"}, {"classID": 706, "schoolID": "6488400", "subject": [{"current": {"type": "SUBJECT", "status": "REGULAR", "shortName": "HpB", "longName": "Historischpolitische Bildung", "displayName": "HpB", "displayNameLabel": "NAME"}, "removed": null}], "location": [{"current": {"type": "ROOM", "status": "ADDED", "shortName": "1.030", "longName": "Gr", "displayName": "1.030", "displayNameLabel": "NAME"}, "removed": {"type": "ROOM", "status": "REMOVED", "shortName": "1.027", "longName": "B\u00f6", "displayName": "1.027", "displayNameLabel": "NAME"}}], "teacher": [{"current": {"type": "TEACHER", "status": "REGULAR", "shortName": "Gr", "longName": "Grimm", "displayName": "Gr", "displayNameLabel": "NAME"}, "removed": null}], "cellState": "ADDITIONAL", "date": "2025-08-20", "start": "2025-08-20T17:30", "end": "2025-08-20T19:00", "type": "ADDITIONAL_PERIOD"}, {"classID": 706, "schoolID": "6488400", "subject": [{"current": {"type": "SUBJECT", "status": "REGULAR", "shortName": "D", "longName": "Deutsch", "displayName": "D", "displayNameLabel": "NAME"}, "removed": null}], "location": [{"current": {"type": "ROOM", "status": "REGULAR", "shortName": "1.027", "longName": "B\u00f6", "displayName": "1.027", "displayNameLabel": "NAME"}, "removed": null}], "teacher": [{"current": {"type": "TEACHER", "status": "REGULAR", "shortName": "B\u00f6", "longName": "B\u00f6hlecke", "displayName": "B\u00f6", "displayNameLabel": "NAME"}, "removed": null}], "cellState": "CANCELLED", "date": "2025-08-20", "start": "2025-08-20T17:30", "end": "2025-08-20T19:00", "type": "NORMAL_TEACHING_PERIOD"}, {"classID": 706, "schoolID": "6488400", "subject": [{"current": {"type": "SUBJECT", "status": "REGULAR", "shortName": "AL", "longName": "Arbeitslehre", "displayName": "AL", "displayNameLabel": "NAME"}, "removed": null}], "location": [{"current": {"type": "ROOM", "status": "REGULAR", "shortName": "2.011", "longName": "Informatik 1", "displayName": "2.011", "displayNameLabel": "NAME"}, "removed": null}], "teacher": [{"current": {"type": "TEACHER", "status": "REGULAR", "shortName": "Su", "longName": "Sulz", "displayName": "Su", "displayNameLabel": "NAME"}, "removed": null}], "cellState": "REGULAR", "date": "2025-08-20", "start": "2025-08-20T19:05", "end": "2025-08-20T20:30", "type": "NORMAL_TEACHING_PERIOD"}, {"classID": 706, "schoolID": "6488400", "subject": [{"current": {"type": "SUBJECT", "status": "REGULAR", "shortName": "HpB", "longName": "Historischpolitische Bildung", "displayName": "HpB", "displayNameLabel": "NAME"}, "removed": null}], "location": [{"current": {"type": "ROOM", "status": "REGULAR", "shortName": "1.030", "longName": "Gr", "displayName": "1.030", "displayNameLabel": "NAME"}, "removed": null}], "teacher": [{"current": {"type": "TEACHER", "status": "REGULAR", "shortName": "Gr", "longName": "Grimm", "displayName": "Gr", "displayNameLabel": "NAME"}, "removed": null}], "cellState": "CANCELLED", "date": "2025-08-20", "start": "2025-08-20T20:35", "end": "2025-08-20T22:00", "type": "NORMAL_TEACHING_PERIOD"}, {"classID": 685, "schoolID": "6488400", "subject": "", "location": [{"current": {"type": "ROOM", "status": "ADDED", "shortName": "1.013", "longName": "Su", "displayName": "1.013", "displayNameLabel": "NAME"}, "removed": null}], "teacher": [{"current": {"type": "TEACHER", "status": "REGULAR", "shortName": "Su", "longName": "Sulz", "displayName": "Su", "displayNameLabel": "NAME"}, "removed": null}], "cellState": "CHANGED", "date": "2025-08-21", "start": "2025-08-21T17:30", "end": "2025-08-21T20:30", "type": "EVENT"}, {"classID": 685, "schoolID": "6488400", "subject": [{"current": {"type": "SUBJECT", "status": "REGULAR", "shortName": "E", "longName": "Englisch", "displayName": "E", "displayNameLabel": "NAME"}, "removed": null}], "location": [{"current": {"type": "ROOM", "status": "REGULAR", "shortName": "1.017", "longName": "Md", "displayName": "1.017", "displayNameLabel": "NAME"}, "removed": null}], "teacher": [{"current": {"type": "TEACHER", "status": "REGULAR", "shortName": "Md", "longName": "Mead", "displayName": "Md", "displayNameLabel": "NAME"}, "removed": null}], "cellState": "CANCELLED", "date": "2025-08-21", "start": "2025-08-21T17:30", "end": "2025-08-21T19:00", "type": "NORMAL_TEACHING_PERIOD"}, {"classID": 685, "schoolID": "6488400", "subject": [{"current": {"type": "SUBJECT", "status": "REGULAR", "shortName": "G", "longName": "Geschichte", "displayName": "G", "displayNameLabel": "NAME"}, "removed": null}], "location": [{"current": {"type": "ROOM", "status": "REGULAR", "shortName": "1.029", "longName": "Dr\u00f6", "displayName": "1.029", "displayNameLabel": "NAME"}, "removed": null}], "teacher": [{"current": {"type": "TEACHER", "status": "REGULAR", "shortName": "Dr\u00f6", "longName": "Dr\u00f6scher", "displayName": "Dr\u00f6", "displayNameLabel": "NAME"}, "removed": null}], "cellState": "CANCELLED", "date": "2025-08-21", "start": "2025-08-21T19:05", "end": "2025-08-21T20:30", "type": "NORMAL_TEACHING_PERIOD"}, {"classID": 685, "schoolID": "6488400", "subject": [{"current": {"type": "SUBJECT", "status": "REGULAR", "shortName": "M", "longName": "Mathematik", "displayName": "M", "displayNameLabel": "NAME"}, "removed": null}], "location": [{"current": {"type": "ROOM", "status": "REGULAR", "shortName": "1.026", "longName": "Ro", "displayName": "1.026", "displayNameLabel": "NAME"}, "removed": null}], "teacher": [{"current": {"type": "TEACHER", "status": "REGULAR", "shortName": "Ro", "longName": "Rothe", "displayName": "Ro", "displayNameLabel": "NAME"}, "removed": null}], "cellState": "CANCELLED", "date": "2025-08-21", "start": "2025-08-21T20:35", "end": "2025-08-21T22:00", "type": "NORMAL_TEACHING_PERIOD"}, {"classID": 688, "schoolID": "6488400", "subject": [{"current": {"type": "SUBJECT", "status": "REGULAR", "shortName": "D", "longName": "Deutsch", "displayName": "D", "displayNameLabel": "NAME"}, "removed": null}], "location": [{"current": {"type": "ROOM", "status": "REGULAR", "shortName": "1.029", "longName": "Dr\u00f6", "displayName": "1.029", "displayNameLabel": "NAME"}, "removed": null}], "teacher": [{"current": {"type": "TEACHER", "status": "REGULAR", "shortName": "Dr\u00f6", "longName": "Dr\u00f6scher", "displayName": "Dr\u00f6", "displayNameLabel": "NAME"}, "removed": null}], "cellState": "REGULAR", "date": "2025-08-21", "start": "2025-08-21T17:30", "end": "2025-08-21T19:00", "type": "NORMAL_TEACHING_PERIOD"}, {"classID": 688, "schoolID": "6488400", "subject": [{"current": {"type": "SUBJECT", "status": "REGULAR", "shortName": "M", "longName": "Mathematik", "displayName": "M", "displayNameLabel": "NAME"}, "removed": null}], "location": [{"current": {"type": "ROOM", "status": "ADDED", "shortName": "1.026", "longName": "Ro", "displayName": "1.026", "displayNameLabel": "NAME"}, "removed": {"type": "ROOM", "status": "REMOVED", "shortName": "1.011", "longName": "Bm", "displayName": "1.011", "displayNameLabel": "NAME"}}], "teacher": [{"current": {"type": "TEACHER", "status": "REGULAR", "shortName": "Ro", "longName": "Rothe", "displayName": "Ro", "displayNameLabel": "NAME"}, "removed": null}], "cellState": "CHANGED", "date": "2025-08-21", "start": "2025-08-21T19:05", "end": "2025-08-21T20:30", "type": "ADDITIONAL_PERIOD"}, {"classID": 688, "schoolID": "6488400", "subject": [{"current": {"type": "SUBJECT", "status": "REGULAR", "shortName": "G", "longName": "Geschichte", "displayName": "G", "displayNameLabel": "NAME"}, "removed": null}], "location": [{"current": {"type": "ROOM", "status": "REGULAR", "shortName": "1.011", "longName": "Bm", "displayName": "1.011", "displayNameLabel": "NAME"}, "removed": null}], "teacher": [{"current": {"type": "TEACHER", "status": "REGULAR", "shortName": "Bm", "longName": "Bauermann", "displayName": "Bm", "displayNameLabel": "NAME"}, "removed": null}], "cellState": "CANCELLED", "date": "2025-08-21", "start": "2025-08-21T19:05", "end": "2025-08-21T20:30", "type": "NORMAL_TEACHING_PERIOD"}, {"classID": 694, "schoolID": "6488400", "subject": "", "location": [{"current": {"type": "ROOM", "status": "ADDED", "shortName": "1.024", "longName": "1.024", "displayName": "1.024", "displayNameLabel": "NAME"}, "removed": null}, {"current": {"type": "ROOM", "status": "ADDED", "shortName": "1.025", "longName": "Sb", "displayName": "1.025", "displayNameLabel": "NAME"}, "removed": null}], "teacher": [{"current": {"type": "TEACHER", "status": "REGULAR", "shortName": "Bm", "longName": "Bauermann", "displayName": "Bm", "displayNameLabel": "NAME"}, "removed": null}, {"current": {"type": "TEACHER", "status": "REGULAR", "shortName": "Sb", "longName": "Schwalbach", "displayName": "Sb", "displayNameLabel": "NAME"}, "removed": null}], "cellState": "CHANGED", "date": "2025-08-21", "start": "2025-08-21T17:30", "end": "2025-08-21T20:30", "type": "EVENT"}, {"classID": 694, "schoolID": "6488400", "subject": [{"current": {"type": "SUBJECT", "status": "REGULAR", "shortName": "HpB", "longName": "Historischpolitische Bildung", "displayName": "HpB", "displayNameLabel": "NAME"}, "removed": null}], "location": [{"current": {"type": "ROOM", "status": "REGULAR", "shortName": "1.011", "longName": "Bm", "displayName": "1.011", "displayNameLabel": "NAME"}, "removed": null}], "teacher": [{"current": {"type": "TEACHER", "status": "REGULAR", "shortName": "Bm", "longName": "Bauermann", "displayName": "Bm", "displayNameLabel": "NAME"}, "removed": null}], "cellState": "CANCELLED", "date": "2025-08-21", "start": "2025-08-21T17:30", "end": "2025-08-21T19:00", "type": "NORMAL_TEACHING_PERIOD"}, {"classID": 694, "schoolID": "6488400", "subject": [{"current": {"type": "SUBJECT", "status": "REGULAR", "shortName": "LZ-E", "longName": "LZ-E", "displayName": "LZ-E", "displayNameLabel": "NAME"}, "removed": null}], "location": "", "teacher": [{"current": {"type": "TEACHER", "status": "ADDED", "shortName": "Md", "longName": "Mead", "displayName": "Md", "displayNameLabel": "NAME"}, "removed": {"type": "TEACHER", "status": "REMOVED", "shortName": "Sb", "longName": "Schwalbach", "displayName": "Sb", "displayNameLabel": "NAME"}}], "cellState": "CHANGED", "date": "2025-08-21", "start": "2025-08-21T19:05", "end": "2025-08-21T20:30", "type": "NORMAL_TEACHING_PERIOD"}, {"classID": 694, "schoolID": "6488400", "subject": [{"current": {"type": "SUBJECT", "status": "REGULAR", "shortName": "LZ-E", "longName": "LZ-E", "displayName": "LZ-E", "displayNameLabel": "NAME"}, "removed": null}], "location": "", "teacher": [{"current": {"type": "TEACHER", "status": "REGULAR", "shortName": "Md", "longName": "Mead", "displayName": "Md", "displayNameLabel": "NAME"}, "removed": null}], "cellState": "CHANGED", "date": "2025-08-21", "start": "2025-08-21T19:05", "end": "2025-08-21T20:30", "type": "NORMAL_TEACHING_PERIOD"}, {"classID": 697, "schoolID": "6488400", "subject": "", "location": [{"current": {"type": "ROOM", "status": "ADDED", "shortName": "1.024", "longName": "1.024", "displayName": "1.024", "displayNameLabel": "NAME"}, "removed": null}, {"current": {"type": "ROOM", "status": "ADDED", "shortName": "1.025", "longName": "Sb", "displayName": "1.025", "displayNameLabel": "NAME"}, "removed": null}], "teacher": [{"current": {"type": "TEACHER", "status": "REGULAR", "shortName": "Bm", "longName": "Bauermann", "displayName": "Bm", "displayNameLabel": "NAME"}, "removed": null}, {"current": {"type": "TEACHER", "status": "REGULAR", "shortName": "Sb", "longName": "Schwalbach", "displayName": "Sb", "displayNameLabel": "NAME"}, "removed": null}], "cellState": "CHANGED", "date": "2025-08-21", "start": "2025-08-21T17:30", "end": "2025-08-21T20:30", "type": "EVENT"}, {"classID": 697, "schoolID": "6488400", "subject": [{"current": {"type": "SUBJECT", "status": "REGULAR", "shortName": "E", "longName": "Englisch", "displayName": "E", "displayNameLabel": "NAME"}, "removed": null}], "location": [{"current": {"type": "ROOM", "status": "REGULAR", "shortName": "1.025", "longName": "Sb", "displayName": "1.025", "displayNameLabel": "NAME"}, "removed": null}], "teacher": [{"current": {"type": "TEACHER", "status": "REGULAR", "shortName": "Sb", "longName": "Schwalbach", "displayName": "Sb", "displayNameLabel": "NAME"}, "removed": null}], "cellState": "CANCELLED", "date": "2025-08-21", "start": "2025-08-21T17:30", "end": "2025-08-21T19:00", "type": "NORMAL_TEACHING_PERIOD"}, {"classID": 697, "schoolID": "6488400", "subject": [{"current": {"type": "SUBJECT", "status": "REGULAR", "shortName": "LZ-E", "longName": "LZ-E", "displayName": "LZ-E", "displayNameLabel": "NAME"}, "removed": null}], "location": "", "teacher": [{"current": {"type": "TEACHER", "status": "ADDED", "shortName": "Md", "longName": "Mead", "displayName": "Md", "displayNameLabel": "NAME"}, "removed": {"type": "TEACHER", "status": "REMOVED", "shortName": "Sb", "longName": "Schwalbach", "displayName": "Sb", "displayNameLabel": "NAME"}}], "cellState": "CHANGED", "date": "2025-08-21", "start": "2025-08-21T19:05", "end": "2025-08-21T20:30", "type": "NORMAL_TEACHING_PERIOD"}, {"classID": 697, "schoolID": "6488400", "subject": [{"current": {"type": "SUBJECT", "status": "REGULAR", "shortName": "LZ-E", "longName": "LZ-E", "displayName": "LZ-E", "displayNameLabel": "NAME"}, "removed": null}], "location": "", "teacher": [{"current": {"type": "TEACHER", "status": "REGULAR", "shortName": "Md", "longName": "Mead", "displayName": "Md", "displayNameLabel": "NAME"}, "removed": null}], "cellState": "CHANGED", "date": "2025-08-21", "start": "2025-08-21T19:05", "end": "2025-08-21T20:30", "type": "NORMAL_TEACHING_PERIOD"}, {"classID": 700, "schoolID": "6488400", "subject": [{"current": {"type": "SUBJECT", "status": "REGULAR", "shortName": "D", "longName": "Deutsch", "displayName": "D", "displayNameLabel": "NAME"}, "removed": null}], "location": [{"current": {"type": "ROOM", "status": "ADDED", "shortName": "1.026", "longName": "Ro", "displayName": "1.026", "displayNameLabel": "NAME"}, "removed": {"type": "ROOM", "status": "REMOVED", "shortName": "2.013", "longName": "Informatik 2", "displayName": "2.013", "displayNameLabel": "NAME"}}], "teacher": [{"current": {"type": "TEACHER", "status": "REGULAR", "shortName": "Ri", "longName": "Rieger", "displayName": "Ri", "displayNameLabel": "NAME"}, "removed": null}], "cellState": "CHANGED", "date": "2025-08-21", "start": "2025-08-21T17:30", "end": "2025-08-21T19:00", "type": "NORMAL_TEACHING_PERIOD"}, {"classID": 700, "schoolID": "6488400", "subject": [{"current": {"type": "SUBJECT", "status": "REGULAR", "shortName": "LZ-E", "longName": "LZ-E", "displayName": "LZ-E", "displayNameLabel": "NAME"}, "removed": null}], "location": "", "teacher": [{"current": {"type": "TEACHER", "status": "ADDED", "shortName": "Md", "longName": "Mead", "displayName": "Md", "displayNameLabel": "NAME"}, "removed": {"type": "TEACHER", "status": "REMOVED", "shortName": "Sb", "longName": "Schwalbach", "displayName": "Sb", "displayNameLabel": "NAME"}}], "cellState": "CHANGED", "date": "2025-08-21", "start": "2025-08-21T19:05", "end": "2025-08-21T20:30", "type": "NORMAL_TEACHING_PERIOD"}, {"classID": 700, "schoolID": "6488400", "subject": [{"current": {"type": "SUBJECT", "status": "REGULAR", "shortName": "LZ-E", "longName": "LZ-E", "displayName": "LZ-E", "displayNameLabel": "NAME"}, "removed": null}], "location": "", "teacher": [{"current": {"type": "TEACHER", "status": "REGULAR", "shortName": "Md", "longName": "Mead", "displayName": "Md", "displayNameLabel": "NAME"}, "removed": null}], "cellState": "CHANGED", "date": "2025-08-21", "start": "2025-08-21T19:05", "end": "2025-08-21T20:30", "type": "NORMAL_TEACHING_PERIOD"}, {"classID": 700, "schoolID": "6488400", "subject": [{"current": {"type": "SUBJECT", "status": "REGULAR", "shortName": "B", "longName": "Biologie", "displayName": "B", "displayNameLabel": "NAME"}, "removed": null}], "location": [{"current": {"type": "ROOM", "status": "REGULAR", "shortName": "2.048", "longName": "Biologie 1", "displayName": "2.048", "displayNameLabel": "NAME"}, "removed": null}], "teacher": [{"current": {"type": "TEACHER", "status": "REGULAR", "shortName": "Gr", "longName": "Grimm", "displayName": "Gr", "displayNameLabel": "NAME"}, "removed": null}], "cellState": "REGULAR", "date": "2025-08-21", "start": "2025-08-21T20:35", "end": "2025-08-21T22:00", "type": "NORMAL_TEACHING_PERIOD"}, {"classID": 703, "schoolID": "6488400", "subject": [{"current": {"type": "SUBJECT", "status": "REGULAR", "shortName": "B", "longName": "Biologie", "displayName": "B", "displayNameLabel": "NAME"}, "removed": null}], "location": [{"current": {"type": "ROOM", "status": "REGULAR", "shortName": "2.048", "longName": "Biologie 1", "displayName": "2.048", "displayNameLabel": "NAME"}, "removed": null}], "teacher": [{"current": {"type": "TEACHER", "status": "REGULAR", "shortName": "Gr", "longName": "Grimm", "displayName": "Gr", "displayNameLabel": "NAME"}, "removed": null}], "cellState": "REGULAR", "date": "2025-08-21", "start": "2025-08-21T17:30", "end": "2025-08-21T19:00", "type": "NORMAL_TEACHING_PERIOD"}, {"classID": 703, "schoolID": "6488400", "subject": [{"current": {"type": "SUBJECT", "status": "REGULAR", "shortName": "LZ-E", "longName": "LZ-E", "displayName": "LZ-E", "displayNameLabel": "NAME"}, "removed": null}], "location": "", "teacher": [{"current": {"type": "TEACHER", "status": "ADDED", "shortName": "Md", "longName": "Mead", "displayName": "Md", "displayNameLabel": "NAME"}, "removed": {"type": "TEACHER", "status": "REMOVED", "shortName": "Sb", "longName": "Schwalbach", "displayName": "Sb", "displayNameLabel": "NAME"}}], "cellState": "CHANGED", "date": "2025-08-21", "start": "2025-08-21T19:05", "end": "2025-08-21T20:30", "type": "NORMAL_TEACHING_PERIOD"}, {"classID": 703, "schoolID": "6488400", "subject": [{"current": {"type": "SUBJECT", "status": "REGULAR", "shortName": "LZ-E", "longName": "LZ-E", "displayName": "LZ-E", "displayNameLabel": "NAME"}, "removed": null}], "location": "", "teacher": [{"current": {"type": "TEACHER", "status": "REGULAR", "shortName": "Md", "longName": "Mead", "displayName": "Md", "displayNameLabel": "NAME"}, "removed": null}], "cellState": "CHANGED", "date": "2025-08-21", "start": "2025-08-21T19:05", "end": "2025-08-21T20:30", "type": "NORMAL_TEACHING_PERIOD"}, {"classID": 703, "schoolID": "6488400", "subject": [{"current": {"type": "SUBJECT", "status": "REGULAR", "shortName": "AL", "longName": "Arbeitslehre", "displayName": "AL", "displayNameLabel": "NAME"}, "removed": null}], "location": [{"current": {"type": "ROOM", "status": "REGULAR", "shortName": "2.013", "longName": "Informatik 2", "displayName": "2.013", "displayNameLabel": "NAME"}, "removed": null}], "teacher": [{"current": {"type": "TEACHER", "status": "REGULAR", "shortName": "Ri", "longName": "Rieger", "displayName": "Ri", "displayNameLabel": "NAME"}, "removed": null}], "cellState": "REGULAR", "date": "2025-08-21", "start": "2025-08-21T20:35", "end": "2025-08-21T22:00", "type": "NORMAL_TEACHING_PERIOD"}, {"classID": 706, "schoolID": "6488400", "subject": [{"current": {"type": "SUBJECT", "status": "REGULAR", "shortName": "Nawi", "longName": "Naturwissenschaftlicher Unterricht", "displayName": "Nawi", "displayNameLabel": "NAME"}, "removed": null}], "location": [{"current": {"type": "ROOM", "status": "REGULAR", "shortName": "2.002", "longName": "Chemie 1", "displayName": "2.002", "displayNameLabel": "NAME"}, "removed": null}], "teacher": [{"current": {"type": "TEACHER", "status": "REGULAR", "shortName": "Ro", "longName": "Rothe", "displayName": "Ro", "displayNameLabel": "NAME"}, "removed": null}], "cellState": "REGULAR", "date": "2025-08-21", "start": "2025-08-21T17:30", "end": "2025-08-21T19:00", "type": "NORMAL_TEACHING_PERIOD"}, {"classID": 706, "schoolID": "6488400", "subject": [{"current": {"type": "SUBJECT", "status": "REGULAR", "shortName": "HpB", "longName": "Historischpolitische Bildung", "displayName": "HpB", "displayNameLabel": "NAME"}, "removed": null}], "location": [{"current": {"type": "ROOM", "status": "REGULAR", "shortName": "1.030", "longName": "Gr", "displayName": "1.030", "displayNameLabel": "NAME"}, "removed": null}], "teacher": [{"current": {"type": "TEACHER", "status": "REGULAR", "shortName": "Gr", "longName": "Grimm", "displayName": "Gr", "displayNameLabel": "NAME"}, "removed": null}], "cellState": "REGULAR", "date": "2025-08-21", "start": "2025-08-21T19:05", "end": "2025-08-21T20:30", "type": "NORMAL_TEACHING_PERIOD"}, {"classID": 685, "schoolID": "6488400", "subject": [{"current": {"type": "SUBJECT", "status": "REGULAR", "shortName": "D", "longName": "Deutsch", "displayName": "D", "displayNameLabel": "NAME"}, "removed": null}], "location": [{"current": {"type": "ROOM", "status": "REGULAR", "shortName": "1.011", "longName": "Bm", "displayName": "1.011", "displayNameLabel": "NAME"}, "removed": null}], "teacher": [{"current": {"type": "TEACHER", "status": "REGULAR", "shortName": "Bm", "longName": "Bauermann", "displayName": "Bm", "displayNameLabel": "NAME"}, "removed": null}], "cellState": "REGULAR", "date": "2025-08-22", "start": "2025-08-22T17:30", "end": "2025-08-22T19:00", "type": "NORMAL_TEACHING_PERIOD"}, {"classID": 685, "schoolID": "6488400", "subject": [{"current": {"type": "SUBJECT", "status": "REGULAR", "shortName": "F", "longName": "Franz\u00f6sisch", "displayName": "F", "displayNameLabel": "NAME"}, "removed": null}], "location": [{"current": {"type": "ROOM", "status": "REGULAR", "shortName": "1.023", "longName": "Co", "displayName": "1.023", "displayNameLabel": "NAME"}, "removed": null}], "teacher": [{"current": {"type": "TEACHER", "status": "REGULAR", "shortName": "Co", "longName": "Cojan", "displayName": "Co", "displayNameLabel": "NAME"}, "removed": null}], "cellState": "REGULAR", "date": "2025-08-22", "start": "2025-08-22T19:05", "end": "2025-08-22T20:30", "type": "NORMAL_TEACHING_PERIOD"}, {"classID": 688, "schoolID": "6488400", "subject": [{"current": {"type": "SUBJECT", "status": "REGULAR", "shortName": "M", "longName": "Mathematik", "displayName": "M", "displayNameLabel": "NAME"}, "removed": null}], "location": [{"current": {"type": "ROOM", "status": "REGULAR", "shortName": "1.026", "longName": "Ro", "displayName": "1.026", "displayNameLabel": "NAME"}, "removed": null}], "teacher": [{"current": {"type": "TEACHER", "status": "REGULAR", "shortName": "Ro", "longName": "Rothe", "displayName": "Ro", "displayNameLabel": "NAME"}, "removed": null}], "cellState": "REGULAR", "date": "2025-08-22", "start": "2025-08-22T17:30", "end": "2025-08-22T19:00", "type": "NORMAL_TEACHING_PERIOD"}, {"classID": 688, "schoolID": "6488400", "subject": [{"current": {"type": "SUBJECT", "status": "REGULAR", "shortName": "B", "longName": "Biologie", "displayName": "B", "displayNameLabel": "NAME"}, "removed": null}], "location": [{"current": {"type": "ROOM", "status": "REGULAR", "shortName": "2.048", "longName": "Biologie 1", "displayName": "2.048", "displayNameLabel": "NAME"}, "removed": null}], "teacher": [{"current": {"type": "TEACHER", "status": "REGULAR", "shortName": "Gr", "longName": "Grimm", "displayName": "Gr", "displayNameLabel": "NAME"}, "removed": null}], "cellState": "REGULAR", "date": "2025-08-22", "start": "2025-08-22T19:05", "end": "2025-08-22T20:30", "type": "NORMAL_TEACHING_PERIOD"}, {"classID": 694, "schoolID": "6488400", "subject": [{"current": {"type": "SUBJECT", "status": "REGULAR", "shortName": "E", "longName": "Englisch", "displayName": "E", "displayNameLabel": "NAME"}, "removed": null}], "location": [{"current": {"type": "ROOM", "status": "REGULAR", "shortName": "1.025", "longName": "Sb", "displayName": "1.025", "displayNameLabel": "NAME"}, "removed": null}], "teacher": [{"current": {"type": "TEACHER", "status": "REGULAR", "shortName": "Sb", "longName": "Schwalbach", "displayName": "Sb", "displayNameLabel": "NAME"}, "removed": null}], "cellState": "REGULAR", "date": "2025-08-22", "start": "2025-08-22T17:30", "end": "2025-08-22T19:00", "type": "NORMAL_TEACHING_PERIOD"}, {"classID": 694, "schoolID": "6488400", "subject": [{"current": {"type": "SUBJECT", "status": "REGULAR", "shortName": "M", "longName": "Mathematik", "displayName": "M", "displayNameLabel": "NAME"}, "removed": null}], "location": [{"current": {"type": "ROOM", "status": "REGULAR", "shortName": "1.027", "longName": "B\u00f6", "displayName": "1.027", "displayNameLabel": "NAME"}, "removed": null}], "teacher": [{"current": {"type": "TEACHER", "status": "REGULAR", "shortName": "B\u00f6", "longName": "B\u00f6hlecke", "displayName": "B\u00f6", "displayNameLabel": "NAME"}, "removed": null}], "cellState": "REGULAR", "date": "2025-08-22", "start": "2025-08-22T19:05", "end": "2025-08-22T20:30", "type": "NORMAL_TEACHING_PERIOD"}, {"classID": 697, "schoolID": "6488400", "subject": [{"current": {"type": "SUBJECT", "status": "REGULAR", "shortName": "M", "longName": "Mathematik", "displayName": "M", "displayNameLabel": "NAME"}, "removed": null}], "location": [{"current": {"type": "ROOM", "status": "REGULAR", "shortName": "1.027", "longName": "B\u00f6", "displayName": "1.027", "displayNameLabel": "NAME"}, "removed": null}], "teacher": [{"current": {"type": "TEACHER", "status": "REGULAR", "shortName": "B\u00f6", "longName": "B\u00f6hlecke", "displayName": "B\u00f6", "displayNameLabel": "NAME"}, "removed": null}], "cellState": "REGULAR", "date": "2025-08-22", "start": "2025-08-22T17:30", "end": "2025-08-22T19:00", "type": "NORMAL_TEACHING_PERIOD"}, {"classID": 697, "schoolID": "6488400", "subject": [{"current": {"type": "SUBJECT", "status": "REGULAR", "shortName": "HpB", "longName": "Historischpolitische Bildung", "displayName": "HpB", "displayNameLabel": "NAME"}, "removed": null}], "location": [{"current": {"type": "ROOM", "status": "REGULAR", "shortName": "1.011", "longName": "Bm", "displayName": "1.011", "displayNameLabel": "NAME"}, "removed": null}], "teacher": [{"current": {"type": "TEACHER", "status": "REGULAR", "shortName": "Bm", "longName": "Bauermann", "displayName": "Bm", "displayNameLabel": "NAME"}, "removed": null}], "cellState": "REGULAR", "date": "2025-08-22", "start": "2025-08-22T19:05", "end": "2025-08-22T20:30", "type": "NORMAL_TEACHING_PERIOD"}, {"classID": 700, "schoolID": "6488400", "subject": [{"current": {"type": "SUBJECT", "status": "REGULAR", "shortName": "E", "longName": "Englisch", "displayName": "E", "displayNameLabel": "NAME"}, "removed": null}], "location": [{"current": {"type": "ROOM", "status": "REGULAR", "shortName": "1.023", "longName": "Co", "displayName": "1.023", "displayNameLabel": "NAME"}, "removed": null}], "teacher": [{"current": {"type": "TEACHER", "status": "REGULAR", "shortName": "Co", "longName": "Cojan", "displayName": "Co", "displayNameLabel": "NAME"}, "removed": null}], "cellState": "REGULAR", "date": "2025-08-22", "start": "2025-08-22T17:30", "end": "2025-08-22T19:00", "type": "NORMAL_TEACHING_PERIOD"}, {"classID": 700, "schoolID": "6488400", "subject": [{"current": {"type": "SUBJECT", "status": "REGULAR", "shortName": "M", "longName": "Mathematik", "displayName": "M", "displayNameLabel": "NAME"}, "removed": null}], "location": [{"current": {"type": "ROOM", "status": "REGULAR", "shortName": "1.019", "longName": "Wm", "displayName": "1.019", "displayNameLabel": "NAME"}, "removed": null}], "teacher": [{"current": {"type": "TEACHER", "status": "REGULAR", "shortName": "Wm", "longName": "Weimann", "displayName": "Wm", "displayNameLabel": "NAME"}, "removed": null}], "cellState": "REGULAR", "date": "2025-08-22", "start": "2025-08-22T19:05", "end": "2025-08-22T20:30", "type": "NORMAL_TEACHING_PERIOD"}, {"classID": 703, "schoolID": "6488400", "subject": [{"current": {"type": "SUBJECT", "status": "REGULAR", "shortName": "M", "longName": "Mathematik", "displayName": "M", "displayNameLabel": "NAME"}, "removed": null}], "location": [{"current": {"type": "ROOM", "status": "REGULAR", "shortName": "1.019", "longName": "Wm", "displayName": "1.019", "displayNameLabel": "NAME"}, "removed": null}], "teacher": [{"current": {"type": "TEACHER", "status": "REGULAR", "shortName": "Wm", "longName": "Weimann", "displayName": "Wm", "displayNameLabel": "NAME"}, "removed": null}], "cellState": "REGULAR", "date": "2025-08-22", "start": "2025-08-22T17:30", "end": "2025-08-22T19:00", "type": "NORMAL_TEACHING_PERIOD"}, {"classID": 703, "schoolID": "6488400", "subject": [{"current": {"type": "SUBJECT", "status": "REGULAR", "shortName": "C", "longName": "Chemie", "displayName": "C", "displayNameLabel": "NAME"}, "removed": null}], "location": [{"current": {"type": "ROOM", "status": "REGULAR", "shortName": "2.002", "longName": "Chemie 1", "displayName": "2.002", "displayNameLabel": "NAME"}, "removed": null}], "teacher": [{"current": {"type": "TEACHER", "status": "REGULAR", "shortName": "Ro", "longName": "Rothe", "displayName": "Ro", "displayNameLabel": "NAME"}, "removed": null}], "cellState": "REGULAR", "date": "2025-08-22", "start": "2025-08-22T19:05", "end": "2025-08-22T20:30", "type": "NORMAL_TEACHING_PERIOD"}, {"classID": 706, "schoolID": "6488400", "subject": [{"current": {"type": "SUBJECT", "status": "REGULAR", "shortName": "Nawi", "longName": "Naturwissenschaftlicher Unterricht", "displayName": "Nawi", "displayNameLabel": "NAME"}, "removed": null}], "location": [{"current": {"type": "ROOM", "status": "REGULAR", "shortName": "2.048", "longName": "Biologie 1", "displayName": "2.048", "displayNameLabel": "NAME"}, "removed": null}], "teacher": [{"current": {"type": "TEACHER", "status": "REGULAR", "shortName": "Gr", "longName": "Grimm", "displayName": "Gr", "displayNameLabel": "NAME"}, "removed": null}], "cellState": "REGULAR", "date": "2025-08-22", "start": "2025-08-22T17:30", "end": "2025-08-22T19:00", "type": "NORMAL_TEACHING_PERIOD"}, {"classID": 706, "schoolID": "6488400", "subject": [{"current": {"type": "SUBJECT", "status": "REGULAR", "shortName": "E", "longName": "Englisch", "displayName": "E", "displayNameLabel": "NAME"}, "removed": null}], "location": [{"current": {"type": "ROOM", "status": "REGULAR", "shortName": "1.025", "longName": "Sb", "displayName": "1.025", "displayNameLabel": "NAME"}, "removed": null}], "teacher": [{"current": {"type": "TEACHER", "status": "REGULAR", "shortName": "Sb", "longName": "Schwalbach", "displayName": "Sb", "displayNameLabel": "NAME"}, "removed": null}], "cellState": "REGULAR", "date": "2025-08-22", "start": "2025-08-22T19:05", "end": "2025-08-22T20:30", "type": "NORMAL_TEACHING_PERIOD"}]