[{"classID": 1126, "schoolID": "2248000", "subject": [{"current": {"type": "SUBJECT", "status": "REGULAR", "shortName": "AUT", "longName": "Automatisierungstechnik (E)", "displayName": "AUT", "displayNameLabel": "NAME"}, "removed": null}], "location": [{"current": {"type": "ROOM", "status": "REGULAR", "shortName": "107", "longName": "107 -1 Etage -", "displayName": "107", "displayNameLabel": "NAME"}, "removed": null}], "teacher": [{"current": {"type": "TEACHER", "status": "REGULAR", "shortName": "IBRA", "longName": "Ibrahim", "displayName": "IBRA", "displayNameLabel": "NAME"}, "removed": null}], "cellState": "REGULAR", "date": "2025-08-25", "start": "2025-08-25T18:00", "end": "2025-08-25T21:15", "type": "NORMAL_TEACHING_PERIOD"}, {"classID": 1120, "schoolID": "2248000", "subject": [{"current": {"type": "SUBJECT", "status": "REGULAR", "shortName": "AUT -M", "longName": "Automatisierungstechnik (M)", "displayName": "AUT -M", "displayNameLabel": "NAME"}, "removed": null}], "location": [{"current": {"type": "ROOM", "status": "REGULAR", "shortName": "108", "longName": "108 -1 Etage -", "displayName": "108", "displayNameLabel": "NAME"}, "removed": null}], "teacher": [{"current": {"type": "TEACHER", "status": "REGULAR", "shortName": "LUET", "longName": "L\u00fctzen", "displayName": "LUET", "displayNameLabel": "NAME"}, "removed": null}], "cellState": "REGULAR", "date": "2025-08-25", "start": "2025-08-25T18:00", "end": "2025-08-25T21:15", "type": "NORMAL_TEACHING_PERIOD"}, {"classID": 1108, "schoolID": "2248000", "subject": [{"current": {"type": "SUBJECT", "status": "REGULAR", "shortName": "LF6 KON", "longName": "LF6 KON", "displayName": "LF6 KON", "displayNameLabel": "NAME"}, "removed": null}], "location": [{"current": {"type": "ROOM", "status": "REGULAR", "shortName": "108", "longName": "108 -1 Etage -", "displayName": "108", "displayNameLabel": "NAME"}, "removed": null}], "teacher": [{"current": {"type": "TEACHER", "status": "REGULAR", "shortName": "GROE", "longName": "Groer", "displayName": "GROE", "displayNameLabel": "NAME"}, "removed": null}], "cellState": "REGULAR", "date": "2025-08-25", "start": "2025-08-25T09:45", "end": "2025-08-25T11:15", "type": "NORMAL_TEACHING_PERIOD"}, {"classID": 1108, "schoolID": "2248000", "subject": [{"current": {"type": "SUBJECT", "status": "REGULAR", "shortName": "LF6 KON", "longName": "LF6 KON", "displayName": "LF6 KON", "displayNameLabel": "NAME"}, "removed": null}], "location": [{"current": {"type": "ROOM", "status": "REGULAR", "shortName": "108", "longName": "108 -1 Etage -", "displayName": "108", "displayNameLabel": "NAME"}, "removed": null}], "teacher": [{"current": {"type": "TEACHER", "status": "REGULAR", "shortName": "GROE", "longName": "Groer", "displayName": "GROE", "displayNameLabel": "NAME"}, "removed": null}], "cellState": "REGULAR", "date": "2025-08-25", "start": "2025-08-25T11:45", "end": "2025-08-25T13:15", "type": "NORMAL_TEACHING_PERIOD"}, {"classID": 1149, "schoolID": "2248000", "subject": [{"current": {"type": "SUBJECT", "status": "REGULAR", "shortName": "MAT", "longName": "Mathematik", "displayName": "MAT", "displayNameLabel": "NAME"}, "removed": null}], "location": [{"current": {"type": "ROOM", "status": "REGULAR", "shortName": "106", "longName": "106 -1 Etage -", "displayName": "106", "displayNameLabel": "NAME"}, "removed": null}], "teacher": [{"current": {"type": "TEACHER", "status": "REGULAR", "shortName": "VOSS", "longName": "Voss", "displayName": "VOSS", "displayNameLabel": "NAME"}, "removed": null}], "cellState": "REGULAR", "date": "2025-08-25", "start": "2025-08-25T18:00", "end": "2025-08-25T21:15", "type": "NORMAL_TEACHING_PERIOD"}, {"classID": 1126, "schoolID": "2248000", "subject": [{"current": {"type": "SUBJECT", "status": "REGULAR", "shortName": "ESY -GRD", "longName": "ESY Grundlagen", "displayName": "ESY -GRD", "displayNameLabel": "NAME"}, "removed": null}], "location": [{"current": {"type": "ROOM", "status": "REGULAR", "shortName": "107", "longName": "107 -1 Etage -", "displayName": "107", "displayNameLabel": "NAME"}, "removed": null}], "teacher": [{"current": {"type": "TEACHER", "status": "REGULAR", "shortName": "SAMM", "longName": "Samm", "displayName": "SAMM", "displayNameLabel": "NAME"}, "removed": null}], "cellState": "REGULAR", "date": "2025-08-26", "start": "2025-08-26T18:00", "end": "2025-08-26T21:15", "type": "NORMAL_TEACHING_PERIOD"}, {"classID": 1111, "schoolID": "2248000", "subject": [{"current": {"type": "SUBJECT", "status": "REGULAR", "shortName": "LF7_BST", "longName": "LF7_BST", "displayName": "LF7_BST", "displayNameLabel": "NAME"}, "removed": null}], "location": [{"current": {"type": "ROOM", "status": "REGULAR", "shortName": "104", "longName": "104 -1 Etage -", "displayName": "104", "displayNameLabel": "NAME"}, "removed": null}], "teacher": [{"current": {"type": "TEACHER", "status": "REGULAR", "shortName": "JANS", "longName": "Jan\u00dfen", "displayName": "JANS", "displayNameLabel": "NAME"}, "removed": null}], "cellState": "REGULAR", "date": "2025-08-26", "start": "2025-08-26T08:00", "end": "2025-08-26T11:15", "type": "NORMAL_TEACHING_PERIOD"}, {"classID": 1111, "schoolID": "2248000", "subject": [{"current": {"type": "SUBJECT", "status": "REGULAR", "shortName": "S-M", "longName": "St\u00fctzkurs Mathematik", "displayName": "S-M", "displayNameLabel": "NAME"}, "removed": null}], "location": [{"current": {"type": "ROOM", "status": "REGULAR", "shortName": "104", "longName": "104 -1 Etage -", "displayName": "104", "displayNameLabel": "NAME"}, "removed": null}], "teacher": [{"current": {"type": "TEACHER", "status": "REGULAR", "shortName": "ROHN", "longName": "Rohlfs", "displayName": "ROHN", "displayNameLabel": "NAME"}, "removed": null}], "cellState": "REGULAR", "date": "2025-08-26", "start": "2025-08-26T11:45", "end": "2025-08-26T13:15", "type": "NORMAL_TEACHING_PERIOD"}, {"classID": 1108, "schoolID": "2248000", "subject": [{"current": {"type": "SUBJECT", "status": "REGULAR", "shortName": "MAT", "longName": "Mathematik", "displayName": "MAT", "displayNameLabel": "NAME"}, "removed": null}], "location": [{"current": {"type": "ROOM", "status": "REGULAR", "shortName": "108", "longName": "108 -1 Etage -", "displayName": "108", "displayNameLabel": "NAME"}, "removed": null}], "teacher": [{"current": {"type": "TEACHER", "status": "REGULAR", "shortName": "ROHN", "longName": "Rohlfs", "displayName": "ROHN", "displayNameLabel": "NAME"}, "removed": null}], "cellState": "REGULAR", "date": "2025-08-26", "start": "2025-08-26T08:00", "end": "2025-08-26T11:15", "type": "NORMAL_TEACHING_PERIOD"}, {"classID": 1149, "schoolID": "2248000", "subject": [{"current": {"type": "SUBJECT", "status": "REGULAR", "shortName": "MAT", "longName": "Mathematik", "displayName": "MAT", "displayNameLabel": "NAME"}, "removed": null}], "location": [{"current": {"type": "ROOM", "status": "REGULAR", "shortName": "106", "longName": "106 -1 Etage -", "displayName": "106", "displayNameLabel": "NAME"}, "removed": null}], "teacher": [{"current": {"type": "TEACHER", "status": "REGULAR", "shortName": "VOSS", "longName": "Voss", "displayName": "VOSS", "displayNameLabel": "NAME"}, "removed": null}], "cellState": "REGULAR", "date": "2025-08-26", "start": "2025-08-26T18:00", "end": "2025-08-26T21:15", "type": "NORMAL_TEACHING_PERIOD"}, {"classID": 1126, "schoolID": "2248000", "subject": [{"current": {"type": "SUBJECT", "status": "REGULAR", "shortName": "ESY -NET", "longName": "ESY Netzwerke", "displayName": "ESY -NET", "displayNameLabel": "NAME"}, "removed": null}], "location": [{"current": {"type": "ROOM", "status": "REGULAR", "shortName": "107", "longName": "107 -1 Etage -", "displayName": "107", "displayNameLabel": "NAME"}, "removed": null}], "teacher": [{"current": {"type": "TEACHER", "status": "REGULAR", "shortName": "KOSS", "longName": "Kossow", "displayName": "KOSS", "displayNameLabel": "NAME"}, "removed": null}], "cellState": "REGULAR", "date": "2025-08-27", "start": "2025-08-27T18:00", "end": "2025-08-27T21:15", "type": "NORMAL_TEACHING_PERIOD"}, {"classID": 1111, "schoolID": "2248000", "subject": [{"current": {"type": "SUBJECT", "status": "REGULAR", "shortName": "LF1_SBB", "longName": "Lernfeld 1 - Ein Grundst\u00fcck erschlie\u00dfen", "displayName": "LF1_SBB", "displayNameLabel": "NAME"}, "removed": null}], "location": [{"current": {"type": "ROOM", "status": "REGULAR", "shortName": "104", "longName": "104 -1 Etage -", "displayName": "104", "displayNameLabel": "NAME"}, "removed": null}], "teacher": [{"current": {"type": "TEACHER", "status": "REGULAR", "shortName": "ELBE", "longName": "Elberding", "displayName": "ELBE", "displayNameLabel": "NAME"}, "removed": null}], "cellState": "REGULAR", "date": "2025-08-27", "start": "2025-08-27T08:00", "end": "2025-08-27T11:15", "type": "NORMAL_TEACHING_PERIOD"}, {"classID": 1111, "schoolID": "2248000", "subject": [{"current": {"type": "SUBJECT", "status": "REGULAR", "shortName": "S-M", "longName": "St\u00fctzkurs Mathematik", "displayName": "S-M", "displayNameLabel": "NAME"}, "removed": null}], "location": [{"current": {"type": "ROOM", "status": "REGULAR", "shortName": "104", "longName": "104 -1 Etage -", "displayName": "104", "displayNameLabel": "NAME"}, "removed": null}], "teacher": [{"current": {"type": "TEACHER", "status": "REGULAR", "shortName": "ROHN", "longName": "Rohlfs", "displayName": "ROHN", "displayNameLabel": "NAME"}, "removed": null}], "cellState": "REGULAR", "date": "2025-08-27", "start": "2025-08-27T11:45", "end": "2025-08-27T13:15", "type": "NORMAL_TEACHING_PERIOD"}, {"classID": 1108, "schoolID": "2248000", "subject": [{"current": {"type": "SUBJECT", "status": "REGULAR", "shortName": "MAT", "longName": "Mathematik", "displayName": "MAT", "displayNameLabel": "NAME"}, "removed": null}], "location": [{"current": {"type": "ROOM", "status": "REGULAR", "shortName": "108", "longName": "108 -1 Etage -", "displayName": "108", "displayNameLabel": "NAME"}, "removed": null}], "teacher": [{"current": {"type": "TEACHER", "status": "REGULAR", "shortName": "ROHN", "longName": "Rohlfs", "displayName": "ROHN", "displayNameLabel": "NAME"}, "removed": null}], "cellState": "REGULAR", "date": "2025-08-27", "start": "2025-08-27T08:00", "end": "2025-08-27T11:15", "type": "NORMAL_TEACHING_PERIOD"}, {"classID": 1108, "schoolID": "2248000", "subject": [{"current": {"type": "SUBJECT", "status": "REGULAR", "shortName": "LF6 KON", "longName": "LF6 KON", "displayName": "LF6 KON", "displayNameLabel": "NAME"}, "removed": null}], "location": [{"current": {"type": "ROOM", "status": "REGULAR", "shortName": "108", "longName": "108 -1 Etage -", "displayName": "108", "displayNameLabel": "NAME"}, "removed": null}], "teacher": [{"current": {"type": "TEACHER", "status": "REGULAR", "shortName": "GROE", "longName": "Groer", "displayName": "GROE", "displayNameLabel": "NAME"}, "removed": null}], "cellState": "REGULAR", "date": "2025-08-27", "start": "2025-08-27T11:45", "end": "2025-08-27T15:00", "type": "NORMAL_TEACHING_PERIOD"}, {"classID": 1149, "schoolID": "2248000", "subject": [{"current": {"type": "SUBJECT", "status": "REGULAR", "shortName": "MAT", "longName": "Mathematik", "displayName": "MAT", "displayNameLabel": "NAME"}, "removed": null}], "location": [{"current": {"type": "ROOM", "status": "REGULAR", "shortName": "A-H", "longName": "Au\u00dfer Haus", "displayName": "A-H", "displayNameLabel": "NAME"}, "removed": null}], "teacher": [{"current": {"type": "TEACHER", "status": "REGULAR", "shortName": "VOSS", "longName": "Voss", "displayName": "VOSS", "displayNameLabel": "NAME"}, "removed": null}], "cellState": "REGULAR", "date": "2025-08-27", "start": "2025-08-27T18:00", "end": "2025-08-27T21:15", "type": "NORMAL_TEACHING_PERIOD"}, {"classID": 1126, "schoolID": "2248000", "subject": [{"current": {"type": "SUBJECT", "status": "REGULAR", "shortName": "EAE", "longName": "Energie- und Antriebselektronik", "displayName": "EAE", "displayNameLabel": "NAME"}, "removed": null}], "location": [{"current": {"type": "ROOM", "status": "REGULAR", "shortName": "107", "longName": "107 -1 Etage -", "displayName": "107", "displayNameLabel": "NAME"}, "removed": null}], "teacher": [{"current": {"type": "TEACHER", "status": "REGULAR", "shortName": "SZIL", "longName": "Szillus", "displayName": "SZIL", "displayNameLabel": "NAME"}, "removed": null}], "cellState": "REGULAR", "date": "2025-08-28", "start": "2025-08-28T18:00", "end": "2025-08-28T21:15", "type": "NORMAL_TEACHING_PERIOD"}, {"classID": 1111, "schoolID": "2248000", "subject": [{"current": {"type": "SUBJECT", "status": "REGULAR", "shortName": "LF2_BST", "longName": "Lernfeld 2 - Ein Bauwerk gr\u00fcnden", "displayName": "LF2_BST", "displayNameLabel": "NAME"}, "removed": null}], "location": [{"current": {"type": "ROOM", "status": "REGULAR", "shortName": "104", "longName": "104 -1 Etage -", "displayName": "104", "displayNameLabel": "NAME"}, "removed": null}], "teacher": [{"current": {"type": "TEACHER", "status": "REGULAR", "shortName": "ELBE", "longName": "Elberding", "displayName": "ELBE", "displayNameLabel": "NAME"}, "removed": null}], "cellState": "REGULAR", "date": "2025-08-28", "start": "2025-08-28T08:00", "end": "2025-08-28T11:15", "type": "NORMAL_TEACHING_PERIOD"}, {"classID": 1111, "schoolID": "2248000", "subject": [{"current": {"type": "SUBJECT", "status": "REGULAR", "shortName": "S-M", "longName": "St\u00fctzkurs Mathematik", "displayName": "S-M", "displayNameLabel": "NAME"}, "removed": null}], "location": [{"current": {"type": "ROOM", "status": "REGULAR", "shortName": "104", "longName": "104 -1 Etage -", "displayName": "104", "displayNameLabel": "NAME"}, "removed": null}], "teacher": [{"current": {"type": "TEACHER", "status": "REGULAR", "shortName": "ROHN", "longName": "Rohlfs", "displayName": "ROHN", "displayNameLabel": "NAME"}, "removed": null}], "cellState": "REGULAR", "date": "2025-08-28", "start": "2025-08-28T11:45", "end": "2025-08-28T13:15", "type": "NORMAL_TEACHING_PERIOD"}, {"classID": 1108, "schoolID": "2248000", "subject": [{"current": {"type": "SUBJECT", "status": "REGULAR", "shortName": "MAT", "longName": "Mathematik", "displayName": "MAT", "displayNameLabel": "NAME"}, "removed": null}], "location": [{"current": {"type": "ROOM", "status": "REGULAR", "shortName": "108", "longName": "108 -1 Etage -", "displayName": "108", "displayNameLabel": "NAME"}, "removed": null}], "teacher": [{"current": {"type": "TEACHER", "status": "REGULAR", "shortName": "ROHN", "longName": "Rohlfs", "displayName": "ROHN", "displayNameLabel": "NAME"}, "removed": null}], "cellState": "REGULAR", "date": "2025-08-28", "start": "2025-08-28T08:00", "end": "2025-08-28T11:15", "type": "NORMAL_TEACHING_PERIOD"}, {"classID": 1149, "schoolID": "2248000", "subject": [{"current": {"type": "SUBJECT", "status": "REGULAR", "shortName": "MAT", "longName": "Mathematik", "displayName": "MAT", "displayNameLabel": "NAME"}, "removed": null}], "location": [{"current": {"type": "ROOM", "status": "REGULAR", "shortName": "106", "longName": "106 -1 Etage -", "displayName": "106", "displayNameLabel": "NAME"}, "removed": null}], "teacher": [{"current": {"type": "TEACHER", "status": "REGULAR", "shortName": "IBRA", "longName": "Ibrahim", "displayName": "IBRA", "displayNameLabel": "NAME"}, "removed": null}], "cellState": "REGULAR", "date": "2025-08-28", "start": "2025-08-28T18:00", "end": "2025-08-28T21:15", "type": "NORMAL_TEACHING_PERIOD"}]