[{"classID": 2681, "schoolID": "5025800", "subject": "", "location": "", "teacher": "", "cellState": "CHANGED", "date": "2025-08-27", "start": "2025-08-27T07:30", "end": "2025-08-27T19:30", "type": "EVENT"}, {"classID": 2684, "schoolID": "5025800", "subject": "", "location": "", "teacher": "", "cellState": "CHANGED", "date": "2025-08-27", "start": "2025-08-27T07:30", "end": "2025-08-27T19:30", "type": "EVENT"}, {"classID": 2687, "schoolID": "5025800", "subject": "", "location": "", "teacher": "", "cellState": "CHANGED", "date": "2025-08-27", "start": "2025-08-27T07:30", "end": "2025-08-27T19:30", "type": "EVENT"}, {"classID": 2690, "schoolID": "5025800", "subject": "", "location": "", "teacher": "", "cellState": "CHANGED", "date": "2025-08-27", "start": "2025-08-27T07:30", "end": "2025-08-27T19:30", "type": "EVENT"}, {"classID": 2699, "schoolID": "5025800", "subject": "", "location": "", "teacher": "", "cellState": "CHANGED", "date": "2025-08-27", "start": "2025-08-27T07:30", "end": "2025-08-27T19:30", "type": "EVENT"}, {"classID": 2693, "schoolID": "5025800", "subject": "", "location": "", "teacher": "", "cellState": "CHANGED", "date": "2025-08-27", "start": "2025-08-27T07:30", "end": "2025-08-27T19:30", "type": "EVENT"}, {"classID": 2696, "schoolID": "5025800", "subject": "", "location": "", "teacher": "", "cellState": "CHANGED", "date": "2025-08-27", "start": "2025-08-27T07:30", "end": "2025-08-27T19:30", "type": "EVENT"}, {"classID": 2702, "schoolID": "5025800", "subject": "", "location": "", "teacher": "", "cellState": "CHANGED", "date": "2025-08-27", "start": "2025-08-27T07:30", "end": "2025-08-27T19:30", "type": "EVENT"}, {"classID": 2705, "schoolID": "5025800", "subject": "", "location": "", "teacher": "", "cellState": "CHANGED", "date": "2025-08-27", "start": "2025-08-27T07:30", "end": "2025-08-27T19:30", "type": "EVENT"}, {"classID": 2708, "schoolID": "5025800", "subject": "", "location": "", "teacher": "", "cellState": "CHANGED", "date": "2025-08-27", "start": "2025-08-27T07:30", "end": "2025-08-27T19:30", "type": "EVENT"}, {"classID": 2711, "schoolID": "5025800", "subject": "", "location": "", "teacher": "", "cellState": "CHANGED", "date": "2025-08-27", "start": "2025-08-27T07:30", "end": "2025-08-27T19:30", "type": "EVENT"}, {"classID": 2714, "schoolID": "5025800", "subject": "", "location": "", "teacher": "", "cellState": "CHANGED", "date": "2025-08-27", "start": "2025-08-27T07:30", "end": "2025-08-27T19:30", "type": "EVENT"}, {"classID": 2717, "schoolID": "5025800", "subject": "", "location": "", "teacher": "", "cellState": "CHANGED", "date": "2025-08-27", "start": "2025-08-27T07:30", "end": "2025-08-27T19:30", "type": "EVENT"}, {"classID": 2720, "schoolID": "5025800", "subject": "", "location": "", "teacher": "", "cellState": "CHANGED", "date": "2025-08-27", "start": "2025-08-27T07:30", "end": "2025-08-27T19:30", "type": "EVENT"}, {"classID": 2723, "schoolID": "5025800", "subject": "", "location": "", "teacher": "", "cellState": "CHANGED", "date": "2025-08-27", "start": "2025-08-27T07:30", "end": "2025-08-27T19:30", "type": "EVENT"}, {"classID": 2726, "schoolID": "5025800", "subject": "", "location": "", "teacher": "", "cellState": "CHANGED", "date": "2025-08-27", "start": "2025-08-27T07:30", "end": "2025-08-27T19:30", "type": "EVENT"}, {"classID": 2729, "schoolID": "5025800", "subject": "", "location": "", "teacher": "", "cellState": "CHANGED", "date": "2025-08-27", "start": "2025-08-27T07:30", "end": "2025-08-27T19:30", "type": "EVENT"}, {"classID": 2732, "schoolID": "5025800", "subject": "", "location": "", "teacher": "", "cellState": "CHANGED", "date": "2025-08-27", "start": "2025-08-27T07:30", "end": "2025-08-27T19:30", "type": "EVENT"}, {"classID": 2735, "schoolID": "5025800", "subject": "", "location": "", "teacher": "", "cellState": "CHANGED", "date": "2025-08-27", "start": "2025-08-27T07:30", "end": "2025-08-27T19:30", "type": "EVENT"}, {"classID": 2738, "schoolID": "5025800", "subject": "", "location": "", "teacher": "", "cellState": "CHANGED", "date": "2025-08-27", "start": "2025-08-27T07:30", "end": "2025-08-27T19:30", "type": "EVENT"}, {"classID": 2741, "schoolID": "5025800", "subject": "", "location": "", "teacher": "", "cellState": "CHANGED", "date": "2025-08-27", "start": "2025-08-27T07:30", "end": "2025-08-27T19:30", "type": "EVENT"}, {"classID": 2744, "schoolID": "5025800", "subject": "", "location": "", "teacher": "", "cellState": "CHANGED", "date": "2025-08-27", "start": "2025-08-27T07:30", "end": "2025-08-27T19:30", "type": "EVENT"}, {"classID": 2747, "schoolID": "5025800", "subject": "", "location": "", "teacher": "", "cellState": "CHANGED", "date": "2025-08-27", "start": "2025-08-27T07:30", "end": "2025-08-27T19:30", "type": "EVENT"}, {"classID": 2750, "schoolID": "5025800", "subject": "", "location": "", "teacher": "", "cellState": "CHANGED", "date": "2025-08-27", "start": "2025-08-27T07:30", "end": "2025-08-27T19:30", "type": "EVENT"}, {"classID": 2753, "schoolID": "5025800", "subject": "", "location": "", "teacher": "", "cellState": "CHANGED", "date": "2025-08-27", "start": "2025-08-27T07:30", "end": "2025-08-27T19:30", "type": "EVENT"}, {"classID": 2756, "schoolID": "5025800", "subject": "", "location": "", "teacher": "", "cellState": "CHANGED", "date": "2025-08-27", "start": "2025-08-27T07:30", "end": "2025-08-27T19:30", "type": "EVENT"}, {"classID": 2759, "schoolID": "5025800", "subject": "", "location": "", "teacher": "", "cellState": "CHANGED", "date": "2025-08-27", "start": "2025-08-27T07:30", "end": "2025-08-27T19:30", "type": "EVENT"}, {"classID": 2765, "schoolID": "5025800", "subject": "", "location": "", "teacher": "", "cellState": "CHANGED", "date": "2025-08-27", "start": "2025-08-27T07:30", "end": "2025-08-27T19:30", "type": "EVENT"}, {"classID": 2768, "schoolID": "5025800", "subject": "", "location": "", "teacher": "", "cellState": "CHANGED", "date": "2025-08-27", "start": "2025-08-27T07:30", "end": "2025-08-27T19:30", "type": "EVENT"}, {"classID": 2771, "schoolID": "5025800", "subject": "", "location": "", "teacher": "", "cellState": "CHANGED", "date": "2025-08-27", "start": "2025-08-27T07:30", "end": "2025-08-27T19:30", "type": "EVENT"}, {"classID": 2774, "schoolID": "5025800", "subject": "", "location": "", "teacher": "", "cellState": "CHANGED", "date": "2025-08-27", "start": "2025-08-27T07:30", "end": "2025-08-27T19:30", "type": "EVENT"}, {"classID": 2777, "schoolID": "5025800", "subject": "", "location": "", "teacher": "", "cellState": "CHANGED", "date": "2025-08-27", "start": "2025-08-27T07:30", "end": "2025-08-27T19:30", "type": "EVENT"}, {"classID": 2780, "schoolID": "5025800", "subject": "", "location": "", "teacher": "", "cellState": "CHANGED", "date": "2025-08-27", "start": "2025-08-27T07:30", "end": "2025-08-27T19:30", "type": "EVENT"}, {"classID": 2783, "schoolID": "5025800", "subject": "", "location": "", "teacher": "", "cellState": "CHANGED", "date": "2025-08-27", "start": "2025-08-27T07:30", "end": "2025-08-27T19:30", "type": "EVENT"}, {"classID": 2786, "schoolID": "5025800", "subject": "", "location": "", "teacher": "", "cellState": "CHANGED", "date": "2025-08-27", "start": "2025-08-27T07:30", "end": "2025-08-27T19:30", "type": "EVENT"}, {"classID": 2789, "schoolID": "5025800", "subject": "", "location": "", "teacher": "", "cellState": "CHANGED", "date": "2025-08-27", "start": "2025-08-27T07:30", "end": "2025-08-27T19:30", "type": "EVENT"}, {"classID": 2792, "schoolID": "5025800", "subject": "", "location": "", "teacher": "", "cellState": "CHANGED", "date": "2025-08-27", "start": "2025-08-27T07:30", "end": "2025-08-27T19:30", "type": "EVENT"}, {"classID": 2795, "schoolID": "5025800", "subject": "", "location": "", "teacher": "", "cellState": "CHANGED", "date": "2025-08-27", "start": "2025-08-27T07:30", "end": "2025-08-27T19:30", "type": "EVENT"}, {"classID": 2798, "schoolID": "5025800", "subject": "", "location": "", "teacher": "", "cellState": "CHANGED", "date": "2025-08-27", "start": "2025-08-27T07:30", "end": "2025-08-27T19:30", "type": "EVENT"}, {"classID": 2801, "schoolID": "5025800", "subject": "", "location": "", "teacher": "", "cellState": "CHANGED", "date": "2025-08-27", "start": "2025-08-27T07:30", "end": "2025-08-27T19:30", "type": "EVENT"}, {"classID": 2804, "schoolID": "5025800", "subject": "", "location": "", "teacher": "", "cellState": "CHANGED", "date": "2025-08-27", "start": "2025-08-27T07:30", "end": "2025-08-27T19:30", "type": "EVENT"}, {"classID": 2807, "schoolID": "5025800", "subject": "", "location": "", "teacher": "", "cellState": "CHANGED", "date": "2025-08-27", "start": "2025-08-27T07:30", "end": "2025-08-27T19:30", "type": "EVENT"}, {"classID": 2810, "schoolID": "5025800", "subject": "", "location": "", "teacher": "", "cellState": "CHANGED", "date": "2025-08-27", "start": "2025-08-27T07:30", "end": "2025-08-27T19:30", "type": "EVENT"}, {"classID": 2813, "schoolID": "5025800", "subject": "", "location": "", "teacher": "", "cellState": "CHANGED", "date": "2025-08-27", "start": "2025-08-27T07:30", "end": "2025-08-27T19:30", "type": "EVENT"}, {"classID": 2816, "schoolID": "5025800", "subject": "", "location": "", "teacher": "", "cellState": "CHANGED", "date": "2025-08-27", "start": "2025-08-27T07:30", "end": "2025-08-27T19:30", "type": "EVENT"}, {"classID": 2819, "schoolID": "5025800", "subject": "", "location": "", "teacher": "", "cellState": "CHANGED", "date": "2025-08-27", "start": "2025-08-27T07:30", "end": "2025-08-27T19:30", "type": "EVENT"}, {"classID": 2825, "schoolID": "5025800", "subject": "", "location": "", "teacher": "", "cellState": "CHANGED", "date": "2025-08-27", "start": "2025-08-27T07:30", "end": "2025-08-27T19:30", "type": "EVENT"}, {"classID": 2828, "schoolID": "5025800", "subject": "", "location": "", "teacher": "", "cellState": "CHANGED", "date": "2025-08-27", "start": "2025-08-27T07:30", "end": "2025-08-27T19:30", "type": "EVENT"}, {"classID": 2831, "schoolID": "5025800", "subject": "", "location": "", "teacher": "", "cellState": "CHANGED", "date": "2025-08-27", "start": "2025-08-27T07:30", "end": "2025-08-27T19:30", "type": "EVENT"}, {"classID": 2834, "schoolID": "5025800", "subject": "", "location": "", "teacher": "", "cellState": "CHANGED", "date": "2025-08-27", "start": "2025-08-27T07:30", "end": "2025-08-27T19:30", "type": "EVENT"}, {"classID": 2837, "schoolID": "5025800", "subject": "", "location": "", "teacher": "", "cellState": "CHANGED", "date": "2025-08-27", "start": "2025-08-27T07:30", "end": "2025-08-27T19:30", "type": "EVENT"}, {"classID": 2840, "schoolID": "5025800", "subject": "", "location": "", "teacher": "", "cellState": "CHANGED", "date": "2025-08-27", "start": "2025-08-27T07:30", "end": "2025-08-27T19:30", "type": "EVENT"}, {"classID": 2843, "schoolID": "5025800", "subject": "", "location": "", "teacher": "", "cellState": "CHANGED", "date": "2025-08-27", "start": "2025-08-27T07:30", "end": "2025-08-27T19:30", "type": "EVENT"}, {"classID": 2846, "schoolID": "5025800", "subject": "", "location": "", "teacher": "", "cellState": "CHANGED", "date": "2025-08-27", "start": "2025-08-27T07:30", "end": "2025-08-27T19:30", "type": "EVENT"}, {"classID": 2849, "schoolID": "5025800", "subject": "", "location": "", "teacher": "", "cellState": "CHANGED", "date": "2025-08-27", "start": "2025-08-27T07:30", "end": "2025-08-27T19:30", "type": "EVENT"}, {"classID": 2852, "schoolID": "5025800", "subject": "", "location": "", "teacher": "", "cellState": "CHANGED", "date": "2025-08-27", "start": "2025-08-27T07:30", "end": "2025-08-27T19:30", "type": "EVENT"}, {"classID": 2855, "schoolID": "5025800", "subject": "", "location": "", "teacher": "", "cellState": "CHANGED", "date": "2025-08-27", "start": "2025-08-27T07:30", "end": "2025-08-27T19:30", "type": "EVENT"}, {"classID": 2861, "schoolID": "5025800", "subject": "", "location": "", "teacher": "", "cellState": "CHANGED", "date": "2025-08-27", "start": "2025-08-27T07:30", "end": "2025-08-27T19:30", "type": "EVENT"}, {"classID": 2864, "schoolID": "5025800", "subject": "", "location": "", "teacher": "", "cellState": "CHANGED", "date": "2025-08-27", "start": "2025-08-27T07:30", "end": "2025-08-27T19:30", "type": "EVENT"}, {"classID": 2867, "schoolID": "5025800", "subject": "", "location": "", "teacher": "", "cellState": "CHANGED", "date": "2025-08-27", "start": "2025-08-27T07:30", "end": "2025-08-27T19:30", "type": "EVENT"}, {"classID": 2870, "schoolID": "5025800", "subject": "", "location": "", "teacher": "", "cellState": "CHANGED", "date": "2025-08-27", "start": "2025-08-27T07:30", "end": "2025-08-27T19:30", "type": "EVENT"}, {"classID": 2873, "schoolID": "5025800", "subject": "", "location": "", "teacher": "", "cellState": "CHANGED", "date": "2025-08-27", "start": "2025-08-27T07:30", "end": "2025-08-27T19:30", "type": "EVENT"}, {"classID": 2876, "schoolID": "5025800", "subject": "", "location": "", "teacher": "", "cellState": "CHANGED", "date": "2025-08-27", "start": "2025-08-27T07:30", "end": "2025-08-27T19:30", "type": "EVENT"}, {"classID": 2879, "schoolID": "5025800", "subject": "", "location": "", "teacher": "", "cellState": "CHANGED", "date": "2025-08-27", "start": "2025-08-27T07:30", "end": "2025-08-27T19:30", "type": "EVENT"}, {"classID": 2882, "schoolID": "5025800", "subject": "", "location": "", "teacher": "", "cellState": "CHANGED", "date": "2025-08-27", "start": "2025-08-27T07:30", "end": "2025-08-27T19:30", "type": "EVENT"}, {"classID": 2885, "schoolID": "5025800", "subject": "", "location": "", "teacher": "", "cellState": "CHANGED", "date": "2025-08-27", "start": "2025-08-27T07:30", "end": "2025-08-27T19:30", "type": "EVENT"}, {"classID": 2888, "schoolID": "5025800", "subject": "", "location": "", "teacher": "", "cellState": "CHANGED", "date": "2025-08-27", "start": "2025-08-27T07:30", "end": "2025-08-27T19:30", "type": "EVENT"}, {"classID": 2891, "schoolID": "5025800", "subject": "", "location": "", "teacher": "", "cellState": "CHANGED", "date": "2025-08-27", "start": "2025-08-27T07:30", "end": "2025-08-27T19:30", "type": "EVENT"}, {"classID": 2894, "schoolID": "5025800", "subject": "", "location": "", "teacher": "", "cellState": "CHANGED", "date": "2025-08-27", "start": "2025-08-27T07:30", "end": "2025-08-27T19:30", "type": "EVENT"}, {"classID": 2897, "schoolID": "5025800", "subject": "", "location": "", "teacher": "", "cellState": "CHANGED", "date": "2025-08-27", "start": "2025-08-27T07:30", "end": "2025-08-27T19:30", "type": "EVENT"}, {"classID": 2900, "schoolID": "5025800", "subject": "", "location": "", "teacher": "", "cellState": "CHANGED", "date": "2025-08-27", "start": "2025-08-27T07:30", "end": "2025-08-27T19:30", "type": "EVENT"}, {"classID": 2903, "schoolID": "5025800", "subject": "", "location": "", "teacher": "", "cellState": "CHANGED", "date": "2025-08-27", "start": "2025-08-27T07:30", "end": "2025-08-27T19:30", "type": "EVENT"}, {"classID": 2906, "schoolID": "5025800", "subject": "", "location": "", "teacher": "", "cellState": "CHANGED", "date": "2025-08-27", "start": "2025-08-27T07:30", "end": "2025-08-27T19:30", "type": "EVENT"}, {"classID": 2909, "schoolID": "5025800", "subject": "", "location": "", "teacher": "", "cellState": "CHANGED", "date": "2025-08-27", "start": "2025-08-27T07:30", "end": "2025-08-27T19:30", "type": "EVENT"}, {"classID": 2912, "schoolID": "5025800", "subject": "", "location": "", "teacher": "", "cellState": "CHANGED", "date": "2025-08-27", "start": "2025-08-27T07:30", "end": "2025-08-27T19:30", "type": "EVENT"}, {"classID": 2915, "schoolID": "5025800", "subject": "", "location": "", "teacher": "", "cellState": "CHANGED", "date": "2025-08-27", "start": "2025-08-27T07:30", "end": "2025-08-27T19:30", "type": "EVENT"}, {"classID": 2918, "schoolID": "5025800", "subject": "", "location": "", "teacher": "", "cellState": "CHANGED", "date": "2025-08-27", "start": "2025-08-27T07:30", "end": "2025-08-27T19:30", "type": "EVENT"}, {"classID": 2921, "schoolID": "5025800", "subject": "", "location": "", "teacher": "", "cellState": "CHANGED", "date": "2025-08-27", "start": "2025-08-27T07:30", "end": "2025-08-27T19:30", "type": "EVENT"}, {"classID": 2927, "schoolID": "5025800", "subject": "", "location": "", "teacher": "", "cellState": "CHANGED", "date": "2025-08-27", "start": "2025-08-27T07:30", "end": "2025-08-27T19:30", "type": "EVENT"}, {"classID": 2930, "schoolID": "5025800", "subject": "", "location": "", "teacher": "", "cellState": "CHANGED", "date": "2025-08-27", "start": "2025-08-27T07:30", "end": "2025-08-27T19:30", "type": "EVENT"}, {"classID": 2933, "schoolID": "5025800", "subject": "", "location": "", "teacher": "", "cellState": "CHANGED", "date": "2025-08-27", "start": "2025-08-27T07:30", "end": "2025-08-27T19:30", "type": "EVENT"}, {"classID": 2924, "schoolID": "5025800", "subject": "", "location": "", "teacher": "", "cellState": "CHANGED", "date": "2025-08-27", "start": "2025-08-27T07:30", "end": "2025-08-27T19:30", "type": "EVENT"}, {"classID": 2936, "schoolID": "5025800", "subject": "", "location": "", "teacher": "", "cellState": "CHANGED", "date": "2025-08-27", "start": "2025-08-27T07:30", "end": "2025-08-27T19:30", "type": "EVENT"}, {"classID": 2942, "schoolID": "5025800", "subject": "", "location": "", "teacher": "", "cellState": "CHANGED", "date": "2025-08-27", "start": "2025-08-27T07:30", "end": "2025-08-27T19:30", "type": "EVENT"}, {"classID": 2945, "schoolID": "5025800", "subject": "", "location": "", "teacher": "", "cellState": "CHANGED", "date": "2025-08-27", "start": "2025-08-27T07:30", "end": "2025-08-27T19:30", "type": "EVENT"}, {"classID": 2948, "schoolID": "5025800", "subject": "", "location": "", "teacher": "", "cellState": "CHANGED", "date": "2025-08-27", "start": "2025-08-27T07:30", "end": "2025-08-27T19:30", "type": "EVENT"}, {"classID": 2939, "schoolID": "5025800", "subject": "", "location": "", "teacher": "", "cellState": "CHANGED", "date": "2025-08-27", "start": "2025-08-27T07:30", "end": "2025-08-27T19:30", "type": "EVENT"}, {"classID": 2951, "schoolID": "5025800", "subject": "", "location": "", "teacher": "", "cellState": "CHANGED", "date": "2025-08-27", "start": "2025-08-27T07:30", "end": "2025-08-27T19:30", "type": "EVENT"}, {"classID": 2954, "schoolID": "5025800", "subject": "", "location": "", "teacher": "", "cellState": "CHANGED", "date": "2025-08-27", "start": "2025-08-27T07:30", "end": "2025-08-27T19:30", "type": "EVENT"}, {"classID": 2957, "schoolID": "5025800", "subject": "", "location": "", "teacher": "", "cellState": "CHANGED", "date": "2025-08-27", "start": "2025-08-27T07:30", "end": "2025-08-27T19:30", "type": "EVENT"}, {"classID": 2960, "schoolID": "5025800", "subject": [{"current": {"type": "SUBJECT", "status": "REGULAR", "shortName": "D_DS", "longName": "Darstellendes Spiel", "displayName": "D_DS", "displayNameLabel": "NAME"}, "removed": null}], "location": "", "teacher": "", "cellState": "REGULAR", "date": "2025-08-27", "start": "2025-08-27T14:30", "end": "2025-08-27T17:45", "type": "NORMAL_TEACHING_PERIOD"}, {"classID": 2687, "schoolID": "5025800", "subject": [{"current": {"type": "SUBJECT", "status": "REGULAR", "shortName": "SP", "longName": "Sport", "displayName": "SP", "displayNameLabel": "NAME"}, "removed": null}], "location": "", "teacher": "", "cellState": "REGULAR", "date": "2025-08-28", "start": "2025-08-28T07:30", "end": "2025-08-28T09:00", "type": "NORMAL_TEACHING_PERIOD"}, {"classID": 2687, "schoolID": "5025800", "subject": "", "location": "", "teacher": "", "cellState": "CHANGED", "date": "2025-08-28", "start": "2025-08-28T09:15", "end": "2025-08-28T10:45", "type": "EVENT"}, {"classID": 2687, "schoolID": "5025800", "subject": [{"current": {"type": "SUBJECT", "status": "REGULAR", "shortName": "PO", "longName": "Politik", "displayName": "PO", "displayNameLabel": "NAME"}, "removed": null}], "location": "", "teacher": "", "cellState": "CHANGED", "date": "2025-08-28", "start": "2025-08-28T11:00", "end": "2025-08-28T12:30", "type": "NORMAL_TEACHING_PERIOD"}, {"classID": 2699, "schoolID": "5025800", "subject": [{"current": {"type": "SUBJECT", "status": "REGULAR", "shortName": "SP", "longName": "Sport", "displayName": "SP", "displayNameLabel": "NAME"}, "removed": null}], "location": "", "teacher": "", "cellState": "REGULAR", "date": "2025-08-28", "start": "2025-08-28T07:30", "end": "2025-08-28T09:00", "type": "NORMAL_TEACHING_PERIOD"}, {"classID": 2699, "schoolID": "5025800", "subject": "", "location": "", "teacher": "", "cellState": "CHANGED", "date": "2025-08-28", "start": "2025-08-28T09:15", "end": "2025-08-28T10:45", "type": "EVENT"}, {"classID": 2699, "schoolID": "5025800", "subject": [{"current": {"type": "SUBJECT", "status": "REGULAR", "shortName": "PO", "longName": "Politik", "displayName": "PO", "displayNameLabel": "NAME"}, "removed": null}], "location": "", "teacher": "", "cellState": "CHANGED", "date": "2025-08-28", "start": "2025-08-28T11:00", "end": "2025-08-28T12:30", "type": "NORMAL_TEACHING_PERIOD"}, {"classID": 2699, "schoolID": "5025800", "subject": [{"current": {"type": "SUBJECT", "status": "REGULAR", "shortName": "PT", "longName": "Produktionstechnik", "displayName": "PT", "displayNameLabel": "NAME"}, "removed": null}], "location": "", "teacher": "", "cellState": "CHANGED", "date": "2025-08-28", "start": "2025-08-28T12:45", "end": "2025-08-28T14:15", "type": "NORMAL_TEACHING_PERIOD"}, {"classID": 2702, "schoolID": "5025800", "subject": [{"current": {"type": "SUBJECT", "status": "REGULAR", "shortName": "BMA", "longName": "Betriebliches Management", "displayName": "BMA", "displayNameLabel": "NAME"}, "removed": null}], "location": "", "teacher": "", "cellState": "REGULAR", "date": "2025-08-28", "start": "2025-08-28T07:30", "end": "2025-08-28T09:00", "type": "NORMAL_TEACHING_PERIOD"}, {"classID": 2702, "schoolID": "5025800", "subject": [{"current": {"type": "SUBJECT", "status": "REGULAR", "shortName": "HDMP", "longName": "Herstellung von Druck- und Medienprodukten", "displayName": "HDMP", "displayNameLabel": "NAME"}, "removed": null}], "location": "", "teacher": "", "cellState": "REGULAR", "date": "2025-08-28", "start": "2025-08-28T09:15", "end": "2025-08-28T10:45", "type": "NORMAL_TEACHING_PERIOD"}, {"classID": 2702, "schoolID": "5025800", "subject": [{"current": {"type": "SUBJECT", "status": "REGULAR", "shortName": "HDMP", "longName": "Herstellung von Druck- und Medienprodukten", "displayName": "HDMP", "displayNameLabel": "NAME"}, "removed": null}], "location": "", "teacher": "", "cellState": "REGULAR", "date": "2025-08-28", "start": "2025-08-28T11:00", "end": "2025-08-28T12:30", "type": "NORMAL_TEACHING_PERIOD"}, {"classID": 2711, "schoolID": "5025800", "subject": [{"current": {"type": "SUBJECT", "status": "REGULAR", "shortName": "MGA", "longName": "Mediengerechte Gestaltung und Aufbereitung", "displayName": "MGA", "displayNameLabel": "NAME"}, "removed": null}], "location": "", "teacher": "", "cellState": "REGULAR", "date": "2025-08-28", "start": "2025-08-28T07:30", "end": "2025-08-28T10:45", "type": "NORMAL_TEACHING_PERIOD"}, {"classID": 2711, "schoolID": "5025800", "subject": [{"current": {"type": "SUBJECT", "status": "REGULAR", "shortName": "UMA", "longName": "Umsetzung der Medienausgabe", "displayName": "UMA", "displayNameLabel": "NAME"}, "removed": null}], "location": "", "teacher": "", "cellState": "CHANGED", "date": "2025-08-28", "start": "2025-08-28T11:00", "end": "2025-08-28T12:30", "type": "NORMAL_TEACHING_PERIOD"}, {"classID": 2720, "schoolID": "5025800", "subject": [{"current": {"type": "SUBJECT", "status": "REGULAR", "shortName": "PO", "longName": "Politik", "displayName": "PO", "displayNameLabel": "NAME"}, "removed": null}], "location": "", "teacher": "", "cellState": "REGULAR", "date": "2025-08-28", "start": "2025-08-28T07:30", "end": "2025-08-28T09:00", "type": "NORMAL_TEACHING_PERIOD"}, {"classID": 2720, "schoolID": "5025800", "subject": [{"current": {"type": "SUBJECT", "status": "REGULAR", "shortName": "RMP", "longName": "Realisierung von Medienprojekten", "displayName": "RMP", "displayNameLabel": "NAME"}, "removed": null}], "location": "", "teacher": "", "cellState": "REGULAR", "date": "2025-08-28", "start": "2025-08-28T09:15", "end": "2025-08-28T10:45", "type": "NORMAL_TEACHING_PERIOD"}, {"classID": 2720, "schoolID": "5025800", "subject": [{"current": {"type": "SUBJECT", "status": "REGULAR", "shortName": "RMP", "longName": "Realisierung von Medienprojekten", "displayName": "RMP", "displayNameLabel": "NAME"}, "removed": null}], "location": "", "teacher": "", "cellState": "REGULAR", "date": "2025-08-28", "start": "2025-08-28T11:00", "end": "2025-08-28T12:30", "type": "NORMAL_TEACHING_PERIOD"}, {"classID": 2720, "schoolID": "5025800", "subject": [{"current": {"type": "SUBJECT", "status": "REGULAR", "shortName": "MGA", "longName": "Mediengerechte Gestaltung und Aufbereitung", "displayName": "MGA", "displayNameLabel": "NAME"}, "removed": null}], "location": "", "teacher": "", "cellState": "REGULAR", "date": "2025-08-28", "start": "2025-08-28T12:45", "end": "2025-08-28T14:15", "type": "NORMAL_TEACHING_PERIOD"}, {"classID": 2729, "schoolID": "5025800", "subject": [{"current": {"type": "SUBJECT", "status": "REGULAR", "shortName": "RMP", "longName": "Realisierung von Medienprojekten", "displayName": "RMP", "displayNameLabel": "NAME"}, "removed": null}], "location": "", "teacher": "", "cellState": "REGULAR", "date": "2025-08-28", "start": "2025-08-28T07:30", "end": "2025-08-28T09:00", "type": "NORMAL_TEACHING_PERIOD"}, {"classID": 2729, "schoolID": "5025800", "subject": [{"current": {"type": "SUBJECT", "status": "REGULAR", "shortName": "PO", "longName": "Politik", "displayName": "PO", "displayNameLabel": "NAME"}, "removed": null}], "location": "", "teacher": "", "cellState": "REGULAR", "date": "2025-08-28", "start": "2025-08-28T09:15", "end": "2025-08-28T10:45", "type": "NORMAL_TEACHING_PERIOD"}, {"classID": 2729, "schoolID": "5025800", "subject": [{"current": {"type": "SUBJECT", "status": "REGULAR", "shortName": "MGA", "longName": "Mediengerechte Gestaltung und Aufbereitung", "displayName": "MGA", "displayNameLabel": "NAME"}, "removed": null}], "location": "", "teacher": "", "cellState": "REGULAR", "date": "2025-08-28", "start": "2025-08-28T11:00", "end": "2025-08-28T12:30", "type": "NORMAL_TEACHING_PERIOD"}, {"classID": 2729, "schoolID": "5025800", "subject": [{"current": {"type": "SUBJECT", "status": "REGULAR", "shortName": "RMP", "longName": "Realisierung von Medienprojekten", "displayName": "RMP", "displayNameLabel": "NAME"}, "removed": null}], "location": "", "teacher": "", "cellState": "REGULAR", "date": "2025-08-28", "start": "2025-08-28T12:45", "end": "2025-08-28T14:15", "type": "NORMAL_TEACHING_PERIOD"}, {"classID": 2738, "schoolID": "5025800", "subject": [{"current": {"type": "SUBJECT", "status": "REGULAR", "shortName": "SP", "longName": "Sport", "displayName": "SP", "displayNameLabel": "NAME"}, "removed": null}], "location": "", "teacher": "", "cellState": "REGULAR", "date": "2025-08-28", "start": "2025-08-28T07:30", "end": "2025-08-28T09:00", "type": "NORMAL_TEACHING_PERIOD"}, {"classID": 2738, "schoolID": "5025800", "subject": "", "location": "", "teacher": "", "cellState": "CHANGED", "date": "2025-08-28", "start": "2025-08-28T09:15", "end": "2025-08-28T10:45", "type": "EVENT"}, {"classID": 2738, "schoolID": "5025800", "subject": [{"current": {"type": "SUBJECT", "status": "REGULAR", "shortName": "PO", "longName": "Politik", "displayName": "PO", "displayNameLabel": "NAME"}, "removed": null}], "location": "", "teacher": "", "cellState": "CHANGED", "date": "2025-08-28", "start": "2025-08-28T11:00", "end": "2025-08-28T12:30", "type": "NORMAL_TEACHING_PERIOD"}, {"classID": 2738, "schoolID": "5025800", "subject": [{"current": {"type": "SUBJECT", "status": "REGULAR", "shortName": "DVB", "longName": "Druckvorbereitung", "displayName": "DVB", "displayNameLabel": "NAME"}, "removed": null}], "location": "", "teacher": "", "cellState": "REGULAR", "date": "2025-08-28", "start": "2025-08-28T12:45", "end": "2025-08-28T14:15", "type": "NORMAL_TEACHING_PERIOD"}, {"classID": 2756, "schoolID": "5025800", "subject": [{"current": {"type": "SUBJECT", "status": "REGULAR", "shortName": "SP", "longName": "Sport", "displayName": "SP", "displayNameLabel": "NAME"}, "removed": null}], "location": "", "teacher": "", "cellState": "REGULAR", "date": "2025-08-28", "start": "2025-08-28T07:30", "end": "2025-08-28T09:00", "type": "NORMAL_TEACHING_PERIOD"}, {"classID": 2756, "schoolID": "5025800", "subject": [{"current": {"type": "SUBJECT", "status": "REGULAR", "shortName": "BAP1", "longName": "Kurs 1 Betriebsabl\u00e4ufe u. Produktion AVK", "displayName": "BAP1", "displayNameLabel": "NAME"}, "removed": null}], "location": "", "teacher": "", "cellState": "CHANGED", "date": "2025-08-28", "start": "2025-08-28T09:15", "end": "2025-08-28T10:45", "type": "NORMAL_TEACHING_PERIOD"}, {"classID": 2756, "schoolID": "5025800", "subject": [{"current": {"type": "SUBJECT", "status": "REGULAR", "shortName": "OBG", "longName": "Kurs 8 Oberfl\u00e4chen/Objektgestaltung AVK/IFK", "displayName": "OBG", "displayNameLabel": "NAME"}, "removed": null}], "location": "", "teacher": "", "cellState": "CHANGED", "date": "2025-08-28", "start": "2025-08-28T09:15", "end": "2025-08-28T10:45", "type": "NORMAL_TEACHING_PERIOD"}, {"classID": 2756, "schoolID": "5025800", "subject": [{"current": {"type": "SUBJECT", "status": "REGULAR", "shortName": "OBG", "longName": "Kurs 8 Oberfl\u00e4chen/Objektgestaltung AVK/IFK", "displayName": "OBG", "displayNameLabel": "NAME"}, "removed": null}], "location": "", "teacher": "", "cellState": "CHANGED", "date": "2025-08-28", "start": "2025-08-28T11:00", "end": "2025-08-28T12:30", "type": "NORMAL_TEACHING_PERIOD"}, {"classID": 2756, "schoolID": "5025800", "subject": [{"current": {"type": "SUBJECT", "status": "REGULAR", "shortName": "BAP1", "longName": "Kurs 1 Betriebsabl\u00e4ufe u. Produktion AVK", "displayName": "BAP1", "displayNameLabel": "NAME"}, "removed": null}], "location": "", "teacher": "", "cellState": "REGULAR", "date": "2025-08-28", "start": "2025-08-28T11:00", "end": "2025-08-28T12:30", "type": "NORMAL_TEACHING_PERIOD"}, {"classID": 2759, "schoolID": "5025800", "subject": [{"current": {"type": "SUBJECT", "status": "REGULAR", "shortName": "DK", "longName": "Deutsch u. Kommunikation", "displayName": "DK", "displayNameLabel": "NAME"}, "removed": null}], "location": "", "teacher": "", "cellState": "ADDITIONAL", "date": "2025-08-28", "start": "2025-08-28T07:30", "end": "2025-08-28T09:00", "type": "ADDITIONAL_PERIOD"}, {"classID": 2759, "schoolID": "5025800", "subject": [{"current": {"type": "SUBJECT", "status": "REGULAR", "shortName": "M", "longName": "Mathematik", "displayName": "M", "displayNameLabel": "NAME"}, "removed": null}], "location": "", "teacher": "", "cellState": "REGULAR", "date": "2025-08-28", "start": "2025-08-28T09:15", "end": "2025-08-28T10:45", "type": "NORMAL_TEACHING_PERIOD"}, {"classID": 2765, "schoolID": "5025800", "subject": [{"current": {"type": "SUBJECT", "status": "REGULAR", "shortName": "ATLS", "longName": "Aufnahmetechnik und Lichtsetzung", "displayName": "ATLS", "displayNameLabel": "NAME"}, "removed": null}], "location": "", "teacher": "", "cellState": "REGULAR", "date": "2025-08-28", "start": "2025-08-28T07:30", "end": "2025-08-28T10:45", "type": "NORMAL_TEACHING_PERIOD"}, {"classID": 2765, "schoolID": "5025800", "subject": [{"current": {"type": "SUBJECT", "status": "REGULAR", "shortName": "WL", "longName": "Wirtschaftslehre", "displayName": "WL", "displayNameLabel": "NAME"}, "removed": null}], "location": "", "teacher": "", "cellState": "CHANGED", "date": "2025-08-28", "start": "2025-08-28T11:00", "end": "2025-08-28T12:30", "type": "NORMAL_TEACHING_PERIOD"}, {"classID": 2774, "schoolID": "5025800", "subject": "", "location": "", "teacher": "", "cellState": "CHANGED", "date": "2025-08-28", "start": "2025-08-28T11:00", "end": "2025-08-28T14:15", "type": "EVENT"}, {"classID": 2777, "schoolID": "5025800", "subject": "", "location": "", "teacher": "", "cellState": "CHANGED", "date": "2025-08-28", "start": "2025-08-28T07:30", "end": "2025-08-28T10:45", "type": "EVENT"}, {"classID": 2786, "schoolID": "5025800", "subject": [{"current": {"type": "SUBJECT", "status": "REGULAR", "shortName": "WL", "longName": "Wirtschaftslehre", "displayName": "WL", "displayNameLabel": "NAME"}, "removed": null}], "location": "", "teacher": "", "cellState": "REGULAR", "date": "2025-08-28", "start": "2025-08-28T07:30", "end": "2025-08-28T09:00", "type": "NORMAL_TEACHING_PERIOD"}, {"classID": 2786, "schoolID": "5025800", "subject": [{"current": {"type": "SUBJECT", "status": "REGULAR", "shortName": "D_MPS", "longName": "Differenzierungsbereich_Medienpsychologie", "displayName": "D_MPS", "displayNameLabel": "NAME"}, "removed": null}], "location": "", "teacher": "", "cellState": "CHANGED", "date": "2025-08-28", "start": "2025-08-28T09:15", "end": "2025-08-28T10:45", "type": "NORMAL_TEACHING_PERIOD"}, {"classID": 2786, "schoolID": "5025800", "subject": [{"current": {"type": "SUBJECT", "status": "REGULAR", "shortName": "J", "longName": "Japanisch", "displayName": "J", "displayNameLabel": "NAME"}, "removed": null}], "location": "", "teacher": "", "cellState": "REGULAR", "date": "2025-08-28", "start": "2025-08-28T09:15", "end": "2025-08-28T10:45", "type": "NORMAL_TEACHING_PERIOD"}, {"classID": 2786, "schoolID": "5025800", "subject": [{"current": {"type": "SUBJECT", "status": "REGULAR", "shortName": "E", "longName": "Englisch", "displayName": "E", "displayNameLabel": "NAME"}, "removed": null}], "location": "", "teacher": "", "cellState": "CHANGED", "date": "2025-08-28", "start": "2025-08-28T11:00", "end": "2025-08-28T12:30", "type": "NORMAL_TEACHING_PERIOD"}, {"classID": 2786, "schoolID": "5025800", "subject": [{"current": {"type": "SUBJECT", "status": "REGULAR", "shortName": "SP", "longName": "Sport", "displayName": "SP", "displayNameLabel": "NAME"}, "removed": null}], "location": "", "teacher": "", "cellState": "REGULAR", "date": "2025-08-28", "start": "2025-08-28T12:45", "end": "2025-08-28T14:15", "type": "NORMAL_TEACHING_PERIOD"}, {"classID": 2789, "schoolID": "5025800", "subject": [{"current": {"type": "SUBJECT", "status": "REGULAR", "shortName": "J", "longName": "Japanisch", "displayName": "J", "displayNameLabel": "NAME"}, "removed": null}], "location": "", "teacher": "", "cellState": "REGULAR", "date": "2025-08-28", "start": "2025-08-28T07:30", "end": "2025-08-28T09:00", "type": "NORMAL_TEACHING_PERIOD"}, {"classID": 2789, "schoolID": "5025800", "subject": [{"current": {"type": "SUBJECT", "status": "REGULAR", "shortName": "D_MPS", "longName": "Differenzierungsbereich_Medienpsychologie", "displayName": "D_MPS", "displayNameLabel": "NAME"}, "removed": null}], "location": "", "teacher": "", "cellState": "CHANGED", "date": "2025-08-28", "start": "2025-08-28T09:15", "end": "2025-08-28T10:45", "type": "NORMAL_TEACHING_PERIOD"}, {"classID": 2789, "schoolID": "5025800", "subject": [{"current": {"type": "SUBJECT", "status": "REGULAR", "shortName": "SP", "longName": "Sport", "displayName": "SP", "displayNameLabel": "NAME"}, "removed": null}], "location": "", "teacher": "", "cellState": "REGULAR", "date": "2025-08-28", "start": "2025-08-28T11:00", "end": "2025-08-28T12:30", "type": "NORMAL_TEACHING_PERIOD"}, {"classID": 2789, "schoolID": "5025800", "subject": [{"current": {"type": "SUBJECT", "status": "REGULAR", "shortName": "D", "longName": "Deutsch (Abitur)", "displayName": "D", "displayNameLabel": "NAME"}, "removed": null}], "location": "", "teacher": "", "cellState": "REGULAR", "date": "2025-08-28", "start": "2025-08-28T12:45", "end": "2025-08-28T14:15", "type": "NORMAL_TEACHING_PERIOD"}, {"classID": 2792, "schoolID": "5025800", "subject": "", "location": "", "teacher": "", "cellState": "CHANGED", "date": "2025-08-28", "start": "2025-08-28T09:15", "end": "2025-08-28T14:15", "type": "EVENT"}, {"classID": 2795, "schoolID": "5025800", "subject": [{"current": {"type": "SUBJECT", "status": "REGULAR", "shortName": "PlanB", "longName": "Plan B - Individuelle F\u00f6rderung", "displayName": "PlanB", "displayNameLabel": "NAME"}, "removed": null}], "location": "", "teacher": "", "cellState": "CHANGED", "date": "2025-08-28", "start": "2025-08-28T07:30", "end": "2025-08-28T09:00", "type": "NORMAL_TEACHING_PERIOD"}, {"classID": 2795, "schoolID": "5025800", "subject": [{"current": {"type": "SUBJECT", "status": "REGULAR", "shortName": "WL", "longName": "Wirtschaftslehre", "displayName": "WL", "displayNameLabel": "NAME"}, "removed": null}], "location": "", "teacher": "", "cellState": "CHANGED", "date": "2025-08-28", "start": "2025-08-28T09:15", "end": "2025-08-28T10:45", "type": "NORMAL_TEACHING_PERIOD"}, {"classID": 2795, "schoolID": "5025800", "subject": [{"current": {"type": "SUBJECT", "status": "REGULAR", "shortName": "M", "longName": "Mathematik", "displayName": "M", "displayNameLabel": "NAME"}, "removed": null}], "location": "", "teacher": "", "cellState": "REGULAR", "date": "2025-08-28", "start": "2025-08-28T11:00", "end": "2025-08-28T12:30", "type": "NORMAL_TEACHING_PERIOD"}, {"classID": 2795, "schoolID": "5025800", "subject": [{"current": {"type": "SUBJECT", "status": "REGULAR", "shortName": "PRT", "longName": "Pr\u00e4sentationstechnik", "displayName": "PRT", "displayNameLabel": "NAME"}, "removed": null}], "location": "", "teacher": "", "cellState": "REGULAR", "date": "2025-08-28", "start": "2025-08-28T12:45", "end": "2025-08-28T14:15", "type": "NORMAL_TEACHING_PERIOD"}, {"classID": 2798, "schoolID": "5025800", "subject": [{"current": {"type": "SUBJECT", "status": "REGULAR", "shortName": "D_PA", "longName": "Differenzierungsfach Projektarbeit GGF/GGH", "displayName": "D_PA", "displayNameLabel": "NAME"}, "removed": null}], "location": "", "teacher": "", "cellState": "CHANGED", "date": "2025-08-28", "start": "2025-08-28T07:30", "end": "2025-08-28T09:00", "type": "NORMAL_TEACHING_PERIOD"}, {"classID": 2798, "schoolID": "5025800", "subject": [{"current": {"type": "SUBJECT", "status": "REGULAR", "shortName": "GST", "longName": "Gestaltungstechnik", "displayName": "GST", "displayNameLabel": "NAME"}, "removed": null}], "location": "", "teacher": "", "cellState": "CHANGED", "date": "2025-08-28", "start": "2025-08-28T09:15", "end": "2025-08-28T12:30", "type": "NORMAL_TEACHING_PERIOD"}, {"classID": 2804, "schoolID": "5025800", "subject": [{"current": {"type": "SUBJECT", "status": "REGULAR", "shortName": "D_BB", "longName": "Differenzierungsbereich Buchbinden", "displayName": "D_BB", "displayNameLabel": "NAME"}, "removed": null}], "location": "", "teacher": "", "cellState": "REGULAR", "date": "2025-08-28", "start": "2025-08-28T07:30", "end": "2025-08-28T10:45", "type": "NORMAL_TEACHING_PERIOD"}, {"classID": 2804, "schoolID": "5025800", "subject": [{"current": {"type": "SUBJECT", "status": "REGULAR", "shortName": "D_FO", "longName": "Differenzierungsbereich_Fotografie", "displayName": "D_FO", "displayNameLabel": "NAME"}, "removed": null}], "location": "", "teacher": "", "cellState": "REGULAR", "date": "2025-08-28", "start": "2025-08-28T07:30", "end": "2025-08-28T10:45", "type": "NORMAL_TEACHING_PERIOD"}, {"classID": 2804, "schoolID": "5025800", "subject": [{"current": {"type": "SUBJECT", "status": "REGULAR", "shortName": "PRT", "longName": "Pr\u00e4sentationstechnik", "displayName": "PRT", "displayNameLabel": "NAME"}, "removed": null}], "location": "", "teacher": "", "cellState": "CHANGED", "date": "2025-08-28", "start": "2025-08-28T11:00", "end": "2025-08-28T14:15", "type": "NORMAL_TEACHING_PERIOD"}, {"classID": 2807, "schoolID": "5025800", "subject": "", "location": "", "teacher": "", "cellState": "CHANGED", "date": "2025-08-28", "start": "2025-08-28T07:30", "end": "2025-08-28T14:15", "type": "EVENT"}, {"classID": 2810, "schoolID": "5025800", "subject": [{"current": {"type": "SUBJECT", "status": "REGULAR", "shortName": "BAP2", "longName": "Kurs 2 Betriebsabl\u00e4ufe u. Produktion AVK", "displayName": "BAP2", "displayNameLabel": "NAME"}, "removed": null}], "location": "", "teacher": "", "cellState": "REGULAR", "date": "2025-08-28", "start": "2025-08-28T07:30", "end": "2025-08-28T09:00", "type": "NORMAL_TEACHING_PERIOD"}, {"classID": 2810, "schoolID": "5025800", "subject": [{"current": {"type": "SUBJECT", "status": "REGULAR", "shortName": "E", "longName": "Englisch", "displayName": "E", "displayNameLabel": "NAME"}, "removed": null}], "location": "", "teacher": "", "cellState": "CHANGED", "date": "2025-08-28", "start": "2025-08-28T09:15", "end": "2025-08-28T10:45", "type": "NORMAL_TEACHING_PERIOD"}, {"classID": 2810, "schoolID": "5025800", "subject": [{"current": {"type": "SUBJECT", "status": "REGULAR", "shortName": "DK", "longName": "Deutsch u. Kommunikation", "displayName": "DK", "displayNameLabel": "NAME"}, "removed": null}], "location": "", "teacher": "", "cellState": "REGULAR", "date": "2025-08-28", "start": "2025-08-28T11:00", "end": "2025-08-28T12:30", "type": "NORMAL_TEACHING_PERIOD"}, {"classID": 2819, "schoolID": "5025800", "subject": "", "location": "", "teacher": "", "cellState": "CHANGED", "date": "2025-08-28", "start": "2025-08-28T07:30", "end": "2025-08-28T09:00", "type": "EVENT"}, {"classID": 2819, "schoolID": "5025800", "subject": "", "location": "", "teacher": "", "cellState": "CHANGED", "date": "2025-08-28", "start": "2025-08-28T09:15", "end": "2025-08-28T10:45", "type": "EVENT"}, {"classID": 2819, "schoolID": "5025800", "subject": "", "location": "", "teacher": "", "cellState": "CHANGED", "date": "2025-08-28", "start": "2025-08-28T11:00", "end": "2025-08-28T12:30", "type": "EVENT"}, {"classID": 2822, "schoolID": "5025800", "subject": [{"current": {"type": "SUBJECT", "status": "REGULAR", "shortName": "PlanB", "longName": "Plan B - Individuelle F\u00f6rderung", "displayName": "PlanB", "displayNameLabel": "NAME"}, "removed": null}], "location": "", "teacher": "", "cellState": "CHANGED", "date": "2025-08-28", "start": "2025-08-28T07:30", "end": "2025-08-28T09:00", "type": "NORMAL_TEACHING_PERIOD"}, {"classID": 2825, "schoolID": "5025800", "subject": [{"current": {"type": "SUBJECT", "status": "REGULAR", "shortName": "E", "longName": "Englisch", "displayName": "E", "displayNameLabel": "NAME"}, "removed": null}], "location": "", "teacher": "", "cellState": "ADDITIONAL", "date": "2025-08-28", "start": "2025-08-28T09:15", "end": "2025-08-28T10:45", "type": "ADDITIONAL_PERIOD"}, {"classID": 2825, "schoolID": "5025800", "subject": [{"current": {"type": "SUBJECT", "status": "REGULAR", "shortName": "D_MPS", "longName": "Differenzierungsbereich_Medienpsychologie", "displayName": "D_MPS", "displayNameLabel": "NAME"}, "removed": null}], "location": "", "teacher": "", "cellState": "ADDITIONAL", "date": "2025-08-28", "start": "2025-08-28T11:00", "end": "2025-08-28T12:30", "type": "ADDITIONAL_PERIOD"}, {"classID": 2825, "schoolID": "5025800", "subject": [{"current": {"type": "SUBJECT", "status": "REGULAR", "shortName": "SP", "longName": "Sport", "displayName": "SP", "displayNameLabel": "NAME"}, "removed": null}], "location": "", "teacher": "", "cellState": "REGULAR", "date": "2025-08-28", "start": "2025-08-28T12:45", "end": "2025-08-28T14:15", "type": "NORMAL_TEACHING_PERIOD"}, {"classID": 2831, "schoolID": "5025800", "subject": [{"current": {"type": "SUBJECT", "status": "REGULAR", "shortName": "PlanB", "longName": "Plan B - Individuelle F\u00f6rderung", "displayName": "PlanB", "displayNameLabel": "NAME"}, "removed": null}], "location": "", "teacher": "", "cellState": "CHANGED", "date": "2025-08-28", "start": "2025-08-28T07:30", "end": "2025-08-28T09:00", "type": "NORMAL_TEACHING_PERIOD"}, {"classID": 2831, "schoolID": "5025800", "subject": [{"current": {"type": "SUBJECT", "status": "REGULAR", "shortName": "PRT", "longName": "Pr\u00e4sentationstechnik", "displayName": "PRT", "displayNameLabel": "NAME"}, "removed": null}], "location": "", "teacher": "", "cellState": "ADDITIONAL", "date": "2025-08-28", "start": "2025-08-28T09:15", "end": "2025-08-28T10:45", "type": "ADDITIONAL_PERIOD"}, {"classID": 2831, "schoolID": "5025800", "subject": [{"current": {"type": "SUBJECT", "status": "REGULAR", "shortName": "PRT", "longName": "Pr\u00e4sentationstechnik", "displayName": "PRT", "displayNameLabel": "NAME"}, "removed": null}], "location": "", "teacher": "", "cellState": "REGULAR", "date": "2025-08-28", "start": "2025-08-28T11:00", "end": "2025-08-28T12:30", "type": "NORMAL_TEACHING_PERIOD"}, {"classID": 2834, "schoolID": "5025800", "subject": [{"current": {"type": "SUBJECT", "status": "REGULAR", "shortName": "M", "longName": "Mathematik", "displayName": "M", "displayNameLabel": "NAME"}, "removed": null}], "location": "", "teacher": "", "cellState": "CHANGED", "date": "2025-08-28", "start": "2025-08-28T07:30", "end": "2025-08-28T09:00", "type": "NORMAL_TEACHING_PERIOD"}, {"classID": 2834, "schoolID": "5025800", "subject": [{"current": {"type": "SUBJECT", "status": "REGULAR", "shortName": "D_PT", "longName": "Differenzierungsfach PT GTA", "displayName": "D_PT", "displayNameLabel": "NAME"}, "removed": null}], "location": "", "teacher": "", "cellState": "CHANGED", "date": "2025-08-28", "start": "2025-08-28T09:15", "end": "2025-08-28T10:45", "type": "NORMAL_TEACHING_PERIOD"}, {"classID": 2834, "schoolID": "5025800", "subject": [{"current": {"type": "SUBJECT", "status": "REGULAR", "shortName": "SP", "longName": "Sport", "displayName": "SP", "displayNameLabel": "NAME"}, "removed": null}], "location": "", "teacher": "", "cellState": "REGULAR", "date": "2025-08-28", "start": "2025-08-28T11:00", "end": "2025-08-28T12:30", "type": "NORMAL_TEACHING_PERIOD"}, {"classID": 2840, "schoolID": "5025800", "subject": "", "location": "", "teacher": "", "cellState": "CHANGED", "date": "2025-08-28", "start": "2025-08-28T09:15", "end": "2025-08-28T10:45", "type": "EVENT"}, {"classID": 2840, "schoolID": "5025800", "subject": "", "location": "", "teacher": "", "cellState": "CHANGED", "date": "2025-08-28", "start": "2025-08-28T11:00", "end": "2025-08-28T12:30", "type": "EVENT"}, {"classID": 2840, "schoolID": "5025800", "subject": "", "location": "", "teacher": "", "cellState": "CHANGED", "date": "2025-08-28", "start": "2025-08-28T12:45", "end": "2025-08-28T14:15", "type": "EVENT"}, {"classID": 2843, "schoolID": "5025800", "subject": "", "location": "", "teacher": "", "cellState": "CHANGED", "date": "2025-08-28", "start": "2025-08-28T07:30", "end": "2025-08-28T10:45", "type": "EVENT"}, {"classID": 2843, "schoolID": "5025800", "subject": "", "location": "", "teacher": "", "cellState": "CHANGED", "date": "2025-08-28", "start": "2025-08-28T11:00", "end": "2025-08-28T12:30", "type": "EVENT"}, {"classID": 2843, "schoolID": "5025800", "subject": "", "location": "", "teacher": "", "cellState": "CHANGED", "date": "2025-08-28", "start": "2025-08-28T12:45", "end": "2025-08-28T14:15", "type": "EVENT"}, {"classID": 2846, "schoolID": "5025800", "subject": "", "location": "", "teacher": "", "cellState": "CHANGED", "date": "2025-08-28", "start": "2025-08-28T07:30", "end": "2025-08-28T14:15", "type": "EVENT"}, {"classID": 2861, "schoolID": "5025800", "subject": [{"current": {"type": "SUBJECT", "status": "REGULAR", "shortName": "TK", "longName": "Technische Kommuniktation", "displayName": "TK", "displayNameLabel": "NAME"}, "removed": null}], "location": "", "teacher": "", "cellState": "REGULAR", "date": "2025-08-28", "start": "2025-08-28T07:30", "end": "2025-08-28T09:00", "type": "NORMAL_TEACHING_PERIOD"}, {"classID": 2861, "schoolID": "5025800", "subject": [{"current": {"type": "SUBJECT", "status": "REGULAR", "shortName": "LT", "longName": "Labortechnik", "displayName": "LT", "displayNameLabel": "NAME"}, "removed": null}], "location": "", "teacher": "", "cellState": "CHANGED", "date": "2025-08-28", "start": "2025-08-28T09:15", "end": "2025-08-28T10:00", "type": "ADDITIONAL_PERIOD"}, {"classID": 2861, "schoolID": "5025800", "subject": [{"current": {"type": "SUBJECT", "status": "REGULAR", "shortName": "LT", "longName": "Labortechnik", "displayName": "LT", "displayNameLabel": "NAME"}, "removed": null}], "location": "", "teacher": "", "cellState": "CHANGED", "date": "2025-08-28", "start": "2025-08-28T10:00", "end": "2025-08-28T10:45", "type": "ADDITIONAL_PERIOD"}, {"classID": 2861, "schoolID": "5025800", "subject": [{"current": {"type": "SUBJECT", "status": "REGULAR", "shortName": "M", "longName": "Mathematik", "displayName": "M", "displayNameLabel": "NAME"}, "removed": null}], "location": "", "teacher": "", "cellState": "CHANGED", "date": "2025-08-28", "start": "2025-08-28T11:00", "end": "2025-08-28T12:30", "type": "ADDITIONAL_PERIOD"}, {"classID": 2864, "schoolID": "5025800", "subject": "", "location": "", "teacher": "", "cellState": "CHANGED", "date": "2025-08-28", "start": "2025-08-28T07:30", "end": "2025-08-28T09:00", "type": "EVENT"}, {"classID": 2864, "schoolID": "5025800", "subject": "", "location": "", "teacher": "", "cellState": "CHANGED", "date": "2025-08-28", "start": "2025-08-28T09:15", "end": "2025-08-28T10:45", "type": "EVENT"}, {"classID": 2864, "schoolID": "5025800", "subject": "", "location": "", "teacher": "", "cellState": "CHANGED", "date": "2025-08-28", "start": "2025-08-28T11:00", "end": "2025-08-28T12:30", "type": "EVENT"}, {"classID": 2864, "schoolID": "5025800", "subject": "", "location": "", "teacher": "", "cellState": "CHANGED", "date": "2025-08-28", "start": "2025-08-28T12:45", "end": "2025-08-28T14:15", "type": "EVENT"}, {"classID": 2870, "schoolID": "5025800", "subject": [{"current": {"type": "SUBJECT", "status": "REGULAR", "shortName": "BIO", "longName": "Biologie", "displayName": "BIO", "displayNameLabel": "NAME"}, "removed": null}], "location": "", "teacher": "", "cellState": "REGULAR", "date": "2025-08-28", "start": "2025-08-28T07:30", "end": "2025-08-28T09:00", "type": "NORMAL_TEACHING_PERIOD"}, {"classID": 2870, "schoolID": "5025800", "subject": [{"current": {"type": "SUBJECT", "status": "REGULAR", "shortName": "LT", "longName": "Labortechnik", "displayName": "LT", "displayNameLabel": "NAME"}, "removed": null}], "location": "", "teacher": "", "cellState": "CHANGED", "date": "2025-08-28", "start": "2025-08-28T09:15", "end": "2025-08-28T10:00", "type": "ADDITIONAL_PERIOD"}, {"classID": 2870, "schoolID": "5025800", "subject": [{"current": {"type": "SUBJECT", "status": "REGULAR", "shortName": "LT", "longName": "Labortechnik", "displayName": "LT", "displayNameLabel": "NAME"}, "removed": null}], "location": "", "teacher": "", "cellState": "CHANGED", "date": "2025-08-28", "start": "2025-08-28T10:00", "end": "2025-08-28T10:45", "type": "ADDITIONAL_PERIOD"}, {"classID": 2870, "schoolID": "5025800", "subject": [{"current": {"type": "SUBJECT", "status": "REGULAR", "shortName": "M", "longName": "Mathematik", "displayName": "M", "displayNameLabel": "NAME"}, "removed": null}], "location": "", "teacher": "", "cellState": "CHANGED", "date": "2025-08-28", "start": "2025-08-28T11:00", "end": "2025-08-28T12:30", "type": "ADDITIONAL_PERIOD"}, {"classID": 2873, "schoolID": "5025800", "subject": "", "location": "", "teacher": "", "cellState": "CHANGED", "date": "2025-08-28", "start": "2025-08-28T07:30", "end": "2025-08-28T09:00", "type": "EVENT"}, {"classID": 2873, "schoolID": "5025800", "subject": "", "location": "", "teacher": "", "cellState": "CHANGED", "date": "2025-08-28", "start": "2025-08-28T09:15", "end": "2025-08-28T10:45", "type": "EVENT"}, {"classID": 2873, "schoolID": "5025800", "subject": "", "location": "", "teacher": "", "cellState": "CHANGED", "date": "2025-08-28", "start": "2025-08-28T11:00", "end": "2025-08-28T12:30", "type": "EVENT"}, {"classID": 2873, "schoolID": "5025800", "subject": "", "location": "", "teacher": "", "cellState": "CHANGED", "date": "2025-08-28", "start": "2025-08-28T12:45", "end": "2025-08-28T14:15", "type": "EVENT"}, {"classID": 2885, "schoolID": "5025800", "subject": [{"current": {"type": "SUBJECT", "status": "REGULAR", "shortName": "PAT", "longName": "Produktions- und Anlagentechnik", "displayName": "PAT", "displayNameLabel": "NAME"}, "removed": null}], "location": "", "teacher": "", "cellState": "CHANGED", "date": "2025-08-28", "start": "2025-08-28T07:30", "end": "2025-08-28T12:30", "type": "NORMAL_TEACHING_PERIOD"}, {"classID": 2906, "schoolID": "5025800", "subject": [{"current": {"type": "SUBJECT", "status": "REGULAR", "shortName": "SYT", "longName": "Synthesetechnik", "displayName": "SYT", "displayNameLabel": "NAME"}, "removed": null}], "location": "", "teacher": "", "cellState": "REGULAR", "date": "2025-08-28", "start": "2025-08-28T07:30", "end": "2025-08-28T10:45", "type": "NORMAL_TEACHING_PERIOD"}, {"classID": 2906, "schoolID": "5025800", "subject": [{"current": {"type": "SUBJECT", "status": "REGULAR", "shortName": "ANT", "longName": "Analysetechnik", "displayName": "ANT", "displayNameLabel": "NAME"}, "removed": null}], "location": "", "teacher": "", "cellState": "REGULAR", "date": "2025-08-28", "start": "2025-08-28T11:00", "end": "2025-08-28T12:30", "type": "NORMAL_TEACHING_PERIOD"}, {"classID": 2906, "schoolID": "5025800", "subject": [{"current": {"type": "SUBJECT", "status": "REGULAR", "shortName": "WBL", "longName": "Wirtschafts- und Betriebslehre", "displayName": "WBL", "displayNameLabel": "NAME"}, "removed": null}], "location": "", "teacher": "", "cellState": "REGULAR", "date": "2025-08-28", "start": "2025-08-28T12:45", "end": "2025-08-28T14:15", "type": "NORMAL_TEACHING_PERIOD"}, {"classID": 2912, "schoolID": "5025800", "subject": [{"current": {"type": "SUBJECT", "status": "REGULAR", "shortName": "SST", "longName": "Stoffsystemtechnik", "displayName": "SST", "displayNameLabel": "NAME"}, "removed": null}], "location": "", "teacher": "", "cellState": "REGULAR", "date": "2025-08-28", "start": "2025-08-28T07:30", "end": "2025-08-28T09:00", "type": "NORMAL_TEACHING_PERIOD"}, {"classID": 2912, "schoolID": "5025800", "subject": [{"current": {"type": "SUBJECT", "status": "REGULAR", "shortName": "PAT", "longName": "Produktions- und Anlagentechnik", "displayName": "PAT", "displayNameLabel": "NAME"}, "removed": null}], "location": "", "teacher": "", "cellState": "REGULAR", "date": "2025-08-28", "start": "2025-08-28T09:15", "end": "2025-08-28T12:30", "type": "NORMAL_TEACHING_PERIOD"}, {"classID": 2927, "schoolID": "5025800", "subject": "", "location": "", "teacher": "", "cellState": "CHANGED", "date": "2025-08-28", "start": "2025-08-28T07:30", "end": "2025-08-28T09:00", "type": "EVENT"}, {"classID": 2927, "schoolID": "5025800", "subject": "", "location": "", "teacher": "", "cellState": "CHANGED", "date": "2025-08-28", "start": "2025-08-28T09:15", "end": "2025-08-28T10:45", "type": "EVENT"}, {"classID": 2927, "schoolID": "5025800", "subject": "", "location": "", "teacher": "", "cellState": "CHANGED", "date": "2025-08-28", "start": "2025-08-28T11:00", "end": "2025-08-28T12:30", "type": "EVENT"}, {"classID": 2927, "schoolID": "5025800", "subject": "", "location": "", "teacher": "", "cellState": "CHANGED", "date": "2025-08-28", "start": "2025-08-28T12:45", "end": "2025-08-28T14:15", "type": "EVENT"}, {"classID": 2924, "schoolID": "5025800", "subject": "", "location": "", "teacher": "", "cellState": "CHANGED", "date": "2025-08-28", "start": "2025-08-28T07:30", "end": "2025-08-28T09:00", "type": "EVENT"}, {"classID": 2924, "schoolID": "5025800", "subject": "", "location": "", "teacher": "", "cellState": "CHANGED", "date": "2025-08-28", "start": "2025-08-28T09:15", "end": "2025-08-28T10:45", "type": "EVENT"}, {"classID": 2924, "schoolID": "5025800", "subject": "", "location": "", "teacher": "", "cellState": "CHANGED", "date": "2025-08-28", "start": "2025-08-28T11:00", "end": "2025-08-28T12:30", "type": "EVENT"}, {"classID": 2924, "schoolID": "5025800", "subject": "", "location": "", "teacher": "", "cellState": "CHANGED", "date": "2025-08-28", "start": "2025-08-28T12:45", "end": "2025-08-28T14:15", "type": "EVENT"}, {"classID": 2945, "schoolID": "5025800", "subject": "", "location": "", "teacher": "", "cellState": "CHANGED", "date": "2025-08-28", "start": "2025-08-28T07:30", "end": "2025-08-28T09:00", "type": "EVENT"}, {"classID": 2945, "schoolID": "5025800", "subject": "", "location": "", "teacher": "", "cellState": "CHANGED", "date": "2025-08-28", "start": "2025-08-28T09:15", "end": "2025-08-28T10:45", "type": "EVENT"}, {"classID": 2945, "schoolID": "5025800", "subject": "", "location": "", "teacher": "", "cellState": "CHANGED", "date": "2025-08-28", "start": "2025-08-28T11:00", "end": "2025-08-28T12:30", "type": "EVENT"}, {"classID": 2945, "schoolID": "5025800", "subject": "", "location": "", "teacher": "", "cellState": "CHANGED", "date": "2025-08-28", "start": "2025-08-28T12:45", "end": "2025-08-28T14:15", "type": "EVENT"}, {"classID": 2939, "schoolID": "5025800", "subject": "", "location": "", "teacher": "", "cellState": "CHANGED", "date": "2025-08-28", "start": "2025-08-28T07:30", "end": "2025-08-28T09:00", "type": "EVENT"}, {"classID": 2939, "schoolID": "5025800", "subject": "", "location": "", "teacher": "", "cellState": "CHANGED", "date": "2025-08-28", "start": "2025-08-28T09:15", "end": "2025-08-28T10:45", "type": "EVENT"}, {"classID": 2939, "schoolID": "5025800", "subject": "", "location": "", "teacher": "", "cellState": "CHANGED", "date": "2025-08-28", "start": "2025-08-28T11:00", "end": "2025-08-28T12:30", "type": "EVENT"}, {"classID": 2939, "schoolID": "5025800", "subject": "", "location": "", "teacher": "", "cellState": "CHANGED", "date": "2025-08-28", "start": "2025-08-28T12:45", "end": "2025-08-28T14:15", "type": "EVENT"}, {"classID": 2687, "schoolID": "5025800", "subject": [{"current": {"type": "SUBJECT", "status": "REGULAR", "shortName": "PHST", "longName": "Produktherstellung", "displayName": "PHST", "displayNameLabel": "NAME"}, "removed": null}], "location": "", "teacher": "", "cellState": "REGULAR", "date": "2025-08-29", "start": "2025-08-29T08:15", "end": "2025-08-29T10:45", "type": "NORMAL_TEACHING_PERIOD"}, {"classID": 2687, "schoolID": "5025800", "subject": [{"current": {"type": "SUBJECT", "status": "REGULAR", "shortName": "APL", "longName": "Arbeitsplanung", "displayName": "APL", "displayNameLabel": "NAME"}, "removed": null}], "location": "", "teacher": "", "cellState": "CHANGED", "date": "2025-08-29", "start": "2025-08-29T11:00", "end": "2025-08-29T12:30", "type": "NORMAL_TEACHING_PERIOD"}, {"classID": 2699, "schoolID": "5025800", "subject": [{"current": {"type": "SUBJECT", "status": "REGULAR", "shortName": "PT", "longName": "Produktionstechnik", "displayName": "PT", "displayNameLabel": "NAME"}, "removed": null}], "location": "", "teacher": "", "cellState": "REGULAR", "date": "2025-08-29", "start": "2025-08-29T07:30", "end": "2025-08-29T09:00", "type": "NORMAL_TEACHING_PERIOD"}, {"classID": 2699, "schoolID": "5025800", "subject": [{"current": {"type": "SUBJECT", "status": "REGULAR", "shortName": "PORG", "longName": "Produktionsorganisation", "displayName": "PORG", "displayNameLabel": "NAME"}, "removed": null}], "location": "", "teacher": "", "cellState": "REGULAR", "date": "2025-08-29", "start": "2025-08-29T09:15", "end": "2025-08-29T10:45", "type": "NORMAL_TEACHING_PERIOD"}, {"classID": 2699, "schoolID": "5025800", "subject": [{"current": {"type": "SUBJECT", "status": "REGULAR", "shortName": "DVB", "longName": "Druckvorbereitung", "displayName": "DVB", "displayNameLabel": "NAME"}, "removed": null}], "location": "", "teacher": "", "cellState": "REGULAR", "date": "2025-08-29", "start": "2025-08-29T11:00", "end": "2025-08-29T12:30", "type": "NORMAL_TEACHING_PERIOD"}, {"classID": 2702, "schoolID": "5025800", "subject": [{"current": {"type": "SUBJECT", "status": "REGULAR", "shortName": "QM", "longName": "Qualit\u00e4tsmanagement", "displayName": "QM", "displayNameLabel": "NAME"}, "removed": null}], "location": "", "teacher": "", "cellState": "REGULAR", "date": "2025-08-29", "start": "2025-08-29T07:30", "end": "2025-08-29T09:00", "type": "NORMAL_TEACHING_PERIOD"}, {"classID": 2702, "schoolID": "5025800", "subject": [{"current": {"type": "SUBJECT", "status": "REGULAR", "shortName": "E", "longName": "Englisch", "displayName": "E", "displayNameLabel": "NAME"}, "removed": null}], "location": "", "teacher": "", "cellState": "REGULAR", "date": "2025-08-29", "start": "2025-08-29T09:15", "end": "2025-08-29T10:45", "type": "NORMAL_TEACHING_PERIOD"}, {"classID": 2702, "schoolID": "5025800", "subject": [{"current": {"type": "SUBJECT", "status": "REGULAR", "shortName": "HDMP", "longName": "Herstellung von Druck- und Medienprodukten", "displayName": "HDMP", "displayNameLabel": "NAME"}, "removed": null}], "location": "", "teacher": "", "cellState": "REGULAR", "date": "2025-08-29", "start": "2025-08-29T11:00", "end": "2025-08-29T12:30", "type": "NORMAL_TEACHING_PERIOD"}, {"classID": 2711, "schoolID": "5025800", "subject": [{"current": {"type": "SUBJECT", "status": "REGULAR", "shortName": "MGA", "longName": "Mediengerechte Gestaltung und Aufbereitung", "displayName": "MGA", "displayNameLabel": "NAME"}, "removed": null}], "location": "", "teacher": "", "cellState": "REGULAR", "date": "2025-08-29", "start": "2025-08-29T07:30", "end": "2025-08-29T09:00", "type": "NORMAL_TEACHING_PERIOD"}, {"classID": 2711, "schoolID": "5025800", "subject": [{"current": {"type": "SUBJECT", "status": "REGULAR", "shortName": "RMP", "longName": "Realisierung von Medienprojekten", "displayName": "RMP", "displayNameLabel": "NAME"}, "removed": null}], "location": "", "teacher": "", "cellState": "CHANGED", "date": "2025-08-29", "start": "2025-08-29T09:15", "end": "2025-08-29T10:45", "type": "NORMAL_TEACHING_PERIOD"}, {"classID": 2711, "schoolID": "5025800", "subject": [{"current": {"type": "SUBJECT", "status": "REGULAR", "shortName": "RMP", "longName": "Realisierung von Medienprojekten", "displayName": "RMP", "displayNameLabel": "NAME"}, "removed": null}], "location": "", "teacher": "", "cellState": "ADDITIONAL", "date": "2025-08-29", "start": "2025-08-29T11:00", "end": "2025-08-29T11:45", "type": "ADDITIONAL_PERIOD"}, {"classID": 2711, "schoolID": "5025800", "subject": [{"current": {"type": "SUBJECT", "status": "REGULAR", "shortName": "RMP", "longName": "Realisierung von Medienprojekten", "displayName": "RMP", "displayNameLabel": "NAME"}, "removed": null}], "location": "", "teacher": "", "cellState": "ADDITIONAL", "date": "2025-08-29", "start": "2025-08-29T11:45", "end": "2025-08-29T12:30", "type": "ADDITIONAL_PERIOD"}, {"classID": 2720, "schoolID": "5025800", "subject": [{"current": {"type": "SUBJECT", "status": "REGULAR", "shortName": "MGA", "longName": "Mediengerechte Gestaltung und Aufbereitung", "displayName": "MGA", "displayNameLabel": "NAME"}, "removed": null}], "location": "", "teacher": "", "cellState": "CHANGED", "date": "2025-08-29", "start": "2025-08-29T07:30", "end": "2025-08-29T09:00", "type": "NORMAL_TEACHING_PERIOD"}, {"classID": 2720, "schoolID": "5025800", "subject": [{"current": {"type": "SUBJECT", "status": "REGULAR", "shortName": "UMA", "longName": "Umsetzung der Medienausgabe", "displayName": "UMA", "displayNameLabel": "NAME"}, "removed": null}], "location": "", "teacher": "", "cellState": "REGULAR", "date": "2025-08-29", "start": "2025-08-29T09:15", "end": "2025-08-29T10:45", "type": "NORMAL_TEACHING_PERIOD"}, {"classID": 2720, "schoolID": "5025800", "subject": [{"current": {"type": "SUBJECT", "status": "REGULAR", "shortName": "DK", "longName": "Deutsch u. Kommunikation", "displayName": "DK", "displayNameLabel": "NAME"}, "removed": null}], "location": "", "teacher": "", "cellState": "REGULAR", "date": "2025-08-29", "start": "2025-08-29T11:00", "end": "2025-08-29T12:30", "type": "NORMAL_TEACHING_PERIOD"}, {"classID": 2729, "schoolID": "5025800", "subject": [{"current": {"type": "SUBJECT", "status": "REGULAR", "shortName": "RMP", "longName": "Realisierung von Medienprojekten", "displayName": "RMP", "displayNameLabel": "NAME"}, "removed": null}], "location": "", "teacher": "", "cellState": "CHANGED", "date": "2025-08-29", "start": "2025-08-29T07:30", "end": "2025-08-29T09:00", "type": "NORMAL_TEACHING_PERIOD"}, {"classID": 2729, "schoolID": "5025800", "subject": [{"current": {"type": "SUBJECT", "status": "REGULAR", "shortName": "MGA", "longName": "Mediengerechte Gestaltung und Aufbereitung", "displayName": "MGA", "displayNameLabel": "NAME"}, "removed": null}], "location": "", "teacher": "", "cellState": "REGULAR", "date": "2025-08-29", "start": "2025-08-29T09:15", "end": "2025-08-29T10:45", "type": "NORMAL_TEACHING_PERIOD"}, {"classID": 2729, "schoolID": "5025800", "subject": [{"current": {"type": "SUBJECT", "status": "REGULAR", "shortName": "RMP", "longName": "Realisierung von Medienprojekten", "displayName": "RMP", "displayNameLabel": "NAME"}, "removed": null}], "location": "", "teacher": "", "cellState": "REGULAR", "date": "2025-08-29", "start": "2025-08-29T11:00", "end": "2025-08-29T12:30", "type": "NORMAL_TEACHING_PERIOD"}, {"classID": 2729, "schoolID": "5025800", "subject": [{"current": {"type": "SUBJECT", "status": "REGULAR", "shortName": "MGA", "longName": "Mediengerechte Gestaltung und Aufbereitung", "displayName": "MGA", "displayNameLabel": "NAME"}, "removed": null}], "location": "", "teacher": "", "cellState": "REGULAR", "date": "2025-08-29", "start": "2025-08-29T12:45", "end": "2025-08-29T14:15", "type": "NORMAL_TEACHING_PERIOD"}, {"classID": 2738, "schoolID": "5025800", "subject": [{"current": {"type": "SUBJECT", "status": "REGULAR", "shortName": "PT", "longName": "Produktionstechnik", "displayName": "PT", "displayNameLabel": "NAME"}, "removed": null}], "location": "", "teacher": "", "cellState": "REGULAR", "date": "2025-08-29", "start": "2025-08-29T07:30", "end": "2025-08-29T09:00", "type": "NORMAL_TEACHING_PERIOD"}, {"classID": 2738, "schoolID": "5025800", "subject": [{"current": {"type": "SUBJECT", "status": "REGULAR", "shortName": "DVB", "longName": "Druckvorbereitung", "displayName": "DVB", "displayNameLabel": "NAME"}, "removed": null}], "location": "", "teacher": "", "cellState": "REGULAR", "date": "2025-08-29", "start": "2025-08-29T09:15", "end": "2025-08-29T10:45", "type": "NORMAL_TEACHING_PERIOD"}, {"classID": 2738, "schoolID": "5025800", "subject": [{"current": {"type": "SUBJECT", "status": "REGULAR", "shortName": "DVB", "longName": "Druckvorbereitung", "displayName": "DVB", "displayNameLabel": "NAME"}, "removed": null}], "location": "", "teacher": "", "cellState": "REGULAR", "date": "2025-08-29", "start": "2025-08-29T11:00", "end": "2025-08-29T12:30", "type": "NORMAL_TEACHING_PERIOD"}, {"classID": 2756, "schoolID": "5025800", "subject": "", "location": "", "teacher": "", "cellState": "CHANGED", "date": "2025-08-29", "start": "2025-08-29T07:30", "end": "2025-08-29T09:00", "type": "EVENT"}, {"classID": 2756, "schoolID": "5025800", "subject": [{"current": {"type": "SUBJECT", "status": "REGULAR", "shortName": "E", "longName": "Englisch", "displayName": "E", "displayNameLabel": "NAME"}, "removed": null}], "location": "", "teacher": "", "cellState": "CHANGED", "date": "2025-08-29", "start": "2025-08-29T09:15", "end": "2025-08-29T10:45", "type": "NORMAL_TEACHING_PERIOD"}, {"classID": 2756, "schoolID": "5025800", "subject": [{"current": {"type": "SUBJECT", "status": "REGULAR", "shortName": "PO", "longName": "Politik", "displayName": "PO", "displayNameLabel": "NAME"}, "removed": null}], "location": "", "teacher": "", "cellState": "REGULAR", "date": "2025-08-29", "start": "2025-08-29T11:00", "end": "2025-08-29T12:30", "type": "NORMAL_TEACHING_PERIOD"}, {"classID": 2759, "schoolID": "5025800", "subject": [{"current": {"type": "SUBJECT", "status": "REGULAR", "shortName": "BoB", "longName": "Berufsorientierungsb\u00fcro", "displayName": "BoB", "displayNameLabel": "NAME"}, "removed": null}], "location": "", "teacher": "", "cellState": "REGULAR", "date": "2025-08-29", "start": "2025-08-29T07:30", "end": "2025-08-29T09:00", "type": "NORMAL_TEACHING_PERIOD"}, {"classID": 2759, "schoolID": "5025800", "subject": [{"current": {"type": "SUBJECT", "status": "REGULAR", "shortName": "SP", "longName": "Sport", "displayName": "SP", "displayNameLabel": "NAME"}, "removed": null}], "location": "", "teacher": "", "cellState": "CHANGED", "date": "2025-08-29", "start": "2025-08-29T09:15", "end": "2025-08-29T10:45", "type": "NORMAL_TEACHING_PERIOD"}, {"classID": 2759, "schoolID": "5025800", "subject": [{"current": {"type": "SUBJECT", "status": "REGULAR", "shortName": "E", "longName": "Englisch", "displayName": "E", "displayNameLabel": "NAME"}, "removed": null}], "location": "", "teacher": "", "cellState": "REGULAR", "date": "2025-08-29", "start": "2025-08-29T11:00", "end": "2025-08-29T12:30", "type": "NORMAL_TEACHING_PERIOD"}, {"classID": 2759, "schoolID": "5025800", "subject": [{"current": {"type": "SUBJECT", "status": "REGULAR", "shortName": "REL", "longName": "Religion", "displayName": "REL", "displayNameLabel": "NAME"}, "removed": null}], "location": "", "teacher": "", "cellState": "REGULAR", "date": "2025-08-29", "start": "2025-08-29T12:45", "end": "2025-08-29T14:15", "type": "NORMAL_TEACHING_PERIOD"}, {"classID": 2762, "schoolID": "5025800", "subject": [{"current": {"type": "SUBJECT", "status": "REGULAR", "shortName": "GB", "longName": "Kurs 6 Gesellschaft und Beruf AVK", "displayName": "GB", "displayNameLabel": "NAME"}, "removed": null}], "location": "", "teacher": "", "cellState": "CHANGED", "date": "2025-08-29", "start": "2025-08-29T09:15", "end": "2025-08-29T10:45", "type": "NORMAL_TEACHING_PERIOD"}, {"classID": 2762, "schoolID": "5025800", "subject": [{"current": {"type": "SUBJECT", "status": "REGULAR", "shortName": "NW", "longName": "Naturwissenschaften", "displayName": "NW", "displayNameLabel": "NAME"}, "removed": null}], "location": "", "teacher": "", "cellState": "CHANGED", "date": "2025-08-29", "start": "2025-08-29T09:15", "end": "2025-08-29T10:45", "type": "NORMAL_TEACHING_PERIOD"}, {"classID": 2765, "schoolID": "5025800", "subject": [{"current": {"type": "SUBJECT", "status": "REGULAR", "shortName": "BBBA", "longName": "Bildbearbeitung und Bildausgabe", "displayName": "BBBA", "displayNameLabel": "NAME"}, "removed": null}], "location": "", "teacher": "", "cellState": "REGULAR", "date": "2025-08-29", "start": "2025-08-29T07:30", "end": "2025-08-29T10:45", "type": "NORMAL_TEACHING_PERIOD"}, {"classID": 2765, "schoolID": "5025800", "subject": [{"current": {"type": "SUBJECT", "status": "REGULAR", "shortName": "BGKE", "longName": "Bildgestaltung und Konzeptentwicklung", "displayName": "BGKE", "displayNameLabel": "NAME"}, "removed": null}], "location": "", "teacher": "", "cellState": "REGULAR", "date": "2025-08-29", "start": "2025-08-29T11:00", "end": "2025-08-29T14:15", "type": "NORMAL_TEACHING_PERIOD"}, {"classID": 2774, "schoolID": "5025800", "subject": "", "location": "", "teacher": "", "cellState": "CHANGED", "date": "2025-08-29", "start": "2025-08-29T07:30", "end": "2025-08-29T14:15", "type": "EVENT"}, {"classID": 2777, "schoolID": "5025800", "subject": "", "location": "", "teacher": "", "cellState": "CHANGED", "date": "2025-08-29", "start": "2025-08-29T07:30", "end": "2025-08-29T09:00", "type": "EVENT"}, {"classID": 2777, "schoolID": "5025800", "subject": "", "location": "", "teacher": "", "cellState": "CHANGED", "date": "2025-08-29", "start": "2025-08-29T09:15", "end": "2025-08-29T10:45", "type": "EVENT"}, {"classID": 2777, "schoolID": "5025800", "subject": "", "location": "", "teacher": "", "cellState": "CHANGED", "date": "2025-08-29", "start": "2025-08-29T11:00", "end": "2025-08-29T14:15", "type": "EVENT"}, {"classID": 2786, "schoolID": "5025800", "subject": [{"current": {"type": "SUBJECT", "status": "REGULAR", "shortName": "C", "longName": "Chemie", "displayName": "C", "displayNameLabel": "NAME"}, "removed": null}], "location": "", "teacher": "", "cellState": "REGULAR", "date": "2025-08-29", "start": "2025-08-29T07:30", "end": "2025-08-29T09:00", "type": "NORMAL_TEACHING_PERIOD"}, {"classID": 2786, "schoolID": "5025800", "subject": [{"current": {"type": "SUBJECT", "status": "REGULAR", "shortName": "M", "longName": "Mathematik", "displayName": "M", "displayNameLabel": "NAME"}, "removed": null}], "location": "", "teacher": "", "cellState": "REGULAR", "date": "2025-08-29", "start": "2025-08-29T09:15", "end": "2025-08-29T10:45", "type": "NORMAL_TEACHING_PERIOD"}, {"classID": 2786, "schoolID": "5025800", "subject": [{"current": {"type": "SUBJECT", "status": "REGULAR", "shortName": "REL", "longName": "Religion", "displayName": "REL", "displayNameLabel": "NAME"}, "removed": null}], "location": "", "teacher": "", "cellState": "REGULAR", "date": "2025-08-29", "start": "2025-08-29T11:00", "end": "2025-08-29T12:30", "type": "NORMAL_TEACHING_PERIOD"}, {"classID": 2786, "schoolID": "5025800", "subject": [{"current": {"type": "SUBJECT", "status": "REGULAR", "shortName": "GD", "longName": "Grafikdesign", "displayName": "GD", "displayNameLabel": "NAME"}, "removed": null}], "location": "", "teacher": "", "cellState": "CHANGED", "date": "2025-08-29", "start": "2025-08-29T12:45", "end": "2025-08-29T14:15", "type": "NORMAL_TEACHING_PERIOD"}, {"classID": 2789, "schoolID": "5025800", "subject": "", "location": "", "teacher": "", "cellState": "CHANGED", "date": "2025-08-29", "start": "2025-08-29T08:15", "end": "2025-08-29T09:00", "type": "EVENT"}, {"classID": 2789, "schoolID": "5025800", "subject": [{"current": {"type": "SUBJECT", "status": "REGULAR", "shortName": "E", "longName": "Englisch", "displayName": "E", "displayNameLabel": "NAME"}, "removed": null}], "location": "", "teacher": "", "cellState": "REGULAR", "date": "2025-08-29", "start": "2025-08-29T09:15", "end": "2025-08-29T10:45", "type": "NORMAL_TEACHING_PERIOD"}, {"classID": 2789, "schoolID": "5025800", "subject": [{"current": {"type": "SUBJECT", "status": "REGULAR", "shortName": "E", "longName": "Englisch", "displayName": "E", "displayNameLabel": "NAME"}, "removed": null}], "location": "", "teacher": "", "cellState": "CHANGED", "date": "2025-08-29", "start": "2025-08-29T11:00", "end": "2025-08-29T12:30", "type": "ADDITIONAL_PERIOD"}, {"classID": 2792, "schoolID": "5025800", "subject": "", "location": "", "teacher": "", "cellState": "CHANGED", "date": "2025-08-29", "start": "2025-08-29T09:15", "end": "2025-08-29T14:15", "type": "EVENT"}, {"classID": 2795, "schoolID": "5025800", "subject": [{"current": {"type": "SUBJECT", "status": "REGULAR", "shortName": "D_BNE", "longName": "Bildung f\u00fcr nachhaltige Entwicklung", "displayName": "D_BNE", "displayNameLabel": "NAME"}, "removed": null}], "location": "", "teacher": "", "cellState": "CHANGED", "date": "2025-08-29", "start": "2025-08-29T09:15", "end": "2025-08-29T10:45", "type": "NORMAL_TEACHING_PERIOD"}, {"classID": 2795, "schoolID": "5025800", "subject": [{"current": {"type": "SUBJECT", "status": "REGULAR", "shortName": "GST", "longName": "Gestaltungstechnik", "displayName": "GST", "displayNameLabel": "NAME"}, "removed": null}], "location": "", "teacher": "", "cellState": "CHANGED", "date": "2025-08-29", "start": "2025-08-29T11:00", "end": "2025-08-29T12:30", "type": "NORMAL_TEACHING_PERIOD"}, {"classID": 2798, "schoolID": "5025800", "subject": [{"current": {"type": "SUBJECT", "status": "REGULAR", "shortName": "WL", "longName": "Wirtschaftslehre", "displayName": "WL", "displayNameLabel": "NAME"}, "removed": null}], "location": "", "teacher": "", "cellState": "ADDITIONAL", "date": "2025-08-29", "start": "2025-08-29T09:15", "end": "2025-08-29T10:45", "type": "ADDITIONAL_PERIOD"}, {"classID": 2798, "schoolID": "5025800", "subject": [{"current": {"type": "SUBJECT", "status": "REGULAR", "shortName": "DUK", "longName": "Design und Kunstgeschichte", "displayName": "DUK", "displayNameLabel": "NAME"}, "removed": null}], "location": "", "teacher": "", "cellState": "CHANGED", "date": "2025-08-29", "start": "2025-08-29T11:00", "end": "2025-08-29T12:30", "type": "NORMAL_TEACHING_PERIOD"}, {"classID": 2798, "schoolID": "5025800", "subject": [{"current": {"type": "SUBJECT", "status": "REGULAR", "shortName": "M", "longName": "Mathematik", "displayName": "M", "displayNameLabel": "NAME"}, "removed": null}], "location": "", "teacher": "", "cellState": "CHANGED", "date": "2025-08-29", "start": "2025-08-29T12:45", "end": "2025-08-29T14:15", "type": "NORMAL_TEACHING_PERIOD"}, {"classID": 2804, "schoolID": "5025800", "subject": "", "location": "", "teacher": "", "cellState": "CHANGED", "date": "2025-08-29", "start": "2025-08-29T09:15", "end": "2025-08-29T14:15", "type": "EVENT"}, {"classID": 2807, "schoolID": "5025800", "subject": "", "location": "", "teacher": "", "cellState": "CHANGED", "date": "2025-08-29", "start": "2025-08-29T07:30", "end": "2025-08-29T14:15", "type": "EVENT"}, {"classID": 2810, "schoolID": "5025800", "subject": [{"current": {"type": "SUBJECT", "status": "REGULAR", "shortName": "GB", "longName": "Kurs 6 Gesellschaft und Beruf AVK", "displayName": "GB", "displayNameLabel": "NAME"}, "removed": null}], "location": "", "teacher": "", "cellState": "CHANGED", "date": "2025-08-29", "start": "2025-08-29T09:15", "end": "2025-08-29T10:45", "type": "NORMAL_TEACHING_PERIOD"}, {"classID": 2810, "schoolID": "5025800", "subject": [{"current": {"type": "SUBJECT", "status": "REGULAR", "shortName": "NW", "longName": "Naturwissenschaften", "displayName": "NW", "displayNameLabel": "NAME"}, "removed": null}], "location": "", "teacher": "", "cellState": "CHANGED", "date": "2025-08-29", "start": "2025-08-29T09:15", "end": "2025-08-29T10:45", "type": "NORMAL_TEACHING_PERIOD"}, {"classID": 2810, "schoolID": "5025800", "subject": [{"current": {"type": "SUBJECT", "status": "REGULAR", "shortName": "DK", "longName": "Deutsch u. Kommunikation", "displayName": "DK", "displayNameLabel": "NAME"}, "removed": null}], "location": "", "teacher": "", "cellState": "REGULAR", "date": "2025-08-29", "start": "2025-08-29T11:00", "end": "2025-08-29T12:30", "type": "NORMAL_TEACHING_PERIOD"}, {"classID": 2819, "schoolID": "5025800", "subject": "", "location": "", "teacher": "", "cellState": "CHANGED", "date": "2025-08-29", "start": "2025-08-29T07:30", "end": "2025-08-29T09:00", "type": "EVENT"}, {"classID": 2819, "schoolID": "5025800", "subject": "", "location": "", "teacher": "", "cellState": "CHANGED", "date": "2025-08-29", "start": "2025-08-29T09:15", "end": "2025-08-29T12:30", "type": "EVENT"}, {"classID": 2825, "schoolID": "5025800", "subject": [{"current": {"type": "SUBJECT", "status": "REGULAR", "shortName": "MTD", "longName": "Medientechnik / -design", "displayName": "MTD", "displayNameLabel": "NAME"}, "removed": null}], "location": "", "teacher": "", "cellState": "CHANGED", "date": "2025-08-29", "start": "2025-08-29T11:00", "end": "2025-08-29T14:15", "type": "NORMAL_TEACHING_PERIOD"}, {"classID": 2831, "schoolID": "5025800", "subject": [{"current": {"type": "SUBJECT", "status": "REGULAR", "shortName": "DK", "longName": "Deutsch u. Kommunikation", "displayName": "DK", "displayNameLabel": "NAME"}, "removed": null}], "location": "", "teacher": "", "cellState": "REGULAR", "date": "2025-08-29", "start": "2025-08-29T07:30", "end": "2025-08-29T09:00", "type": "NORMAL_TEACHING_PERIOD"}, {"classID": 2831, "schoolID": "5025800", "subject": [{"current": {"type": "SUBJECT", "status": "REGULAR", "shortName": "WL", "longName": "Wirtschaftslehre", "displayName": "WL", "displayNameLabel": "NAME"}, "removed": null}], "location": "", "teacher": "", "cellState": "CHANGED", "date": "2025-08-29", "start": "2025-08-29T09:15", "end": "2025-08-29T10:45", "type": "ADDITIONAL_PERIOD"}, {"classID": 2831, "schoolID": "5025800", "subject": [{"current": {"type": "SUBJECT", "status": "REGULAR", "shortName": "DIGI_A", "longName": "DIGI Adobe", "displayName": "DIGI_A", "displayNameLabel": "NAME"}, "removed": null}], "location": "", "teacher": "", "cellState": "CHANGED", "date": "2025-08-29", "start": "2025-08-29T11:00", "end": "2025-08-29T12:30", "type": "NORMAL_TEACHING_PERIOD"}, {"classID": 2834, "schoolID": "5025800", "subject": [{"current": {"type": "SUBJECT", "status": "REGULAR", "shortName": "DMB", "longName": "Design-Modell-Bau", "displayName": "DMB", "displayNameLabel": "NAME"}, "removed": null}], "location": "", "teacher": "", "cellState": "REGULAR", "date": "2025-08-29", "start": "2025-08-29T09:15", "end": "2025-08-29T10:45", "type": "NORMAL_TEACHING_PERIOD"}, {"classID": 2834, "schoolID": "5025800", "subject": [{"current": {"type": "SUBJECT", "status": "REGULAR", "shortName": "PRT", "longName": "Pr\u00e4sentationstechnik", "displayName": "PRT", "displayNameLabel": "NAME"}, "removed": null}], "location": "", "teacher": "", "cellState": "REGULAR", "date": "2025-08-29", "start": "2025-08-29T11:00", "end": "2025-08-29T14:15", "type": "NORMAL_TEACHING_PERIOD"}, {"classID": 2840, "schoolID": "5025800", "subject": "", "location": "", "teacher": "", "cellState": "CHANGED", "date": "2025-08-29", "start": "2025-08-29T07:30", "end": "2025-08-29T14:15", "type": "EVENT"}, {"classID": 2843, "schoolID": "5025800", "subject": "", "location": "", "teacher": "", "cellState": "CHANGED", "date": "2025-08-29", "start": "2025-08-29T09:15", "end": "2025-08-29T14:15", "type": "EVENT"}, {"classID": 2846, "schoolID": "5025800", "subject": "", "location": "", "teacher": "", "cellState": "CHANGED", "date": "2025-08-29", "start": "2025-08-29T07:30", "end": "2025-08-29T14:15", "type": "EVENT"}, {"classID": 2858, "schoolID": "5025800", "subject": [{"current": {"type": "SUBJECT", "status": "REGULAR", "shortName": "PlanB", "longName": "Plan B - Individuelle F\u00f6rderung", "displayName": "PlanB", "displayNameLabel": "NAME"}, "removed": null}], "location": "", "teacher": "", "cellState": "CHANGED", "date": "2025-08-29", "start": "2025-08-29T07:30", "end": "2025-08-29T09:00", "type": "NORMAL_TEACHING_PERIOD"}, {"classID": 2861, "schoolID": "5025800", "subject": [{"current": {"type": "SUBJECT", "status": "REGULAR", "shortName": "AAC_T", "longName": "Anorganische/Analytische Chemie - Theorie", "displayName": "AAC_T", "displayNameLabel": "NAME"}, "removed": null}], "location": "", "teacher": "", "cellState": "CHANGED", "date": "2025-08-29", "start": "2025-08-29T07:30", "end": "2025-08-29T09:00", "type": "NORMAL_TEACHING_PERIOD"}, {"classID": 2861, "schoolID": "5025800", "subject": [{"current": {"type": "SUBJECT", "status": "REGULAR", "shortName": "CTPC_T", "longName": "Chemische Technologie/Physikalische Chemie - Theorie", "displayName": "CTPC_T", "displayNameLabel": "NAME"}, "removed": null}], "location": "", "teacher": "", "cellState": "REGULAR", "date": "2025-08-29", "start": "2025-08-29T09:15", "end": "2025-08-29T10:45", "type": "NORMAL_TEACHING_PERIOD"}, {"classID": 2861, "schoolID": "5025800", "subject": [{"current": {"type": "SUBJECT", "status": "REGULAR", "shortName": "DK", "longName": "Deutsch u. Kommunikation", "displayName": "DK", "displayNameLabel": "NAME"}, "removed": null}], "location": "", "teacher": "", "cellState": "REGULAR", "date": "2025-08-29", "start": "2025-08-29T11:00", "end": "2025-08-29T12:30", "type": "NORMAL_TEACHING_PERIOD"}, {"classID": 2861, "schoolID": "5025800", "subject": [{"current": {"type": "SUBJECT", "status": "REGULAR", "shortName": "E", "longName": "Englisch", "displayName": "E", "displayNameLabel": "NAME"}, "removed": null}], "location": "", "teacher": "", "cellState": "CHANGED", "date": "2025-08-29", "start": "2025-08-29T12:45", "end": "2025-08-29T14:15", "type": "NORMAL_TEACHING_PERIOD"}, {"classID": 2864, "schoolID": "5025800", "subject": [{"current": {"type": "SUBJECT", "status": "REGULAR", "shortName": "PlanB", "longName": "Plan B - Individuelle F\u00f6rderung", "displayName": "PlanB", "displayNameLabel": "NAME"}, "removed": null}], "location": "", "teacher": "", "cellState": "CHANGED", "date": "2025-08-29", "start": "2025-08-29T07:30", "end": "2025-08-29T09:00", "type": "NORMAL_TEACHING_PERIOD"}, {"classID": 2864, "schoolID": "5025800", "subject": "", "location": "", "teacher": "", "cellState": "CHANGED", "date": "2025-08-29", "start": "2025-08-29T09:15", "end": "2025-08-29T10:45", "type": "EVENT"}, {"classID": 2864, "schoolID": "5025800", "subject": "", "location": "", "teacher": "", "cellState": "CHANGED", "date": "2025-08-29", "start": "2025-08-29T11:00", "end": "2025-08-29T12:30", "type": "EVENT"}, {"classID": 2870, "schoolID": "5025800", "subject": [{"current": {"type": "SUBJECT", "status": "REGULAR", "shortName": "VTE", "longName": "Verfahrenstechnik", "displayName": "VTE", "displayNameLabel": "NAME"}, "removed": null}], "location": "", "teacher": "", "cellState": "REGULAR", "date": "2025-08-29", "start": "2025-08-29T09:15", "end": "2025-08-29T10:45", "type": "NORMAL_TEACHING_PERIOD"}, {"classID": 2870, "schoolID": "5025800", "subject": [{"current": {"type": "SUBJECT", "status": "REGULAR", "shortName": "VTE", "longName": "Verfahrenstechnik", "displayName": "VTE", "displayNameLabel": "NAME"}, "removed": null}], "location": "", "teacher": "", "cellState": "CHANGED", "date": "2025-08-29", "start": "2025-08-29T11:00", "end": "2025-08-29T11:45", "type": "NORMAL_TEACHING_PERIOD"}, {"classID": 2870, "schoolID": "5025800", "subject": [{"current": {"type": "SUBJECT", "status": "REGULAR", "shortName": "VTE", "longName": "Verfahrenstechnik", "displayName": "VTE", "displayNameLabel": "NAME"}, "removed": null}], "location": "", "teacher": "", "cellState": "REGULAR", "date": "2025-08-29", "start": "2025-08-29T11:45", "end": "2025-08-29T14:15", "type": "NORMAL_TEACHING_PERIOD"}, {"classID": 2873, "schoolID": "5025800", "subject": "", "location": "", "teacher": "", "cellState": "CHANGED", "date": "2025-08-29", "start": "2025-08-29T07:30", "end": "2025-08-29T09:00", "type": "EVENT"}, {"classID": 2873, "schoolID": "5025800", "subject": "", "location": "", "teacher": "", "cellState": "CHANGED", "date": "2025-08-29", "start": "2025-08-29T09:15", "end": "2025-08-29T10:45", "type": "EVENT"}, {"classID": 2873, "schoolID": "5025800", "subject": "", "location": "", "teacher": "", "cellState": "CHANGED", "date": "2025-08-29", "start": "2025-08-29T11:00", "end": "2025-08-29T12:30", "type": "EVENT"}, {"classID": 2873, "schoolID": "5025800", "subject": "", "location": "", "teacher": "", "cellState": "CHANGED", "date": "2025-08-29", "start": "2025-08-29T12:45", "end": "2025-08-29T14:15", "type": "EVENT"}, {"classID": 2876, "schoolID": "5025800", "subject": "", "location": "", "teacher": "", "cellState": "CHANGED", "date": "2025-08-29", "start": "2025-08-29T07:30", "end": "2025-08-29T09:00", "type": "EVENT"}, {"classID": 2876, "schoolID": "5025800", "subject": "", "location": "", "teacher": "", "cellState": "CHANGED", "date": "2025-08-29", "start": "2025-08-29T09:15", "end": "2025-08-29T10:45", "type": "EVENT"}, {"classID": 2876, "schoolID": "5025800", "subject": "", "location": "", "teacher": "", "cellState": "CHANGED", "date": "2025-08-29", "start": "2025-08-29T11:00", "end": "2025-08-29T12:30", "type": "EVENT"}, {"classID": 2876, "schoolID": "5025800", "subject": "", "location": "", "teacher": "", "cellState": "CHANGED", "date": "2025-08-29", "start": "2025-08-29T12:45", "end": "2025-08-29T14:15", "type": "EVENT"}, {"classID": 2882, "schoolID": "5025800", "subject": "", "location": "", "teacher": "", "cellState": "CHANGED", "date": "2025-08-29", "start": "2025-08-29T07:30", "end": "2025-08-29T09:00", "type": "EVENT"}, {"classID": 2882, "schoolID": "5025800", "subject": "", "location": "", "teacher": "", "cellState": "CHANGED", "date": "2025-08-29", "start": "2025-08-29T09:15", "end": "2025-08-29T10:45", "type": "EVENT"}, {"classID": 2882, "schoolID": "5025800", "subject": "", "location": "", "teacher": "", "cellState": "CHANGED", "date": "2025-08-29", "start": "2025-08-29T11:00", "end": "2025-08-29T12:30", "type": "EVENT"}, {"classID": 2894, "schoolID": "5025800", "subject": "", "location": "", "teacher": "", "cellState": "CHANGED", "date": "2025-08-29", "start": "2025-08-29T07:30", "end": "2025-08-29T09:00", "type": "EVENT"}, {"classID": 2894, "schoolID": "5025800", "subject": "", "location": "", "teacher": "", "cellState": "CHANGED", "date": "2025-08-29", "start": "2025-08-29T09:15", "end": "2025-08-29T10:45", "type": "EVENT"}, {"classID": 2894, "schoolID": "5025800", "subject": "", "location": "", "teacher": "", "cellState": "CHANGED", "date": "2025-08-29", "start": "2025-08-29T11:00", "end": "2025-08-29T12:30", "type": "EVENT"}, {"classID": 2909, "schoolID": "5025800", "subject": "", "location": "", "teacher": "", "cellState": "CHANGED", "date": "2025-08-29", "start": "2025-08-29T07:30", "end": "2025-08-29T09:00", "type": "EVENT"}, {"classID": 2909, "schoolID": "5025800", "subject": "", "location": "", "teacher": "", "cellState": "CHANGED", "date": "2025-08-29", "start": "2025-08-29T09:15", "end": "2025-08-29T10:45", "type": "EVENT"}, {"classID": 2909, "schoolID": "5025800", "subject": "", "location": "", "teacher": "", "cellState": "CHANGED", "date": "2025-08-29", "start": "2025-08-29T11:00", "end": "2025-08-29T12:30", "type": "EVENT"}, {"classID": 2909, "schoolID": "5025800", "subject": "", "location": "", "teacher": "", "cellState": "CHANGED", "date": "2025-08-29", "start": "2025-08-29T12:45", "end": "2025-08-29T14:15", "type": "EVENT"}, {"classID": 2921, "schoolID": "5025800", "subject": "", "location": "", "teacher": "", "cellState": "CHANGED", "date": "2025-08-29", "start": "2025-08-29T07:30", "end": "2025-08-29T09:00", "type": "EVENT"}, {"classID": 2921, "schoolID": "5025800", "subject": "", "location": "", "teacher": "", "cellState": "CHANGED", "date": "2025-08-29", "start": "2025-08-29T09:15", "end": "2025-08-29T10:45", "type": "EVENT"}, {"classID": 2921, "schoolID": "5025800", "subject": "", "location": "", "teacher": "", "cellState": "CHANGED", "date": "2025-08-29", "start": "2025-08-29T11:00", "end": "2025-08-29T12:30", "type": "EVENT"}, {"classID": 2930, "schoolID": "5025800", "subject": [{"current": {"type": "SUBJECT", "status": "REGULAR", "shortName": "DHR", "longName": "Durchf\u00fchrung von Hygienema\u00dfnahmen und Reinigung technischer Anlagen", "displayName": "DHR", "displayNameLabel": "NAME"}, "removed": null}], "location": "", "teacher": "", "cellState": "REGULAR", "date": "2025-08-29", "start": "2025-08-29T07:30", "end": "2025-08-29T09:00", "type": "NORMAL_TEACHING_PERIOD"}, {"classID": 2930, "schoolID": "5025800", "subject": [{"current": {"type": "SUBJECT", "status": "REGULAR", "shortName": "WBL", "longName": "Wirtschafts- und Betriebslehre", "displayName": "WBL", "displayNameLabel": "NAME"}, "removed": null}], "location": "", "teacher": "", "cellState": "REGULAR", "date": "2025-08-29", "start": "2025-08-29T09:15", "end": "2025-08-29T10:45", "type": "NORMAL_TEACHING_PERIOD"}, {"classID": 2930, "schoolID": "5025800", "subject": [{"current": {"type": "SUBJECT", "status": "REGULAR", "shortName": "RSO", "longName": "Reinigung und Schutz von Oberfl\u00e4chen", "displayName": "RSO", "displayNameLabel": "NAME"}, "removed": null}], "location": "", "teacher": "", "cellState": "REGULAR", "date": "2025-08-29", "start": "2025-08-29T11:00", "end": "2025-08-29T12:30", "type": "NORMAL_TEACHING_PERIOD"}, {"classID": 2930, "schoolID": "5025800", "subject": [{"current": {"type": "SUBJECT", "status": "REGULAR", "shortName": "PRO", "longName": "Planung von Reinigungsabl\u00e4ufen f\u00fcr Objekte", "displayName": "PRO", "displayNameLabel": "NAME"}, "removed": null}], "location": "", "teacher": "", "cellState": "REGULAR", "date": "2025-08-29", "start": "2025-08-29T12:45", "end": "2025-08-29T14:15", "type": "NORMAL_TEACHING_PERIOD"}, {"classID": 2957, "schoolID": "5025800", "subject": "", "location": "", "teacher": "", "cellState": "CHANGED", "date": "2025-08-29", "start": "2025-08-29T07:30", "end": "2025-08-29T09:00", "type": "EVENT"}, {"classID": 2957, "schoolID": "5025800", "subject": "", "location": "", "teacher": "", "cellState": "CHANGED", "date": "2025-08-29", "start": "2025-08-29T09:15", "end": "2025-08-29T10:45", "type": "EVENT"}, {"classID": 2957, "schoolID": "5025800", "subject": "", "location": "", "teacher": "", "cellState": "CHANGED", "date": "2025-08-29", "start": "2025-08-29T11:00", "end": "2025-08-29T12:30", "type": "EVENT"}, {"classID": 2957, "schoolID": "5025800", "subject": "", "location": "", "teacher": "", "cellState": "CHANGED", "date": "2025-08-29", "start": "2025-08-29T12:45", "end": "2025-08-29T14:15", "type": "EVENT"}]