[{"classID": 35, "schoolID": "3891500", "subject": [{"current": {"type": "SUBJECT", "status": "REGULAR", "shortName": "D", "longName": "Deutsch", "displayName": "D", "displayNameLabel": "NAME"}, "removed": null}], "location": [{"current": {"type": "ROOM", "status": "REGULAR", "shortName": "1", "longName": "Klassenraum Klasse 1", "displayName": "1", "displayNameLabel": "NAME"}, "removed": null}], "teacher": "", "cellState": "REGULAR", "date": "2025-07-14", "start": "2025-07-14T08:00", "end": "2025-07-14T08:45", "type": "NORMAL_TEACHING_PERIOD"}, {"classID": 35, "schoolID": "3891500", "subject": "", "location": [{"current": {"type": "ROOM", "status": "ADDED", "shortName": "AULA", "longName": "Aula", "displayName": "AULA", "displayNameLabel": "NAME"}, "removed": null}], "teacher": "", "cellState": "CHANGED", "date": "2025-07-14", "start": "2025-07-14T08:50", "end": "2025-07-14T09:35", "type": "EVENT"}, {"classID": 35, "schoolID": "3891500", "subject": [{"current": {"type": "SUBJECT", "status": "REGULAR", "shortName": "E", "longName": "Englisch", "displayName": "E", "displayNameLabel": "NAME"}, "removed": null}], "location": [{"current": {"type": "ROOM", "status": "REGULAR", "shortName": "1", "longName": "Klassenraum Klasse 1", "displayName": "1", "displayNameLabel": "NAME"}, "removed": null}], "teacher": "", "cellState": "REGULAR", "date": "2025-07-14", "start": "2025-07-14T10:00", "end": "2025-07-14T10:45", "type": "NORMAL_TEACHING_PERIOD"}, {"classID": 35, "schoolID": "3891500", "subject": [{"current": {"type": "SUBJECT", "status": "REGULAR", "shortName": "Mu", "longName": "Musik", "displayName": "Mu", "displayNameLabel": "NAME"}, "removed": null}], "location": [{"current": {"type": "ROOM", "status": "REGULAR", "shortName": "AULA", "longName": "Aula", "displayName": "AULA", "displayNameLabel": "NAME"}, "removed": null}], "teacher": "", "cellState": "REGULAR", "date": "2025-07-14", "start": "2025-07-14T10:50", "end": "2025-07-14T11:35", "type": "NORMAL_TEACHING_PERIOD"}, {"classID": 35, "schoolID": "3891500", "subject": [{"current": {"type": "SUBJECT", "status": "REGULAR", "shortName": "Sp", "longName": "Sport", "displayName": "Sp", "displayNameLabel": "NAME"}, "removed": null}], "location": [{"current": {"type": "ROOM", "status": "REGULAR", "shortName": "SP", "longName": "Sporthalle", "displayName": "SP", "displayNameLabel": "NAME"}, "removed": null}], "teacher": "", "cellState": "REGULAR", "date": "2025-07-14", "start": "2025-07-14T11:55", "end": "2025-07-14T12:40", "type": "NORMAL_TEACHING_PERIOD"}, {"classID": 35, "schoolID": "3891500", "subject": [{"current": {"type": "SUBJECT", "status": "REGULAR", "shortName": "K S", "longName": "Kurzstunde", "displayName": "K S", "displayNameLabel": "NAME"}, "removed": null}], "location": [{"current": {"type": "ROOM", "status": "REGULAR", "shortName": "SP", "longName": "Sporthalle", "displayName": "SP", "displayNameLabel": "NAME"}, "removed": null}], "teacher": "", "cellState": "REGULAR", "date": "2025-07-14", "start": "2025-07-14T12:42", "end": "2025-07-14T13:00", "type": "NORMAL_TEACHING_PERIOD"}, {"classID": 35, "schoolID": "3891500", "subject": [{"current": {"type": "SUBJECT", "status": "REGULAR", "shortName": "Add", "longName": "Additive Sprachf\u00f6rderung", "displayName": "Add", "displayNameLabel": "NAME"}, "removed": null}], "location": "", "teacher": "", "cellState": "REGULAR", "date": "2025-07-14", "start": "2025-07-14T13:00", "end": "2025-07-14T13:45", "type": "NORMAL_TEACHING_PERIOD"}, {"classID": 32, "schoolID": "3891500", "subject": [{"current": {"type": "SUBJECT", "status": "REGULAR", "shortName": "KLSt", "longName": "Klassenlehrerstunden", "displayName": "KLSt", "displayNameLabel": "NAME"}, "removed": null}], "location": [{"current": {"type": "ROOM", "status": "REGULAR", "shortName": "2", "longName": "Klassenraum Klasse 2", "displayName": "2", "displayNameLabel": "NAME"}, "removed": null}], "teacher": "", "cellState": "REGULAR", "date": "2025-07-14", "start": "2025-07-14T08:00", "end": "2025-07-14T08:45", "type": "NORMAL_TEACHING_PERIOD"}, {"classID": 32, "schoolID": "3891500", "subject": "", "location": [{"current": {"type": "ROOM", "status": "ADDED", "shortName": "AULA", "longName": "Aula", "displayName": "AULA", "displayNameLabel": "NAME"}, "removed": null}], "teacher": "", "cellState": "CHANGED", "date": "2025-07-14", "start": "2025-07-14T08:50", "end": "2025-07-14T09:35", "type": "EVENT"}, {"classID": 32, "schoolID": "3891500", "subject": [{"current": {"type": "SUBJECT", "status": "REGULAR", "shortName": "D", "longName": "Deutsch", "displayName": "D", "displayNameLabel": "NAME"}, "removed": null}], "location": [{"current": {"type": "ROOM", "status": "REGULAR", "shortName": "2", "longName": "Klassenraum Klasse 2", "displayName": "2", "displayNameLabel": "NAME"}, "removed": null}], "teacher": "", "cellState": "REGULAR", "date": "2025-07-14", "start": "2025-07-14T10:00", "end": "2025-07-14T10:45", "type": "NORMAL_TEACHING_PERIOD"}, {"classID": 32, "schoolID": "3891500", "subject": [{"current": {"type": "SUBJECT", "status": "REGULAR", "shortName": "JeKi", "longName": "Jedes Kind ein Instrument", "displayName": "JeKi", "displayNameLabel": "NAME"}, "removed": null}], "location": [{"current": {"type": "ROOM", "status": "REGULAR", "shortName": "MU", "longName": "Musikraum", "displayName": "MU", "displayNameLabel": "NAME"}, "removed": null}], "teacher": "", "cellState": "REGULAR", "date": "2025-07-14", "start": "2025-07-14T10:50", "end": "2025-07-14T11:35", "type": "NORMAL_TEACHING_PERIOD"}, {"classID": 32, "schoolID": "3891500", "subject": [{"current": {"type": "SUBJECT", "status": "REGULAR", "shortName": "Mu", "longName": "Musik", "displayName": "Mu", "displayNameLabel": "NAME"}, "removed": null}], "location": [{"current": {"type": "ROOM", "status": "REGULAR", "shortName": "2", "longName": "Klassenraum Klasse 2", "displayName": "2", "displayNameLabel": "NAME"}, "removed": null}], "teacher": "", "cellState": "REGULAR", "date": "2025-07-14", "start": "2025-07-14T10:50", "end": "2025-07-14T11:35", "type": "NORMAL_TEACHING_PERIOD"}, {"classID": 32, "schoolID": "3891500", "subject": [{"current": {"type": "SUBJECT", "status": "REGULAR", "shortName": "The", "longName": "Theater", "displayName": "The", "displayNameLabel": "NAME"}, "removed": null}], "location": [{"current": {"type": "ROOM", "status": "REGULAR", "shortName": "AULA", "longName": "Aula", "displayName": "AULA", "displayNameLabel": "NAME"}, "removed": null}], "teacher": "", "cellState": "REGULAR", "date": "2025-07-14", "start": "2025-07-14T11:55", "end": "2025-07-14T12:40", "type": "NORMAL_TEACHING_PERIOD"}, {"classID": 32, "schoolID": "3891500", "subject": [{"current": {"type": "SUBJECT", "status": "REGULAR", "shortName": "K S", "longName": "Kurzstunde", "displayName": "K S", "displayNameLabel": "NAME"}, "removed": null}], "location": [{"current": {"type": "ROOM", "status": "REGULAR", "shortName": "AULA", "longName": "Aula", "displayName": "AULA", "displayNameLabel": "NAME"}, "removed": null}], "teacher": "", "cellState": "REGULAR", "date": "2025-07-14", "start": "2025-07-14T12:42", "end": "2025-07-14T13:00", "type": "NORMAL_TEACHING_PERIOD"}, {"classID": 32, "schoolID": "3891500", "subject": [{"current": {"type": "SUBJECT", "status": "REGULAR", "shortName": "Add", "longName": "Additive Sprachf\u00f6rderung", "displayName": "Add", "displayNameLabel": "NAME"}, "removed": null}], "location": [{"current": {"type": "ROOM", "status": "REGULAR", "shortName": "F\u00d6 1", "longName": "F\u00f6rderraum 1", "displayName": "F\u00d6 1", "displayNameLabel": "NAME"}, "removed": null}], "teacher": "", "cellState": "REGULAR", "date": "2025-07-14", "start": "2025-07-14T13:00", "end": "2025-07-14T13:45", "type": "NORMAL_TEACHING_PERIOD"}, {"classID": 38, "schoolID": "3891500", "subject": [{"current": {"type": "SUBJECT", "status": "REGULAR", "shortName": "KLS", "longName": "Klassenlehrerstunde", "displayName": "KLS", "displayNameLabel": "NAME"}, "removed": null}], "location": [{"current": {"type": "ROOM", "status": "REGULAR", "shortName": "3", "longName": "Klassenraum Klasse 3", "displayName": "3", "displayNameLabel": "NAME"}, "removed": null}], "teacher": "", "cellState": "REGULAR", "date": "2025-07-14", "start": "2025-07-14T08:00", "end": "2025-07-14T08:45", "type": "NORMAL_TEACHING_PERIOD"}, {"classID": 38, "schoolID": "3891500", "subject": "", "location": [{"current": {"type": "ROOM", "status": "ADDED", "shortName": "AULA", "longName": "Aula", "displayName": "AULA", "displayNameLabel": "NAME"}, "removed": null}], "teacher": "", "cellState": "CHANGED", "date": "2025-07-14", "start": "2025-07-14T08:50", "end": "2025-07-14T09:35", "type": "EVENT"}, {"classID": 38, "schoolID": "3891500", "subject": [{"current": {"type": "SUBJECT", "status": "REGULAR", "shortName": "JeKi", "longName": "Jedes Kind ein Instrument", "displayName": "JeKi", "displayNameLabel": "NAME"}, "removed": null}], "location": [{"current": {"type": "ROOM", "status": "REGULAR", "shortName": "MU", "longName": "Musikraum", "displayName": "MU", "displayNameLabel": "NAME"}, "removed": null}], "teacher": "", "cellState": "REGULAR", "date": "2025-07-14", "start": "2025-07-14T10:00", "end": "2025-07-14T10:45", "type": "NORMAL_TEACHING_PERIOD"}, {"classID": 38, "schoolID": "3891500", "subject": [{"current": {"type": "SUBJECT", "status": "REGULAR", "shortName": "Mu", "longName": "Musik", "displayName": "Mu", "displayNameLabel": "NAME"}, "removed": null}], "location": [{"current": {"type": "ROOM", "status": "REGULAR", "shortName": "3", "longName": "Klassenraum Klasse 3", "displayName": "3", "displayNameLabel": "NAME"}, "removed": null}], "teacher": "", "cellState": "REGULAR", "date": "2025-07-14", "start": "2025-07-14T10:00", "end": "2025-07-14T10:45", "type": "NORMAL_TEACHING_PERIOD"}, {"classID": 38, "schoolID": "3891500", "subject": [{"current": {"type": "SUBJECT", "status": "REGULAR", "shortName": "Ma", "longName": "Mathematik", "displayName": "Ma", "displayNameLabel": "NAME"}, "removed": null}], "location": [{"current": {"type": "ROOM", "status": "REGULAR", "shortName": "3", "longName": "Klassenraum Klasse 3", "displayName": "3", "displayNameLabel": "NAME"}, "removed": null}], "teacher": "", "cellState": "REGULAR", "date": "2025-07-14", "start": "2025-07-14T10:50", "end": "2025-07-14T11:35", "type": "NORMAL_TEACHING_PERIOD"}, {"classID": 38, "schoolID": "3891500", "subject": [{"current": {"type": "SUBJECT", "status": "REGULAR", "shortName": "D", "longName": "Deutsch", "displayName": "D", "displayNameLabel": "NAME"}, "removed": null}], "location": [{"current": {"type": "ROOM", "status": "REGULAR", "shortName": "3", "longName": "Klassenraum Klasse 3", "displayName": "3", "displayNameLabel": "NAME"}, "removed": null}], "teacher": "", "cellState": "REGULAR", "date": "2025-07-14", "start": "2025-07-14T11:55", "end": "2025-07-14T12:40", "type": "NORMAL_TEACHING_PERIOD"}, {"classID": 38, "schoolID": "3891500", "subject": [{"current": {"type": "SUBJECT", "status": "REGULAR", "shortName": "K S", "longName": "Kurzstunde", "displayName": "K S", "displayNameLabel": "NAME"}, "removed": null}], "location": [{"current": {"type": "ROOM", "status": "REGULAR", "shortName": "3", "longName": "Klassenraum Klasse 3", "displayName": "3", "displayNameLabel": "NAME"}, "removed": null}], "teacher": "", "cellState": "REGULAR", "date": "2025-07-14", "start": "2025-07-14T12:42", "end": "2025-07-14T13:00", "type": "NORMAL_TEACHING_PERIOD"}, {"classID": 38, "schoolID": "3891500", "subject": [{"current": {"type": "SUBJECT", "status": "REGULAR", "shortName": "Add", "longName": "Additive Sprachf\u00f6rderung", "displayName": "Add", "displayNameLabel": "NAME"}, "removed": null}], "location": [{"current": {"type": "ROOM", "status": "REGULAR", "shortName": "PC", "longName": "Computerraum", "displayName": "PC", "displayNameLabel": "NAME"}, "removed": null}], "teacher": "", "cellState": "REGULAR", "date": "2025-07-14", "start": "2025-07-14T13:00", "end": "2025-07-14T13:45", "type": "NORMAL_TEACHING_PERIOD"}, {"classID": 41, "schoolID": "3891500", "subject": [{"current": {"type": "SUBJECT", "status": "REGULAR", "shortName": "Ma", "longName": "Mathematik", "displayName": "Ma", "displayNameLabel": "NAME"}, "removed": null}], "location": [{"current": {"type": "ROOM", "status": "REGULAR", "shortName": "4", "longName": "Klassenraum Klasse 4", "displayName": "4", "displayNameLabel": "NAME"}, "removed": null}], "teacher": "", "cellState": "REGULAR", "date": "2025-07-14", "start": "2025-07-14T08:00", "end": "2025-07-14T08:45", "type": "NORMAL_TEACHING_PERIOD"}, {"classID": 41, "schoolID": "3891500", "subject": "", "location": [{"current": {"type": "ROOM", "status": "ADDED", "shortName": "AULA", "longName": "Aula", "displayName": "AULA", "displayNameLabel": "NAME"}, "removed": null}], "teacher": "", "cellState": "CHANGED", "date": "2025-07-14", "start": "2025-07-14T08:50", "end": "2025-07-14T09:35", "type": "EVENT"}, {"classID": 41, "schoolID": "3891500", "subject": [{"current": {"type": "SUBJECT", "status": "REGULAR", "shortName": "Sp", "longName": "Sport", "displayName": "Sp", "displayNameLabel": "NAME"}, "removed": null}], "location": [{"current": {"type": "ROOM", "status": "REGULAR", "shortName": "AULA", "longName": "Aula", "displayName": "AULA", "displayNameLabel": "NAME"}, "removed": null}], "teacher": "", "cellState": "CHANGED", "date": "2025-07-14", "start": "2025-07-14T10:00", "end": "2025-07-14T10:45", "type": "NORMAL_TEACHING_PERIOD"}, {"classID": 41, "schoolID": "3891500", "subject": [{"current": {"type": "SUBJECT", "status": "REGULAR", "shortName": "KLSt", "longName": "Klassenlehrerstunden", "displayName": "KLSt", "displayNameLabel": "NAME"}, "removed": null}], "location": [{"current": {"type": "ROOM", "status": "REGULAR", "shortName": "4", "longName": "Klassenraum Klasse 4", "displayName": "4", "displayNameLabel": "NAME"}, "removed": null}], "teacher": "", "cellState": "REGULAR", "date": "2025-07-14", "start": "2025-07-14T10:50", "end": "2025-07-14T11:35", "type": "NORMAL_TEACHING_PERIOD"}, {"classID": 41, "schoolID": "3891500", "subject": [{"current": {"type": "SUBJECT", "status": "REGULAR", "shortName": "KLS", "longName": "Klassenlehrerstunde", "displayName": "KLS", "displayNameLabel": "NAME"}, "removed": null}], "location": [{"current": {"type": "ROOM", "status": "REGULAR", "shortName": "4", "longName": "Klassenraum Klasse 4", "displayName": "4", "displayNameLabel": "NAME"}, "removed": null}], "teacher": "", "cellState": "REGULAR", "date": "2025-07-14", "start": "2025-07-14T11:55", "end": "2025-07-14T12:40", "type": "NORMAL_TEACHING_PERIOD"}, {"classID": 41, "schoolID": "3891500", "subject": [{"current": {"type": "SUBJECT", "status": "REGULAR", "shortName": "KS", "longName": "Kurzstunde", "displayName": "KS", "displayNameLabel": "NAME"}, "removed": null}], "location": [{"current": {"type": "ROOM", "status": "REGULAR", "shortName": "4", "longName": "Klassenraum Klasse 4", "displayName": "4", "displayNameLabel": "NAME"}, "removed": null}], "teacher": "", "cellState": "REGULAR", "date": "2025-07-14", "start": "2025-07-14T12:42", "end": "2025-07-14T13:00", "type": "NORMAL_TEACHING_PERIOD"}, {"classID": 41, "schoolID": "3891500", "subject": [{"current": {"type": "SUBJECT", "status": "REGULAR", "shortName": "Add", "longName": "Additive Sprachf\u00f6rderung", "displayName": "Add", "displayNameLabel": "NAME"}, "removed": null}], "location": [{"current": {"type": "ROOM", "status": "REGULAR", "shortName": "F\u00d6 2", "longName": "F\u00f6rderraum 2", "displayName": "F\u00d6 2", "displayNameLabel": "NAME"}, "removed": null}], "teacher": "", "cellState": "REGULAR", "date": "2025-07-14", "start": "2025-07-14T13:00", "end": "2025-07-14T13:45", "type": "NORMAL_TEACHING_PERIOD"}, {"classID": 48, "schoolID": "3891500", "subject": [{"current": {"type": "SUBJECT", "status": "REGULAR", "shortName": "D", "longName": "Deutsch", "displayName": "D", "displayNameLabel": "NAME"}, "removed": null}], "location": [{"current": {"type": "ROOM", "status": "REGULAR", "shortName": "IVK", "longName": "Klassenraum IVK", "displayName": "IVK", "displayNameLabel": "NAME"}, "removed": null}], "teacher": "", "cellState": "REGULAR", "date": "2025-07-14", "start": "2025-07-14T08:00", "end": "2025-07-14T08:45", "type": "NORMAL_TEACHING_PERIOD"}, {"classID": 48, "schoolID": "3891500", "subject": "", "location": [{"current": {"type": "ROOM", "status": "ADDED", "shortName": "AULA", "longName": "Aula", "displayName": "AULA", "displayNameLabel": "NAME"}, "removed": null}], "teacher": "", "cellState": "CHANGED", "date": "2025-07-14", "start": "2025-07-14T08:50", "end": "2025-07-14T09:35", "type": "EVENT"}, {"classID": 48, "schoolID": "3891500", "subject": [{"current": {"type": "SUBJECT", "status": "REGULAR", "shortName": "D", "longName": "Deutsch", "displayName": "D", "displayNameLabel": "NAME"}, "removed": null}], "location": [{"current": {"type": "ROOM", "status": "REGULAR", "shortName": "IVK", "longName": "Klassenraum IVK", "displayName": "IVK", "displayNameLabel": "NAME"}, "removed": null}], "teacher": "", "cellState": "REGULAR", "date": "2025-07-14", "start": "2025-07-14T10:00", "end": "2025-07-14T10:45", "type": "NORMAL_TEACHING_PERIOD"}, {"classID": 48, "schoolID": "3891500", "subject": [{"current": {"type": "SUBJECT", "status": "REGULAR", "shortName": "Ma", "longName": "Mathematik", "displayName": "Ma", "displayNameLabel": "NAME"}, "removed": null}], "location": [{"current": {"type": "ROOM", "status": "REGULAR", "shortName": "IVK", "longName": "Klassenraum IVK", "displayName": "IVK", "displayNameLabel": "NAME"}, "removed": null}], "teacher": "", "cellState": "REGULAR", "date": "2025-07-14", "start": "2025-07-14T10:50", "end": "2025-07-14T11:35", "type": "NORMAL_TEACHING_PERIOD"}, {"classID": 48, "schoolID": "3891500", "subject": [{"current": {"type": "SUBJECT", "status": "REGULAR", "shortName": "D", "longName": "Deutsch", "displayName": "D", "displayNameLabel": "NAME"}, "removed": null}], "location": [{"current": {"type": "ROOM", "status": "REGULAR", "shortName": "IVK", "longName": "Klassenraum IVK", "displayName": "IVK", "displayNameLabel": "NAME"}, "removed": null}], "teacher": "", "cellState": "REGULAR", "date": "2025-07-14", "start": "2025-07-14T11:55", "end": "2025-07-14T12:40", "type": "NORMAL_TEACHING_PERIOD"}, {"classID": 48, "schoolID": "3891500", "subject": [{"current": {"type": "SUBJECT", "status": "REGULAR", "shortName": "K S", "longName": "Kurzstunde", "displayName": "K S", "displayNameLabel": "NAME"}, "removed": null}], "location": [{"current": {"type": "ROOM", "status": "REGULAR", "shortName": "IVK", "longName": "Klassenraum IVK", "displayName": "IVK", "displayNameLabel": "NAME"}, "removed": null}], "teacher": "", "cellState": "REGULAR", "date": "2025-07-14", "start": "2025-07-14T12:42", "end": "2025-07-14T13:00", "type": "NORMAL_TEACHING_PERIOD"}, {"classID": 47, "schoolID": "3891500", "subject": [{"current": {"type": "SUBJECT", "status": "REGULAR", "shortName": "VSK", "longName": "VSK Klassenleitung", "displayName": "VSK", "displayNameLabel": "NAME"}, "removed": null}], "location": [{"current": {"type": "ROOM", "status": "REGULAR", "shortName": "VSK", "longName": "Klassenraum der VSK", "displayName": "VSK", "displayNameLabel": "NAME"}, "removed": null}], "teacher": "", "cellState": "REGULAR", "date": "2025-07-14", "start": "2025-07-14T08:00", "end": "2025-07-14T08:45", "type": "NORMAL_TEACHING_PERIOD"}, {"classID": 47, "schoolID": "3891500", "subject": "", "location": [{"current": {"type": "ROOM", "status": "ADDED", "shortName": "AULA", "longName": "Aula", "displayName": "AULA", "displayNameLabel": "NAME"}, "removed": null}], "teacher": "", "cellState": "CHANGED", "date": "2025-07-14", "start": "2025-07-14T08:50", "end": "2025-07-14T09:35", "type": "EVENT"}, {"classID": 47, "schoolID": "3891500", "subject": [{"current": {"type": "SUBJECT", "status": "REGULAR", "shortName": "VSK", "longName": "VSK Klassenleitung", "displayName": "VSK", "displayNameLabel": "NAME"}, "removed": null}], "location": [{"current": {"type": "ROOM", "status": "REGULAR", "shortName": "VSK", "longName": "Klassenraum der VSK", "displayName": "VSK", "displayNameLabel": "NAME"}, "removed": null}], "teacher": "", "cellState": "REGULAR", "date": "2025-07-14", "start": "2025-07-14T10:00", "end": "2025-07-14T10:45", "type": "NORMAL_TEACHING_PERIOD"}, {"classID": 47, "schoolID": "3891500", "subject": [{"current": {"type": "SUBJECT", "status": "REGULAR", "shortName": "VSK", "longName": "VSK Klassenleitung", "displayName": "VSK", "displayNameLabel": "NAME"}, "removed": null}], "location": [{"current": {"type": "ROOM", "status": "REGULAR", "shortName": "VSK", "longName": "Klassenraum der VSK", "displayName": "VSK", "displayNameLabel": "NAME"}, "removed": null}], "teacher": "", "cellState": "REGULAR", "date": "2025-07-14", "start": "2025-07-14T10:50", "end": "2025-07-14T11:35", "type": "NORMAL_TEACHING_PERIOD"}, {"classID": 47, "schoolID": "3891500", "subject": [{"current": {"type": "SUBJECT", "status": "REGULAR", "shortName": "MuV", "longName": "VSK Musik", "displayName": "MuV", "displayNameLabel": "NAME"}, "removed": null}], "location": [{"current": {"type": "ROOM", "status": "REGULAR", "shortName": "MU", "longName": "Musikraum", "displayName": "MU", "displayNameLabel": "NAME"}, "removed": null}], "teacher": "", "cellState": "REGULAR", "date": "2025-07-14", "start": "2025-07-14T11:55", "end": "2025-07-14T12:40", "type": "NORMAL_TEACHING_PERIOD"}, {"classID": 47, "schoolID": "3891500", "subject": [{"current": {"type": "SUBJECT", "status": "REGULAR", "shortName": "KSV", "longName": "VSK Kurzstunde", "displayName": "KSV", "displayNameLabel": "NAME"}, "removed": null}], "location": [{"current": {"type": "ROOM", "status": "REGULAR", "shortName": "MU", "longName": "Musikraum", "displayName": "MU", "displayNameLabel": "NAME"}, "removed": null}], "teacher": "", "cellState": "REGULAR", "date": "2025-07-14", "start": "2025-07-14T12:42", "end": "2025-07-14T13:00", "type": "NORMAL_TEACHING_PERIOD"}, {"classID": 35, "schoolID": "3891500", "subject": [{"current": {"type": "SUBJECT", "status": "REGULAR", "shortName": "Sach", "longName": "Sachunterricht", "displayName": "Sach", "displayNameLabel": "NAME"}, "removed": null}], "location": [{"current": {"type": "ROOM", "status": "REGULAR", "shortName": "1", "longName": "Klassenraum Klasse 1", "displayName": "1", "displayNameLabel": "NAME"}, "removed": null}], "teacher": "", "cellState": "REGULAR", "date": "2025-07-15", "start": "2025-07-15T08:00", "end": "2025-07-15T08:45", "type": "NORMAL_TEACHING_PERIOD"}, {"classID": 35, "schoolID": "3891500", "subject": [{"current": {"type": "SUBJECT", "status": "REGULAR", "shortName": "Mu", "longName": "Musik", "displayName": "Mu", "displayNameLabel": "NAME"}, "removed": null}], "location": [{"current": {"type": "ROOM", "status": "REGULAR", "shortName": "AULA", "longName": "Aula", "displayName": "AULA", "displayNameLabel": "NAME"}, "removed": null}], "teacher": "", "cellState": "REGULAR", "date": "2025-07-15", "start": "2025-07-15T08:50", "end": "2025-07-15T09:35", "type": "NORMAL_TEACHING_PERIOD"}, {"classID": 35, "schoolID": "3891500", "subject": [{"current": {"type": "SUBJECT", "status": "REGULAR", "shortName": "Ma", "longName": "Mathematik", "displayName": "Ma", "displayNameLabel": "NAME"}, "removed": null}], "location": [{"current": {"type": "ROOM", "status": "REGULAR", "shortName": "1", "longName": "Klassenraum Klasse 1", "displayName": "1", "displayNameLabel": "NAME"}, "removed": null}], "teacher": "", "cellState": "REGULAR", "date": "2025-07-15", "start": "2025-07-15T10:00", "end": "2025-07-15T10:45", "type": "NORMAL_TEACHING_PERIOD"}, {"classID": 35, "schoolID": "3891500", "subject": [{"current": {"type": "SUBJECT", "status": "REGULAR", "shortName": "D", "longName": "Deutsch", "displayName": "D", "displayNameLabel": "NAME"}, "removed": null}], "location": [{"current": {"type": "ROOM", "status": "REGULAR", "shortName": "1", "longName": "Klassenraum Klasse 1", "displayName": "1", "displayNameLabel": "NAME"}, "removed": null}], "teacher": "", "cellState": "REGULAR", "date": "2025-07-15", "start": "2025-07-15T10:50", "end": "2025-07-15T11:35", "type": "NORMAL_TEACHING_PERIOD"}, {"classID": 35, "schoolID": "3891500", "subject": [{"current": {"type": "SUBJECT", "status": "REGULAR", "shortName": "Rel", "longName": "Religion", "displayName": "Rel", "displayNameLabel": "NAME"}, "removed": null}], "location": [{"current": {"type": "ROOM", "status": "REGULAR", "shortName": "1", "longName": "Klassenraum Klasse 1", "displayName": "1", "displayNameLabel": "NAME"}, "removed": null}], "teacher": "", "cellState": "REGULAR", "date": "2025-07-15", "start": "2025-07-15T11:55", "end": "2025-07-15T12:40", "type": "NORMAL_TEACHING_PERIOD"}, {"classID": 35, "schoolID": "3891500", "subject": [{"current": {"type": "SUBJECT", "status": "REGULAR", "shortName": "K S", "longName": "Kurzstunde", "displayName": "K S", "displayNameLabel": "NAME"}, "removed": null}], "location": [{"current": {"type": "ROOM", "status": "REGULAR", "shortName": "1", "longName": "Klassenraum Klasse 1", "displayName": "1", "displayNameLabel": "NAME"}, "removed": null}], "teacher": "", "cellState": "REGULAR", "date": "2025-07-15", "start": "2025-07-15T12:42", "end": "2025-07-15T13:00", "type": "NORMAL_TEACHING_PERIOD"}, {"classID": 32, "schoolID": "3891500", "subject": [{"current": {"type": "SUBJECT", "status": "REGULAR", "shortName": "Ma", "longName": "Mathematik", "displayName": "Ma", "displayNameLabel": "NAME"}, "removed": null}], "location": [{"current": {"type": "ROOM", "status": "REGULAR", "shortName": "2", "longName": "Klassenraum Klasse 2", "displayName": "2", "displayNameLabel": "NAME"}, "removed": null}], "teacher": "", "cellState": "REGULAR", "date": "2025-07-15", "start": "2025-07-15T08:00", "end": "2025-07-15T09:35", "type": "NORMAL_TEACHING_PERIOD"}, {"classID": 32, "schoolID": "3891500", "subject": [{"current": {"type": "SUBJECT", "status": "REGULAR", "shortName": "Sach", "longName": "Sachunterricht", "displayName": "Sach", "displayNameLabel": "NAME"}, "removed": null}], "location": [{"current": {"type": "ROOM", "status": "REGULAR", "shortName": "2", "longName": "Klassenraum Klasse 2", "displayName": "2", "displayNameLabel": "NAME"}, "removed": null}], "teacher": "", "cellState": "REGULAR", "date": "2025-07-15", "start": "2025-07-15T10:00", "end": "2025-07-15T10:45", "type": "NORMAL_TEACHING_PERIOD"}, {"classID": 32, "schoolID": "3891500", "subject": [{"current": {"type": "SUBJECT", "status": "REGULAR", "shortName": "FsW", "longName": "F\u00f6rdern statt Wiederholen", "displayName": "FsW", "displayNameLabel": "NAME"}, "removed": null}], "location": "", "teacher": "", "cellState": "REGULAR", "date": "2025-07-15", "start": "2025-07-15T10:00", "end": "2025-07-15T10:45", "type": "NORMAL_TEACHING_PERIOD"}, {"classID": 32, "schoolID": "3891500", "subject": [{"current": {"type": "SUBJECT", "status": "REGULAR", "shortName": "D", "longName": "Deutsch", "displayName": "D", "displayNameLabel": "NAME"}, "removed": null}], "location": [{"current": {"type": "ROOM", "status": "REGULAR", "shortName": "2", "longName": "Klassenraum Klasse 2", "displayName": "2", "displayNameLabel": "NAME"}, "removed": null}], "teacher": "", "cellState": "REGULAR", "date": "2025-07-15", "start": "2025-07-15T10:50", "end": "2025-07-15T11:35", "type": "NORMAL_TEACHING_PERIOD"}, {"classID": 32, "schoolID": "3891500", "subject": [{"current": {"type": "SUBJECT", "status": "REGULAR", "shortName": "Sp", "longName": "Sport", "displayName": "Sp", "displayNameLabel": "NAME"}, "removed": null}], "location": [{"current": {"type": "ROOM", "status": "REGULAR", "shortName": "SP", "longName": "Sporthalle", "displayName": "SP", "displayNameLabel": "NAME"}, "removed": null}], "teacher": "", "cellState": "REGULAR", "date": "2025-07-15", "start": "2025-07-15T11:55", "end": "2025-07-15T12:40", "type": "NORMAL_TEACHING_PERIOD"}, {"classID": 32, "schoolID": "3891500", "subject": [{"current": {"type": "SUBJECT", "status": "REGULAR", "shortName": "K S", "longName": "Kurzstunde", "displayName": "K S", "displayNameLabel": "NAME"}, "removed": null}], "location": [{"current": {"type": "ROOM", "status": "REGULAR", "shortName": "SP", "longName": "Sporthalle", "displayName": "SP", "displayNameLabel": "NAME"}, "removed": null}], "teacher": "", "cellState": "REGULAR", "date": "2025-07-15", "start": "2025-07-15T12:42", "end": "2025-07-15T13:00", "type": "NORMAL_TEACHING_PERIOD"}, {"classID": 38, "schoolID": "3891500", "subject": [{"current": {"type": "SUBJECT", "status": "REGULAR", "shortName": "The", "longName": "Theater", "displayName": "The", "displayNameLabel": "NAME"}, "removed": null}], "location": [{"current": {"type": "ROOM", "status": "REGULAR", "shortName": "AULA", "longName": "Aula", "displayName": "AULA", "displayNameLabel": "NAME"}, "removed": null}], "teacher": "", "cellState": "REGULAR", "date": "2025-07-15", "start": "2025-07-15T08:00", "end": "2025-07-15T08:45", "type": "NORMAL_TEACHING_PERIOD"}, {"classID": 38, "schoolID": "3891500", "subject": [{"current": {"type": "SUBJECT", "status": "REGULAR", "shortName": "Sach", "longName": "Sachunterricht", "displayName": "Sach", "displayNameLabel": "NAME"}, "removed": null}], "location": [{"current": {"type": "ROOM", "status": "REGULAR", "shortName": "3", "longName": "Klassenraum Klasse 3", "displayName": "3", "displayNameLabel": "NAME"}, "removed": null}], "teacher": "", "cellState": "REGULAR", "date": "2025-07-15", "start": "2025-07-15T08:50", "end": "2025-07-15T09:35", "type": "NORMAL_TEACHING_PERIOD"}, {"classID": 38, "schoolID": "3891500", "subject": [{"current": {"type": "SUBJECT", "status": "REGULAR", "shortName": "E", "longName": "Englisch", "displayName": "E", "displayNameLabel": "NAME"}, "removed": null}], "location": [{"current": {"type": "ROOM", "status": "REGULAR", "shortName": "3", "longName": "Klassenraum Klasse 3", "displayName": "3", "displayNameLabel": "NAME"}, "removed": null}], "teacher": "", "cellState": "REGULAR", "date": "2025-07-15", "start": "2025-07-15T10:00", "end": "2025-07-15T10:45", "type": "NORMAL_TEACHING_PERIOD"}, {"classID": 38, "schoolID": "3891500", "subject": [{"current": {"type": "SUBJECT", "status": "REGULAR", "shortName": "Sp", "longName": "Sport", "displayName": "Sp", "displayNameLabel": "NAME"}, "removed": null}], "location": [{"current": {"type": "ROOM", "status": "REGULAR", "shortName": "SP", "longName": "Sporthalle", "displayName": "SP", "displayNameLabel": "NAME"}, "removed": null}], "teacher": "", "cellState": "REGULAR", "date": "2025-07-15", "start": "2025-07-15T10:50", "end": "2025-07-15T11:35", "type": "NORMAL_TEACHING_PERIOD"}, {"classID": 38, "schoolID": "3891500", "subject": [{"current": {"type": "SUBJECT", "status": "REGULAR", "shortName": "BKu", "longName": "Bildende Kunst", "displayName": "BKu", "displayNameLabel": "NAME"}, "removed": null}], "location": [{"current": {"type": "ROOM", "status": "REGULAR", "shortName": "KU", "longName": "Kunstraum", "displayName": "KU", "displayNameLabel": "NAME"}, "removed": null}], "teacher": "", "cellState": "REGULAR", "date": "2025-07-15", "start": "2025-07-15T11:55", "end": "2025-07-15T12:40", "type": "NORMAL_TEACHING_PERIOD"}, {"classID": 38, "schoolID": "3891500", "subject": [{"current": {"type": "SUBJECT", "status": "REGULAR", "shortName": "K S", "longName": "Kurzstunde", "displayName": "K S", "displayNameLabel": "NAME"}, "removed": null}], "location": [{"current": {"type": "ROOM", "status": "REGULAR", "shortName": "KU", "longName": "Kunstraum", "displayName": "KU", "displayNameLabel": "NAME"}, "removed": null}], "teacher": "", "cellState": "REGULAR", "date": "2025-07-15", "start": "2025-07-15T12:42", "end": "2025-07-15T13:00", "type": "NORMAL_TEACHING_PERIOD"}, {"classID": 41, "schoolID": "3891500", "subject": [{"current": {"type": "SUBJECT", "status": "REGULAR", "shortName": "D", "longName": "Deutsch", "displayName": "D", "displayNameLabel": "NAME"}, "removed": null}], "location": [{"current": {"type": "ROOM", "status": "REGULAR", "shortName": "4", "longName": "Klassenraum Klasse 4", "displayName": "4", "displayNameLabel": "NAME"}, "removed": null}], "teacher": "", "cellState": "REGULAR", "date": "2025-07-15", "start": "2025-07-15T08:00", "end": "2025-07-15T08:45", "type": "NORMAL_TEACHING_PERIOD"}, {"classID": 41, "schoolID": "3891500", "subject": [{"current": {"type": "SUBJECT", "status": "REGULAR", "shortName": "Ma", "longName": "Mathematik", "displayName": "Ma", "displayNameLabel": "NAME"}, "removed": null}], "location": [{"current": {"type": "ROOM", "status": "REGULAR", "shortName": "4", "longName": "Klassenraum Klasse 4", "displayName": "4", "displayNameLabel": "NAME"}, "removed": null}], "teacher": "", "cellState": "REGULAR", "date": "2025-07-15", "start": "2025-07-15T08:50", "end": "2025-07-15T09:35", "type": "NORMAL_TEACHING_PERIOD"}, {"classID": 41, "schoolID": "3891500", "subject": [{"current": {"type": "SUBJECT", "status": "REGULAR", "shortName": "Mu", "longName": "Musik", "displayName": "Mu", "displayNameLabel": "NAME"}, "removed": null}], "location": [{"current": {"type": "ROOM", "status": "REGULAR", "shortName": "MU", "longName": "Musikraum", "displayName": "MU", "displayNameLabel": "NAME"}, "removed": null}], "teacher": "", "cellState": "REGULAR", "date": "2025-07-15", "start": "2025-07-15T10:00", "end": "2025-07-15T10:45", "type": "NORMAL_TEACHING_PERIOD"}, {"classID": 41, "schoolID": "3891500", "subject": [{"current": {"type": "SUBJECT", "status": "REGULAR", "shortName": "D", "longName": "Deutsch", "displayName": "D", "displayNameLabel": "NAME"}, "removed": null}], "location": [{"current": {"type": "ROOM", "status": "REGULAR", "shortName": "4", "longName": "Klassenraum Klasse 4", "displayName": "4", "displayNameLabel": "NAME"}, "removed": null}], "teacher": "", "cellState": "REGULAR", "date": "2025-07-15", "start": "2025-07-15T10:50", "end": "2025-07-15T11:35", "type": "NORMAL_TEACHING_PERIOD"}, {"classID": 41, "schoolID": "3891500", "subject": [{"current": {"type": "SUBJECT", "status": "REGULAR", "shortName": "Sach", "longName": "Sachunterricht", "displayName": "Sach", "displayNameLabel": "NAME"}, "removed": null}], "location": [{"current": {"type": "ROOM", "status": "REGULAR", "shortName": "4", "longName": "Klassenraum Klasse 4", "displayName": "4", "displayNameLabel": "NAME"}, "removed": null}], "teacher": "", "cellState": "REGULAR", "date": "2025-07-15", "start": "2025-07-15T11:55", "end": "2025-07-15T12:40", "type": "NORMAL_TEACHING_PERIOD"}, {"classID": 41, "schoolID": "3891500", "subject": [{"current": {"type": "SUBJECT", "status": "REGULAR", "shortName": "FsW", "longName": "F\u00f6rdern statt Wiederholen", "displayName": "FsW", "displayNameLabel": "NAME"}, "removed": null}], "location": [{"current": {"type": "ROOM", "status": "REGULAR", "shortName": "MU", "longName": "Musikraum", "displayName": "MU", "displayNameLabel": "NAME"}, "removed": null}], "teacher": "", "cellState": "REGULAR", "date": "2025-07-15", "start": "2025-07-15T11:55", "end": "2025-07-15T12:40", "type": "NORMAL_TEACHING_PERIOD"}, {"classID": 41, "schoolID": "3891500", "subject": [{"current": {"type": "SUBJECT", "status": "REGULAR", "shortName": "K S", "longName": "Kurzstunde", "displayName": "K S", "displayNameLabel": "NAME"}, "removed": null}], "location": [{"current": {"type": "ROOM", "status": "REGULAR", "shortName": "4", "longName": "Klassenraum Klasse 4", "displayName": "4", "displayNameLabel": "NAME"}, "removed": null}], "teacher": "", "cellState": "REGULAR", "date": "2025-07-15", "start": "2025-07-15T12:42", "end": "2025-07-15T13:00", "type": "NORMAL_TEACHING_PERIOD"}, {"classID": 48, "schoolID": "3891500", "subject": [{"current": {"type": "SUBJECT", "status": "REGULAR", "shortName": "D", "longName": "Deutsch", "displayName": "D", "displayNameLabel": "NAME"}, "removed": null}], "location": [{"current": {"type": "ROOM", "status": "REGULAR", "shortName": "IVK", "longName": "Klassenraum IVK", "displayName": "IVK", "displayNameLabel": "NAME"}, "removed": null}], "teacher": "", "cellState": "REGULAR", "date": "2025-07-15", "start": "2025-07-15T08:00", "end": "2025-07-15T09:35", "type": "NORMAL_TEACHING_PERIOD"}, {"classID": 48, "schoolID": "3891500", "subject": [{"current": {"type": "SUBJECT", "status": "REGULAR", "shortName": "D", "longName": "Deutsch", "displayName": "D", "displayNameLabel": "NAME"}, "removed": null}], "location": [{"current": {"type": "ROOM", "status": "REGULAR", "shortName": "IVK", "longName": "Klassenraum IVK", "displayName": "IVK", "displayNameLabel": "NAME"}, "removed": null}], "teacher": "", "cellState": "REGULAR", "date": "2025-07-15", "start": "2025-07-15T10:00", "end": "2025-07-15T10:45", "type": "NORMAL_TEACHING_PERIOD"}, {"classID": 48, "schoolID": "3891500", "subject": [{"current": {"type": "SUBJECT", "status": "REGULAR", "shortName": "Ma", "longName": "Mathematik", "displayName": "Ma", "displayNameLabel": "NAME"}, "removed": null}], "location": [{"current": {"type": "ROOM", "status": "REGULAR", "shortName": "IVK", "longName": "Klassenraum IVK", "displayName": "IVK", "displayNameLabel": "NAME"}, "removed": null}], "teacher": "", "cellState": "REGULAR", "date": "2025-07-15", "start": "2025-07-15T10:50", "end": "2025-07-15T11:35", "type": "NORMAL_TEACHING_PERIOD"}, {"classID": 48, "schoolID": "3891500", "subject": [{"current": {"type": "SUBJECT", "status": "REGULAR", "shortName": "The", "longName": "Theater", "displayName": "The", "displayNameLabel": "NAME"}, "removed": null}], "location": [{"current": {"type": "ROOM", "status": "REGULAR", "shortName": "AULA", "longName": "Aula", "displayName": "AULA", "displayNameLabel": "NAME"}, "removed": null}], "teacher": "", "cellState": "REGULAR", "date": "2025-07-15", "start": "2025-07-15T11:55", "end": "2025-07-15T12:40", "type": "NORMAL_TEACHING_PERIOD"}, {"classID": 48, "schoolID": "3891500", "subject": [{"current": {"type": "SUBJECT", "status": "REGULAR", "shortName": "K S", "longName": "Kurzstunde", "displayName": "K S", "displayNameLabel": "NAME"}, "removed": null}], "location": [{"current": {"type": "ROOM", "status": "REGULAR", "shortName": "AULA", "longName": "Aula", "displayName": "AULA", "displayNameLabel": "NAME"}, "removed": null}], "teacher": "", "cellState": "REGULAR", "date": "2025-07-15", "start": "2025-07-15T12:42", "end": "2025-07-15T13:00", "type": "NORMAL_TEACHING_PERIOD"}, {"classID": 47, "schoolID": "3891500", "subject": [{"current": {"type": "SUBJECT", "status": "REGULAR", "shortName": "SpV", "longName": "VSK Sport", "displayName": "SpV", "displayNameLabel": "NAME"}, "removed": null}], "location": [{"current": {"type": "ROOM", "status": "REGULAR", "shortName": "SP", "longName": "Sporthalle", "displayName": "SP", "displayNameLabel": "NAME"}, "removed": null}], "teacher": "", "cellState": "REGULAR", "date": "2025-07-15", "start": "2025-07-15T08:00", "end": "2025-07-15T08:45", "type": "NORMAL_TEACHING_PERIOD"}, {"classID": 47, "schoolID": "3891500", "subject": [{"current": {"type": "SUBJECT", "status": "REGULAR", "shortName": "KuV", "longName": "VSK Kunst", "displayName": "KuV", "displayNameLabel": "NAME"}, "removed": null}], "location": [{"current": {"type": "ROOM", "status": "REGULAR", "shortName": "KU", "longName": "Kunstraum", "displayName": "KU", "displayNameLabel": "NAME"}, "removed": null}], "teacher": "", "cellState": "REGULAR", "date": "2025-07-15", "start": "2025-07-15T08:50", "end": "2025-07-15T09:35", "type": "NORMAL_TEACHING_PERIOD"}, {"classID": 47, "schoolID": "3891500", "subject": [{"current": {"type": "SUBJECT", "status": "REGULAR", "shortName": "VSK", "longName": "VSK Klassenleitung", "displayName": "VSK", "displayNameLabel": "NAME"}, "removed": null}], "location": [{"current": {"type": "ROOM", "status": "REGULAR", "shortName": "VSK", "longName": "Klassenraum der VSK", "displayName": "VSK", "displayNameLabel": "NAME"}, "removed": null}], "teacher": "", "cellState": "REGULAR", "date": "2025-07-15", "start": "2025-07-15T10:00", "end": "2025-07-15T10:45", "type": "NORMAL_TEACHING_PERIOD"}, {"classID": 47, "schoolID": "3891500", "subject": [{"current": {"type": "SUBJECT", "status": "REGULAR", "shortName": "VSK", "longName": "VSK Klassenleitung", "displayName": "VSK", "displayNameLabel": "NAME"}, "removed": null}], "location": [{"current": {"type": "ROOM", "status": "REGULAR", "shortName": "VSK", "longName": "Klassenraum der VSK", "displayName": "VSK", "displayNameLabel": "NAME"}, "removed": null}], "teacher": "", "cellState": "REGULAR", "date": "2025-07-15", "start": "2025-07-15T10:50", "end": "2025-07-15T11:35", "type": "NORMAL_TEACHING_PERIOD"}, {"classID": 47, "schoolID": "3891500", "subject": [{"current": {"type": "SUBJECT", "status": "REGULAR", "shortName": "VSK", "longName": "VSK Klassenleitung", "displayName": "VSK", "displayNameLabel": "NAME"}, "removed": null}], "location": [{"current": {"type": "ROOM", "status": "REGULAR", "shortName": "VSK", "longName": "Klassenraum der VSK", "displayName": "VSK", "displayNameLabel": "NAME"}, "removed": null}], "teacher": "", "cellState": "REGULAR", "date": "2025-07-15", "start": "2025-07-15T11:55", "end": "2025-07-15T12:40", "type": "NORMAL_TEACHING_PERIOD"}, {"classID": 47, "schoolID": "3891500", "subject": [{"current": {"type": "SUBJECT", "status": "REGULAR", "shortName": "KSV", "longName": "VSK Kurzstunde", "displayName": "KSV", "displayNameLabel": "NAME"}, "removed": null}], "location": [{"current": {"type": "ROOM", "status": "REGULAR", "shortName": "VSK", "longName": "Klassenraum der VSK", "displayName": "VSK", "displayNameLabel": "NAME"}, "removed": null}], "teacher": "", "cellState": "REGULAR", "date": "2025-07-15", "start": "2025-07-15T12:42", "end": "2025-07-15T13:00", "type": "NORMAL_TEACHING_PERIOD"}, {"classID": 47, "schoolID": "3891500", "subject": [{"current": {"type": "SUBJECT", "status": "REGULAR", "shortName": "Add", "longName": "Additive Sprachf\u00f6rderung", "displayName": "Add", "displayNameLabel": "NAME"}, "removed": null}], "location": [{"current": {"type": "ROOM", "status": "REGULAR", "shortName": "VSK", "longName": "Klassenraum der VSK", "displayName": "VSK", "displayNameLabel": "NAME"}, "removed": null}], "teacher": "", "cellState": "REGULAR", "date": "2025-07-15", "start": "2025-07-15T13:00", "end": "2025-07-15T14:30", "type": "NORMAL_TEACHING_PERIOD"}, {"classID": 35, "schoolID": "3891500", "subject": [{"current": {"type": "SUBJECT", "status": "REGULAR", "shortName": "D", "longName": "Deutsch", "displayName": "D", "displayNameLabel": "NAME"}, "removed": null}], "location": [{"current": {"type": "ROOM", "status": "REGULAR", "shortName": "1", "longName": "Klassenraum Klasse 1", "displayName": "1", "displayNameLabel": "NAME"}, "removed": null}], "teacher": "", "cellState": "REGULAR", "date": "2025-07-16", "start": "2025-07-16T08:00", "end": "2025-07-16T08:45", "type": "NORMAL_TEACHING_PERIOD"}, {"classID": 35, "schoolID": "3891500", "subject": [{"current": {"type": "SUBJECT", "status": "REGULAR", "shortName": "Sach", "longName": "Sachunterricht", "displayName": "Sach", "displayNameLabel": "NAME"}, "removed": null}], "location": [{"current": {"type": "ROOM", "status": "REGULAR", "shortName": "1", "longName": "Klassenraum Klasse 1", "displayName": "1", "displayNameLabel": "NAME"}, "removed": null}], "teacher": "", "cellState": "REGULAR", "date": "2025-07-16", "start": "2025-07-16T08:50", "end": "2025-07-16T09:35", "type": "NORMAL_TEACHING_PERIOD"}, {"classID": 35, "schoolID": "3891500", "subject": [{"current": {"type": "SUBJECT", "status": "REGULAR", "shortName": "Ma", "longName": "Mathematik", "displayName": "Ma", "displayNameLabel": "NAME"}, "removed": null}], "location": [{"current": {"type": "ROOM", "status": "REGULAR", "shortName": "1", "longName": "Klassenraum Klasse 1", "displayName": "1", "displayNameLabel": "NAME"}, "removed": null}], "teacher": "", "cellState": "REGULAR", "date": "2025-07-16", "start": "2025-07-16T10:00", "end": "2025-07-16T10:45", "type": "NORMAL_TEACHING_PERIOD"}, {"classID": 35, "schoolID": "3891500", "subject": [{"current": {"type": "SUBJECT", "status": "REGULAR", "shortName": "KLS", "longName": "Klassenlehrerstunde", "displayName": "KLS", "displayNameLabel": "NAME"}, "removed": null}], "location": [{"current": {"type": "ROOM", "status": "REGULAR", "shortName": "1", "longName": "Klassenraum Klasse 1", "displayName": "1", "displayNameLabel": "NAME"}, "removed": null}], "teacher": "", "cellState": "REGULAR", "date": "2025-07-16", "start": "2025-07-16T10:50", "end": "2025-07-16T11:35", "type": "NORMAL_TEACHING_PERIOD"}, {"classID": 35, "schoolID": "3891500", "subject": [{"current": {"type": "SUBJECT", "status": "REGULAR", "shortName": "The", "longName": "Theater", "displayName": "The", "displayNameLabel": "NAME"}, "removed": null}], "location": [{"current": {"type": "ROOM", "status": "REGULAR", "shortName": "AULA", "longName": "Aula", "displayName": "AULA", "displayNameLabel": "NAME"}, "removed": null}], "teacher": "", "cellState": "REGULAR", "date": "2025-07-16", "start": "2025-07-16T11:55", "end": "2025-07-16T12:40", "type": "NORMAL_TEACHING_PERIOD"}, {"classID": 35, "schoolID": "3891500", "subject": [{"current": {"type": "SUBJECT", "status": "REGULAR", "shortName": "K S", "longName": "Kurzstunde", "displayName": "K S", "displayNameLabel": "NAME"}, "removed": null}], "location": [{"current": {"type": "ROOM", "status": "REGULAR", "shortName": "AULA", "longName": "Aula", "displayName": "AULA", "displayNameLabel": "NAME"}, "removed": null}], "teacher": "", "cellState": "REGULAR", "date": "2025-07-16", "start": "2025-07-16T12:42", "end": "2025-07-16T13:00", "type": "NORMAL_TEACHING_PERIOD"}, {"classID": 32, "schoolID": "3891500", "subject": [{"current": {"type": "SUBJECT", "status": "REGULAR", "shortName": "Sach", "longName": "Sachunterricht", "displayName": "Sach", "displayNameLabel": "NAME"}, "removed": null}], "location": [{"current": {"type": "ROOM", "status": "REGULAR", "shortName": "2", "longName": "Klassenraum Klasse 2", "displayName": "2", "displayNameLabel": "NAME"}, "removed": null}], "teacher": "", "cellState": "REGULAR", "date": "2025-07-16", "start": "2025-07-16T08:00", "end": "2025-07-16T09:35", "type": "NORMAL_TEACHING_PERIOD"}, {"classID": 32, "schoolID": "3891500", "subject": [{"current": {"type": "SUBJECT", "status": "REGULAR", "shortName": "Rel", "longName": "Religion", "displayName": "Rel", "displayNameLabel": "NAME"}, "removed": null}], "location": [{"current": {"type": "ROOM", "status": "REGULAR", "shortName": "2", "longName": "Klassenraum Klasse 2", "displayName": "2", "displayNameLabel": "NAME"}, "removed": null}], "teacher": "", "cellState": "REGULAR", "date": "2025-07-16", "start": "2025-07-16T10:00", "end": "2025-07-16T10:45", "type": "NORMAL_TEACHING_PERIOD"}, {"classID": 32, "schoolID": "3891500", "subject": [{"current": {"type": "SUBJECT", "status": "REGULAR", "shortName": "Sp", "longName": "Sport", "displayName": "Sp", "displayNameLabel": "NAME"}, "removed": null}], "location": [{"current": {"type": "ROOM", "status": "REGULAR", "shortName": "SP", "longName": "Sporthalle", "displayName": "SP", "displayNameLabel": "NAME"}, "removed": null}], "teacher": "", "cellState": "REGULAR", "date": "2025-07-16", "start": "2025-07-16T10:50", "end": "2025-07-16T11:35", "type": "NORMAL_TEACHING_PERIOD"}, {"classID": 32, "schoolID": "3891500", "subject": [{"current": {"type": "SUBJECT", "status": "REGULAR", "shortName": "Ma", "longName": "Mathematik", "displayName": "Ma", "displayNameLabel": "NAME"}, "removed": null}], "location": [{"current": {"type": "ROOM", "status": "REGULAR", "shortName": "2", "longName": "Klassenraum Klasse 2", "displayName": "2", "displayNameLabel": "NAME"}, "removed": null}], "teacher": "", "cellState": "REGULAR", "date": "2025-07-16", "start": "2025-07-16T11:55", "end": "2025-07-16T12:40", "type": "NORMAL_TEACHING_PERIOD"}, {"classID": 32, "schoolID": "3891500", "subject": [{"current": {"type": "SUBJECT", "status": "REGULAR", "shortName": "K S", "longName": "Kurzstunde", "displayName": "K S", "displayNameLabel": "NAME"}, "removed": null}], "location": [{"current": {"type": "ROOM", "status": "REGULAR", "shortName": "MU", "longName": "Musikraum", "displayName": "MU", "displayNameLabel": "NAME"}, "removed": null}], "teacher": "", "cellState": "REGULAR", "date": "2025-07-16", "start": "2025-07-16T12:42", "end": "2025-07-16T13:00", "type": "NORMAL_TEACHING_PERIOD"}, {"classID": 38, "schoolID": "3891500", "subject": [{"current": {"type": "SUBJECT", "status": "REGULAR", "shortName": "E", "longName": "Englisch", "displayName": "E", "displayNameLabel": "NAME"}, "removed": null}], "location": [{"current": {"type": "ROOM", "status": "REGULAR", "shortName": "3", "longName": "Klassenraum Klasse 3", "displayName": "3", "displayNameLabel": "NAME"}, "removed": null}], "teacher": "", "cellState": "REGULAR", "date": "2025-07-16", "start": "2025-07-16T08:00", "end": "2025-07-16T08:45", "type": "NORMAL_TEACHING_PERIOD"}, {"classID": 38, "schoolID": "3891500", "subject": [{"current": {"type": "SUBJECT", "status": "REGULAR", "shortName": "D", "longName": "Deutsch", "displayName": "D", "displayNameLabel": "NAME"}, "removed": null}], "location": [{"current": {"type": "ROOM", "status": "REGULAR", "shortName": "3", "longName": "Klassenraum Klasse 3", "displayName": "3", "displayNameLabel": "NAME"}, "removed": null}], "teacher": "", "cellState": "REGULAR", "date": "2025-07-16", "start": "2025-07-16T08:50", "end": "2025-07-16T09:35", "type": "NORMAL_TEACHING_PERIOD"}, {"classID": 38, "schoolID": "3891500", "subject": [{"current": {"type": "SUBJECT", "status": "REGULAR", "shortName": "Sach", "longName": "Sachunterricht", "displayName": "Sach", "displayNameLabel": "NAME"}, "removed": null}], "location": [{"current": {"type": "ROOM", "status": "REGULAR", "shortName": "PC", "longName": "Computerraum", "displayName": "PC", "displayNameLabel": "NAME"}, "removed": null}], "teacher": "", "cellState": "REGULAR", "date": "2025-07-16", "start": "2025-07-16T10:00", "end": "2025-07-16T10:45", "type": "NORMAL_TEACHING_PERIOD"}, {"classID": 38, "schoolID": "3891500", "subject": [{"current": {"type": "SUBJECT", "status": "REGULAR", "shortName": "Ma", "longName": "Mathematik", "displayName": "Ma", "displayNameLabel": "NAME"}, "removed": null}], "location": [{"current": {"type": "ROOM", "status": "REGULAR", "shortName": "3", "longName": "Klassenraum Klasse 3", "displayName": "3", "displayNameLabel": "NAME"}, "removed": null}], "teacher": "", "cellState": "REGULAR", "date": "2025-07-16", "start": "2025-07-16T10:50", "end": "2025-07-16T11:35", "type": "NORMAL_TEACHING_PERIOD"}, {"classID": 38, "schoolID": "3891500", "subject": [{"current": {"type": "SUBJECT", "status": "REGULAR", "shortName": "Sp", "longName": "Sport", "displayName": "Sp", "displayNameLabel": "NAME"}, "removed": null}], "location": [{"current": {"type": "ROOM", "status": "REGULAR", "shortName": "SP", "longName": "Sporthalle", "displayName": "SP", "displayNameLabel": "NAME"}, "removed": null}], "teacher": "", "cellState": "REGULAR", "date": "2025-07-16", "start": "2025-07-16T11:55", "end": "2025-07-16T12:40", "type": "NORMAL_TEACHING_PERIOD"}, {"classID": 38, "schoolID": "3891500", "subject": [{"current": {"type": "SUBJECT", "status": "REGULAR", "shortName": "K S", "longName": "Kurzstunde", "displayName": "K S", "displayNameLabel": "NAME"}, "removed": null}], "location": [{"current": {"type": "ROOM", "status": "REGULAR", "shortName": "SP", "longName": "Sporthalle", "displayName": "SP", "displayNameLabel": "NAME"}, "removed": null}], "teacher": "", "cellState": "REGULAR", "date": "2025-07-16", "start": "2025-07-16T12:42", "end": "2025-07-16T13:00", "type": "NORMAL_TEACHING_PERIOD"}, {"classID": 41, "schoolID": "3891500", "subject": [{"current": {"type": "SUBJECT", "status": "REGULAR", "shortName": "Ma", "longName": "Mathematik", "displayName": "Ma", "displayNameLabel": "NAME"}, "removed": null}], "location": [{"current": {"type": "ROOM", "status": "REGULAR", "shortName": "4", "longName": "Klassenraum Klasse 4", "displayName": "4", "displayNameLabel": "NAME"}, "removed": null}], "teacher": "", "cellState": "REGULAR", "date": "2025-07-16", "start": "2025-07-16T08:00", "end": "2025-07-16T08:45", "type": "NORMAL_TEACHING_PERIOD"}, {"classID": 41, "schoolID": "3891500", "subject": [{"current": {"type": "SUBJECT", "status": "REGULAR", "shortName": "D", "longName": "Deutsch", "displayName": "D", "displayNameLabel": "NAME"}, "removed": null}], "location": [{"current": {"type": "ROOM", "status": "REGULAR", "shortName": "4", "longName": "Klassenraum Klasse 4", "displayName": "4", "displayNameLabel": "NAME"}, "removed": null}], "teacher": "", "cellState": "REGULAR", "date": "2025-07-16", "start": "2025-07-16T08:50", "end": "2025-07-16T09:35", "type": "NORMAL_TEACHING_PERIOD"}, {"classID": 41, "schoolID": "3891500", "subject": [{"current": {"type": "SUBJECT", "status": "REGULAR", "shortName": "E", "longName": "Englisch", "displayName": "E", "displayNameLabel": "NAME"}, "removed": null}], "location": [{"current": {"type": "ROOM", "status": "REGULAR", "shortName": "4", "longName": "Klassenraum Klasse 4", "displayName": "4", "displayNameLabel": "NAME"}, "removed": null}], "teacher": "", "cellState": "REGULAR", "date": "2025-07-16", "start": "2025-07-16T10:00", "end": "2025-07-16T10:45", "type": "NORMAL_TEACHING_PERIOD"}, {"classID": 41, "schoolID": "3891500", "subject": [{"current": {"type": "SUBJECT", "status": "REGULAR", "shortName": "Rel", "longName": "Religion", "displayName": "Rel", "displayNameLabel": "NAME"}, "removed": null}], "location": [{"current": {"type": "ROOM", "status": "REGULAR", "shortName": "MU", "longName": "Musikraum", "displayName": "MU", "displayNameLabel": "NAME"}, "removed": null}], "teacher": "", "cellState": "REGULAR", "date": "2025-07-16", "start": "2025-07-16T10:50", "end": "2025-07-16T11:35", "type": "NORMAL_TEACHING_PERIOD"}, {"classID": 41, "schoolID": "3891500", "subject": [{"current": {"type": "SUBJECT", "status": "REGULAR", "shortName": "BKu", "longName": "Bildende Kunst", "displayName": "BKu", "displayNameLabel": "NAME"}, "removed": null}], "location": [{"current": {"type": "ROOM", "status": "REGULAR", "shortName": "KU", "longName": "Kunstraum", "displayName": "KU", "displayNameLabel": "NAME"}, "removed": null}], "teacher": "", "cellState": "REGULAR", "date": "2025-07-16", "start": "2025-07-16T11:55", "end": "2025-07-16T12:40", "type": "NORMAL_TEACHING_PERIOD"}, {"classID": 41, "schoolID": "3891500", "subject": [{"current": {"type": "SUBJECT", "status": "REGULAR", "shortName": "K S", "longName": "Kurzstunde", "displayName": "K S", "displayNameLabel": "NAME"}, "removed": null}], "location": [{"current": {"type": "ROOM", "status": "REGULAR", "shortName": "KU", "longName": "Kunstraum", "displayName": "KU", "displayNameLabel": "NAME"}, "removed": null}], "teacher": "", "cellState": "REGULAR", "date": "2025-07-16", "start": "2025-07-16T12:42", "end": "2025-07-16T13:00", "type": "NORMAL_TEACHING_PERIOD"}, {"classID": 48, "schoolID": "3891500", "subject": [{"current": {"type": "SUBJECT", "status": "REGULAR", "shortName": "D", "longName": "Deutsch", "displayName": "D", "displayNameLabel": "NAME"}, "removed": null}], "location": [{"current": {"type": "ROOM", "status": "REGULAR", "shortName": "IVK", "longName": "Klassenraum IVK", "displayName": "IVK", "displayNameLabel": "NAME"}, "removed": null}], "teacher": "", "cellState": "REGULAR", "date": "2025-07-16", "start": "2025-07-16T08:00", "end": "2025-07-16T08:45", "type": "NORMAL_TEACHING_PERIOD"}, {"classID": 48, "schoolID": "3891500", "subject": [{"current": {"type": "SUBJECT", "status": "REGULAR", "shortName": "Ma", "longName": "Mathematik", "displayName": "Ma", "displayNameLabel": "NAME"}, "removed": null}], "location": [{"current": {"type": "ROOM", "status": "REGULAR", "shortName": "IVK", "longName": "Klassenraum IVK", "displayName": "IVK", "displayNameLabel": "NAME"}, "removed": null}], "teacher": "", "cellState": "REGULAR", "date": "2025-07-16", "start": "2025-07-16T08:50", "end": "2025-07-16T09:35", "type": "NORMAL_TEACHING_PERIOD"}, {"classID": 48, "schoolID": "3891500", "subject": [{"current": {"type": "SUBJECT", "status": "REGULAR", "shortName": "Sp", "longName": "Sport", "displayName": "Sp", "displayNameLabel": "NAME"}, "removed": null}], "location": [{"current": {"type": "ROOM", "status": "REGULAR", "shortName": "SP", "longName": "Sporthalle", "displayName": "SP", "displayNameLabel": "NAME"}, "removed": null}], "teacher": "", "cellState": "REGULAR", "date": "2025-07-16", "start": "2025-07-16T10:00", "end": "2025-07-16T10:45", "type": "NORMAL_TEACHING_PERIOD"}, {"classID": 48, "schoolID": "3891500", "subject": [{"current": {"type": "SUBJECT", "status": "REGULAR", "shortName": "D", "longName": "Deutsch", "displayName": "D", "displayNameLabel": "NAME"}, "removed": null}], "location": [{"current": {"type": "ROOM", "status": "REGULAR", "shortName": "IVK", "longName": "Klassenraum IVK", "displayName": "IVK", "displayNameLabel": "NAME"}, "removed": null}], "teacher": "", "cellState": "REGULAR", "date": "2025-07-16", "start": "2025-07-16T10:50", "end": "2025-07-16T11:35", "type": "NORMAL_TEACHING_PERIOD"}, {"classID": 48, "schoolID": "3891500", "subject": [{"current": {"type": "SUBJECT", "status": "REGULAR", "shortName": "Sach", "longName": "Sachunterricht", "displayName": "Sach", "displayNameLabel": "NAME"}, "removed": null}], "location": [{"current": {"type": "ROOM", "status": "REGULAR", "shortName": "IVK", "longName": "Klassenraum IVK", "displayName": "IVK", "displayNameLabel": "NAME"}, "removed": null}], "teacher": "", "cellState": "REGULAR", "date": "2025-07-16", "start": "2025-07-16T11:55", "end": "2025-07-16T12:40", "type": "NORMAL_TEACHING_PERIOD"}, {"classID": 48, "schoolID": "3891500", "subject": [{"current": {"type": "SUBJECT", "status": "REGULAR", "shortName": "K S", "longName": "Kurzstunde", "displayName": "K S", "displayNameLabel": "NAME"}, "removed": null}], "location": [{"current": {"type": "ROOM", "status": "REGULAR", "shortName": "IVK", "longName": "Klassenraum IVK", "displayName": "IVK", "displayNameLabel": "NAME"}, "removed": null}], "teacher": "", "cellState": "REGULAR", "date": "2025-07-16", "start": "2025-07-16T12:42", "end": "2025-07-16T13:00", "type": "NORMAL_TEACHING_PERIOD"}, {"classID": 47, "schoolID": "3891500", "subject": [{"current": {"type": "SUBJECT", "status": "REGULAR", "shortName": "VSK", "longName": "VSK Klassenleitung", "displayName": "VSK", "displayNameLabel": "NAME"}, "removed": null}], "location": [{"current": {"type": "ROOM", "status": "REGULAR", "shortName": "VSK", "longName": "Klassenraum der VSK", "displayName": "VSK", "displayNameLabel": "NAME"}, "removed": null}], "teacher": "", "cellState": "REGULAR", "date": "2025-07-16", "start": "2025-07-16T08:00", "end": "2025-07-16T08:45", "type": "NORMAL_TEACHING_PERIOD"}, {"classID": 47, "schoolID": "3891500", "subject": [{"current": {"type": "SUBJECT", "status": "REGULAR", "shortName": "SpV", "longName": "VSK Sport", "displayName": "SpV", "displayNameLabel": "NAME"}, "removed": null}], "location": [{"current": {"type": "ROOM", "status": "REGULAR", "shortName": "SP", "longName": "Sporthalle", "displayName": "SP", "displayNameLabel": "NAME"}, "removed": null}], "teacher": "", "cellState": "REGULAR", "date": "2025-07-16", "start": "2025-07-16T08:50", "end": "2025-07-16T09:35", "type": "NORMAL_TEACHING_PERIOD"}, {"classID": 47, "schoolID": "3891500", "subject": [{"current": {"type": "SUBJECT", "status": "REGULAR", "shortName": "VSK", "longName": "VSK Klassenleitung", "displayName": "VSK", "displayNameLabel": "NAME"}, "removed": null}], "location": [{"current": {"type": "ROOM", "status": "REGULAR", "shortName": "VSK", "longName": "Klassenraum der VSK", "displayName": "VSK", "displayNameLabel": "NAME"}, "removed": null}], "teacher": "", "cellState": "REGULAR", "date": "2025-07-16", "start": "2025-07-16T10:00", "end": "2025-07-16T10:45", "type": "NORMAL_TEACHING_PERIOD"}, {"classID": 47, "schoolID": "3891500", "subject": [{"current": {"type": "SUBJECT", "status": "REGULAR", "shortName": "VSK", "longName": "VSK Klassenleitung", "displayName": "VSK", "displayNameLabel": "NAME"}, "removed": null}], "location": [{"current": {"type": "ROOM", "status": "REGULAR", "shortName": "VSK", "longName": "Klassenraum der VSK", "displayName": "VSK", "displayNameLabel": "NAME"}, "removed": null}], "teacher": "", "cellState": "REGULAR", "date": "2025-07-16", "start": "2025-07-16T10:50", "end": "2025-07-16T11:35", "type": "NORMAL_TEACHING_PERIOD"}, {"classID": 47, "schoolID": "3891500", "subject": [{"current": {"type": "SUBJECT", "status": "REGULAR", "shortName": "VSK", "longName": "VSK Klassenleitung", "displayName": "VSK", "displayNameLabel": "NAME"}, "removed": null}], "location": [{"current": {"type": "ROOM", "status": "REGULAR", "shortName": "VSK", "longName": "Klassenraum der VSK", "displayName": "VSK", "displayNameLabel": "NAME"}, "removed": null}], "teacher": "", "cellState": "REGULAR", "date": "2025-07-16", "start": "2025-07-16T11:55", "end": "2025-07-16T12:40", "type": "NORMAL_TEACHING_PERIOD"}, {"classID": 47, "schoolID": "3891500", "subject": [{"current": {"type": "SUBJECT", "status": "REGULAR", "shortName": "KSV", "longName": "VSK Kurzstunde", "displayName": "KSV", "displayNameLabel": "NAME"}, "removed": null}], "location": "", "teacher": "", "cellState": "REGULAR", "date": "2025-07-16", "start": "2025-07-16T12:42", "end": "2025-07-16T13:00", "type": "NORMAL_TEACHING_PERIOD"}, {"classID": 35, "schoolID": "3891500", "subject": [{"current": {"type": "SUBJECT", "status": "REGULAR", "shortName": "D", "longName": "Deutsch", "displayName": "D", "displayNameLabel": "NAME"}, "removed": null}], "location": [{"current": {"type": "ROOM", "status": "REGULAR", "shortName": "1", "longName": "Klassenraum Klasse 1", "displayName": "1", "displayNameLabel": "NAME"}, "removed": null}], "teacher": "", "cellState": "REGULAR", "date": "2025-07-17", "start": "2025-07-17T08:00", "end": "2025-07-17T08:45", "type": "NORMAL_TEACHING_PERIOD"}, {"classID": 35, "schoolID": "3891500", "subject": [{"current": {"type": "SUBJECT", "status": "REGULAR", "shortName": "Ma", "longName": "Mathematik", "displayName": "Ma", "displayNameLabel": "NAME"}, "removed": null}], "location": [{"current": {"type": "ROOM", "status": "REGULAR", "shortName": "1", "longName": "Klassenraum Klasse 1", "displayName": "1", "displayNameLabel": "NAME"}, "removed": null}], "teacher": "", "cellState": "REGULAR", "date": "2025-07-17", "start": "2025-07-17T08:50", "end": "2025-07-17T09:35", "type": "NORMAL_TEACHING_PERIOD"}, {"classID": 35, "schoolID": "3891500", "subject": [{"current": {"type": "SUBJECT", "status": "REGULAR", "shortName": "D", "longName": "Deutsch", "displayName": "D", "displayNameLabel": "NAME"}, "removed": null}], "location": [{"current": {"type": "ROOM", "status": "REGULAR", "shortName": "1", "longName": "Klassenraum Klasse 1", "displayName": "1", "displayNameLabel": "NAME"}, "removed": null}], "teacher": "", "cellState": "REGULAR", "date": "2025-07-17", "start": "2025-07-17T10:00", "end": "2025-07-17T10:45", "type": "NORMAL_TEACHING_PERIOD"}, {"classID": 35, "schoolID": "3891500", "subject": [{"current": {"type": "SUBJECT", "status": "REGULAR", "shortName": "BKu", "longName": "Bildende Kunst", "displayName": "BKu", "displayNameLabel": "NAME"}, "removed": null}], "location": [{"current": {"type": "ROOM", "status": "REGULAR", "shortName": "KU", "longName": "Kunstraum", "displayName": "KU", "displayNameLabel": "NAME"}, "removed": null}], "teacher": "", "cellState": "REGULAR", "date": "2025-07-17", "start": "2025-07-17T10:50", "end": "2025-07-17T11:35", "type": "NORMAL_TEACHING_PERIOD"}, {"classID": 35, "schoolID": "3891500", "subject": [{"current": {"type": "SUBJECT", "status": "REGULAR", "shortName": "Sp", "longName": "Sport", "displayName": "Sp", "displayNameLabel": "NAME"}, "removed": null}], "location": [{"current": {"type": "ROOM", "status": "REGULAR", "shortName": "SP", "longName": "Sporthalle", "displayName": "SP", "displayNameLabel": "NAME"}, "removed": null}], "teacher": "", "cellState": "REGULAR", "date": "2025-07-17", "start": "2025-07-17T11:55", "end": "2025-07-17T12:40", "type": "NORMAL_TEACHING_PERIOD"}, {"classID": 35, "schoolID": "3891500", "subject": [{"current": {"type": "SUBJECT", "status": "REGULAR", "shortName": "K S", "longName": "Kurzstunde", "displayName": "K S", "displayNameLabel": "NAME"}, "removed": null}], "location": [{"current": {"type": "ROOM", "status": "REGULAR", "shortName": "SP", "longName": "Sporthalle", "displayName": "SP", "displayNameLabel": "NAME"}, "removed": null}], "teacher": "", "cellState": "REGULAR", "date": "2025-07-17", "start": "2025-07-17T12:42", "end": "2025-07-17T13:00", "type": "NORMAL_TEACHING_PERIOD"}, {"classID": 32, "schoolID": "3891500", "subject": [{"current": {"type": "SUBJECT", "status": "REGULAR", "shortName": "Sach", "longName": "Sachunterricht", "displayName": "Sach", "displayNameLabel": "NAME"}, "removed": null}], "location": [{"current": {"type": "ROOM", "status": "REGULAR", "shortName": "2", "longName": "Klassenraum Klasse 2", "displayName": "2", "displayNameLabel": "NAME"}, "removed": null}], "teacher": "", "cellState": "REGULAR", "date": "2025-07-17", "start": "2025-07-17T08:00", "end": "2025-07-17T08:45", "type": "NORMAL_TEACHING_PERIOD"}, {"classID": 32, "schoolID": "3891500", "subject": [{"current": {"type": "SUBJECT", "status": "REGULAR", "shortName": "Sp", "longName": "Sport", "displayName": "Sp", "displayNameLabel": "NAME"}, "removed": null}], "location": [{"current": {"type": "ROOM", "status": "REGULAR", "shortName": "SP", "longName": "Sporthalle", "displayName": "SP", "displayNameLabel": "NAME"}, "removed": null}], "teacher": "", "cellState": "REGULAR", "date": "2025-07-17", "start": "2025-07-17T08:50", "end": "2025-07-17T09:35", "type": "NORMAL_TEACHING_PERIOD"}, {"classID": 32, "schoolID": "3891500", "subject": [{"current": {"type": "SUBJECT", "status": "REGULAR", "shortName": "Ma", "longName": "Mathematik", "displayName": "Ma", "displayNameLabel": "NAME"}, "removed": null}], "location": [{"current": {"type": "ROOM", "status": "REGULAR", "shortName": "2", "longName": "Klassenraum Klasse 2", "displayName": "2", "displayNameLabel": "NAME"}, "removed": null}], "teacher": "", "cellState": "REGULAR", "date": "2025-07-17", "start": "2025-07-17T10:00", "end": "2025-07-17T10:45", "type": "NORMAL_TEACHING_PERIOD"}, {"classID": 32, "schoolID": "3891500", "subject": [{"current": {"type": "SUBJECT", "status": "REGULAR", "shortName": "FsW", "longName": "F\u00f6rdern statt Wiederholen", "displayName": "FsW", "displayNameLabel": "NAME"}, "removed": null}], "location": "", "teacher": "", "cellState": "REGULAR", "date": "2025-07-17", "start": "2025-07-17T10:00", "end": "2025-07-17T10:45", "type": "NORMAL_TEACHING_PERIOD"}, {"classID": 32, "schoolID": "3891500", "subject": [{"current": {"type": "SUBJECT", "status": "REGULAR", "shortName": "D", "longName": "Deutsch", "displayName": "D", "displayNameLabel": "NAME"}, "removed": null}], "location": [{"current": {"type": "ROOM", "status": "REGULAR", "shortName": "2", "longName": "Klassenraum Klasse 2", "displayName": "2", "displayNameLabel": "NAME"}, "removed": null}], "teacher": "", "cellState": "REGULAR", "date": "2025-07-17", "start": "2025-07-17T10:50", "end": "2025-07-17T11:35", "type": "NORMAL_TEACHING_PERIOD"}, {"classID": 32, "schoolID": "3891500", "subject": [{"current": {"type": "SUBJECT", "status": "REGULAR", "shortName": "FsW", "longName": "F\u00f6rdern statt Wiederholen", "displayName": "FsW", "displayNameLabel": "NAME"}, "removed": null}], "location": [{"current": {"type": "ROOM", "status": "REGULAR", "shortName": "2", "longName": "Klassenraum Klasse 2", "displayName": "2", "displayNameLabel": "NAME"}, "removed": null}], "teacher": "", "cellState": "REGULAR", "date": "2025-07-17", "start": "2025-07-17T10:50", "end": "2025-07-17T11:35", "type": "NORMAL_TEACHING_PERIOD"}, {"classID": 32, "schoolID": "3891500", "subject": [{"current": {"type": "SUBJECT", "status": "REGULAR", "shortName": "D", "longName": "Deutsch", "displayName": "D", "displayNameLabel": "NAME"}, "removed": null}], "location": [{"current": {"type": "ROOM", "status": "REGULAR", "shortName": "2", "longName": "Klassenraum Klasse 2", "displayName": "2", "displayNameLabel": "NAME"}, "removed": null}], "teacher": "", "cellState": "REGULAR", "date": "2025-07-17", "start": "2025-07-17T11:55", "end": "2025-07-17T12:40", "type": "NORMAL_TEACHING_PERIOD"}, {"classID": 32, "schoolID": "3891500", "subject": [{"current": {"type": "SUBJECT", "status": "REGULAR", "shortName": "K S", "longName": "Kurzstunde", "displayName": "K S", "displayNameLabel": "NAME"}, "removed": null}], "location": [{"current": {"type": "ROOM", "status": "REGULAR", "shortName": "2", "longName": "Klassenraum Klasse 2", "displayName": "2", "displayNameLabel": "NAME"}, "removed": null}], "teacher": "", "cellState": "REGULAR", "date": "2025-07-17", "start": "2025-07-17T12:42", "end": "2025-07-17T13:00", "type": "NORMAL_TEACHING_PERIOD"}, {"classID": 32, "schoolID": "3891500", "subject": [{"current": {"type": "SUBJECT", "status": "REGULAR", "shortName": "Add", "longName": "Additive Sprachf\u00f6rderung", "displayName": "Add", "displayNameLabel": "NAME"}, "removed": null}], "location": [{"current": {"type": "ROOM", "status": "REGULAR", "shortName": "PC", "longName": "Computerraum", "displayName": "PC", "displayNameLabel": "NAME"}, "removed": null}], "teacher": "", "cellState": "REGULAR", "date": "2025-07-17", "start": "2025-07-17T13:00", "end": "2025-07-17T13:45", "type": "NORMAL_TEACHING_PERIOD"}, {"classID": 38, "schoolID": "3891500", "subject": [{"current": {"type": "SUBJECT", "status": "REGULAR", "shortName": "Ma", "longName": "Mathematik", "displayName": "Ma", "displayNameLabel": "NAME"}, "removed": null}], "location": [{"current": {"type": "ROOM", "status": "REGULAR", "shortName": "3", "longName": "Klassenraum Klasse 3", "displayName": "3", "displayNameLabel": "NAME"}, "removed": null}], "teacher": "", "cellState": "REGULAR", "date": "2025-07-17", "start": "2025-07-17T08:00", "end": "2025-07-17T08:45", "type": "NORMAL_TEACHING_PERIOD"}, {"classID": 38, "schoolID": "3891500", "subject": [{"current": {"type": "SUBJECT", "status": "REGULAR", "shortName": "D", "longName": "Deutsch", "displayName": "D", "displayNameLabel": "NAME"}, "removed": null}], "location": [{"current": {"type": "ROOM", "status": "REGULAR", "shortName": "3", "longName": "Klassenraum Klasse 3", "displayName": "3", "displayNameLabel": "NAME"}, "removed": null}], "teacher": "", "cellState": "REGULAR", "date": "2025-07-17", "start": "2025-07-17T08:50", "end": "2025-07-17T09:35", "type": "NORMAL_TEACHING_PERIOD"}, {"classID": 38, "schoolID": "3891500", "subject": [{"current": {"type": "SUBJECT", "status": "REGULAR", "shortName": "E", "longName": "Englisch", "displayName": "E", "displayNameLabel": "NAME"}, "removed": null}], "location": [{"current": {"type": "ROOM", "status": "REGULAR", "shortName": "3", "longName": "Klassenraum Klasse 3", "displayName": "3", "displayNameLabel": "NAME"}, "removed": null}], "teacher": "", "cellState": "REGULAR", "date": "2025-07-17", "start": "2025-07-17T10:00", "end": "2025-07-17T10:45", "type": "NORMAL_TEACHING_PERIOD"}, {"classID": 38, "schoolID": "3891500", "subject": [{"current": {"type": "SUBJECT", "status": "REGULAR", "shortName": "Sp", "longName": "Sport", "displayName": "Sp", "displayNameLabel": "NAME"}, "removed": null}], "location": [{"current": {"type": "ROOM", "status": "REGULAR", "shortName": "SP", "longName": "Sporthalle", "displayName": "SP", "displayNameLabel": "NAME"}, "removed": null}], "teacher": "", "cellState": "REGULAR", "date": "2025-07-17", "start": "2025-07-17T10:50", "end": "2025-07-17T11:35", "type": "NORMAL_TEACHING_PERIOD"}, {"classID": 38, "schoolID": "3891500", "subject": [{"current": {"type": "SUBJECT", "status": "REGULAR", "shortName": "Sach", "longName": "Sachunterricht", "displayName": "Sach", "displayNameLabel": "NAME"}, "removed": null}], "location": [{"current": {"type": "ROOM", "status": "REGULAR", "shortName": "3", "longName": "Klassenraum Klasse 3", "displayName": "3", "displayNameLabel": "NAME"}, "removed": null}], "teacher": "", "cellState": "REGULAR", "date": "2025-07-17", "start": "2025-07-17T11:55", "end": "2025-07-17T12:40", "type": "NORMAL_TEACHING_PERIOD"}, {"classID": 38, "schoolID": "3891500", "subject": [{"current": {"type": "SUBJECT", "status": "REGULAR", "shortName": "K S", "longName": "Kurzstunde", "displayName": "K S", "displayNameLabel": "NAME"}, "removed": null}], "location": "", "teacher": "", "cellState": "REGULAR", "date": "2025-07-17", "start": "2025-07-17T12:42", "end": "2025-07-17T13:00", "type": "NORMAL_TEACHING_PERIOD"}, {"classID": 41, "schoolID": "3891500", "subject": [{"current": {"type": "SUBJECT", "status": "REGULAR", "shortName": "D", "longName": "Deutsch", "displayName": "D", "displayNameLabel": "NAME"}, "removed": null}], "location": [{"current": {"type": "ROOM", "status": "REGULAR", "shortName": "4", "longName": "Klassenraum Klasse 4", "displayName": "4", "displayNameLabel": "NAME"}, "removed": null}], "teacher": "", "cellState": "REGULAR", "date": "2025-07-17", "start": "2025-07-17T08:00", "end": "2025-07-17T08:45", "type": "NORMAL_TEACHING_PERIOD"}, {"classID": 41, "schoolID": "3891500", "subject": [{"current": {"type": "SUBJECT", "status": "REGULAR", "shortName": "FsW", "longName": "F\u00f6rdern statt Wiederholen", "displayName": "FsW", "displayNameLabel": "NAME"}, "removed": null}], "location": [{"current": {"type": "ROOM", "status": "REGULAR", "shortName": "MU", "longName": "Musikraum", "displayName": "MU", "displayNameLabel": "NAME"}, "removed": null}], "teacher": "", "cellState": "REGULAR", "date": "2025-07-17", "start": "2025-07-17T08:00", "end": "2025-07-17T08:45", "type": "NORMAL_TEACHING_PERIOD"}, {"classID": 41, "schoolID": "3891500", "subject": [{"current": {"type": "SUBJECT", "status": "REGULAR", "shortName": "BKu", "longName": "Bildende Kunst", "displayName": "BKu", "displayNameLabel": "NAME"}, "removed": null}], "location": [{"current": {"type": "ROOM", "status": "REGULAR", "shortName": "KU", "longName": "Kunstraum", "displayName": "KU", "displayNameLabel": "NAME"}, "removed": null}], "teacher": "", "cellState": "REGULAR", "date": "2025-07-17", "start": "2025-07-17T08:50", "end": "2025-07-17T09:35", "type": "NORMAL_TEACHING_PERIOD"}, {"classID": 41, "schoolID": "3891500", "subject": [{"current": {"type": "SUBJECT", "status": "REGULAR", "shortName": "Sp", "longName": "Sport", "displayName": "Sp", "displayNameLabel": "NAME"}, "removed": null}], "location": [{"current": {"type": "ROOM", "status": "REGULAR", "shortName": "SP", "longName": "Sporthalle", "displayName": "SP", "displayNameLabel": "NAME"}, "removed": null}], "teacher": "", "cellState": "REGULAR", "date": "2025-07-17", "start": "2025-07-17T10:00", "end": "2025-07-17T10:45", "type": "NORMAL_TEACHING_PERIOD"}, {"classID": 41, "schoolID": "3891500", "subject": [{"current": {"type": "SUBJECT", "status": "REGULAR", "shortName": "Ma", "longName": "Mathematik", "displayName": "Ma", "displayNameLabel": "NAME"}, "removed": null}], "location": [{"current": {"type": "ROOM", "status": "REGULAR", "shortName": "4", "longName": "Klassenraum Klasse 4", "displayName": "4", "displayNameLabel": "NAME"}, "removed": null}], "teacher": "", "cellState": "REGULAR", "date": "2025-07-17", "start": "2025-07-17T10:50", "end": "2025-07-17T11:35", "type": "NORMAL_TEACHING_PERIOD"}, {"classID": 41, "schoolID": "3891500", "subject": [{"current": {"type": "SUBJECT", "status": "REGULAR", "shortName": "Sach", "longName": "Sachunterricht", "displayName": "Sach", "displayNameLabel": "NAME"}, "removed": null}], "location": [{"current": {"type": "ROOM", "status": "REGULAR", "shortName": "4", "longName": "Klassenraum Klasse 4", "displayName": "4", "displayNameLabel": "NAME"}, "removed": null}], "teacher": "", "cellState": "REGULAR", "date": "2025-07-17", "start": "2025-07-17T11:55", "end": "2025-07-17T12:40", "type": "NORMAL_TEACHING_PERIOD"}, {"classID": 41, "schoolID": "3891500", "subject": [{"current": {"type": "SUBJECT", "status": "REGULAR", "shortName": "K S", "longName": "Kurzstunde", "displayName": "K S", "displayNameLabel": "NAME"}, "removed": null}], "location": [{"current": {"type": "ROOM", "status": "REGULAR", "shortName": "4", "longName": "Klassenraum Klasse 4", "displayName": "4", "displayNameLabel": "NAME"}, "removed": null}], "teacher": "", "cellState": "REGULAR", "date": "2025-07-17", "start": "2025-07-17T12:42", "end": "2025-07-17T13:00", "type": "NORMAL_TEACHING_PERIOD"}, {"classID": 48, "schoolID": "3891500", "subject": [{"current": {"type": "SUBJECT", "status": "REGULAR", "shortName": "D", "longName": "Deutsch", "displayName": "D", "displayNameLabel": "NAME"}, "removed": null}], "location": [{"current": {"type": "ROOM", "status": "REGULAR", "shortName": "IVK", "longName": "Klassenraum IVK", "displayName": "IVK", "displayNameLabel": "NAME"}, "removed": null}], "teacher": "", "cellState": "REGULAR", "date": "2025-07-17", "start": "2025-07-17T08:00", "end": "2025-07-17T08:45", "type": "NORMAL_TEACHING_PERIOD"}, {"classID": 48, "schoolID": "3891500", "subject": [{"current": {"type": "SUBJECT", "status": "REGULAR", "shortName": "Sach", "longName": "Sachunterricht", "displayName": "Sach", "displayNameLabel": "NAME"}, "removed": null}], "location": [{"current": {"type": "ROOM", "status": "REGULAR", "shortName": "IVK", "longName": "Klassenraum IVK", "displayName": "IVK", "displayNameLabel": "NAME"}, "removed": null}], "teacher": "", "cellState": "REGULAR", "date": "2025-07-17", "start": "2025-07-17T08:50", "end": "2025-07-17T09:35", "type": "NORMAL_TEACHING_PERIOD"}, {"classID": 48, "schoolID": "3891500", "subject": [{"current": {"type": "SUBJECT", "status": "REGULAR", "shortName": "BKu", "longName": "Bildende Kunst", "displayName": "BKu", "displayNameLabel": "NAME"}, "removed": null}], "location": [{"current": {"type": "ROOM", "status": "REGULAR", "shortName": "KU", "longName": "Kunstraum", "displayName": "KU", "displayNameLabel": "NAME"}, "removed": null}], "teacher": "", "cellState": "REGULAR", "date": "2025-07-17", "start": "2025-07-17T10:00", "end": "2025-07-17T10:45", "type": "NORMAL_TEACHING_PERIOD"}, {"classID": 48, "schoolID": "3891500", "subject": [{"current": {"type": "SUBJECT", "status": "REGULAR", "shortName": "Mu", "longName": "Musik", "displayName": "Mu", "displayNameLabel": "NAME"}, "removed": null}], "location": [{"current": {"type": "ROOM", "status": "REGULAR", "shortName": "IVK", "longName": "Klassenraum IVK", "displayName": "IVK", "displayNameLabel": "NAME"}, "removed": null}], "teacher": "", "cellState": "REGULAR", "date": "2025-07-17", "start": "2025-07-17T10:50", "end": "2025-07-17T11:35", "type": "NORMAL_TEACHING_PERIOD"}, {"classID": 48, "schoolID": "3891500", "subject": [{"current": {"type": "SUBJECT", "status": "REGULAR", "shortName": "Ma", "longName": "Mathematik", "displayName": "Ma", "displayNameLabel": "NAME"}, "removed": null}], "location": [{"current": {"type": "ROOM", "status": "REGULAR", "shortName": "IVK", "longName": "Klassenraum IVK", "displayName": "IVK", "displayNameLabel": "NAME"}, "removed": null}], "teacher": "", "cellState": "REGULAR", "date": "2025-07-17", "start": "2025-07-17T11:55", "end": "2025-07-17T12:40", "type": "NORMAL_TEACHING_PERIOD"}, {"classID": 48, "schoolID": "3891500", "subject": [{"current": {"type": "SUBJECT", "status": "REGULAR", "shortName": "K S", "longName": "Kurzstunde", "displayName": "K S", "displayNameLabel": "NAME"}, "removed": null}], "location": [{"current": {"type": "ROOM", "status": "REGULAR", "shortName": "IVK", "longName": "Klassenraum IVK", "displayName": "IVK", "displayNameLabel": "NAME"}, "removed": null}], "teacher": "", "cellState": "REGULAR", "date": "2025-07-17", "start": "2025-07-17T12:42", "end": "2025-07-17T13:00", "type": "NORMAL_TEACHING_PERIOD"}, {"classID": 47, "schoolID": "3891500", "subject": [{"current": {"type": "SUBJECT", "status": "REGULAR", "shortName": "VSK", "longName": "VSK Klassenleitung", "displayName": "VSK", "displayNameLabel": "NAME"}, "removed": null}], "location": [{"current": {"type": "ROOM", "status": "REGULAR", "shortName": "VSK", "longName": "Klassenraum der VSK", "displayName": "VSK", "displayNameLabel": "NAME"}, "removed": null}], "teacher": "", "cellState": "REGULAR", "date": "2025-07-17", "start": "2025-07-17T08:00", "end": "2025-07-17T08:45", "type": "NORMAL_TEACHING_PERIOD"}, {"classID": 47, "schoolID": "3891500", "subject": [{"current": {"type": "SUBJECT", "status": "REGULAR", "shortName": "VSK", "longName": "VSK Klassenleitung", "displayName": "VSK", "displayNameLabel": "NAME"}, "removed": null}], "location": [{"current": {"type": "ROOM", "status": "REGULAR", "shortName": "VSK", "longName": "Klassenraum der VSK", "displayName": "VSK", "displayNameLabel": "NAME"}, "removed": null}], "teacher": "", "cellState": "REGULAR", "date": "2025-07-17", "start": "2025-07-17T08:50", "end": "2025-07-17T09:35", "type": "NORMAL_TEACHING_PERIOD"}, {"classID": 47, "schoolID": "3891500", "subject": [{"current": {"type": "SUBJECT", "status": "REGULAR", "shortName": "VSK", "longName": "VSK Klassenleitung", "displayName": "VSK", "displayNameLabel": "NAME"}, "removed": null}], "location": [{"current": {"type": "ROOM", "status": "REGULAR", "shortName": "VSK", "longName": "Klassenraum der VSK", "displayName": "VSK", "displayNameLabel": "NAME"}, "removed": null}], "teacher": "", "cellState": "REGULAR", "date": "2025-07-17", "start": "2025-07-17T10:00", "end": "2025-07-17T10:45", "type": "NORMAL_TEACHING_PERIOD"}, {"classID": 47, "schoolID": "3891500", "subject": [{"current": {"type": "SUBJECT", "status": "REGULAR", "shortName": "VSK", "longName": "VSK Klassenleitung", "displayName": "VSK", "displayNameLabel": "NAME"}, "removed": null}], "location": [{"current": {"type": "ROOM", "status": "REGULAR", "shortName": "PC", "longName": "Computerraum", "displayName": "PC", "displayNameLabel": "NAME"}, "removed": null}], "teacher": "", "cellState": "REGULAR", "date": "2025-07-17", "start": "2025-07-17T10:50", "end": "2025-07-17T11:35", "type": "NORMAL_TEACHING_PERIOD"}, {"classID": 47, "schoolID": "3891500", "subject": [{"current": {"type": "SUBJECT", "status": "REGULAR", "shortName": "VSK", "longName": "VSK Klassenleitung", "displayName": "VSK", "displayNameLabel": "NAME"}, "removed": null}], "location": [{"current": {"type": "ROOM", "status": "REGULAR", "shortName": "VSK", "longName": "Klassenraum der VSK", "displayName": "VSK", "displayNameLabel": "NAME"}, "removed": null}], "teacher": "", "cellState": "REGULAR", "date": "2025-07-17", "start": "2025-07-17T11:55", "end": "2025-07-17T12:40", "type": "NORMAL_TEACHING_PERIOD"}, {"classID": 47, "schoolID": "3891500", "subject": [{"current": {"type": "SUBJECT", "status": "REGULAR", "shortName": "KSV", "longName": "VSK Kurzstunde", "displayName": "KSV", "displayNameLabel": "NAME"}, "removed": null}], "location": [{"current": {"type": "ROOM", "status": "REGULAR", "shortName": "VSK", "longName": "Klassenraum der VSK", "displayName": "VSK", "displayNameLabel": "NAME"}, "removed": null}], "teacher": "", "cellState": "REGULAR", "date": "2025-07-17", "start": "2025-07-17T12:42", "end": "2025-07-17T13:00", "type": "NORMAL_TEACHING_PERIOD"}, {"classID": 47, "schoolID": "3891500", "subject": [{"current": {"type": "SUBJECT", "status": "REGULAR", "shortName": "Add", "longName": "Additive Sprachf\u00f6rderung", "displayName": "Add", "displayNameLabel": "NAME"}, "removed": null}], "location": [{"current": {"type": "ROOM", "status": "REGULAR", "shortName": "VSK", "longName": "Klassenraum der VSK", "displayName": "VSK", "displayNameLabel": "NAME"}, "removed": null}], "teacher": "", "cellState": "REGULAR", "date": "2025-07-17", "start": "2025-07-17T13:00", "end": "2025-07-17T14:30", "type": "NORMAL_TEACHING_PERIOD"}, {"classID": 35, "schoolID": "3891500", "subject": [{"current": {"type": "SUBJECT", "status": "REGULAR", "shortName": "D", "longName": "Deutsch", "displayName": "D", "displayNameLabel": "NAME"}, "removed": null}], "location": [{"current": {"type": "ROOM", "status": "REGULAR", "shortName": "1", "longName": "Klassenraum Klasse 1", "displayName": "1", "displayNameLabel": "NAME"}, "removed": null}], "teacher": "", "cellState": "REGULAR", "date": "2025-07-18", "start": "2025-07-18T08:00", "end": "2025-07-18T08:45", "type": "NORMAL_TEACHING_PERIOD"}, {"classID": 35, "schoolID": "3891500", "subject": [{"current": {"type": "SUBJECT", "status": "REGULAR", "shortName": "Ma", "longName": "Mathematik", "displayName": "Ma", "displayNameLabel": "NAME"}, "removed": null}], "location": [{"current": {"type": "ROOM", "status": "REGULAR", "shortName": "1", "longName": "Klassenraum Klasse 1", "displayName": "1", "displayNameLabel": "NAME"}, "removed": null}], "teacher": "", "cellState": "REGULAR", "date": "2025-07-18", "start": "2025-07-18T08:50", "end": "2025-07-18T09:35", "type": "NORMAL_TEACHING_PERIOD"}, {"classID": 35, "schoolID": "3891500", "subject": "", "location": "", "teacher": "", "cellState": "CHANGED", "date": "2025-07-18", "start": "2025-07-18T10:00", "end": "2025-07-18T11:35", "type": "EVENT"}, {"classID": 35, "schoolID": "3891500", "subject": [{"current": {"type": "SUBJECT", "status": "REGULAR", "shortName": "Sach", "longName": "Sachunterricht", "displayName": "Sach", "displayNameLabel": "NAME"}, "removed": null}], "location": [{"current": {"type": "ROOM", "status": "REGULAR", "shortName": "1", "longName": "Klassenraum Klasse 1", "displayName": "1", "displayNameLabel": "NAME"}, "removed": null}], "teacher": "", "cellState": "REGULAR", "date": "2025-07-18", "start": "2025-07-18T11:55", "end": "2025-07-18T12:40", "type": "NORMAL_TEACHING_PERIOD"}, {"classID": 35, "schoolID": "3891500", "subject": [{"current": {"type": "SUBJECT", "status": "REGULAR", "shortName": "K S", "longName": "Kurzstunde", "displayName": "K S", "displayNameLabel": "NAME"}, "removed": null}], "location": [{"current": {"type": "ROOM", "status": "REGULAR", "shortName": "1", "longName": "Klassenraum Klasse 1", "displayName": "1", "displayNameLabel": "NAME"}, "removed": null}], "teacher": "", "cellState": "REGULAR", "date": "2025-07-18", "start": "2025-07-18T12:42", "end": "2025-07-18T13:00", "type": "NORMAL_TEACHING_PERIOD"}, {"classID": 32, "schoolID": "3891500", "subject": [{"current": {"type": "SUBJECT", "status": "REGULAR", "shortName": "D", "longName": "Deutsch", "displayName": "D", "displayNameLabel": "NAME"}, "removed": null}], "location": [{"current": {"type": "ROOM", "status": "REGULAR", "shortName": "2", "longName": "Klassenraum Klasse 2", "displayName": "2", "displayNameLabel": "NAME"}, "removed": null}], "teacher": "", "cellState": "REGULAR", "date": "2025-07-18", "start": "2025-07-18T08:00", "end": "2025-07-18T08:45", "type": "NORMAL_TEACHING_PERIOD"}, {"classID": 32, "schoolID": "3891500", "subject": [{"current": {"type": "SUBJECT", "status": "REGULAR", "shortName": "E", "longName": "Englisch", "displayName": "E", "displayNameLabel": "NAME"}, "removed": null}], "location": [{"current": {"type": "ROOM", "status": "REGULAR", "shortName": "2", "longName": "Klassenraum Klasse 2", "displayName": "2", "displayNameLabel": "NAME"}, "removed": null}], "teacher": "", "cellState": "REGULAR", "date": "2025-07-18", "start": "2025-07-18T08:50", "end": "2025-07-18T09:35", "type": "NORMAL_TEACHING_PERIOD"}, {"classID": 32, "schoolID": "3891500", "subject": "", "location": "", "teacher": "", "cellState": "CHANGED", "date": "2025-07-18", "start": "2025-07-18T10:00", "end": "2025-07-18T11:35", "type": "EVENT"}, {"classID": 32, "schoolID": "3891500", "subject": [{"current": {"type": "SUBJECT", "status": "REGULAR", "shortName": "D", "longName": "Deutsch", "displayName": "D", "displayNameLabel": "NAME"}, "removed": null}], "location": [{"current": {"type": "ROOM", "status": "REGULAR", "shortName": "2", "longName": "Klassenraum Klasse 2", "displayName": "2", "displayNameLabel": "NAME"}, "removed": null}], "teacher": "", "cellState": "REGULAR", "date": "2025-07-18", "start": "2025-07-18T11:55", "end": "2025-07-18T12:40", "type": "NORMAL_TEACHING_PERIOD"}, {"classID": 32, "schoolID": "3891500", "subject": [{"current": {"type": "SUBJECT", "status": "REGULAR", "shortName": "K S", "longName": "Kurzstunde", "displayName": "K S", "displayNameLabel": "NAME"}, "removed": null}], "location": [{"current": {"type": "ROOM", "status": "REGULAR", "shortName": "2", "longName": "Klassenraum Klasse 2", "displayName": "2", "displayNameLabel": "NAME"}, "removed": null}], "teacher": "", "cellState": "REGULAR", "date": "2025-07-18", "start": "2025-07-18T12:42", "end": "2025-07-18T13:00", "type": "NORMAL_TEACHING_PERIOD"}, {"classID": 38, "schoolID": "3891500", "subject": [{"current": {"type": "SUBJECT", "status": "REGULAR", "shortName": "Ma", "longName": "Mathematik", "displayName": "Ma", "displayNameLabel": "NAME"}, "removed": null}], "location": [{"current": {"type": "ROOM", "status": "REGULAR", "shortName": "3", "longName": "Klassenraum Klasse 3", "displayName": "3", "displayNameLabel": "NAME"}, "removed": null}], "teacher": "", "cellState": "REGULAR", "date": "2025-07-18", "start": "2025-07-18T08:00", "end": "2025-07-18T09:35", "type": "NORMAL_TEACHING_PERIOD"}, {"classID": 38, "schoolID": "3891500", "subject": "", "location": "", "teacher": "", "cellState": "CHANGED", "date": "2025-07-18", "start": "2025-07-18T10:00", "end": "2025-07-18T11:35", "type": "EVENT"}, {"classID": 38, "schoolID": "3891500", "subject": [{"current": {"type": "SUBJECT", "status": "REGULAR", "shortName": "Mu", "longName": "Musik", "displayName": "Mu", "displayNameLabel": "NAME"}, "removed": null}], "location": [{"current": {"type": "ROOM", "status": "REGULAR", "shortName": "MU", "longName": "Musikraum", "displayName": "MU", "displayNameLabel": "NAME"}, "removed": null}], "teacher": "", "cellState": "REGULAR", "date": "2025-07-18", "start": "2025-07-18T11:55", "end": "2025-07-18T12:40", "type": "NORMAL_TEACHING_PERIOD"}, {"classID": 38, "schoolID": "3891500", "subject": [{"current": {"type": "SUBJECT", "status": "REGULAR", "shortName": "K S", "longName": "Kurzstunde", "displayName": "K S", "displayNameLabel": "NAME"}, "removed": null}], "location": [{"current": {"type": "ROOM", "status": "REGULAR", "shortName": "MU", "longName": "Musikraum", "displayName": "MU", "displayNameLabel": "NAME"}, "removed": null}], "teacher": "", "cellState": "REGULAR", "date": "2025-07-18", "start": "2025-07-18T12:42", "end": "2025-07-18T13:00", "type": "NORMAL_TEACHING_PERIOD"}, {"classID": 41, "schoolID": "3891500", "subject": [{"current": {"type": "SUBJECT", "status": "REGULAR", "shortName": "E", "longName": "Englisch", "displayName": "E", "displayNameLabel": "NAME"}, "removed": null}], "location": [{"current": {"type": "ROOM", "status": "REGULAR", "shortName": "4", "longName": "Klassenraum Klasse 4", "displayName": "4", "displayNameLabel": "NAME"}, "removed": null}], "teacher": "", "cellState": "REGULAR", "date": "2025-07-18", "start": "2025-07-18T08:00", "end": "2025-07-18T08:45", "type": "NORMAL_TEACHING_PERIOD"}, {"classID": 41, "schoolID": "3891500", "subject": [{"current": {"type": "SUBJECT", "status": "REGULAR", "shortName": "Sach", "longName": "Sachunterricht", "displayName": "Sach", "displayNameLabel": "NAME"}, "removed": null}], "location": [{"current": {"type": "ROOM", "status": "REGULAR", "shortName": "4", "longName": "Klassenraum Klasse 4", "displayName": "4", "displayNameLabel": "NAME"}, "removed": null}], "teacher": "", "cellState": "REGULAR", "date": "2025-07-18", "start": "2025-07-18T08:50", "end": "2025-07-18T09:35", "type": "NORMAL_TEACHING_PERIOD"}, {"classID": 41, "schoolID": "3891500", "subject": "", "location": "", "teacher": "", "cellState": "CHANGED", "date": "2025-07-18", "start": "2025-07-18T10:00", "end": "2025-07-18T11:35", "type": "EVENT"}, {"classID": 41, "schoolID": "3891500", "subject": [{"current": {"type": "SUBJECT", "status": "REGULAR", "shortName": "The", "longName": "Theater", "displayName": "The", "displayNameLabel": "NAME"}, "removed": null}], "location": [{"current": {"type": "ROOM", "status": "REGULAR", "shortName": "AULA", "longName": "Aula", "displayName": "AULA", "displayNameLabel": "NAME"}, "removed": null}], "teacher": "", "cellState": "REGULAR", "date": "2025-07-18", "start": "2025-07-18T11:55", "end": "2025-07-18T12:40", "type": "NORMAL_TEACHING_PERIOD"}, {"classID": 41, "schoolID": "3891500", "subject": [{"current": {"type": "SUBJECT", "status": "REGULAR", "shortName": "K S", "longName": "Kurzstunde", "displayName": "K S", "displayNameLabel": "NAME"}, "removed": null}], "location": [{"current": {"type": "ROOM", "status": "REGULAR", "shortName": "AULA", "longName": "Aula", "displayName": "AULA", "displayNameLabel": "NAME"}, "removed": null}], "teacher": "", "cellState": "REGULAR", "date": "2025-07-18", "start": "2025-07-18T12:42", "end": "2025-07-18T13:00", "type": "NORMAL_TEACHING_PERIOD"}, {"classID": 48, "schoolID": "3891500", "subject": [{"current": {"type": "SUBJECT", "status": "REGULAR", "shortName": "D", "longName": "Deutsch", "displayName": "D", "displayNameLabel": "NAME"}, "removed": null}], "location": [{"current": {"type": "ROOM", "status": "REGULAR", "shortName": "IVK", "longName": "Klassenraum IVK", "displayName": "IVK", "displayNameLabel": "NAME"}, "removed": null}], "teacher": "", "cellState": "REGULAR", "date": "2025-07-18", "start": "2025-07-18T08:00", "end": "2025-07-18T09:35", "type": "NORMAL_TEACHING_PERIOD"}, {"classID": 48, "schoolID": "3891500", "subject": "", "location": "", "teacher": "", "cellState": "CHANGED", "date": "2025-07-18", "start": "2025-07-18T10:00", "end": "2025-07-18T11:35", "type": "EVENT"}, {"classID": 48, "schoolID": "3891500", "subject": [{"current": {"type": "SUBJECT", "status": "REGULAR", "shortName": "Mu", "longName": "Musik", "displayName": "Mu", "displayNameLabel": "NAME"}, "removed": null}], "location": "", "teacher": "", "cellState": "REGULAR", "date": "2025-07-18", "start": "2025-07-18T11:55", "end": "2025-07-18T12:40", "type": "NORMAL_TEACHING_PERIOD"}, {"classID": 48, "schoolID": "3891500", "subject": [{"current": {"type": "SUBJECT", "status": "REGULAR", "shortName": "K S", "longName": "Kurzstunde", "displayName": "K S", "displayNameLabel": "NAME"}, "removed": null}], "location": [{"current": {"type": "ROOM", "status": "REGULAR", "shortName": "IVK", "longName": "Klassenraum IVK", "displayName": "IVK", "displayNameLabel": "NAME"}, "removed": null}], "teacher": "", "cellState": "REGULAR", "date": "2025-07-18", "start": "2025-07-18T12:42", "end": "2025-07-18T13:00", "type": "NORMAL_TEACHING_PERIOD"}, {"classID": 47, "schoolID": "3891500", "subject": [{"current": {"type": "SUBJECT", "status": "REGULAR", "shortName": "ThV", "longName": "VSK Theater", "displayName": "ThV", "displayNameLabel": "NAME"}, "removed": null}], "location": [{"current": {"type": "ROOM", "status": "REGULAR", "shortName": "AULA", "longName": "Aula", "displayName": "AULA", "displayNameLabel": "NAME"}, "removed": null}], "teacher": "", "cellState": "REGULAR", "date": "2025-07-18", "start": "2025-07-18T08:00", "end": "2025-07-18T08:45", "type": "NORMAL_TEACHING_PERIOD"}, {"classID": 47, "schoolID": "3891500", "subject": [{"current": {"type": "SUBJECT", "status": "REGULAR", "shortName": "SpV", "longName": "VSK Sport", "displayName": "SpV", "displayNameLabel": "NAME"}, "removed": null}], "location": [{"current": {"type": "ROOM", "status": "REGULAR", "shortName": "SP", "longName": "Sporthalle", "displayName": "SP", "displayNameLabel": "NAME"}, "removed": null}], "teacher": "", "cellState": "REGULAR", "date": "2025-07-18", "start": "2025-07-18T08:50", "end": "2025-07-18T09:35", "type": "NORMAL_TEACHING_PERIOD"}, {"classID": 47, "schoolID": "3891500", "subject": "", "location": "", "teacher": "", "cellState": "CHANGED", "date": "2025-07-18", "start": "2025-07-18T10:00", "end": "2025-07-18T11:35", "type": "EVENT"}, {"classID": 47, "schoolID": "3891500", "subject": [{"current": {"type": "SUBJECT", "status": "REGULAR", "shortName": "KuV", "longName": "VSK Kunst", "displayName": "KuV", "displayNameLabel": "NAME"}, "removed": null}], "location": [{"current": {"type": "ROOM", "status": "REGULAR", "shortName": "KU", "longName": "Kunstraum", "displayName": "KU", "displayNameLabel": "NAME"}, "removed": null}], "teacher": "", "cellState": "REGULAR", "date": "2025-07-18", "start": "2025-07-18T11:55", "end": "2025-07-18T12:40", "type": "NORMAL_TEACHING_PERIOD"}, {"classID": 47, "schoolID": "3891500", "subject": [{"current": {"type": "SUBJECT", "status": "REGULAR", "shortName": "KSV", "longName": "VSK Kurzstunde", "displayName": "KSV", "displayNameLabel": "NAME"}, "removed": null}], "location": [{"current": {"type": "ROOM", "status": "REGULAR", "shortName": "KU", "longName": "Kunstraum", "displayName": "KU", "displayNameLabel": "NAME"}, "removed": null}], "teacher": "", "cellState": "REGULAR", "date": "2025-07-18", "start": "2025-07-18T12:42", "end": "2025-07-18T13:00", "type": "NORMAL_TEACHING_PERIOD"}]