[{"classID": 1117, "schoolID": "2248000", "subject": [{"current": {"type": "SUBJECT", "status": "REGULAR", "shortName": "ELK", "longName": "Elektronik", "displayName": "ELK", "displayNameLabel": "NAME"}, "removed": null}], "location": [{"current": {"type": "ROOM", "status": "REGULAR", "shortName": "109", "longName": "109 -1 Etage -", "displayName": "109", "displayNameLabel": "NAME"}, "removed": null}], "teacher": [{"current": {"type": "TEACHER", "status": "REGULAR", "shortName": "LORB", "longName": "Lorbeer", "displayName": "LORB", "displayNameLabel": "NAME"}, "removed": null}], "cellState": "REGULAR", "date": "2025-07-14", "start": "2025-07-14T18:00", "end": "2025-07-14T21:15", "type": "NORMAL_TEACHING_PERIOD"}, {"classID": 1123, "schoolID": "2248000", "subject": [{"current": {"type": "SUBJECT", "status": "REGULAR", "shortName": "ESY -REG", "longName": "ESY Grundlagen", "displayName": "ESY -REG", "displayNameLabel": "NAME"}, "removed": null}], "location": [{"current": {"type": "ROOM", "status": "REGULAR", "shortName": "106", "longName": "106 -1 Etage -", "displayName": "106", "displayNameLabel": "NAME"}, "removed": null}], "teacher": [{"current": {"type": "TEACHER", "status": "REGULAR", "shortName": "SZIL", "longName": "Szillus", "displayName": "SZIL", "displayNameLabel": "NAME"}, "removed": null}], "cellState": "REGULAR", "date": "2025-07-14", "start": "2025-07-14T18:00", "end": "2025-07-14T21:15", "type": "NORMAL_TEACHING_PERIOD"}, {"classID": 1126, "schoolID": "2248000", "subject": [{"current": {"type": "SUBJECT", "status": "REGULAR", "shortName": "AUT", "longName": "Automatisierungstechnik (E)", "displayName": "AUT", "displayNameLabel": "NAME"}, "removed": null}], "location": [{"current": {"type": "ROOM", "status": "REGULAR", "shortName": "107", "longName": "107 -1 Etage -", "displayName": "107", "displayNameLabel": "NAME"}, "removed": null}], "teacher": [{"current": {"type": "TEACHER", "status": "REGULAR", "shortName": "IBRA", "longName": "Ibrahim", "displayName": "IBRA", "displayNameLabel": "NAME"}, "removed": null}, {"current": {"type": "TEACHER", "status": "REGULAR", "shortName": "KOSS", "longName": "Kossow", "displayName": "KOSS", "displayNameLabel": "NAME"}, "removed": null}], "cellState": "REGULAR", "date": "2025-07-14", "start": "2025-07-14T18:00", "end": "2025-07-14T21:15", "type": "EXAM"}, {"classID": 1132, "schoolID": "2248000", "subject": [{"current": {"type": "SUBJECT", "status": "REGULAR", "shortName": "BWI", "longName": "BWI", "displayName": "BWI", "displayNameLabel": "NAME"}, "removed": null}], "location": [{"current": {"type": "ROOM", "status": "REGULAR", "shortName": "E01", "longName": "E01 Erdetage", "displayName": "E01", "displayNameLabel": "NAME"}, "removed": null}], "teacher": [{"current": {"type": "TEACHER", "status": "REGULAR", "shortName": "LIPP", "longName": "Lipphardt", "displayName": "LIPP", "displayNameLabel": "NAME"}, "removed": null}], "cellState": "REGULAR", "date": "2025-07-14", "start": "2025-07-14T18:00", "end": "2025-07-14T21:15", "type": "EXAM"}, {"classID": 1129, "schoolID": "2248000", "subject": [{"current": {"type": "SUBJECT", "status": "REGULAR", "shortName": "LF2_BWI", "longName": "LF2_BWI", "displayName": "LF2_BWI", "displayNameLabel": "NAME"}, "removed": null}], "location": [{"current": {"type": "ROOM", "status": "REGULAR", "shortName": "108", "longName": "108 -1 Etage -", "displayName": "108", "displayNameLabel": "NAME"}, "removed": null}], "teacher": [{"current": {"type": "TEACHER", "status": "REGULAR", "shortName": "BRAU", "longName": "Brandt", "displayName": "BRAU", "displayNameLabel": "NAME"}, "removed": null}], "cellState": "REGULAR", "date": "2025-07-14", "start": "2025-07-14T18:00", "end": "2025-07-14T21:15", "type": "EXAM"}, {"classID": 1114, "schoolID": "2248000", "subject": [{"current": {"type": "SUBJECT", "status": "REGULAR", "shortName": "KON", "longName": "Konstruktion", "displayName": "KON", "displayNameLabel": "NAME"}, "removed": null}], "location": [{"current": {"type": "ROOM", "status": "REGULAR", "shortName": "E04", "longName": "E04 Erdetage", "displayName": "E04", "displayNameLabel": "NAME"}, "removed": null}], "teacher": [{"current": {"type": "TEACHER", "status": "REGULAR", "shortName": "MEYE", "longName": "Meyer-Well\u00dfow", "displayName": "MEYE", "displayNameLabel": "NAME"}, "removed": null}], "cellState": "REGULAR", "date": "2025-07-14", "start": "2025-07-14T18:00", "end": "2025-07-14T21:15", "type": "NORMAL_TEACHING_PERIOD"}, {"classID": 1120, "schoolID": "2248000", "subject": [{"current": {"type": "SUBJECT", "status": "REGULAR", "shortName": "AUT -M", "longName": "Automatisierungstechnik (M)", "displayName": "AUT -M", "displayNameLabel": "NAME"}, "removed": null}], "location": [{"current": {"type": "ROOM", "status": "REGULAR", "shortName": "112", "longName": "112 -1 Etage -", "displayName": "112", "displayNameLabel": "NAME"}, "removed": null}], "teacher": [{"current": {"type": "TEACHER", "status": "REGULAR", "shortName": "LUET", "longName": "L\u00fctzen", "displayName": "LUET", "displayNameLabel": "NAME"}, "removed": null}], "cellState": "REGULAR", "date": "2025-07-14", "start": "2025-07-14T18:00", "end": "2025-07-14T21:15", "type": "NORMAL_TEACHING_PERIOD"}, {"classID": 1102, "schoolID": "2248000", "subject": [{"current": {"type": "SUBJECT", "status": "REGULAR", "shortName": "MAT", "longName": "Mathematik", "displayName": "MAT", "displayNameLabel": "NAME"}, "removed": null}], "location": [{"current": {"type": "ROOM", "status": "REGULAR", "shortName": "E05", "longName": "E05 Erdetage", "displayName": "E05", "displayNameLabel": "NAME"}, "removed": null}], "teacher": [{"current": {"type": "TEACHER", "status": "REGULAR", "shortName": "ROHN", "longName": "Rohlfs", "displayName": "ROHN", "displayNameLabel": "NAME"}, "removed": null}], "cellState": "REGULAR", "date": "2025-07-14", "start": "2025-07-14T08:00", "end": "2025-07-14T09:30", "type": "NORMAL_TEACHING_PERIOD"}, {"classID": 1102, "schoolID": "2248000", "subject": [{"current": {"type": "SUBJECT", "status": "REGULAR", "shortName": "LF3_BST", "longName": "Lernfeld 3 - Ein Kellergeschoss planen", "displayName": "LF3_BST", "displayNameLabel": "NAME"}, "removed": null}], "location": [{"current": {"type": "ROOM", "status": "REGULAR", "shortName": "E05", "longName": "E05 Erdetage", "displayName": "E05", "displayNameLabel": "NAME"}, "removed": null}], "teacher": [{"current": {"type": "TEACHER", "status": "REGULAR", "shortName": "ELBE", "longName": "Elberding", "displayName": "ELBE", "displayNameLabel": "NAME"}, "removed": null}], "cellState": "REGULAR", "date": "2025-07-14", "start": "2025-07-14T09:45", "end": "2025-07-14T11:15", "type": "NORMAL_TEACHING_PERIOD"}, {"classID": 1102, "schoolID": "2248000", "subject": [{"current": {"type": "SUBJECT", "status": "REGULAR", "shortName": "ENG", "longName": "Englisch", "displayName": "ENG", "displayNameLabel": "NAME"}, "removed": null}], "location": [{"current": {"type": "ROOM", "status": "REGULAR", "shortName": "E05", "longName": "E05 Erdetage", "displayName": "E05", "displayNameLabel": "NAME"}, "removed": null}], "teacher": [{"current": {"type": "TEACHER", "status": "REGULAR", "shortName": "FISC", "longName": "Fischer", "displayName": "FISC", "displayNameLabel": "NAME"}, "removed": null}], "cellState": "REGULAR", "date": "2025-07-14", "start": "2025-07-14T11:45", "end": "2025-07-14T13:15", "type": "NORMAL_TEACHING_PERIOD"}, {"classID": 1102, "schoolID": "2248000", "subject": [{"current": {"type": "SUBJECT", "status": "REGULAR", "shortName": "MAT", "longName": "Mathematik", "displayName": "MAT", "displayNameLabel": "NAME"}, "removed": null}], "location": [{"current": {"type": "ROOM", "status": "REGULAR", "shortName": "E05", "longName": "E05 Erdetage", "displayName": "E05", "displayNameLabel": "NAME"}, "removed": null}], "teacher": [{"current": {"type": "TEACHER", "status": "REGULAR", "shortName": "ROHN", "longName": "Rohlfs", "displayName": "ROHN", "displayNameLabel": "NAME"}, "removed": null}], "cellState": "REGULAR", "date": "2025-07-14", "start": "2025-07-14T13:30", "end": "2025-07-14T15:00", "type": "NORMAL_TEACHING_PERIOD"}, {"classID": 1111, "schoolID": "2248000", "subject": [{"current": {"type": "SUBJECT", "status": "REGULAR", "shortName": "PRO -B", "longName": "Projektarbeit (B)", "displayName": "PRO -B", "displayNameLabel": "NAME"}, "removed": null}], "location": [{"current": {"type": "ROOM", "status": "REGULAR", "shortName": "A-H", "longName": "Au\u00dfer Haus", "displayName": "A-H", "displayNameLabel": "NAME"}, "removed": null}], "teacher": "", "cellState": "REGULAR", "date": "2025-07-14", "start": "2025-07-14T08:00", "end": "2025-07-14T11:15", "type": "NORMAL_TEACHING_PERIOD"}, {"classID": 1147, "schoolID": "2248000", "subject": [{"current": {"type": "SUBJECT", "status": "REGULAR", "shortName": "MAT", "longName": "Mathematik", "displayName": "MAT", "displayNameLabel": "NAME"}, "removed": null}], "location": [{"current": {"type": "ROOM", "status": "REGULAR", "shortName": "107", "longName": "107 -1 Etage -", "displayName": "107", "displayNameLabel": "NAME"}, "removed": null}], "teacher": [{"current": {"type": "TEACHER", "status": "REGULAR", "shortName": "FIND", "longName": "Findeisen", "displayName": "FIND", "displayNameLabel": "NAME"}, "removed": null}], "cellState": "REGULAR", "date": "2025-07-14", "start": "2025-07-14T08:00", "end": "2025-07-14T09:30", "type": "NORMAL_TEACHING_PERIOD"}, {"classID": 1147, "schoolID": "2248000", "subject": [{"current": {"type": "SUBJECT", "status": "REGULAR", "shortName": "LF3_BST", "longName": "Lernfeld 3 - Ein Kellergeschoss planen", "displayName": "LF3_BST", "displayNameLabel": "NAME"}, "removed": null}], "location": [{"current": {"type": "ROOM", "status": "REGULAR", "shortName": "E05", "longName": "E05 Erdetage", "displayName": "E05", "displayNameLabel": "NAME"}, "removed": null}], "teacher": [{"current": {"type": "TEACHER", "status": "REGULAR", "shortName": "ELBE", "longName": "Elberding", "displayName": "ELBE", "displayNameLabel": "NAME"}, "removed": null}], "cellState": "REGULAR", "date": "2025-07-14", "start": "2025-07-14T09:45", "end": "2025-07-14T11:15", "type": "NORMAL_TEACHING_PERIOD"}, {"classID": 1147, "schoolID": "2248000", "subject": [{"current": {"type": "SUBJECT", "status": "REGULAR", "shortName": "TKO DT", "longName": "TKO DT", "displayName": "TKO DT", "displayNameLabel": "NAME"}, "removed": null}], "location": [{"current": {"type": "ROOM", "status": "REGULAR", "shortName": "107", "longName": "107 -1 Etage -", "displayName": "107", "displayNameLabel": "NAME"}, "removed": null}], "teacher": [{"current": {"type": "TEACHER", "status": "REGULAR", "shortName": "SVOB", "longName": "Svoboda", "displayName": "SVOB", "displayNameLabel": "NAME"}, "removed": null}], "cellState": "REGULAR", "date": "2025-07-14", "start": "2025-07-14T11:45", "end": "2025-07-14T13:15", "type": "EXAM"}, {"classID": 1147, "schoolID": "2248000", "subject": [{"current": {"type": "SUBJECT", "status": "REGULAR", "shortName": "TKO DT", "longName": "TKO DT", "displayName": "TKO DT", "displayNameLabel": "NAME"}, "removed": null}], "location": [{"current": {"type": "ROOM", "status": "REGULAR", "shortName": "107", "longName": "107 -1 Etage -", "displayName": "107", "displayNameLabel": "NAME"}, "removed": null}], "teacher": [{"current": {"type": "TEACHER", "status": "REGULAR", "shortName": "SVOB", "longName": "Svoboda", "displayName": "SVOB", "displayNameLabel": "NAME"}, "removed": null}], "cellState": "REGULAR", "date": "2025-07-14", "start": "2025-07-14T13:30", "end": "2025-07-14T15:00", "type": "NORMAL_TEACHING_PERIOD"}, {"classID": 1144, "schoolID": "2248000", "subject": [{"current": {"type": "SUBJECT", "status": "REGULAR", "shortName": "MAT", "longName": "Mathematik", "displayName": "MAT", "displayNameLabel": "NAME"}, "removed": null}], "location": [{"current": {"type": "ROOM", "status": "REGULAR", "shortName": "107", "longName": "107 -1 Etage -", "displayName": "107", "displayNameLabel": "NAME"}, "removed": null}], "teacher": [{"current": {"type": "TEACHER", "status": "REGULAR", "shortName": "FIND", "longName": "Findeisen", "displayName": "FIND", "displayNameLabel": "NAME"}, "removed": null}], "cellState": "REGULAR", "date": "2025-07-14", "start": "2025-07-14T08:00", "end": "2025-07-14T09:30", "type": "NORMAL_TEACHING_PERIOD"}, {"classID": 1144, "schoolID": "2248000", "subject": [{"current": {"type": "SUBJECT", "status": "REGULAR", "shortName": "PRM", "longName": "Projektmanagement", "displayName": "PRM", "displayNameLabel": "NAME"}, "removed": null}], "location": [{"current": {"type": "ROOM", "status": "REGULAR", "shortName": "109", "longName": "109 -1 Etage -", "displayName": "109", "displayNameLabel": "NAME"}, "removed": null}], "teacher": [{"current": {"type": "TEACHER", "status": "REGULAR", "shortName": "SVOB", "longName": "Svoboda", "displayName": "SVOB", "displayNameLabel": "NAME"}, "removed": null}], "cellState": "REGULAR", "date": "2025-07-14", "start": "2025-07-14T09:45", "end": "2025-07-14T11:15", "type": "NORMAL_TEACHING_PERIOD"}, {"classID": 1144, "schoolID": "2248000", "subject": [{"current": {"type": "SUBJECT", "status": "REGULAR", "shortName": "TKO DT", "longName": "TKO DT", "displayName": "TKO DT", "displayNameLabel": "NAME"}, "removed": null}], "location": [{"current": {"type": "ROOM", "status": "REGULAR", "shortName": "107", "longName": "107 -1 Etage -", "displayName": "107", "displayNameLabel": "NAME"}, "removed": null}], "teacher": [{"current": {"type": "TEACHER", "status": "REGULAR", "shortName": "SVOB", "longName": "Svoboda", "displayName": "SVOB", "displayNameLabel": "NAME"}, "removed": null}], "cellState": "REGULAR", "date": "2025-07-14", "start": "2025-07-14T11:45", "end": "2025-07-14T13:15", "type": "EXAM"}, {"classID": 1144, "schoolID": "2248000", "subject": [{"current": {"type": "SUBJECT", "status": "REGULAR", "shortName": "TKO DT", "longName": "TKO DT", "displayName": "TKO DT", "displayNameLabel": "NAME"}, "removed": null}], "location": [{"current": {"type": "ROOM", "status": "REGULAR", "shortName": "107", "longName": "107 -1 Etage -", "displayName": "107", "displayNameLabel": "NAME"}, "removed": null}], "teacher": [{"current": {"type": "TEACHER", "status": "REGULAR", "shortName": "SVOB", "longName": "Svoboda", "displayName": "SVOB", "displayNameLabel": "NAME"}, "removed": null}], "cellState": "REGULAR", "date": "2025-07-14", "start": "2025-07-14T13:30", "end": "2025-07-14T15:00", "type": "NORMAL_TEACHING_PERIOD"}, {"classID": 1135, "schoolID": "2248000", "subject": [{"current": {"type": "SUBJECT", "status": "REGULAR", "shortName": "MAT", "longName": "Mathematik", "displayName": "MAT", "displayNameLabel": "NAME"}, "removed": null}], "location": [{"current": {"type": "ROOM", "status": "REGULAR", "shortName": "107", "longName": "107 -1 Etage -", "displayName": "107", "displayNameLabel": "NAME"}, "removed": null}], "teacher": [{"current": {"type": "TEACHER", "status": "REGULAR", "shortName": "FIND", "longName": "Findeisen", "displayName": "FIND", "displayNameLabel": "NAME"}, "removed": null}], "cellState": "REGULAR", "date": "2025-07-14", "start": "2025-07-14T08:00", "end": "2025-07-14T09:30", "type": "NORMAL_TEACHING_PERIOD"}, {"classID": 1135, "schoolID": "2248000", "subject": [{"current": {"type": "SUBJECT", "status": "REGULAR", "shortName": "LF3_Ergo", "longName": "LF3_Ergo", "displayName": "LF3_Ergo", "displayNameLabel": "NAME"}, "removed": null}], "location": [{"current": {"type": "ROOM", "status": "REGULAR", "shortName": "E04", "longName": "E04 Erdetage", "displayName": "E04", "displayNameLabel": "NAME"}, "removed": null}], "teacher": [{"current": {"type": "TEACHER", "status": "REGULAR", "shortName": "BRUH", "longName": "Bruhn", "displayName": "BRUH", "displayNameLabel": "NAME"}, "removed": null}], "cellState": "REGULAR", "date": "2025-07-14", "start": "2025-07-14T09:45", "end": "2025-07-14T11:15", "type": "NORMAL_TEACHING_PERIOD"}, {"classID": 1135, "schoolID": "2248000", "subject": [{"current": {"type": "SUBJECT", "status": "REGULAR", "shortName": "TKO DT", "longName": "TKO DT", "displayName": "TKO DT", "displayNameLabel": "NAME"}, "removed": null}], "location": [{"current": {"type": "ROOM", "status": "REGULAR", "shortName": "107", "longName": "107 -1 Etage -", "displayName": "107", "displayNameLabel": "NAME"}, "removed": null}], "teacher": [{"current": {"type": "TEACHER", "status": "REGULAR", "shortName": "SVOB", "longName": "Svoboda", "displayName": "SVOB", "displayNameLabel": "NAME"}, "removed": null}], "cellState": "REGULAR", "date": "2025-07-14", "start": "2025-07-14T11:45", "end": "2025-07-14T13:15", "type": "EXAM"}, {"classID": 1135, "schoolID": "2248000", "subject": [{"current": {"type": "SUBJECT", "status": "REGULAR", "shortName": "TKO DT", "longName": "TKO DT", "displayName": "TKO DT", "displayNameLabel": "NAME"}, "removed": null}], "location": [{"current": {"type": "ROOM", "status": "REGULAR", "shortName": "107", "longName": "107 -1 Etage -", "displayName": "107", "displayNameLabel": "NAME"}, "removed": null}], "teacher": [{"current": {"type": "TEACHER", "status": "REGULAR", "shortName": "SVOB", "longName": "Svoboda", "displayName": "SVOB", "displayNameLabel": "NAME"}, "removed": null}], "cellState": "REGULAR", "date": "2025-07-14", "start": "2025-07-14T13:30", "end": "2025-07-14T15:00", "type": "NORMAL_TEACHING_PERIOD"}, {"classID": 1099, "schoolID": "2248000", "subject": [{"current": {"type": "SUBJECT", "status": "REGULAR", "shortName": "TKO-E", "longName": "TKO-E", "displayName": "TKO-E", "displayNameLabel": "NAME"}, "removed": null}], "location": [{"current": {"type": "ROOM", "status": "REGULAR", "shortName": "109", "longName": "109 -1 Etage -", "displayName": "109", "displayNameLabel": "NAME"}, "removed": null}], "teacher": [{"current": {"type": "TEACHER", "status": "REGULAR", "shortName": "SVOB", "longName": "Svoboda", "displayName": "SVOB", "displayNameLabel": "NAME"}, "removed": null}], "cellState": "REGULAR", "date": "2025-07-14", "start": "2025-07-14T08:00", "end": "2025-07-14T09:30", "type": "EXAM"}, {"classID": 1099, "schoolID": "2248000", "subject": [{"current": {"type": "SUBJECT", "status": "REGULAR", "shortName": "PRM", "longName": "Projektmanagement", "displayName": "PRM", "displayNameLabel": "NAME"}, "removed": null}], "location": [{"current": {"type": "ROOM", "status": "REGULAR", "shortName": "109", "longName": "109 -1 Etage -", "displayName": "109", "displayNameLabel": "NAME"}, "removed": null}], "teacher": [{"current": {"type": "TEACHER", "status": "REGULAR", "shortName": "SVOB", "longName": "Svoboda", "displayName": "SVOB", "displayNameLabel": "NAME"}, "removed": null}], "cellState": "REGULAR", "date": "2025-07-14", "start": "2025-07-14T09:45", "end": "2025-07-14T11:15", "type": "NORMAL_TEACHING_PERIOD"}, {"classID": 1099, "schoolID": "2248000", "subject": [{"current": {"type": "SUBJECT", "status": "REGULAR", "shortName": "NWI -C", "longName": "Naturwissenschaften (Chemie)", "displayName": "NWI -C", "displayNameLabel": "NAME"}, "removed": null}], "location": [{"current": {"type": "ROOM", "status": "REGULAR", "shortName": "109", "longName": "109 -1 Etage -", "displayName": "109", "displayNameLabel": "NAME"}, "removed": null}], "teacher": [{"current": {"type": "TEACHER", "status": "REGULAR", "shortName": "BRUH", "longName": "Bruhn", "displayName": "BRUH", "displayNameLabel": "NAME"}, "removed": null}], "cellState": "REGULAR", "date": "2025-07-14", "start": "2025-07-14T11:45", "end": "2025-07-14T13:15", "type": "NORMAL_TEACHING_PERIOD"}, {"classID": 1099, "schoolID": "2248000", "subject": [{"current": {"type": "SUBJECT", "status": "REGULAR", "shortName": "ELK", "longName": "Elektronik", "displayName": "ELK", "displayNameLabel": "NAME"}, "removed": null}], "location": [{"current": {"type": "ROOM", "status": "REGULAR", "shortName": "109", "longName": "109 -1 Etage -", "displayName": "109", "displayNameLabel": "NAME"}, "removed": null}], "teacher": [{"current": {"type": "TEACHER", "status": "REGULAR", "shortName": "KOSS", "longName": "Kossow", "displayName": "KOSS", "displayNameLabel": "NAME"}, "removed": null}], "cellState": "REGULAR", "date": "2025-07-14", "start": "2025-07-14T13:30", "end": "2025-07-14T15:00", "type": "NORMAL_TEACHING_PERIOD"}, {"classID": 1105, "schoolID": "2248000", "subject": [{"current": {"type": "SUBJECT", "status": "REGULAR", "shortName": "LF3_Ergo", "longName": "LF3_Ergo", "displayName": "LF3_Ergo", "displayNameLabel": "NAME"}, "removed": null}], "location": [{"current": {"type": "ROOM", "status": "REGULAR", "shortName": "E04", "longName": "E04 Erdetage", "displayName": "E04", "displayNameLabel": "NAME"}, "removed": null}], "teacher": [{"current": {"type": "TEACHER", "status": "REGULAR", "shortName": "BRUH", "longName": "Bruhn", "displayName": "BRUH", "displayNameLabel": "NAME"}, "removed": null}], "cellState": "REGULAR", "date": "2025-07-14", "start": "2025-07-14T09:45", "end": "2025-07-14T11:15", "type": "NORMAL_TEACHING_PERIOD"}, {"classID": 1105, "schoolID": "2248000", "subject": [{"current": {"type": "SUBJECT", "status": "REGULAR", "shortName": "MAT", "longName": "Mathematik", "displayName": "MAT", "displayNameLabel": "NAME"}, "removed": null}], "location": [{"current": {"type": "ROOM", "status": "REGULAR", "shortName": "E04", "longName": "E04 Erdetage", "displayName": "E04", "displayNameLabel": "NAME"}, "removed": null}], "teacher": [{"current": {"type": "TEACHER", "status": "REGULAR", "shortName": "ROHL", "longName": "Rohlf", "displayName": "ROHL", "displayNameLabel": "NAME"}, "removed": null}], "cellState": "REGULAR", "date": "2025-07-14", "start": "2025-07-14T11:45", "end": "2025-07-14T13:15", "type": "NORMAL_TEACHING_PERIOD"}, {"classID": 1105, "schoolID": "2248000", "subject": [{"current": {"type": "SUBJECT", "status": "REGULAR", "shortName": "LF2 Vertrieb", "longName": "LF2 Vertrieb", "displayName": "LF2 Vertrieb", "displayNameLabel": "NAME"}, "removed": null}], "location": [{"current": {"type": "ROOM", "status": "REGULAR", "shortName": "E04", "longName": "E04 Erdetage", "displayName": "E04", "displayNameLabel": "NAME"}, "removed": null}], "teacher": [{"current": {"type": "TEACHER", "status": "REGULAR", "shortName": "SAEM", "longName": "S\u00e4mann", "displayName": "SAEM", "displayNameLabel": "NAME"}, "removed": null}], "cellState": "REGULAR", "date": "2025-07-14", "start": "2025-07-14T13:30", "end": "2025-07-14T15:00", "type": "EXAM"}, {"classID": 1108, "schoolID": "2248000", "subject": [{"current": {"type": "SUBJECT", "status": "REGULAR", "shortName": "LF5 FTE", "longName": "LF5 FTE", "displayName": "LF5 FTE", "displayNameLabel": "NAME"}, "removed": null}], "location": [{"current": {"type": "ROOM", "status": "REGULAR", "shortName": "108", "longName": "108 -1 Etage -", "displayName": "108", "displayNameLabel": "NAME"}, "removed": null}], "teacher": [{"current": {"type": "TEACHER", "status": "REGULAR", "shortName": "WINK", "longName": "Winkler", "displayName": "WINK", "displayNameLabel": "NAME"}, "removed": null}], "cellState": "REGULAR", "date": "2025-07-14", "start": "2025-07-14T08:00", "end": "2025-07-14T09:30", "type": "NORMAL_TEACHING_PERIOD"}, {"classID": 1108, "schoolID": "2248000", "subject": [{"current": {"type": "SUBJECT", "status": "REGULAR", "shortName": "LF6 FTE", "longName": "LF6 FTE", "displayName": "LF6 FTE", "displayNameLabel": "NAME"}, "removed": null}], "location": [{"current": {"type": "ROOM", "status": "REGULAR", "shortName": "108", "longName": "108 -1 Etage -", "displayName": "108", "displayNameLabel": "NAME"}, "removed": null}], "teacher": [{"current": {"type": "TEACHER", "status": "REGULAR", "shortName": "WINK", "longName": "Winkler", "displayName": "WINK", "displayNameLabel": "NAME"}, "removed": null}], "cellState": "REGULAR", "date": "2025-07-14", "start": "2025-07-14T09:45", "end": "2025-07-14T11:15", "type": "NORMAL_TEACHING_PERIOD"}, {"classID": 1108, "schoolID": "2248000", "subject": [{"current": {"type": "SUBJECT", "status": "REGULAR", "shortName": "MAT", "longName": "Mathematik", "displayName": "MAT", "displayNameLabel": "NAME"}, "removed": null}], "location": [{"current": {"type": "ROOM", "status": "REGULAR", "shortName": "108", "longName": "108 -1 Etage -", "displayName": "108", "displayNameLabel": "NAME"}, "removed": null}], "teacher": [{"current": {"type": "TEACHER", "status": "REGULAR", "shortName": "ROHN", "longName": "Rohlfs", "displayName": "ROHN", "displayNameLabel": "NAME"}, "removed": null}], "cellState": "REGULAR", "date": "2025-07-14", "start": "2025-07-14T11:45", "end": "2025-07-14T13:15", "type": "NORMAL_TEACHING_PERIOD"}, {"classID": 1108, "schoolID": "2248000", "subject": [{"current": {"type": "SUBJECT", "status": "REGULAR", "shortName": "LF8 US", "longName": "LF8 US", "displayName": "LF8 US", "displayNameLabel": "NAME"}, "removed": null}], "location": [{"current": {"type": "ROOM", "status": "REGULAR", "shortName": "108", "longName": "108 -1 Etage -", "displayName": "108", "displayNameLabel": "NAME"}, "removed": null}], "teacher": [{"current": {"type": "TEACHER", "status": "REGULAR", "shortName": "BRUH", "longName": "Bruhn", "displayName": "BRUH", "displayNameLabel": "NAME"}, "removed": null}], "cellState": "REGULAR", "date": "2025-07-14", "start": "2025-07-14T13:30", "end": "2025-07-14T15:00", "type": "NORMAL_TEACHING_PERIOD"}, {"classID": 1108, "schoolID": "2248000", "subject": [{"current": {"type": "SUBJECT", "status": "REGULAR", "shortName": "S-E", "longName": "St\u00fctzkurs Englisch", "displayName": "S-E", "displayNameLabel": "NAME"}, "removed": null}], "location": [{"current": {"type": "ROOM", "status": "REGULAR", "shortName": "101", "longName": "101 -1 Etage -", "displayName": "101", "displayNameLabel": "NAME"}, "removed": null}], "teacher": [{"current": {"type": "TEACHER", "status": "REGULAR", "shortName": "SAGI", "longName": "Sagitz", "displayName": "SAGI", "displayNameLabel": "NAME"}, "removed": null}], "cellState": "REGULAR", "date": "2025-07-14", "start": "2025-07-14T13:30", "end": "2025-07-14T15:00", "type": "NORMAL_TEACHING_PERIOD"}, {"classID": 1117, "schoolID": "2248000", "subject": [{"current": {"type": "SUBJECT", "status": "REGULAR", "shortName": "ELT-AG", "longName": "Elektrotechnik Arbeitsgruppe", "displayName": "ELT-AG", "displayNameLabel": "NAME"}, "removed": null}], "location": [{"current": {"type": "ROOM", "status": "REGULAR", "shortName": "109", "longName": "109 -1 Etage -", "displayName": "109", "displayNameLabel": "NAME"}, "removed": null}], "teacher": [{"current": {"type": "TEACHER", "status": "REGULAR", "shortName": "SAMM", "longName": "Samm", "displayName": "SAMM", "displayNameLabel": "NAME"}, "removed": null}], "cellState": "REGULAR", "date": "2025-07-15", "start": "2025-07-15T18:00", "end": "2025-07-15T21:15", "type": "NORMAL_TEACHING_PERIOD"}, {"classID": 1123, "schoolID": "2248000", "subject": [{"current": {"type": "SUBJECT", "status": "REGULAR", "shortName": "AUT -M", "longName": "Automatisierungstechnik (M)", "displayName": "AUT -M", "displayNameLabel": "NAME"}, "removed": null}], "location": [{"current": {"type": "ROOM", "status": "REGULAR", "shortName": "106", "longName": "106 -1 Etage -", "displayName": "106", "displayNameLabel": "NAME"}, "removed": null}], "teacher": [{"current": {"type": "TEACHER", "status": "REGULAR", "shortName": "IBRA", "longName": "Ibrahim", "displayName": "IBRA", "displayNameLabel": "NAME"}, "removed": null}], "cellState": "REGULAR", "date": "2025-07-15", "start": "2025-07-15T18:00", "end": "2025-07-15T21:15", "type": "NORMAL_TEACHING_PERIOD"}, {"classID": 1126, "schoolID": "2248000", "subject": [{"current": {"type": "SUBJECT", "status": "REGULAR", "shortName": "ESY -NET", "longName": "ESY Netzwerke", "displayName": "ESY -NET", "displayNameLabel": "NAME"}, "removed": null}], "location": [{"current": {"type": "ROOM", "status": "REGULAR", "shortName": "107", "longName": "107 -1 Etage -", "displayName": "107", "displayNameLabel": "NAME"}, "removed": null}], "teacher": [{"current": {"type": "TEACHER", "status": "REGULAR", "shortName": "KOSS", "longName": "Kossow", "displayName": "KOSS", "displayNameLabel": "NAME"}, "removed": null}], "cellState": "REGULAR", "date": "2025-07-15", "start": "2025-07-15T18:00", "end": "2025-07-15T21:15", "type": "EXAM"}, {"classID": 1132, "schoolID": "2248000", "subject": [{"current": {"type": "SUBJECT", "status": "REGULAR", "shortName": "AUT -M", "longName": "Automatisierungstechnik (M)", "displayName": "AUT -M", "displayNameLabel": "NAME"}, "removed": null}], "location": [{"current": {"type": "ROOM", "status": "REGULAR", "shortName": "E01", "longName": "E01 Erdetage", "displayName": "E01", "displayNameLabel": "NAME"}, "removed": null}], "teacher": [{"current": {"type": "TEACHER", "status": "REGULAR", "shortName": "KREU", "longName": "Kreutz", "displayName": "KREU", "displayNameLabel": "NAME"}, "removed": null}], "cellState": "REGULAR", "date": "2025-07-15", "start": "2025-07-15T18:00", "end": "2025-07-15T21:15", "type": "NORMAL_TEACHING_PERIOD"}, {"classID": 1129, "schoolID": "2248000", "subject": [{"current": {"type": "SUBJECT", "status": "REGULAR", "shortName": "LF3_Ergo", "longName": "LF3_Ergo", "displayName": "LF3_Ergo", "displayNameLabel": "NAME"}, "removed": null}], "location": [{"current": {"type": "ROOM", "status": "REGULAR", "shortName": "108", "longName": "108 -1 Etage -", "displayName": "108", "displayNameLabel": "NAME"}, "removed": null}], "teacher": [{"current": {"type": "TEACHER", "status": "REGULAR", "shortName": "MEYE", "longName": "Meyer-Well\u00dfow", "displayName": "MEYE", "displayNameLabel": "NAME"}, "removed": null}], "cellState": "REGULAR", "date": "2025-07-15", "start": "2025-07-15T18:00", "end": "2025-07-15T21:15", "type": "NORMAL_TEACHING_PERIOD"}, {"classID": 1114, "schoolID": "2248000", "subject": [{"current": {"type": "SUBJECT", "status": "REGULAR", "shortName": "FMA", "longName": "Fertigungsmaschinen", "displayName": "FMA", "displayNameLabel": "NAME"}, "removed": null}], "location": [{"current": {"type": "ROOM", "status": "REGULAR", "shortName": "E04", "longName": "E04 Erdetage", "displayName": "E04", "displayNameLabel": "NAME"}, "removed": null}], "teacher": [{"current": {"type": "TEACHER", "status": "REGULAR", "shortName": "BECH", "longName": "BECH", "displayName": "BECH", "displayNameLabel": "NAME"}, "removed": null}], "cellState": "REGULAR", "date": "2025-07-15", "start": "2025-07-15T18:00", "end": "2025-07-15T21:15", "type": "NORMAL_TEACHING_PERIOD"}, {"classID": 1120, "schoolID": "2248000", "subject": [{"current": {"type": "SUBJECT", "status": "REGULAR", "shortName": "FTE", "longName": "Fertigungstechnik", "displayName": "FTE", "displayNameLabel": "NAME"}, "removed": null}], "location": [{"current": {"type": "ROOM", "status": "REGULAR", "shortName": "A-H", "longName": "Au\u00dfer Haus", "displayName": "A-H", "displayNameLabel": "NAME"}, "removed": null}], "teacher": [{"current": {"type": "TEACHER", "status": "REGULAR", "shortName": "FINZ", "longName": "Finzenhagen", "displayName": "FINZ", "displayNameLabel": "NAME"}, "removed": null}], "cellState": "REGULAR", "date": "2025-07-15", "start": "2025-07-15T18:00", "end": "2025-07-15T21:15", "type": "NORMAL_TEACHING_PERIOD"}, {"classID": 1102, "schoolID": "2248000", "subject": [{"current": {"type": "SUBJECT", "status": "REGULAR", "shortName": "LF3_BST", "longName": "Lernfeld 3 - Ein Kellergeschoss planen", "displayName": "LF3_BST", "displayNameLabel": "NAME"}, "removed": null}], "location": [{"current": {"type": "ROOM", "status": "REGULAR", "shortName": "E05", "longName": "E05 Erdetage", "displayName": "E05", "displayNameLabel": "NAME"}, "removed": null}], "teacher": [{"current": {"type": "TEACHER", "status": "REGULAR", "shortName": "ELBE", "longName": "Elberding", "displayName": "ELBE", "displayNameLabel": "NAME"}, "removed": null}], "cellState": "REGULAR", "date": "2025-07-15", "start": "2025-07-15T08:00", "end": "2025-07-15T09:30", "type": "NORMAL_TEACHING_PERIOD"}, {"classID": 1102, "schoolID": "2248000", "subject": [{"current": {"type": "SUBJECT", "status": "REGULAR", "shortName": "LF3 Brandschutz", "longName": "LF3 Brandschutz", "displayName": "LF3 Brandschutz", "displayNameLabel": "NAME"}, "removed": null}], "location": [{"current": {"type": "ROOM", "status": "REGULAR", "shortName": "E05", "longName": "E05 Erdetage", "displayName": "E05", "displayNameLabel": "NAME"}, "removed": null}], "teacher": [{"current": {"type": "TEACHER", "status": "REGULAR", "shortName": "BRUH", "longName": "Bruhn", "displayName": "BRUH", "displayNameLabel": "NAME"}, "removed": null}], "cellState": "REGULAR", "date": "2025-07-15", "start": "2025-07-15T09:45", "end": "2025-07-15T11:15", "type": "NORMAL_TEACHING_PERIOD"}, {"classID": 1102, "schoolID": "2248000", "subject": [{"current": {"type": "SUBJECT", "status": "REGULAR", "shortName": "LF3_BST", "longName": "Lernfeld 3 - Ein Kellergeschoss planen", "displayName": "LF3_BST", "displayNameLabel": "NAME"}, "removed": null}], "location": [{"current": {"type": "ROOM", "status": "REGULAR", "shortName": "E05", "longName": "E05 Erdetage", "displayName": "E05", "displayNameLabel": "NAME"}, "removed": null}], "teacher": [{"current": {"type": "TEACHER", "status": "REGULAR", "shortName": "BRUH", "longName": "Bruhn", "displayName": "BRUH", "displayNameLabel": "NAME"}, "removed": null}], "cellState": "REGULAR", "date": "2025-07-15", "start": "2025-07-15T11:45", "end": "2025-07-15T13:15", "type": "NORMAL_TEACHING_PERIOD"}, {"classID": 1111, "schoolID": "2248000", "subject": [{"current": {"type": "SUBJECT", "status": "REGULAR", "shortName": "LF5_HBK", "longName": "Lernfeld 5 - Ein Dach planen", "displayName": "LF5_HBK", "displayNameLabel": "NAME"}, "removed": null}], "location": [{"current": {"type": "ROOM", "status": "REGULAR", "shortName": "104", "longName": "104 -1 Etage -", "displayName": "104", "displayNameLabel": "NAME"}, "removed": null}], "teacher": [{"current": {"type": "TEACHER", "status": "REGULAR", "shortName": "ZETT", "longName": "Zett", "displayName": "ZETT", "displayNameLabel": "NAME"}, "removed": null}], "cellState": "REGULAR", "date": "2025-07-15", "start": "2025-07-15T08:00", "end": "2025-07-15T11:15", "type": "NORMAL_TEACHING_PERIOD"}, {"classID": 1111, "schoolID": "2248000", "subject": [{"current": {"type": "SUBJECT", "status": "REGULAR", "shortName": "LF6 BBE", "longName": "LF6 BBE", "displayName": "LF6 BBE", "displayNameLabel": "NAME"}, "removed": null}], "location": [{"current": {"type": "ROOM", "status": "REGULAR", "shortName": "104", "longName": "104 -1 Etage -", "displayName": "104", "displayNameLabel": "NAME"}, "removed": null}], "teacher": [{"current": {"type": "TEACHER", "status": "REGULAR", "shortName": "ALTW", "longName": "Altenburg", "displayName": "ALTW", "displayNameLabel": "NAME"}, "removed": null}], "cellState": "REGULAR", "date": "2025-07-15", "start": "2025-07-15T11:45", "end": "2025-07-15T13:15", "type": "NORMAL_TEACHING_PERIOD"}, {"classID": 1111, "schoolID": "2248000", "subject": [{"current": {"type": "SUBJECT", "status": "REGULAR", "shortName": "LF9_HBK", "longName": "Lernfeld 9 - Die Planung eines Plusenergiehauses durchf\u00fchren", "displayName": "LF9_HBK", "displayNameLabel": "NAME"}, "removed": null}], "location": [{"current": {"type": "ROOM", "status": "REGULAR", "shortName": "A-H", "longName": "Au\u00dfer Haus", "displayName": "A-H", "displayNameLabel": "NAME"}, "removed": null}], "teacher": [{"current": {"type": "TEACHER", "status": "REGULAR", "shortName": "ZETT", "longName": "Zett", "displayName": "ZETT", "displayNameLabel": "NAME"}, "removed": null}], "cellState": "REGULAR", "date": "2025-07-15", "start": "2025-07-15T13:30", "end": "2025-07-15T15:00", "type": "NORMAL_TEACHING_PERIOD"}, {"classID": 1147, "schoolID": "2248000", "subject": [{"current": {"type": "SUBJECT", "status": "REGULAR", "shortName": "LF3_BST", "longName": "Lernfeld 3 - Ein Kellergeschoss planen", "displayName": "LF3_BST", "displayNameLabel": "NAME"}, "removed": null}], "location": [{"current": {"type": "ROOM", "status": "REGULAR", "shortName": "E05", "longName": "E05 Erdetage", "displayName": "E05", "displayNameLabel": "NAME"}, "removed": null}], "teacher": [{"current": {"type": "TEACHER", "status": "REGULAR", "shortName": "ELBE", "longName": "Elberding", "displayName": "ELBE", "displayNameLabel": "NAME"}, "removed": null}], "cellState": "REGULAR", "date": "2025-07-15", "start": "2025-07-15T08:00", "end": "2025-07-15T09:30", "type": "NORMAL_TEACHING_PERIOD"}, {"classID": 1147, "schoolID": "2248000", "subject": [{"current": {"type": "SUBJECT", "status": "REGULAR", "shortName": "MAT", "longName": "Mathematik", "displayName": "MAT", "displayNameLabel": "NAME"}, "removed": null}], "location": [{"current": {"type": "ROOM", "status": "REGULAR", "shortName": "107", "longName": "107 -1 Etage -", "displayName": "107", "displayNameLabel": "NAME"}, "removed": null}], "teacher": [{"current": {"type": "TEACHER", "status": "REGULAR", "shortName": "FIND", "longName": "Findeisen", "displayName": "FIND", "displayNameLabel": "NAME"}, "removed": null}], "cellState": "REGULAR", "date": "2025-07-15", "start": "2025-07-15T09:45", "end": "2025-07-15T11:15", "type": "NORMAL_TEACHING_PERIOD"}, {"classID": 1147, "schoolID": "2248000", "subject": [{"current": {"type": "SUBJECT", "status": "REGULAR", "shortName": "NWI -P", "longName": "Naturwissenschaften (Physik)", "displayName": "NWI -P", "displayNameLabel": "NAME"}, "removed": null}], "location": [{"current": {"type": "ROOM", "status": "REGULAR", "shortName": "107", "longName": "107 -1 Etage -", "displayName": "107", "displayNameLabel": "NAME"}, "removed": null}], "teacher": [{"current": {"type": "TEACHER", "status": "REGULAR", "shortName": "VOSS", "longName": "Voss", "displayName": "VOSS", "displayNameLabel": "NAME"}, "removed": null}], "cellState": "REGULAR", "date": "2025-07-15", "start": "2025-07-15T11:45", "end": "2025-07-15T13:15", "type": "NORMAL_TEACHING_PERIOD"}, {"classID": 1147, "schoolID": "2248000", "subject": [{"current": {"type": "SUBJECT", "status": "REGULAR", "shortName": "ENG", "longName": "Englisch", "displayName": "ENG", "displayNameLabel": "NAME"}, "removed": null}], "location": [{"current": {"type": "ROOM", "status": "REGULAR", "shortName": "107", "longName": "107 -1 Etage -", "displayName": "107", "displayNameLabel": "NAME"}, "removed": null}], "teacher": [{"current": {"type": "TEACHER", "status": "REGULAR", "shortName": "LEMK", "longName": "Lemke", "displayName": "LEMK", "displayNameLabel": "NAME"}, "removed": null}], "cellState": "REGULAR", "date": "2025-07-15", "start": "2025-07-15T13:30", "end": "2025-07-15T15:00", "type": "NORMAL_TEACHING_PERIOD"}, {"classID": 1144, "schoolID": "2248000", "subject": [{"current": {"type": "SUBJECT", "status": "REGULAR", "shortName": "QMA", "longName": "Qualit\u00e4tsmanagement", "displayName": "QMA", "displayNameLabel": "NAME"}, "removed": null}], "location": [{"current": {"type": "ROOM", "status": "REGULAR", "shortName": "109", "longName": "109 -1 Etage -", "displayName": "109", "displayNameLabel": "NAME"}, "removed": null}], "teacher": [{"current": {"type": "TEACHER", "status": "REGULAR", "shortName": "KREU", "longName": "Kreutz", "displayName": "KREU", "displayNameLabel": "NAME"}, "removed": null}], "cellState": "REGULAR", "date": "2025-07-15", "start": "2025-07-15T08:00", "end": "2025-07-15T09:30", "type": "EXAM"}, {"classID": 1144, "schoolID": "2248000", "subject": [{"current": {"type": "SUBJECT", "status": "REGULAR", "shortName": "MAT", "longName": "Mathematik", "displayName": "MAT", "displayNameLabel": "NAME"}, "removed": null}], "location": [{"current": {"type": "ROOM", "status": "REGULAR", "shortName": "107", "longName": "107 -1 Etage -", "displayName": "107", "displayNameLabel": "NAME"}, "removed": null}], "teacher": [{"current": {"type": "TEACHER", "status": "REGULAR", "shortName": "FIND", "longName": "Findeisen", "displayName": "FIND", "displayNameLabel": "NAME"}, "removed": null}], "cellState": "REGULAR", "date": "2025-07-15", "start": "2025-07-15T09:45", "end": "2025-07-15T11:15", "type": "NORMAL_TEACHING_PERIOD"}, {"classID": 1144, "schoolID": "2248000", "subject": [{"current": {"type": "SUBJECT", "status": "REGULAR", "shortName": "NWI -P", "longName": "Naturwissenschaften (Physik)", "displayName": "NWI -P", "displayNameLabel": "NAME"}, "removed": null}], "location": [{"current": {"type": "ROOM", "status": "REGULAR", "shortName": "107", "longName": "107 -1 Etage -", "displayName": "107", "displayNameLabel": "NAME"}, "removed": null}], "teacher": [{"current": {"type": "TEACHER", "status": "REGULAR", "shortName": "VOSS", "longName": "Voss", "displayName": "VOSS", "displayNameLabel": "NAME"}, "removed": null}], "cellState": "REGULAR", "date": "2025-07-15", "start": "2025-07-15T11:45", "end": "2025-07-15T13:15", "type": "NORMAL_TEACHING_PERIOD"}, {"classID": 1144, "schoolID": "2248000", "subject": [{"current": {"type": "SUBJECT", "status": "REGULAR", "shortName": "ENG", "longName": "Englisch", "displayName": "ENG", "displayNameLabel": "NAME"}, "removed": null}], "location": [{"current": {"type": "ROOM", "status": "REGULAR", "shortName": "107", "longName": "107 -1 Etage -", "displayName": "107", "displayNameLabel": "NAME"}, "removed": null}], "teacher": [{"current": {"type": "TEACHER", "status": "REGULAR", "shortName": "LEMK", "longName": "Lemke", "displayName": "LEMK", "displayNameLabel": "NAME"}, "removed": null}], "cellState": "REGULAR", "date": "2025-07-15", "start": "2025-07-15T13:30", "end": "2025-07-15T15:00", "type": "NORMAL_TEACHING_PERIOD"}, {"classID": 1135, "schoolID": "2248000", "subject": [{"current": {"type": "SUBJECT", "status": "REGULAR", "shortName": "LF4 CAD", "longName": "LF4 CAD", "displayName": "LF4 CAD", "displayNameLabel": "NAME"}, "removed": null}], "location": [{"current": {"type": "ROOM", "status": "REGULAR", "shortName": "E04", "longName": "E04 Erdetage", "displayName": "E04", "displayNameLabel": "NAME"}, "removed": null}], "teacher": [{"current": {"type": "TEACHER", "status": "REGULAR", "shortName": "BECH", "longName": "BECH", "displayName": "BECH", "displayNameLabel": "NAME"}, "removed": null}], "cellState": "REGULAR", "date": "2025-07-15", "start": "2025-07-15T08:00", "end": "2025-07-15T09:30", "type": "NORMAL_TEACHING_PERIOD"}, {"classID": 1135, "schoolID": "2248000", "subject": [{"current": {"type": "SUBJECT", "status": "REGULAR", "shortName": "MAT", "longName": "Mathematik", "displayName": "MAT", "displayNameLabel": "NAME"}, "removed": null}], "location": [{"current": {"type": "ROOM", "status": "REGULAR", "shortName": "107", "longName": "107 -1 Etage -", "displayName": "107", "displayNameLabel": "NAME"}, "removed": null}], "teacher": [{"current": {"type": "TEACHER", "status": "REGULAR", "shortName": "FIND", "longName": "Findeisen", "displayName": "FIND", "displayNameLabel": "NAME"}, "removed": null}], "cellState": "REGULAR", "date": "2025-07-15", "start": "2025-07-15T09:45", "end": "2025-07-15T11:15", "type": "NORMAL_TEACHING_PERIOD"}, {"classID": 1135, "schoolID": "2248000", "subject": [{"current": {"type": "SUBJECT", "status": "REGULAR", "shortName": "NWI -P", "longName": "Naturwissenschaften (Physik)", "displayName": "NWI -P", "displayNameLabel": "NAME"}, "removed": null}], "location": [{"current": {"type": "ROOM", "status": "REGULAR", "shortName": "107", "longName": "107 -1 Etage -", "displayName": "107", "displayNameLabel": "NAME"}, "removed": null}], "teacher": [{"current": {"type": "TEACHER", "status": "REGULAR", "shortName": "VOSS", "longName": "Voss", "displayName": "VOSS", "displayNameLabel": "NAME"}, "removed": null}], "cellState": "REGULAR", "date": "2025-07-15", "start": "2025-07-15T11:45", "end": "2025-07-15T13:15", "type": "NORMAL_TEACHING_PERIOD"}, {"classID": 1135, "schoolID": "2248000", "subject": [{"current": {"type": "SUBJECT", "status": "REGULAR", "shortName": "ENG", "longName": "Englisch", "displayName": "ENG", "displayNameLabel": "NAME"}, "removed": null}], "location": [{"current": {"type": "ROOM", "status": "REGULAR", "shortName": "107", "longName": "107 -1 Etage -", "displayName": "107", "displayNameLabel": "NAME"}, "removed": null}], "teacher": [{"current": {"type": "TEACHER", "status": "REGULAR", "shortName": "LEMK", "longName": "Lemke", "displayName": "LEMK", "displayNameLabel": "NAME"}, "removed": null}], "cellState": "REGULAR", "date": "2025-07-15", "start": "2025-07-15T13:30", "end": "2025-07-15T15:00", "type": "NORMAL_TEACHING_PERIOD"}, {"classID": 1099, "schoolID": "2248000", "subject": [{"current": {"type": "SUBJECT", "status": "REGULAR", "shortName": "QMA", "longName": "Qualit\u00e4tsmanagement", "displayName": "QMA", "displayNameLabel": "NAME"}, "removed": null}], "location": [{"current": {"type": "ROOM", "status": "REGULAR", "shortName": "109", "longName": "109 -1 Etage -", "displayName": "109", "displayNameLabel": "NAME"}, "removed": null}], "teacher": [{"current": {"type": "TEACHER", "status": "REGULAR", "shortName": "KREU", "longName": "Kreutz", "displayName": "KREU", "displayNameLabel": "NAME"}, "removed": null}], "cellState": "REGULAR", "date": "2025-07-15", "start": "2025-07-15T08:00", "end": "2025-07-15T09:30", "type": "EXAM"}, {"classID": 1099, "schoolID": "2248000", "subject": [{"current": {"type": "SUBJECT", "status": "REGULAR", "shortName": "KON CAD", "longName": "KON CAD", "displayName": "KON CAD", "displayNameLabel": "NAME"}, "removed": null}], "location": [{"current": {"type": "ROOM", "status": "REGULAR", "shortName": "109", "longName": "109 -1 Etage -", "displayName": "109", "displayNameLabel": "NAME"}, "removed": null}], "teacher": [{"current": {"type": "TEACHER", "status": "REGULAR", "shortName": "BECH", "longName": "BECH", "displayName": "BECH", "displayNameLabel": "NAME"}, "removed": null}], "cellState": "REGULAR", "date": "2025-07-15", "start": "2025-07-15T09:45", "end": "2025-07-15T11:15", "type": "NORMAL_TEACHING_PERIOD"}, {"classID": 1099, "schoolID": "2248000", "subject": [{"current": {"type": "SUBJECT", "status": "REGULAR", "shortName": "BWI-3", "longName": "Betriebswirtschaft- Verm\u00f6gensverteilung", "displayName": "BWI-3", "displayNameLabel": "NAME"}, "removed": null}], "location": [{"current": {"type": "ROOM", "status": "REGULAR", "shortName": "109", "longName": "109 -1 Etage -", "displayName": "109", "displayNameLabel": "NAME"}, "removed": null}], "teacher": [{"current": {"type": "TEACHER", "status": "REGULAR", "shortName": "BOYS", "longName": "Boysen", "displayName": "BOYS", "displayNameLabel": "NAME"}, "removed": null}], "cellState": "REGULAR", "date": "2025-07-15", "start": "2025-07-15T11:45", "end": "2025-07-15T13:15", "type": "NORMAL_TEACHING_PERIOD"}, {"classID": 1105, "schoolID": "2248000", "subject": [{"current": {"type": "SUBJECT", "status": "REGULAR", "shortName": "LF4 CAD", "longName": "LF4 CAD", "displayName": "LF4 CAD", "displayNameLabel": "NAME"}, "removed": null}], "location": [{"current": {"type": "ROOM", "status": "REGULAR", "shortName": "E04", "longName": "E04 Erdetage", "displayName": "E04", "displayNameLabel": "NAME"}, "removed": null}], "teacher": [{"current": {"type": "TEACHER", "status": "REGULAR", "shortName": "BECH", "longName": "BECH", "displayName": "BECH", "displayNameLabel": "NAME"}, "removed": null}], "cellState": "REGULAR", "date": "2025-07-15", "start": "2025-07-15T08:00", "end": "2025-07-15T09:30", "type": "NORMAL_TEACHING_PERIOD"}, {"classID": 1105, "schoolID": "2248000", "subject": [{"current": {"type": "SUBJECT", "status": "REGULAR", "shortName": "LF2 BWI 3", "longName": "LF2 BWI 3", "displayName": "LF2 BWI 3", "displayNameLabel": "NAME"}, "removed": null}], "location": [{"current": {"type": "ROOM", "status": "REGULAR", "shortName": "E04", "longName": "E04 Erdetage", "displayName": "E04", "displayNameLabel": "NAME"}, "removed": null}], "teacher": [{"current": {"type": "TEACHER", "status": "REGULAR", "shortName": "BOYS", "longName": "Boysen", "displayName": "BOYS", "displayNameLabel": "NAME"}, "removed": null}], "cellState": "REGULAR", "date": "2025-07-15", "start": "2025-07-15T09:45", "end": "2025-07-15T11:15", "type": "NORMAL_TEACHING_PERIOD"}, {"classID": 1105, "schoolID": "2248000", "subject": [{"current": {"type": "SUBJECT", "status": "REGULAR", "shortName": "ENG", "longName": "Englisch", "displayName": "ENG", "displayNameLabel": "NAME"}, "removed": null}], "location": [{"current": {"type": "ROOM", "status": "REGULAR", "shortName": "E04", "longName": "E04 Erdetage", "displayName": "E04", "displayNameLabel": "NAME"}, "removed": null}], "teacher": [{"current": {"type": "TEACHER", "status": "REGULAR", "shortName": "LEMK", "longName": "Lemke", "displayName": "LEMK", "displayNameLabel": "NAME"}, "removed": null}], "cellState": "REGULAR", "date": "2025-07-15", "start": "2025-07-15T11:45", "end": "2025-07-15T13:15", "type": "NORMAL_TEACHING_PERIOD"}, {"classID": 1105, "schoolID": "2248000", "subject": [{"current": {"type": "SUBJECT", "status": "REGULAR", "shortName": "LF1 AUT", "longName": "LF1 AUT", "displayName": "LF1 AUT", "displayNameLabel": "NAME"}, "removed": null}], "location": [{"current": {"type": "ROOM", "status": "REGULAR", "shortName": "E04", "longName": "E04 Erdetage", "displayName": "E04", "displayNameLabel": "NAME"}, "removed": null}], "teacher": [{"current": {"type": "TEACHER", "status": "REGULAR", "shortName": "LUET", "longName": "L\u00fctzen", "displayName": "LUET", "displayNameLabel": "NAME"}, "removed": null}], "cellState": "REGULAR", "date": "2025-07-15", "start": "2025-07-15T13:30", "end": "2025-07-15T15:00", "type": "NORMAL_TEACHING_PERIOD"}, {"classID": 1108, "schoolID": "2248000", "subject": [{"current": {"type": "SUBJECT", "status": "REGULAR", "shortName": "LF7 AUTO", "longName": "LF7 AUTO", "displayName": "LF7 AUTO", "displayNameLabel": "NAME"}, "removed": null}], "location": [{"current": {"type": "ROOM", "status": "REGULAR", "shortName": "108", "longName": "108 -1 Etage -", "displayName": "108", "displayNameLabel": "NAME"}, "removed": null}], "teacher": [{"current": {"type": "TEACHER", "status": "REGULAR", "shortName": "LENS", "longName": "Lensch-Franzen", "displayName": "LENS", "displayNameLabel": "NAME"}, "removed": null}], "cellState": "REGULAR", "date": "2025-07-15", "start": "2025-07-15T08:00", "end": "2025-07-15T09:30", "type": "NORMAL_TEACHING_PERIOD"}, {"classID": 1108, "schoolID": "2248000", "subject": [{"current": {"type": "SUBJECT", "status": "REGULAR", "shortName": "LF7 KON", "longName": "LF7 KON", "displayName": "LF7 KON", "displayNameLabel": "NAME"}, "removed": null}], "location": [{"current": {"type": "ROOM", "status": "ADDED", "shortName": "102", "longName": "102 -1 Etage -", "displayName": "102", "displayNameLabel": "NAME"}, "removed": {"type": "ROOM", "status": "REMOVED", "shortName": "108", "longName": "108 -1 Etage -", "displayName": "108", "displayNameLabel": "NAME"}}], "teacher": [{"current": {"type": "TEACHER", "status": "REGULAR", "shortName": "LENS", "longName": "Lensch-Franzen", "displayName": "LENS", "displayNameLabel": "NAME"}, "removed": null}], "cellState": "CHANGED", "date": "2025-07-15", "start": "2025-07-15T09:45", "end": "2025-07-15T11:15", "type": "EXAM"}, {"classID": 1108, "schoolID": "2248000", "subject": [{"current": {"type": "SUBJECT", "status": "REGULAR", "shortName": "LF5 KON", "longName": "LF5 KON", "displayName": "LF5 KON", "displayNameLabel": "NAME"}, "removed": null}], "location": [{"current": {"type": "ROOM", "status": "REGULAR", "shortName": "108", "longName": "108 -1 Etage -", "displayName": "108", "displayNameLabel": "NAME"}, "removed": null}], "teacher": [{"current": {"type": "TEACHER", "status": "REGULAR", "shortName": "GROE", "longName": "Groer", "displayName": "GROE", "displayNameLabel": "NAME"}, "removed": null}], "cellState": "REGULAR", "date": "2025-07-15", "start": "2025-07-15T11:45", "end": "2025-07-15T13:15", "type": "NORMAL_TEACHING_PERIOD"}, {"classID": 1108, "schoolID": "2248000", "subject": [{"current": {"type": "SUBJECT", "status": "REGULAR", "shortName": "LF4 FMA", "longName": "LF4 FMA", "displayName": "LF4 FMA", "displayNameLabel": "NAME"}, "removed": null}], "location": [{"current": {"type": "ROOM", "status": "REGULAR", "shortName": "108", "longName": "108 -1 Etage -", "displayName": "108", "displayNameLabel": "NAME"}, "removed": null}], "teacher": [{"current": {"type": "TEACHER", "status": "REGULAR", "shortName": "GROE", "longName": "Groer", "displayName": "GROE", "displayNameLabel": "NAME"}, "removed": null}], "cellState": "REGULAR", "date": "2025-07-15", "start": "2025-07-15T13:30", "end": "2025-07-15T15:00", "type": "NORMAL_TEACHING_PERIOD"}, {"classID": 1141, "schoolID": "2248000", "subject": [{"current": {"type": "SUBJECT", "status": "REGULAR", "shortName": "SPR", "longName": "Schriftliche Pr\u00fcfung", "displayName": "SPR", "displayNameLabel": "NAME"}, "removed": null}], "location": [{"current": {"type": "ROOM", "status": "REGULAR", "shortName": "104", "longName": "104 -1 Etage -", "displayName": "104", "displayNameLabel": "NAME"}, "removed": null}], "teacher": [{"current": {"type": "TEACHER", "status": "REGULAR", "shortName": "ELBE", "longName": "Elberding", "displayName": "ELBE", "displayNameLabel": "NAME"}, "removed": null}], "cellState": "REGULAR", "date": "2025-07-15", "start": "2025-07-15T13:30", "end": "2025-07-15T15:00", "type": "NORMAL_TEACHING_PERIOD"}, {"classID": 1102, "schoolID": "2248000", "subject": [{"current": {"type": "SUBJECT", "status": "REGULAR", "shortName": "LF2_BST", "longName": "Lernfeld 2 - Ein Bauwerk gr\u00fcnden", "displayName": "LF2_BST", "displayNameLabel": "NAME"}, "removed": null}], "location": [{"current": {"type": "ROOM", "status": "REGULAR", "shortName": "E05", "longName": "E05 Erdetage", "displayName": "E05", "displayNameLabel": "NAME"}, "removed": null}], "teacher": [{"current": {"type": "TEACHER", "status": "REGULAR", "shortName": "JANS", "longName": "Jan\u00dfen", "displayName": "JANS", "displayNameLabel": "NAME"}, "removed": null}], "cellState": "REGULAR", "date": "2025-07-16", "start": "2025-07-16T08:00", "end": "2025-07-16T11:15", "type": "NORMAL_TEACHING_PERIOD"}, {"classID": 1102, "schoolID": "2248000", "subject": [{"current": {"type": "SUBJECT", "status": "REGULAR", "shortName": "TKO -B", "longName": "Technische Kommunikation (B)", "displayName": "TKO -B", "displayNameLabel": "NAME"}, "removed": null}], "location": [{"current": {"type": "ROOM", "status": "REGULAR", "shortName": "E05", "longName": "E05 Erdetage", "displayName": "E05", "displayNameLabel": "NAME"}, "removed": null}], "teacher": [{"current": {"type": "TEACHER", "status": "REGULAR", "shortName": "SVOB", "longName": "Svoboda", "displayName": "SVOB", "displayNameLabel": "NAME"}, "removed": null}], "cellState": "REGULAR", "date": "2025-07-16", "start": "2025-07-16T11:45", "end": "2025-07-16T13:15", "type": "EXAM"}, {"classID": 1102, "schoolID": "2248000", "subject": [{"current": {"type": "SUBJECT", "status": "REGULAR", "shortName": "BWI", "longName": "BWI", "displayName": "BWI", "displayNameLabel": "NAME"}, "removed": null}], "location": [{"current": {"type": "ROOM", "status": "REGULAR", "shortName": "E05", "longName": "E05 Erdetage", "displayName": "E05", "displayNameLabel": "NAME"}, "removed": null}], "teacher": [{"current": {"type": "TEACHER", "status": "REGULAR", "shortName": "SAEM", "longName": "S\u00e4mann", "displayName": "SAEM", "displayNameLabel": "NAME"}, "removed": null}], "cellState": "REGULAR", "date": "2025-07-16", "start": "2025-07-16T13:30", "end": "2025-07-16T15:00", "type": "EXAM"}, {"classID": 1111, "schoolID": "2248000", "subject": [{"current": {"type": "SUBJECT", "status": "REGULAR", "shortName": "DEU", "longName": "Deutsch", "displayName": "DEU", "displayNameLabel": "NAME"}, "removed": null}], "location": [{"current": {"type": "ROOM", "status": "REGULAR", "shortName": "104", "longName": "104 -1 Etage -", "displayName": "104", "displayNameLabel": "NAME"}, "removed": null}], "teacher": [{"current": {"type": "TEACHER", "status": "REGULAR", "shortName": "JAGD", "longName": "Jagdmann", "displayName": "JAGD", "displayNameLabel": "NAME"}, "removed": null}], "cellState": "REGULAR", "date": "2025-07-16", "start": "2025-07-16T08:00", "end": "2025-07-16T11:15", "type": "NORMAL_TEACHING_PERIOD"}, {"classID": 1111, "schoolID": "2248000", "subject": [{"current": {"type": "SUBJECT", "status": "REGULAR", "shortName": "LF1_SBB", "longName": "Lernfeld 1 - Ein Grundst\u00fcck erschlie\u00dfen", "displayName": "LF1_SBB", "displayNameLabel": "NAME"}, "removed": null}], "location": [{"current": {"type": "ROOM", "status": "REGULAR", "shortName": "104", "longName": "104 -1 Etage -", "displayName": "104", "displayNameLabel": "NAME"}, "removed": null}], "teacher": [{"current": {"type": "TEACHER", "status": "REGULAR", "shortName": "ELBE", "longName": "Elberding", "displayName": "ELBE", "displayNameLabel": "NAME"}, "removed": null}], "cellState": "REGULAR", "date": "2025-07-16", "start": "2025-07-16T11:45", "end": "2025-07-16T15:00", "type": "NORMAL_TEACHING_PERIOD"}, {"classID": 1099, "schoolID": "2248000", "subject": [{"current": {"type": "SUBJECT", "status": "REGULAR", "shortName": "MAT", "longName": "Mathematik", "displayName": "MAT", "displayNameLabel": "NAME"}, "removed": null}], "location": [{"current": {"type": "ROOM", "status": "REGULAR", "shortName": "109", "longName": "109 -1 Etage -", "displayName": "109", "displayNameLabel": "NAME"}, "removed": null}], "teacher": [{"current": {"type": "TEACHER", "status": "REGULAR", "shortName": "IBRA", "longName": "Ibrahim", "displayName": "IBRA", "displayNameLabel": "NAME"}, "removed": null}], "cellState": "REGULAR", "date": "2025-07-16", "start": "2025-07-16T08:00", "end": "2025-07-16T09:30", "type": "NORMAL_TEACHING_PERIOD"}, {"classID": 1099, "schoolID": "2248000", "subject": [{"current": {"type": "SUBJECT", "status": "REGULAR", "shortName": "ELT", "longName": "Elektrotechnik", "displayName": "ELT", "displayNameLabel": "NAME"}, "removed": null}], "location": [{"current": {"type": "ROOM", "status": "REGULAR", "shortName": "109", "longName": "109 -1 Etage -", "displayName": "109", "displayNameLabel": "NAME"}, "removed": null}], "teacher": [{"current": {"type": "TEACHER", "status": "REGULAR", "shortName": "SAMM", "longName": "Samm", "displayName": "SAMM", "displayNameLabel": "NAME"}, "removed": null}], "cellState": "REGULAR", "date": "2025-07-16", "start": "2025-07-16T09:45", "end": "2025-07-16T11:15", "type": "NORMAL_TEACHING_PERIOD"}, {"classID": 1099, "schoolID": "2248000", "subject": [{"current": {"type": "SUBJECT", "status": "REGULAR", "shortName": "AUT", "longName": "Automatisierungstechnik (E)", "displayName": "AUT", "displayNameLabel": "NAME"}, "removed": null}], "location": [{"current": {"type": "ROOM", "status": "REGULAR", "shortName": "109", "longName": "109 -1 Etage -", "displayName": "109", "displayNameLabel": "NAME"}, "removed": null}], "teacher": [{"current": {"type": "TEACHER", "status": "REGULAR", "shortName": "KOSS", "longName": "Kossow", "displayName": "KOSS", "displayNameLabel": "NAME"}, "removed": null}], "cellState": "REGULAR", "date": "2025-07-16", "start": "2025-07-16T11:45", "end": "2025-07-16T13:15", "type": "NORMAL_TEACHING_PERIOD"}, {"classID": 1099, "schoolID": "2248000", "subject": [{"current": {"type": "SUBJECT", "status": "REGULAR", "shortName": "ELT-AG", "longName": "Elektrotechnik Arbeitsgruppe", "displayName": "ELT-AG", "displayNameLabel": "NAME"}, "removed": null}], "location": [{"current": {"type": "ROOM", "status": "REGULAR", "shortName": "109", "longName": "109 -1 Etage -", "displayName": "109", "displayNameLabel": "NAME"}, "removed": null}], "teacher": [{"current": {"type": "TEACHER", "status": "REGULAR", "shortName": "SAMM", "longName": "Samm", "displayName": "SAMM", "displayNameLabel": "NAME"}, "removed": null}], "cellState": "REGULAR", "date": "2025-07-16", "start": "2025-07-16T13:30", "end": "2025-07-16T15:00", "type": "NORMAL_TEACHING_PERIOD"}, {"classID": 1105, "schoolID": "2248000", "subject": [{"current": {"type": "SUBJECT", "status": "REGULAR", "shortName": "TKO -M", "longName": "Technische Kommunikation (M)", "displayName": "TKO -M", "displayNameLabel": "NAME"}, "removed": null}], "location": [{"current": {"type": "ROOM", "status": "REGULAR", "shortName": "E04", "longName": "E04 Erdetage", "displayName": "E04", "displayNameLabel": "NAME"}, "removed": null}], "teacher": [{"current": {"type": "TEACHER", "status": "REGULAR", "shortName": "SVOB", "longName": "Svoboda", "displayName": "SVOB", "displayNameLabel": "NAME"}, "removed": null}], "cellState": "REGULAR", "date": "2025-07-16", "start": "2025-07-16T08:00", "end": "2025-07-16T09:30", "type": "EXAM"}, {"classID": 1105, "schoolID": "2248000", "subject": [{"current": {"type": "SUBJECT", "status": "REGULAR", "shortName": "MLF6 TME", "longName": "Lernfeld 6 Technische Mechanik", "displayName": "MLF6 TME", "displayNameLabel": "NAME"}, "removed": null}], "location": [{"current": {"type": "ROOM", "status": "REGULAR", "shortName": "E04", "longName": "E04 Erdetage", "displayName": "E04", "displayNameLabel": "NAME"}, "removed": null}], "teacher": [{"current": {"type": "TEACHER", "status": "REGULAR", "shortName": "KUCH", "longName": "Kuchcinski", "displayName": "KUCH", "displayNameLabel": "NAME"}, "removed": null}], "cellState": "REGULAR", "date": "2025-07-16", "start": "2025-07-16T09:45", "end": "2025-07-16T11:15", "type": "NORMAL_TEACHING_PERIOD"}, {"classID": 1105, "schoolID": "2248000", "subject": [{"current": {"type": "SUBJECT", "status": "REGULAR", "shortName": "MLF6 TME", "longName": "Lernfeld 6 Technische Mechanik", "displayName": "MLF6 TME", "displayNameLabel": "NAME"}, "removed": null}], "location": [{"current": {"type": "ROOM", "status": "REGULAR", "shortName": "E04", "longName": "E04 Erdetage", "displayName": "E04", "displayNameLabel": "NAME"}, "removed": null}], "teacher": [{"current": {"type": "TEACHER", "status": "REGULAR", "shortName": "KUCH", "longName": "Kuchcinski", "displayName": "KUCH", "displayNameLabel": "NAME"}, "removed": null}], "cellState": "REGULAR", "date": "2025-07-16", "start": "2025-07-16T11:45", "end": "2025-07-16T13:15", "type": "NORMAL_TEACHING_PERIOD"}, {"classID": 1105, "schoolID": "2248000", "subject": [{"current": {"type": "SUBJECT", "status": "REGULAR", "shortName": "TKO -M", "longName": "Technische Kommunikation (M)", "displayName": "TKO -M", "displayNameLabel": "NAME"}, "removed": null}], "location": [{"current": {"type": "ROOM", "status": "REGULAR", "shortName": "A-H", "longName": "Au\u00dfer Haus", "displayName": "A-H", "displayNameLabel": "NAME"}, "removed": null}], "teacher": [{"current": {"type": "TEACHER", "status": "REGULAR", "shortName": "SVOB", "longName": "Svoboda", "displayName": "SVOB", "displayNameLabel": "NAME"}, "removed": null}], "cellState": "REGULAR", "date": "2025-07-16", "start": "2025-07-16T13:30", "end": "2025-07-16T15:00", "type": "NORMAL_TEACHING_PERIOD"}, {"classID": 1108, "schoolID": "2248000", "subject": [{"current": {"type": "SUBJECT", "status": "REGULAR", "shortName": "PRO -M", "longName": "Projektarbeit (M)", "displayName": "PRO -M", "displayNameLabel": "NAME"}, "removed": null}], "location": [{"current": {"type": "ROOM", "status": "REGULAR", "shortName": "A-H", "longName": "Au\u00dfer Haus", "displayName": "A-H", "displayNameLabel": "NAME"}, "removed": null}], "teacher": "", "cellState": "REGULAR", "date": "2025-07-16", "start": "2025-07-16T08:00", "end": "2025-07-16T11:15", "type": "NORMAL_TEACHING_PERIOD"}, {"classID": 1141, "schoolID": "2248000", "subject": [{"current": {"type": "SUBJECT", "status": "REGULAR", "shortName": "SPR", "longName": "Schriftliche Pr\u00fcfung", "displayName": "SPR", "displayNameLabel": "NAME"}, "removed": null}], "location": [{"current": {"type": "ROOM", "status": "REGULAR", "shortName": "107", "longName": "107 -1 Etage -", "displayName": "107", "displayNameLabel": "NAME"}, "removed": null}], "teacher": [{"current": {"type": "TEACHER", "status": "REGULAR", "shortName": "BRUH", "longName": "Bruhn", "displayName": "BRUH", "displayNameLabel": "NAME"}, "removed": null}], "cellState": "REGULAR", "date": "2025-07-16", "start": "2025-07-16T08:00", "end": "2025-07-16T09:30", "type": "NORMAL_TEACHING_PERIOD"}, {"classID": 1117, "schoolID": "2248000", "subject": [{"current": {"type": "SUBJECT", "status": "REGULAR", "shortName": "MAT", "longName": "Mathematik", "displayName": "MAT", "displayNameLabel": "NAME"}, "removed": null}], "location": [{"current": {"type": "ROOM", "status": "REGULAR", "shortName": "E04", "longName": "E04 Erdetage", "displayName": "E04", "displayNameLabel": "NAME"}, "removed": null}], "teacher": [{"current": {"type": "TEACHER", "status": "REGULAR", "shortName": "WOLF", "longName": "Wolf", "displayName": "WOLF", "displayNameLabel": "NAME"}, "removed": null}], "cellState": "REGULAR", "date": "2025-07-17", "start": "2025-07-17T18:00", "end": "2025-07-17T21:15", "type": "NORMAL_TEACHING_PERIOD"}, {"classID": 1123, "schoolID": "2248000", "subject": [{"current": {"type": "SUBJECT", "status": "REGULAR", "shortName": "EAE", "longName": "Energie- und Antriebselektronik", "displayName": "EAE", "displayNameLabel": "NAME"}, "removed": null}], "location": [{"current": {"type": "ROOM", "status": "REGULAR", "shortName": "106", "longName": "106 -1 Etage -", "displayName": "106", "displayNameLabel": "NAME"}, "removed": null}], "teacher": [{"current": {"type": "TEACHER", "status": "REGULAR", "shortName": "SZIL", "longName": "Szillus", "displayName": "SZIL", "displayNameLabel": "NAME"}, "removed": null}], "cellState": "REGULAR", "date": "2025-07-17", "start": "2025-07-17T18:00", "end": "2025-07-17T21:15", "type": "NORMAL_TEACHING_PERIOD"}, {"classID": 1126, "schoolID": "2248000", "subject": [{"current": {"type": "SUBJECT", "status": "REGULAR", "shortName": "EAE", "longName": "Energie- und Antriebselektronik", "displayName": "EAE", "displayNameLabel": "NAME"}, "removed": null}], "location": [{"current": {"type": "ROOM", "status": "REGULAR", "shortName": "107", "longName": "107 -1 Etage -", "displayName": "107", "displayNameLabel": "NAME"}, "removed": null}], "teacher": [{"current": {"type": "TEACHER", "status": "REGULAR", "shortName": "FRIC", "longName": "Fricke", "displayName": "FRIC", "displayNameLabel": "NAME"}, "removed": null}], "cellState": "REGULAR", "date": "2025-07-17", "start": "2025-07-17T18:00", "end": "2025-07-17T21:15", "type": "NORMAL_TEACHING_PERIOD"}, {"classID": 1132, "schoolID": "2248000", "subject": [{"current": {"type": "SUBJECT", "status": "REGULAR", "shortName": "LF2 NWI", "longName": "LF2 NWI", "displayName": "LF2 NWI", "displayNameLabel": "NAME"}, "removed": null}], "location": [{"current": {"type": "ROOM", "status": "REGULAR", "shortName": "E01", "longName": "E01 Erdetage", "displayName": "E01", "displayNameLabel": "NAME"}, "removed": null}], "teacher": [{"current": {"type": "TEACHER", "status": "REGULAR", "shortName": "VOSS", "longName": "Voss", "displayName": "VOSS", "displayNameLabel": "NAME"}, "removed": null}], "cellState": "REGULAR", "date": "2025-07-17", "start": "2025-07-17T18:00", "end": "2025-07-17T21:15", "type": "NORMAL_TEACHING_PERIOD"}, {"classID": 1129, "schoolID": "2248000", "subject": [{"current": {"type": "SUBJECT", "status": "REGULAR", "shortName": "MAT", "longName": "Mathematik", "displayName": "MAT", "displayNameLabel": "NAME"}, "removed": null}], "location": [{"current": {"type": "ROOM", "status": "REGULAR", "shortName": "E04", "longName": "E04 Erdetage", "displayName": "E04", "displayNameLabel": "NAME"}, "removed": null}], "teacher": [{"current": {"type": "TEACHER", "status": "REGULAR", "shortName": "WOLF", "longName": "Wolf", "displayName": "WOLF", "displayNameLabel": "NAME"}, "removed": null}], "cellState": "REGULAR", "date": "2025-07-17", "start": "2025-07-17T18:00", "end": "2025-07-17T21:15", "type": "NORMAL_TEACHING_PERIOD"}, {"classID": 1114, "schoolID": "2248000", "subject": [{"current": {"type": "SUBJECT", "status": "REGULAR", "shortName": "AUT -M", "longName": "Automatisierungstechnik (M)", "displayName": "AUT -M", "displayNameLabel": "NAME"}, "removed": null}], "location": [{"current": {"type": "ROOM", "status": "REGULAR", "shortName": "E05", "longName": "E05 Erdetage", "displayName": "E05", "displayNameLabel": "NAME"}, "removed": null}], "teacher": [{"current": {"type": "TEACHER", "status": "REGULAR", "shortName": "LUET", "longName": "L\u00fctzen", "displayName": "LUET", "displayNameLabel": "NAME"}, "removed": null}], "cellState": "REGULAR", "date": "2025-07-17", "start": "2025-07-17T18:00", "end": "2025-07-17T21:15", "type": "EXAM"}, {"classID": 1120, "schoolID": "2248000", "subject": [{"current": {"type": "SUBJECT", "status": "REGULAR", "shortName": "FTE", "longName": "Fertigungstechnik", "displayName": "FTE", "displayNameLabel": "NAME"}, "removed": null}], "location": [{"current": {"type": "ROOM", "status": "REGULAR", "shortName": "112", "longName": "112 -1 Etage -", "displayName": "112", "displayNameLabel": "NAME"}, "removed": null}], "teacher": [{"current": {"type": "TEACHER", "status": "REGULAR", "shortName": "GROE", "longName": "Groer", "displayName": "GROE", "displayNameLabel": "NAME"}, "removed": null}], "cellState": "REGULAR", "date": "2025-07-17", "start": "2025-07-17T18:00", "end": "2025-07-17T21:15", "type": "NORMAL_TEACHING_PERIOD"}, {"classID": 1102, "schoolID": "2248000", "subject": [{"current": {"type": "SUBJECT", "status": "REGULAR", "shortName": "DEU", "longName": "Deutsch", "displayName": "DEU", "displayNameLabel": "NAME"}, "removed": null}], "location": [{"current": {"type": "ROOM", "status": "REGULAR", "shortName": "E05", "longName": "E05 Erdetage", "displayName": "E05", "displayNameLabel": "NAME"}, "removed": null}], "teacher": [{"current": {"type": "TEACHER", "status": "REGULAR", "shortName": "FALC", "longName": "Falck", "displayName": "FALC", "displayNameLabel": "NAME"}, "removed": null}], "cellState": "REGULAR", "date": "2025-07-17", "start": "2025-07-17T09:45", "end": "2025-07-17T11:15", "type": "EXAM"}, {"classID": 1102, "schoolID": "2248000", "subject": [{"current": {"type": "SUBJECT", "status": "REGULAR", "shortName": "LF6 BBE", "longName": "LF6 BBE", "displayName": "LF6 BBE", "displayNameLabel": "NAME"}, "removed": null}], "location": [{"current": {"type": "ROOM", "status": "REGULAR", "shortName": "E05", "longName": "E05 Erdetage", "displayName": "E05", "displayNameLabel": "NAME"}, "removed": null}], "teacher": [{"current": {"type": "TEACHER", "status": "REGULAR", "shortName": "ALTW", "longName": "Altenburg", "displayName": "ALTW", "displayNameLabel": "NAME"}, "removed": null}], "cellState": "REGULAR", "date": "2025-07-17", "start": "2025-07-17T11:45", "end": "2025-07-17T13:15", "type": "NORMAL_TEACHING_PERIOD"}, {"classID": 1111, "schoolID": "2248000", "subject": [{"current": {"type": "SUBJECT", "status": "REGULAR", "shortName": "LF7_BST", "longName": "LF7_BST", "displayName": "LF7_BST", "displayNameLabel": "NAME"}, "removed": null}], "location": [{"current": {"type": "ROOM", "status": "REGULAR", "shortName": "104", "longName": "104 -1 Etage -", "displayName": "104", "displayNameLabel": "NAME"}, "removed": null}], "teacher": [{"current": {"type": "TEACHER", "status": "REGULAR", "shortName": "JANS", "longName": "Jan\u00dfen", "displayName": "JANS", "displayNameLabel": "NAME"}, "removed": null}], "cellState": "REGULAR", "date": "2025-07-17", "start": "2025-07-17T08:00", "end": "2025-07-17T09:30", "type": "EXAM"}, {"classID": 1111, "schoolID": "2248000", "subject": [{"current": {"type": "SUBJECT", "status": "REGULAR", "shortName": "LF1_BST", "longName": "LF1_BST", "displayName": "LF1_BST", "displayNameLabel": "NAME"}, "removed": null}], "location": [{"current": {"type": "ROOM", "status": "REGULAR", "shortName": "104", "longName": "104 -1 Etage -", "displayName": "104", "displayNameLabel": "NAME"}, "removed": null}], "teacher": [{"current": {"type": "TEACHER", "status": "REGULAR", "shortName": "JANS", "longName": "Jan\u00dfen", "displayName": "JANS", "displayNameLabel": "NAME"}, "removed": null}], "cellState": "REGULAR", "date": "2025-07-17", "start": "2025-07-17T09:45", "end": "2025-07-17T11:15", "type": "EXAM"}, {"classID": 1111, "schoolID": "2248000", "subject": [{"current": {"type": "SUBJECT", "status": "REGULAR", "shortName": "LF2_BST", "longName": "Lernfeld 2 - Ein Bauwerk gr\u00fcnden", "displayName": "LF2_BST", "displayNameLabel": "NAME"}, "removed": null}], "location": [{"current": {"type": "ROOM", "status": "REGULAR", "shortName": "104", "longName": "104 -1 Etage -", "displayName": "104", "displayNameLabel": "NAME"}, "removed": null}], "teacher": [{"current": {"type": "TEACHER", "status": "REGULAR", "shortName": "ELBE", "longName": "Elberding", "displayName": "ELBE", "displayNameLabel": "NAME"}, "removed": null}], "cellState": "REGULAR", "date": "2025-07-17", "start": "2025-07-17T11:45", "end": "2025-07-17T13:15", "type": "NORMAL_TEACHING_PERIOD"}, {"classID": 1099, "schoolID": "2248000", "subject": [{"current": {"type": "SUBJECT", "status": "REGULAR", "shortName": "ENG", "longName": "Englisch", "displayName": "ENG", "displayNameLabel": "NAME"}, "removed": null}], "location": [{"current": {"type": "ROOM", "status": "REGULAR", "shortName": "109", "longName": "109 -1 Etage -", "displayName": "109", "displayNameLabel": "NAME"}, "removed": null}], "teacher": [{"current": {"type": "TEACHER", "status": "REGULAR", "shortName": "LEPC", "longName": "Lepczynski", "displayName": "LEPC", "displayNameLabel": "NAME"}, "removed": null}], "cellState": "REGULAR", "date": "2025-07-17", "start": "2025-07-17T09:45", "end": "2025-07-17T11:15", "type": "NORMAL_TEACHING_PERIOD"}, {"classID": 1099, "schoolID": "2248000", "subject": [{"current": {"type": "SUBJECT", "status": "REGULAR", "shortName": "ELT", "longName": "Elektrotechnik", "displayName": "ELT", "displayNameLabel": "NAME"}, "removed": null}], "location": [{"current": {"type": "ROOM", "status": "REGULAR", "shortName": "109", "longName": "109 -1 Etage -", "displayName": "109", "displayNameLabel": "NAME"}, "removed": null}], "teacher": [{"current": {"type": "TEACHER", "status": "REGULAR", "shortName": "SAMM", "longName": "Samm", "displayName": "SAMM", "displayNameLabel": "NAME"}, "removed": null}], "cellState": "REGULAR", "date": "2025-07-17", "start": "2025-07-17T11:45", "end": "2025-07-17T13:15", "type": "EXAM"}, {"classID": 1099, "schoolID": "2248000", "subject": [{"current": {"type": "SUBJECT", "status": "REGULAR", "shortName": "PRM Sprechstunde", "longName": "PRM Sprechstunde", "displayName": "PRM Sprechstunde", "displayNameLabel": "NAME"}, "removed": null}], "location": "", "teacher": [{"current": {"type": "TEACHER", "status": "REGULAR", "shortName": "SVOB", "longName": "Svoboda", "displayName": "SVOB", "displayNameLabel": "NAME"}, "removed": null}], "cellState": "REGULAR", "date": "2025-07-17", "start": "2025-07-17T13:30", "end": "2025-07-17T15:00", "type": "NORMAL_TEACHING_PERIOD"}, {"classID": 1105, "schoolID": "2248000", "subject": [{"current": {"type": "SUBJECT", "status": "REGULAR", "shortName": "DEU", "longName": "Deutsch", "displayName": "DEU", "displayNameLabel": "NAME"}, "removed": null}], "location": [{"current": {"type": "ROOM", "status": "REGULAR", "shortName": "E04", "longName": "E04 Erdetage", "displayName": "E04", "displayNameLabel": "NAME"}, "removed": null}], "teacher": [{"current": {"type": "TEACHER", "status": "REGULAR", "shortName": "STOC", "longName": "Stockleben", "displayName": "STOC", "displayNameLabel": "NAME"}, "removed": null}], "cellState": "REGULAR", "date": "2025-07-17", "start": "2025-07-17T08:00", "end": "2025-07-17T09:30", "type": "NORMAL_TEACHING_PERIOD"}, {"classID": 1105, "schoolID": "2248000", "subject": [{"current": {"type": "SUBJECT", "status": "REGULAR", "shortName": "LF2 BWI 3", "longName": "LF2 BWI 3", "displayName": "LF2 BWI 3", "displayNameLabel": "NAME"}, "removed": null}], "location": [{"current": {"type": "ROOM", "status": "REGULAR", "shortName": "E04", "longName": "E04 Erdetage", "displayName": "E04", "displayNameLabel": "NAME"}, "removed": null}], "teacher": [{"current": {"type": "TEACHER", "status": "REGULAR", "shortName": "BOYS", "longName": "Boysen", "displayName": "BOYS", "displayNameLabel": "NAME"}, "removed": null}], "cellState": "REGULAR", "date": "2025-07-17", "start": "2025-07-17T09:45", "end": "2025-07-17T11:15", "type": "NORMAL_TEACHING_PERIOD"}, {"classID": 1105, "schoolID": "2248000", "subject": [{"current": {"type": "SUBJECT", "status": "REGULAR", "shortName": "NWI -C", "longName": "Naturwissenschaften (Chemie)", "displayName": "NWI -C", "displayNameLabel": "NAME"}, "removed": null}], "location": [{"current": {"type": "ROOM", "status": "REGULAR", "shortName": "E04", "longName": "E04 Erdetage", "displayName": "E04", "displayNameLabel": "NAME"}, "removed": null}], "teacher": [{"current": {"type": "TEACHER", "status": "REGULAR", "shortName": "ZUHA", "longName": "Zuhayra", "displayName": "ZUHA", "displayNameLabel": "NAME"}, "removed": null}], "cellState": "REGULAR", "date": "2025-07-17", "start": "2025-07-17T11:45", "end": "2025-07-17T13:15", "type": "NORMAL_TEACHING_PERIOD"}, {"classID": 1108, "schoolID": "2248000", "subject": [{"current": {"type": "SUBJECT", "status": "REGULAR", "shortName": "LF8 QMA", "longName": "LF8 QMA", "displayName": "LF8 QMA", "displayNameLabel": "NAME"}, "removed": null}], "location": [{"current": {"type": "ROOM", "status": "REGULAR", "shortName": "A-H", "longName": "Au\u00dfer Haus", "displayName": "A-H", "displayNameLabel": "NAME"}, "removed": null}], "teacher": [{"current": {"type": "TEACHER", "status": "REGULAR", "shortName": "KREU", "longName": "Kreutz", "displayName": "KREU", "displayNameLabel": "NAME"}, "removed": null}], "cellState": "REGULAR", "date": "2025-07-17", "start": "2025-07-17T08:00", "end": "2025-07-17T09:30", "type": "NORMAL_TEACHING_PERIOD"}, {"classID": 1108, "schoolID": "2248000", "subject": [{"current": {"type": "SUBJECT", "status": "REGULAR", "shortName": "ENG", "longName": "Englisch", "displayName": "ENG", "displayNameLabel": "NAME"}, "removed": null}], "location": [{"current": {"type": "ROOM", "status": "REGULAR", "shortName": "108", "longName": "108 -1 Etage -", "displayName": "108", "displayNameLabel": "NAME"}, "removed": null}], "teacher": [{"current": {"type": "TEACHER", "status": "REGULAR", "shortName": "DHEL", "longName": "Dhel", "displayName": "DHEL", "displayNameLabel": "NAME"}, "removed": null}], "cellState": "REGULAR", "date": "2025-07-17", "start": "2025-07-17T09:45", "end": "2025-07-17T11:15", "type": "EXAM"}, {"classID": 1108, "schoolID": "2248000", "subject": [{"current": {"type": "SUBJECT", "status": "REGULAR", "shortName": "ENG", "longName": "Englisch", "displayName": "ENG", "displayNameLabel": "NAME"}, "removed": null}], "location": [{"current": {"type": "ROOM", "status": "REGULAR", "shortName": "108", "longName": "108 -1 Etage -", "displayName": "108", "displayNameLabel": "NAME"}, "removed": null}], "teacher": [{"current": {"type": "TEACHER", "status": "REGULAR", "shortName": "DHEL", "longName": "Dhel", "displayName": "DHEL", "displayNameLabel": "NAME"}, "removed": null}], "cellState": "REGULAR", "date": "2025-07-17", "start": "2025-07-17T11:45", "end": "2025-07-17T13:15", "type": "EXAM"}, {"classID": 1108, "schoolID": "2248000", "subject": [{"current": {"type": "SUBJECT", "status": "REGULAR", "shortName": "LF6 KON", "longName": "LF6 KON", "displayName": "LF6 KON", "displayNameLabel": "NAME"}, "removed": null}], "location": [{"current": {"type": "ROOM", "status": "REGULAR", "shortName": "108", "longName": "108 -1 Etage -", "displayName": "108", "displayNameLabel": "NAME"}, "removed": null}], "teacher": [{"current": {"type": "TEACHER", "status": "REGULAR", "shortName": "GROE", "longName": "Groer", "displayName": "GROE", "displayNameLabel": "NAME"}, "removed": null}], "cellState": "REGULAR", "date": "2025-07-17", "start": "2025-07-17T13:30", "end": "2025-07-17T15:00", "type": "NORMAL_TEACHING_PERIOD"}, {"classID": 1102, "schoolID": "2248000", "subject": [{"current": {"type": "SUBJECT", "status": "REGULAR", "shortName": "LF2_BKO", "longName": "Lernfeld 2 - Ein Bauwerk gr\u00fcnden", "displayName": "LF2_BKO", "displayNameLabel": "NAME"}, "removed": null}], "location": [{"current": {"type": "ROOM", "status": "REGULAR", "shortName": "E05", "longName": "E05 Erdetage", "displayName": "E05", "displayNameLabel": "NAME"}, "removed": null}], "teacher": [{"current": {"type": "TEACHER", "status": "REGULAR", "shortName": "ELBE", "longName": "Elberding", "displayName": "ELBE", "displayNameLabel": "NAME"}, "removed": null}], "cellState": "REGULAR", "date": "2025-07-18", "start": "2025-07-18T08:00", "end": "2025-07-18T09:30", "type": "NORMAL_TEACHING_PERIOD"}, {"classID": 1102, "schoolID": "2248000", "subject": [{"current": {"type": "SUBJECT", "status": "REGULAR", "shortName": "LF1_CAD-B", "longName": "CAD", "displayName": "LF1_CAD-B", "displayNameLabel": "NAME"}, "removed": null}], "location": [{"current": {"type": "ROOM", "status": "REGULAR", "shortName": "E05", "longName": "E05 Erdetage", "displayName": "E05", "displayNameLabel": "NAME"}, "removed": null}], "teacher": [{"current": {"type": "TEACHER", "status": "REGULAR", "shortName": "ELBE", "longName": "Elberding", "displayName": "ELBE", "displayNameLabel": "NAME"}, "removed": null}], "cellState": "REGULAR", "date": "2025-07-18", "start": "2025-07-18T09:45", "end": "2025-07-18T11:15", "type": "NORMAL_TEACHING_PERIOD"}, {"classID": 1111, "schoolID": "2248000", "subject": [{"current": {"type": "SUBJECT", "status": "REGULAR", "shortName": "ENG", "longName": "Englisch", "displayName": "ENG", "displayNameLabel": "NAME"}, "removed": null}], "location": [{"current": {"type": "ROOM", "status": "REGULAR", "shortName": "104", "longName": "104 -1 Etage -", "displayName": "104", "displayNameLabel": "NAME"}, "removed": null}], "teacher": [{"current": {"type": "TEACHER", "status": "REGULAR", "shortName": "BAAL", "longName": "van Baal", "displayName": "BAAL", "displayNameLabel": "NAME"}, "removed": null}], "cellState": "REGULAR", "date": "2025-07-18", "start": "2025-07-18T09:45", "end": "2025-07-18T11:15", "type": "NORMAL_TEACHING_PERIOD"}, {"classID": 1111, "schoolID": "2248000", "subject": [{"current": {"type": "SUBJECT", "status": "REGULAR", "shortName": "MAT", "longName": "Mathematik", "displayName": "MAT", "displayNameLabel": "NAME"}, "removed": null}], "location": [{"current": {"type": "ROOM", "status": "REGULAR", "shortName": "104", "longName": "104 -1 Etage -", "displayName": "104", "displayNameLabel": "NAME"}, "removed": null}], "teacher": [{"current": {"type": "TEACHER", "status": "REGULAR", "shortName": "PETC", "longName": "Petersen", "displayName": "PETC", "displayNameLabel": "NAME"}, "removed": null}], "cellState": "REGULAR", "date": "2025-07-18", "start": "2025-07-18T11:45", "end": "2025-07-18T13:15", "type": "NORMAL_TEACHING_PERIOD"}, {"classID": 1099, "schoolID": "2248000", "subject": [{"current": {"type": "SUBJECT", "status": "REGULAR", "shortName": "DEU", "longName": "Deutsch", "displayName": "DEU", "displayNameLabel": "NAME"}, "removed": null}], "location": [{"current": {"type": "ROOM", "status": "REGULAR", "shortName": "109", "longName": "109 -1 Etage -", "displayName": "109", "displayNameLabel": "NAME"}, "removed": null}], "teacher": [{"current": {"type": "TEACHER", "status": "REGULAR", "shortName": "HUEM", "longName": "Huemer", "displayName": "HUEM", "displayNameLabel": "NAME"}, "removed": null}], "cellState": "REGULAR", "date": "2025-07-18", "start": "2025-07-18T11:45", "end": "2025-07-18T13:15", "type": "EXAM"}, {"classID": 1099, "schoolID": "2248000", "subject": [{"current": {"type": "SUBJECT", "status": "REGULAR", "shortName": "S-E", "longName": "St\u00fctzkurs Englisch", "displayName": "S-E", "displayNameLabel": "NAME"}, "removed": null}], "location": [{"current": {"type": "ROOM", "status": "REGULAR", "shortName": "109", "longName": "109 -1 Etage -", "displayName": "109", "displayNameLabel": "NAME"}, "removed": null}], "teacher": [{"current": {"type": "TEACHER", "status": "REGULAR", "shortName": "SAGI", "longName": "Sagitz", "displayName": "SAGI", "displayNameLabel": "NAME"}, "removed": null}], "cellState": "REGULAR", "date": "2025-07-18", "start": "2025-07-18T13:30", "end": "2025-07-18T15:00", "type": "NORMAL_TEACHING_PERIOD"}, {"classID": 1105, "schoolID": "2248000", "subject": [{"current": {"type": "SUBJECT", "status": "REGULAR", "shortName": "LF4 KON", "longName": "LF4 KON", "displayName": "LF4 KON", "displayNameLabel": "NAME"}, "removed": null}], "location": [{"current": {"type": "ROOM", "status": "REGULAR", "shortName": "E04", "longName": "E04 Erdetage", "displayName": "E04", "displayNameLabel": "NAME"}, "removed": null}], "teacher": [{"current": {"type": "TEACHER", "status": "REGULAR", "shortName": "GROE", "longName": "Groer", "displayName": "GROE", "displayNameLabel": "NAME"}, "removed": null}], "cellState": "REGULAR", "date": "2025-07-18", "start": "2025-07-18T09:45", "end": "2025-07-18T11:15", "type": "NORMAL_TEACHING_PERIOD"}, {"classID": 1105, "schoolID": "2248000", "subject": [{"current": {"type": "SUBJECT", "status": "REGULAR", "shortName": "MAT", "longName": "Mathematik", "displayName": "MAT", "displayNameLabel": "NAME"}, "removed": null}], "location": [{"current": {"type": "ROOM", "status": "REGULAR", "shortName": "E04", "longName": "E04 Erdetage", "displayName": "E04", "displayNameLabel": "NAME"}, "removed": null}], "teacher": [{"current": {"type": "TEACHER", "status": "REGULAR", "shortName": "ROHL", "longName": "Rohlf", "displayName": "ROHL", "displayNameLabel": "NAME"}, "removed": null}], "cellState": "REGULAR", "date": "2025-07-18", "start": "2025-07-18T11:45", "end": "2025-07-18T13:15", "type": "NORMAL_TEACHING_PERIOD"}, {"classID": 1105, "schoolID": "2248000", "subject": [{"current": {"type": "SUBJECT", "status": "REGULAR", "shortName": "S-M", "longName": "St\u00fctzkurs Mathematik", "displayName": "S-M", "displayNameLabel": "NAME"}, "removed": null}], "location": [{"current": {"type": "ROOM", "status": "REGULAR", "shortName": "E04", "longName": "E04 Erdetage", "displayName": "E04", "displayNameLabel": "NAME"}, "removed": null}], "teacher": [{"current": {"type": "TEACHER", "status": "REGULAR", "shortName": "VOSS", "longName": "Voss", "displayName": "VOSS", "displayNameLabel": "NAME"}, "removed": null}], "cellState": "REGULAR", "date": "2025-07-18", "start": "2025-07-18T13:30", "end": "2025-07-18T15:00", "type": "NORMAL_TEACHING_PERIOD"}, {"classID": 1108, "schoolID": "2248000", "subject": [{"current": {"type": "SUBJECT", "status": "REGULAR", "shortName": "LF4 FMA", "longName": "LF4 FMA", "displayName": "LF4 FMA", "displayNameLabel": "NAME"}, "removed": null}], "location": [{"current": {"type": "ROOM", "status": "REGULAR", "shortName": "ABZ", "longName": "Ausbildungszentum", "displayName": "ABZ", "displayNameLabel": "NAME"}, "removed": null}], "teacher": [{"current": {"type": "TEACHER", "status": "REGULAR", "shortName": "BECH", "longName": "BECH", "displayName": "BECH", "displayNameLabel": "NAME"}, "removed": null}], "cellState": "REGULAR", "date": "2025-07-18", "start": "2025-07-18T08:00", "end": "2025-07-18T11:15", "type": "NORMAL_TEACHING_PERIOD"}, {"classID": 1108, "schoolID": "2248000", "subject": [{"current": {"type": "SUBJECT", "status": "REGULAR", "shortName": "LF4 FMA", "longName": "LF4 FMA", "displayName": "LF4 FMA", "displayNameLabel": "NAME"}, "removed": null}], "location": [{"current": {"type": "ROOM", "status": "REGULAR", "shortName": "ABZ", "longName": "Ausbildungszentum", "displayName": "ABZ", "displayNameLabel": "NAME"}, "removed": null}], "teacher": [{"current": {"type": "TEACHER", "status": "REGULAR", "shortName": "BECH", "longName": "BECH", "displayName": "BECH", "displayNameLabel": "NAME"}, "removed": null}], "cellState": "REGULAR", "date": "2025-07-18", "start": "2025-07-18T11:45", "end": "2025-07-18T13:15", "type": "NORMAL_TEACHING_PERIOD"}]