[{"classID": 560, "schoolID": "2227700", "subject": [{"current": {"type": "SUBJECT", "status": "REGULAR", "shortName": "GW", "longName": "Gesellschaftswissenschaften", "displayName": "GW", "displayNameLabel": "NAME"}, "removed": null}], "location": [{"current": {"type": "ROOM", "status": "REGULAR", "shortName": "OG 22", "longName": "Klassenraum 10b", "displayName": "OG 22", "displayNameLabel": "NAME"}, "removed": null}], "teacher": [{"current": {"type": "TEACHER", "status": "REGULAR", "shortName": "BARTH", "longName": "Barth", "displayName": "BARTH", "displayNameLabel": "NAME"}, "removed": null}], "cellState": "REGULAR", "date": "2025-07-18", "start": "2025-07-18T09:50", "end": "2025-07-18T11:20", "type": "NORMAL_TEACHING_PERIOD"}, {"classID": 560, "schoolID": "2227700", "subject": [{"current": {"type": "SUBJECT", "status": "REGULAR", "shortName": "BO Ber", "longName": "BO Ber", "displayName": "BO Ber", "displayNameLabel": "NAME"}, "removed": null}], "location": [{"current": {"type": "ROOM", "status": "REGULAR", "shortName": "EG 02", "longName": "Beratungszimmer", "displayName": "EG 02", "displayNameLabel": "NAME"}, "removed": null}], "teacher": [{"current": {"type": "TEACHER", "status": "REGULAR", "shortName": "ZIMM", "longName": "Zimmermann", "displayName": "ZIMM", "displayNameLabel": "NAME"}, "removed": null}], "cellState": "REGULAR", "date": "2025-07-18", "start": "2025-07-18T11:40", "end": "2025-07-18T12:25", "type": "NORMAL_TEACHING_PERIOD"}, {"classID": 563, "schoolID": "2227700", "subject": [{"current": {"type": "SUBJECT", "status": "REGULAR", "shortName": "Sp", "longName": "Sport", "displayName": "Sp", "displayNameLabel": "NAME"}, "removed": null}], "location": [{"current": {"type": "ROOM", "status": "REGULAR", "shortName": "Sport2", "longName": "Sporthalle 2", "displayName": "Sport2", "displayNameLabel": "NAME"}, "removed": null}], "teacher": [{"current": {"type": "TEACHER", "status": "REGULAR", "shortName": "B\u00d6HM", "longName": "B\u00f6hmann-Volz", "displayName": "B\u00d6HM", "displayNameLabel": "NAME"}, "removed": null}], "cellState": "REGULAR", "date": "2025-07-18", "start": "2025-07-18T09:50", "end": "2025-07-18T11:20", "type": "NORMAL_TEACHING_PERIOD"}, {"classID": 563, "schoolID": "2227700", "subject": [{"current": {"type": "SUBJECT", "status": "REGULAR", "shortName": "BO Ber", "longName": "BO Ber", "displayName": "BO Ber", "displayNameLabel": "NAME"}, "removed": null}], "location": [{"current": {"type": "ROOM", "status": "REGULAR", "shortName": "EG 02", "longName": "Beratungszimmer", "displayName": "EG 02", "displayNameLabel": "NAME"}, "removed": null}], "teacher": [{"current": {"type": "TEACHER", "status": "REGULAR", "shortName": "ZIMM", "longName": "Zimmermann", "displayName": "ZIMM", "displayNameLabel": "NAME"}, "removed": null}], "cellState": "REGULAR", "date": "2025-07-18", "start": "2025-07-18T11:40", "end": "2025-07-18T12:25", "type": "NORMAL_TEACHING_PERIOD"}, {"classID": 497, "schoolID": "2227700", "subject": [{"current": {"type": "SUBJECT", "status": "REGULAR", "shortName": "M", "longName": "Mathematik", "displayName": "M", "displayNameLabel": "NAME"}, "removed": null}], "location": "", "teacher": [{"current": {"type": "TEACHER", "status": "REGULAR", "shortName": "K\u00dcN", "longName": "K\u00fcnzer", "displayName": "K\u00dcN", "displayNameLabel": "NAME"}, "removed": null}], "cellState": "REGULAR", "date": "2025-07-18", "start": "2025-07-18T08:00", "end": "2025-07-18T09:30", "type": "NORMAL_TEACHING_PERIOD"}, {"classID": 497, "schoolID": "2227700", "subject": [{"current": {"type": "SUBJECT", "status": "REGULAR", "shortName": "E", "longName": "Englisch", "displayName": "E", "displayNameLabel": "NAME"}, "removed": null}], "location": "", "teacher": [{"current": {"type": "TEACHER", "status": "REGULAR", "shortName": "ZIMM", "longName": "Zimmermann", "displayName": "ZIMM", "displayNameLabel": "NAME"}, "removed": null}], "cellState": "REGULAR", "date": "2025-07-18", "start": "2025-07-18T09:50", "end": "2025-07-18T10:35", "type": "NORMAL_TEACHING_PERIOD"}, {"classID": 497, "schoolID": "2227700", "subject": [{"current": {"type": "SUBJECT", "status": "REGULAR", "shortName": "LeO", "longName": "Lernorganisation", "displayName": "LeO", "displayNameLabel": "NAME"}, "removed": null}], "location": [{"current": {"type": "ROOM", "status": "REGULAR", "shortName": "EG 07", "longName": "Klassenraum 5a", "displayName": "EG 07", "displayNameLabel": "NAME"}, "removed": null}], "teacher": [{"current": {"type": "TEACHER", "status": "REGULAR", "shortName": "K\u00dcN", "longName": "K\u00fcnzer", "displayName": "K\u00dcN", "displayNameLabel": "NAME"}, "removed": null}], "cellState": "REGULAR", "date": "2025-07-18", "start": "2025-07-18T10:35", "end": "2025-07-18T11:20", "type": "NORMAL_TEACHING_PERIOD"}, {"classID": 497, "schoolID": "2227700", "subject": [{"current": {"type": "SUBJECT", "status": "REGULAR", "shortName": "AL 5-4", "longName": "AL 5-4", "displayName": "AL 5-4", "displayNameLabel": "NAME"}, "removed": null}], "location": "", "teacher": "", "cellState": "REGULAR", "date": "2025-07-18", "start": "2025-07-18T11:40", "end": "2025-07-18T13:10", "type": "NORMAL_TEACHING_PERIOD"}, {"classID": 497, "schoolID": "2227700", "subject": [{"current": {"type": "SUBJECT", "status": "REGULAR", "shortName": "AL 5-2", "longName": "AL 5-2", "displayName": "AL 5-2", "displayNameLabel": "NAME"}, "removed": null}], "location": [{"current": {"type": "ROOM", "status": "REGULAR", "shortName": "Werk1", "longName": "Werkraum 1", "displayName": "Werk1", "displayNameLabel": "NAME"}, "removed": null}], "teacher": [{"current": {"type": "TEACHER", "status": "REGULAR", "shortName": "BODE", "longName": "Bodewig", "displayName": "BODE", "displayNameLabel": "NAME"}, "removed": null}], "cellState": "REGULAR", "date": "2025-07-18", "start": "2025-07-18T11:40", "end": "2025-07-18T13:10", "type": "NORMAL_TEACHING_PERIOD"}, {"classID": 497, "schoolID": "2227700", "subject": [{"current": {"type": "SUBJECT", "status": "REGULAR", "shortName": "AL 5-3", "longName": "AL 5-3", "displayName": "AL 5-3", "displayNameLabel": "NAME"}, "removed": null}], "location": [{"current": {"type": "ROOM", "status": "REGULAR", "shortName": "K\u00fcche", "longName": "K\u00fcche", "displayName": "K\u00fcche", "displayNameLabel": "NAME"}, "removed": null}], "teacher": [{"current": {"type": "TEACHER", "status": "REGULAR", "shortName": "K\u00dcN", "longName": "K\u00fcnzer", "displayName": "K\u00dcN", "displayNameLabel": "NAME"}, "removed": null}], "cellState": "REGULAR", "date": "2025-07-18", "start": "2025-07-18T11:40", "end": "2025-07-18T13:10", "type": "NORMAL_TEACHING_PERIOD"}, {"classID": 497, "schoolID": "2227700", "subject": [{"current": {"type": "SUBJECT", "status": "REGULAR", "shortName": "AL 5-1", "longName": "Arbeitslehre Kl. 5", "displayName": "AL 5-1", "displayNameLabel": "NAME"}, "removed": null}], "location": [{"current": {"type": "ROOM", "status": "REGULAR", "shortName": "EG 07", "longName": "Klassenraum 5a", "displayName": "EG 07", "displayNameLabel": "NAME"}, "removed": null}], "teacher": [{"current": {"type": "TEACHER", "status": "REGULAR", "shortName": "Schu", "longName": "Schumacher", "displayName": "Schu", "displayNameLabel": "NAME"}, "removed": null}], "cellState": "REGULAR", "date": "2025-07-18", "start": "2025-07-18T11:40", "end": "2025-07-18T13:10", "type": "NORMAL_TEACHING_PERIOD"}, {"classID": 500, "schoolID": "2227700", "subject": [{"current": {"type": "SUBJECT", "status": "REGULAR", "shortName": "NW", "longName": "Naturwissenschaften", "displayName": "NW", "displayNameLabel": "NAME"}, "removed": null}], "location": [{"current": {"type": "ROOM", "status": "REGULAR", "shortName": "MINT 1", "longName": "Mintraum 1", "displayName": "MINT 1", "displayNameLabel": "NAME"}, "removed": null}], "teacher": [{"current": {"type": "TEACHER", "status": "REGULAR", "shortName": "PRE", "longName": "Pretor", "displayName": "PRE", "displayNameLabel": "NAME"}, "removed": null}], "cellState": "REGULAR", "date": "2025-07-18", "start": "2025-07-18T08:00", "end": "2025-07-18T08:45", "type": "NORMAL_TEACHING_PERIOD"}, {"classID": 500, "schoolID": "2227700", "subject": [{"current": {"type": "SUBJECT", "status": "REGULAR", "shortName": "NW", "longName": "Naturwissenschaften", "displayName": "NW", "displayNameLabel": "NAME"}, "removed": null}], "location": [{"current": {"type": "ROOM", "status": "REGULAR", "shortName": "MINT 2", "longName": "Mintraum 2", "displayName": "MINT 2", "displayNameLabel": "NAME"}, "removed": null}], "teacher": [{"current": {"type": "TEACHER", "status": "REGULAR", "shortName": "PRE", "longName": "Pretor", "displayName": "PRE", "displayNameLabel": "NAME"}, "removed": null}], "cellState": "REGULAR", "date": "2025-07-18", "start": "2025-07-18T08:45", "end": "2025-07-18T09:30", "type": "NORMAL_TEACHING_PERIOD"}, {"classID": 500, "schoolID": "2227700", "subject": [{"current": {"type": "SUBJECT", "status": "REGULAR", "shortName": "F", "longName": "Franz\u00f6sisch", "displayName": "F", "displayNameLabel": "NAME"}, "removed": null}], "location": [{"current": {"type": "ROOM", "status": "REGULAR", "shortName": "OG 08", "longName": "Klassenraum 6b", "displayName": "OG 08", "displayNameLabel": "NAME"}, "removed": null}], "teacher": [{"current": {"type": "TEACHER", "status": "REGULAR", "shortName": "B\u00c4R", "longName": "B\u00e4rmann", "displayName": "B\u00c4R", "displayNameLabel": "NAME"}, "removed": null}], "cellState": "REGULAR", "date": "2025-07-18", "start": "2025-07-18T09:50", "end": "2025-07-18T10:35", "type": "NORMAL_TEACHING_PERIOD"}, {"classID": 500, "schoolID": "2227700", "subject": [{"current": {"type": "SUBJECT", "status": "REGULAR", "shortName": "E", "longName": "Englisch", "displayName": "E", "displayNameLabel": "NAME"}, "removed": null}], "location": [{"current": {"type": "ROOM", "status": "REGULAR", "shortName": "OG 15", "longName": "DiffRaum", "displayName": "OG 15", "displayNameLabel": "NAME"}, "removed": null}], "teacher": [{"current": {"type": "TEACHER", "status": "REGULAR", "shortName": "SCHWA", "longName": "Schwarz", "displayName": "SCHWA", "displayNameLabel": "NAME"}, "removed": null}], "cellState": "REGULAR", "date": "2025-07-18", "start": "2025-07-18T09:50", "end": "2025-07-18T10:35", "type": "NORMAL_TEACHING_PERIOD"}, {"classID": 500, "schoolID": "2227700", "subject": [{"current": {"type": "SUBJECT", "status": "REGULAR", "shortName": "F", "longName": "Franz\u00f6sisch", "displayName": "F", "displayNameLabel": "NAME"}, "removed": null}], "location": [{"current": {"type": "ROOM", "status": "REGULAR", "shortName": "EG 08", "longName": "Klassenraum 5b", "displayName": "EG 08", "displayNameLabel": "NAME"}, "removed": null}], "teacher": [{"current": {"type": "TEACHER", "status": "REGULAR", "shortName": "B\u00c4R", "longName": "B\u00e4rmann", "displayName": "B\u00c4R", "displayNameLabel": "NAME"}, "removed": null}], "cellState": "REGULAR", "date": "2025-07-18", "start": "2025-07-18T10:35", "end": "2025-07-18T11:20", "type": "NORMAL_TEACHING_PERIOD"}, {"classID": 500, "schoolID": "2227700", "subject": [{"current": {"type": "SUBJECT", "status": "REGULAR", "shortName": "E", "longName": "Englisch", "displayName": "E", "displayNameLabel": "NAME"}, "removed": null}], "location": "", "teacher": [{"current": {"type": "TEACHER", "status": "REGULAR", "shortName": "SCHWA", "longName": "Schwarz", "displayName": "SCHWA", "displayNameLabel": "NAME"}, "removed": null}], "cellState": "REGULAR", "date": "2025-07-18", "start": "2025-07-18T10:35", "end": "2025-07-18T11:20", "type": "NORMAL_TEACHING_PERIOD"}, {"classID": 500, "schoolID": "2227700", "subject": [{"current": {"type": "SUBJECT", "status": "REGULAR", "shortName": "AL 5-4", "longName": "AL 5-4", "displayName": "AL 5-4", "displayNameLabel": "NAME"}, "removed": null}], "location": "", "teacher": "", "cellState": "REGULAR", "date": "2025-07-18", "start": "2025-07-18T11:40", "end": "2025-07-18T13:10", "type": "NORMAL_TEACHING_PERIOD"}, {"classID": 500, "schoolID": "2227700", "subject": [{"current": {"type": "SUBJECT", "status": "REGULAR", "shortName": "AL 5-2", "longName": "AL 5-2", "displayName": "AL 5-2", "displayNameLabel": "NAME"}, "removed": null}], "location": [{"current": {"type": "ROOM", "status": "REGULAR", "shortName": "Werk1", "longName": "Werkraum 1", "displayName": "Werk1", "displayNameLabel": "NAME"}, "removed": null}], "teacher": [{"current": {"type": "TEACHER", "status": "REGULAR", "shortName": "BODE", "longName": "Bodewig", "displayName": "BODE", "displayNameLabel": "NAME"}, "removed": null}], "cellState": "REGULAR", "date": "2025-07-18", "start": "2025-07-18T11:40", "end": "2025-07-18T13:10", "type": "NORMAL_TEACHING_PERIOD"}, {"classID": 500, "schoolID": "2227700", "subject": [{"current": {"type": "SUBJECT", "status": "REGULAR", "shortName": "AL 5-3", "longName": "AL 5-3", "displayName": "AL 5-3", "displayNameLabel": "NAME"}, "removed": null}], "location": [{"current": {"type": "ROOM", "status": "REGULAR", "shortName": "K\u00fcche", "longName": "K\u00fcche", "displayName": "K\u00fcche", "displayNameLabel": "NAME"}, "removed": null}], "teacher": [{"current": {"type": "TEACHER", "status": "REGULAR", "shortName": "K\u00dcN", "longName": "K\u00fcnzer", "displayName": "K\u00dcN", "displayNameLabel": "NAME"}, "removed": null}], "cellState": "REGULAR", "date": "2025-07-18", "start": "2025-07-18T11:40", "end": "2025-07-18T13:10", "type": "NORMAL_TEACHING_PERIOD"}, {"classID": 500, "schoolID": "2227700", "subject": [{"current": {"type": "SUBJECT", "status": "REGULAR", "shortName": "AL 5-1", "longName": "Arbeitslehre Kl. 5", "displayName": "AL 5-1", "displayNameLabel": "NAME"}, "removed": null}], "location": [{"current": {"type": "ROOM", "status": "REGULAR", "shortName": "EG 07", "longName": "Klassenraum 5a", "displayName": "EG 07", "displayNameLabel": "NAME"}, "removed": null}], "teacher": [{"current": {"type": "TEACHER", "status": "REGULAR", "shortName": "Schu", "longName": "Schumacher", "displayName": "Schu", "displayNameLabel": "NAME"}, "removed": null}], "cellState": "REGULAR", "date": "2025-07-18", "start": "2025-07-18T11:40", "end": "2025-07-18T13:10", "type": "NORMAL_TEACHING_PERIOD"}, {"classID": 503, "schoolID": "2227700", "subject": [{"current": {"type": "SUBJECT", "status": "REGULAR", "shortName": "E", "longName": "Englisch", "displayName": "E", "displayNameLabel": "NAME"}, "removed": null}], "location": "", "teacher": [{"current": {"type": "TEACHER", "status": "REGULAR", "shortName": "PILL", "longName": "Pillong", "displayName": "PILL", "displayNameLabel": "NAME"}, "removed": null}], "cellState": "REGULAR", "date": "2025-07-18", "start": "2025-07-18T08:00", "end": "2025-07-18T09:30", "type": "NORMAL_TEACHING_PERIOD"}, {"classID": 503, "schoolID": "2227700", "subject": [{"current": {"type": "SUBJECT", "status": "REGULAR", "shortName": "GW", "longName": "Gesellschaftswissenschaften", "displayName": "GW", "displayNameLabel": "NAME"}, "removed": null}], "location": "", "teacher": [{"current": {"type": "TEACHER", "status": "REGULAR", "shortName": "PILL", "longName": "Pillong", "displayName": "PILL", "displayNameLabel": "NAME"}, "removed": null}], "cellState": "REGULAR", "date": "2025-07-18", "start": "2025-07-18T09:50", "end": "2025-07-18T10:35", "type": "NORMAL_TEACHING_PERIOD"}, {"classID": 503, "schoolID": "2227700", "subject": [{"current": {"type": "SUBJECT", "status": "REGULAR", "shortName": "GW", "longName": "Gesellschaftswissenschaften", "displayName": "GW", "displayNameLabel": "NAME"}, "removed": null}], "location": [{"current": {"type": "ROOM", "status": "REGULAR", "shortName": "EG 09", "longName": "Klassenraum 7a", "displayName": "EG 09", "displayNameLabel": "NAME"}, "removed": null}], "teacher": [{"current": {"type": "TEACHER", "status": "REGULAR", "shortName": "PILL", "longName": "Pillong", "displayName": "PILL", "displayNameLabel": "NAME"}, "removed": null}], "cellState": "REGULAR", "date": "2025-07-18", "start": "2025-07-18T10:35", "end": "2025-07-18T11:20", "type": "NORMAL_TEACHING_PERIOD"}, {"classID": 503, "schoolID": "2227700", "subject": [{"current": {"type": "SUBJECT", "status": "REGULAR", "shortName": "M", "longName": "Mathematik", "displayName": "M", "displayNameLabel": "NAME"}, "removed": null}], "location": "", "teacher": [{"current": {"type": "TEACHER", "status": "REGULAR", "shortName": "BARTH", "longName": "Barth", "displayName": "BARTH", "displayNameLabel": "NAME"}, "removed": null}], "cellState": "REGULAR", "date": "2025-07-18", "start": "2025-07-18T11:40", "end": "2025-07-18T13:10", "type": "NORMAL_TEACHING_PERIOD"}, {"classID": 506, "schoolID": "2227700", "subject": [{"current": {"type": "SUBJECT", "status": "REGULAR", "shortName": "E", "longName": "Englisch", "displayName": "E", "displayNameLabel": "NAME"}, "removed": null}], "location": "", "teacher": [{"current": {"type": "TEACHER", "status": "REGULAR", "shortName": "SCHWA", "longName": "Schwarz", "displayName": "SCHWA", "displayNameLabel": "NAME"}, "removed": null}], "cellState": "REGULAR", "date": "2025-07-18", "start": "2025-07-18T08:00", "end": "2025-07-18T09:30", "type": "NORMAL_TEACHING_PERIOD"}, {"classID": 506, "schoolID": "2227700", "subject": [{"current": {"type": "SUBJECT", "status": "REGULAR", "shortName": "BK", "longName": "Bildende Kunst", "displayName": "BK", "displayNameLabel": "NAME"}, "removed": null}], "location": [{"current": {"type": "ROOM", "status": "REGULAR", "shortName": "EG 28", "longName": "BK Raum", "displayName": "EG 28", "displayNameLabel": "NAME"}, "removed": null}], "teacher": [{"current": {"type": "TEACHER", "status": "REGULAR", "shortName": "K\u00dcM", "longName": "K\u00fcman-Hoffstetter", "displayName": "K\u00dcM", "displayNameLabel": "NAME"}, "removed": null}], "cellState": "REGULAR", "date": "2025-07-18", "start": "2025-07-18T09:50", "end": "2025-07-18T11:20", "type": "NORMAL_TEACHING_PERIOD"}, {"classID": 506, "schoolID": "2227700", "subject": [{"current": {"type": "SUBJECT", "status": "REGULAR", "shortName": "F", "longName": "Franz\u00f6sisch", "displayName": "F", "displayNameLabel": "NAME"}, "removed": null}], "location": "", "teacher": [{"current": {"type": "TEACHER", "status": "REGULAR", "shortName": "B\u00c4R", "longName": "B\u00e4rmann", "displayName": "B\u00c4R", "displayNameLabel": "NAME"}, "removed": null}], "cellState": "REGULAR", "date": "2025-07-18", "start": "2025-07-18T11:40", "end": "2025-07-18T12:25", "type": "NORMAL_TEACHING_PERIOD"}, {"classID": 506, "schoolID": "2227700", "subject": [{"current": {"type": "SUBJECT", "status": "REGULAR", "shortName": "D", "longName": "Deutsch", "displayName": "D", "displayNameLabel": "NAME"}, "removed": null}], "location": "", "teacher": [{"current": {"type": "TEACHER", "status": "REGULAR", "shortName": "SCHWA", "longName": "Schwarz", "displayName": "SCHWA", "displayNameLabel": "NAME"}, "removed": null}], "cellState": "REGULAR", "date": "2025-07-18", "start": "2025-07-18T12:25", "end": "2025-07-18T13:10", "type": "NORMAL_TEACHING_PERIOD"}, {"classID": 509, "schoolID": "2227700", "subject": [{"current": {"type": "SUBJECT", "status": "REGULAR", "shortName": "M", "longName": "Mathematik", "displayName": "M", "displayNameLabel": "NAME"}, "removed": null}], "location": [{"current": {"type": "ROOM", "status": "REGULAR", "shortName": "EG 09", "longName": "Klassenraum 7a", "displayName": "EG 09", "displayNameLabel": "NAME"}, "removed": null}], "teacher": [{"current": {"type": "TEACHER", "status": "REGULAR", "shortName": "B\u00d6HM", "longName": "B\u00f6hmann-Volz", "displayName": "B\u00d6HM", "displayNameLabel": "NAME"}, "removed": null}], "cellState": "REGULAR", "date": "2025-07-18", "start": "2025-07-18T08:00", "end": "2025-07-18T08:45", "type": "NORMAL_TEACHING_PERIOD"}, {"classID": 509, "schoolID": "2227700", "subject": [{"current": {"type": "SUBJECT", "status": "REGULAR", "shortName": "Klassenrat", "longName": "Klassenrat", "displayName": "Klassenrat", "displayNameLabel": "NAME"}, "removed": null}], "location": [{"current": {"type": "ROOM", "status": "REGULAR", "shortName": "EG 09", "longName": "Klassenraum 7a", "displayName": "EG 09", "displayNameLabel": "NAME"}, "removed": null}], "teacher": [{"current": {"type": "TEACHER", "status": "REGULAR", "shortName": "BODE", "longName": "Bodewig", "displayName": "BODE", "displayNameLabel": "NAME"}, "removed": null}], "cellState": "REGULAR", "date": "2025-07-18", "start": "2025-07-18T08:45", "end": "2025-07-18T09:30", "type": "NORMAL_TEACHING_PERIOD"}, {"classID": 509, "schoolID": "2227700", "subject": [{"current": {"type": "SUBJECT", "status": "REGULAR", "shortName": "Bereit", "longName": "Bereitschaften", "displayName": "Bereit", "displayNameLabel": "NAME"}, "removed": null}], "location": "", "teacher": [{"current": {"type": "TEACHER", "status": "REGULAR", "shortName": "B\u00d6HM", "longName": "B\u00f6hmann-Volz", "displayName": "B\u00d6HM", "displayNameLabel": "NAME"}, "removed": null}], "cellState": "REGULAR", "date": "2025-07-18", "start": "2025-07-18T08:45", "end": "2025-07-18T09:30", "type": "STAND_BY_PERIOD"}, {"classID": 509, "schoolID": "2227700", "subject": [{"current": {"type": "SUBJECT", "status": "REGULAR", "shortName": "D", "longName": "Deutsch", "displayName": "D", "displayNameLabel": "NAME"}, "removed": null}], "location": [{"current": {"type": "ROOM", "status": "REGULAR", "shortName": "EG 09", "longName": "Klassenraum 7a", "displayName": "EG 09", "displayNameLabel": "NAME"}, "removed": null}], "teacher": [{"current": {"type": "TEACHER", "status": "REGULAR", "shortName": "BATY", "longName": "Batyko", "displayName": "BATY", "displayNameLabel": "NAME"}, "removed": null}], "cellState": "REGULAR", "date": "2025-07-18", "start": "2025-07-18T09:50", "end": "2025-07-18T10:35", "type": "NORMAL_TEACHING_PERIOD"}, {"classID": 509, "schoolID": "2227700", "subject": [{"current": {"type": "SUBJECT", "status": "REGULAR", "shortName": "NW", "longName": "Naturwissenschaften", "displayName": "NW", "displayNameLabel": "NAME"}, "removed": null}], "location": [{"current": {"type": "ROOM", "status": "REGULAR", "shortName": "MINT 2", "longName": "Mintraum 2", "displayName": "MINT 2", "displayNameLabel": "NAME"}, "removed": null}], "teacher": [{"current": {"type": "TEACHER", "status": "REGULAR", "shortName": "PRE", "longName": "Pretor", "displayName": "PRE", "displayNameLabel": "NAME"}, "removed": null}], "cellState": "REGULAR", "date": "2025-07-18", "start": "2025-07-18T10:35", "end": "2025-07-18T11:20", "type": "NORMAL_TEACHING_PERIOD"}, {"classID": 509, "schoolID": "2227700", "subject": [{"current": {"type": "SUBJECT", "status": "REGULAR", "shortName": "Inf", "longName": "Informatik", "displayName": "Inf", "displayNameLabel": "NAME"}, "removed": null}], "location": "", "teacher": [{"current": {"type": "TEACHER", "status": "REGULAR", "shortName": "GERB", "longName": "Gerbel", "displayName": "GERB", "displayNameLabel": "NAME"}, "removed": null}], "cellState": "REGULAR", "date": "2025-07-18", "start": "2025-07-18T11:40", "end": "2025-07-18T13:10", "type": "NORMAL_TEACHING_PERIOD"}, {"classID": 512, "schoolID": "2227700", "subject": [{"current": {"type": "SUBJECT", "status": "REGULAR", "shortName": "GW", "longName": "Gesellschaftswissenschaften", "displayName": "GW", "displayNameLabel": "NAME"}, "removed": null}], "location": [{"current": {"type": "ROOM", "status": "REGULAR", "shortName": "OG 18", "longName": "KLassenraum 7b", "displayName": "OG 18", "displayNameLabel": "NAME"}, "removed": null}], "teacher": [{"current": {"type": "TEACHER", "status": "REGULAR", "shortName": "BARTH", "longName": "Barth", "displayName": "BARTH", "displayNameLabel": "NAME"}, "removed": null}], "cellState": "REGULAR", "date": "2025-07-18", "start": "2025-07-18T08:00", "end": "2025-07-18T09:30", "type": "NORMAL_TEACHING_PERIOD"}, {"classID": 512, "schoolID": "2227700", "subject": [{"current": {"type": "SUBJECT", "status": "REGULAR", "shortName": "M", "longName": "Mathematik", "displayName": "M", "displayNameLabel": "NAME"}, "removed": null}], "location": [{"current": {"type": "ROOM", "status": "REGULAR", "shortName": "OG 18", "longName": "KLassenraum 7b", "displayName": "OG 18", "displayNameLabel": "NAME"}, "removed": null}], "teacher": [{"current": {"type": "TEACHER", "status": "REGULAR", "shortName": "GREHL", "longName": "Grehl", "displayName": "GREHL", "displayNameLabel": "NAME"}, "removed": null}], "cellState": "REGULAR", "date": "2025-07-18", "start": "2025-07-18T09:50", "end": "2025-07-18T10:35", "type": "NORMAL_TEACHING_PERIOD"}, {"classID": 512, "schoolID": "2227700", "subject": [{"current": {"type": "SUBJECT", "status": "REGULAR", "shortName": "Bereit", "longName": "Bereitschaften", "displayName": "Bereit", "displayNameLabel": "NAME"}, "removed": null}], "location": "", "teacher": [{"current": {"type": "TEACHER", "status": "REGULAR", "shortName": "K\u00dcN", "longName": "K\u00fcnzer", "displayName": "K\u00dcN", "displayNameLabel": "NAME"}, "removed": null}], "cellState": "REGULAR", "date": "2025-07-18", "start": "2025-07-18T09:50", "end": "2025-07-18T10:35", "type": "STAND_BY_PERIOD"}, {"classID": 512, "schoolID": "2227700", "subject": [{"current": {"type": "SUBJECT", "status": "REGULAR", "shortName": "D", "longName": "Deutsch", "displayName": "D", "displayNameLabel": "NAME"}, "removed": null}], "location": [{"current": {"type": "ROOM", "status": "REGULAR", "shortName": "OG 18", "longName": "KLassenraum 7b", "displayName": "OG 18", "displayNameLabel": "NAME"}, "removed": null}], "teacher": [{"current": {"type": "TEACHER", "status": "REGULAR", "shortName": "SCHULT", "longName": "Schulthei\u00df", "displayName": "SCHULT", "displayNameLabel": "NAME"}, "removed": null}], "cellState": "REGULAR", "date": "2025-07-18", "start": "2025-07-18T10:35", "end": "2025-07-18T11:20", "type": "NORMAL_TEACHING_PERIOD"}, {"classID": 512, "schoolID": "2227700", "subject": [{"current": {"type": "SUBJECT", "status": "REGULAR", "shortName": "E", "longName": "Englisch", "displayName": "E", "displayNameLabel": "NAME"}, "removed": null}], "location": [{"current": {"type": "ROOM", "status": "REGULAR", "shortName": "OG 18", "longName": "KLassenraum 7b", "displayName": "OG 18", "displayNameLabel": "NAME"}, "removed": null}], "teacher": [{"current": {"type": "TEACHER", "status": "REGULAR", "shortName": "PILL", "longName": "Pillong", "displayName": "PILL", "displayNameLabel": "NAME"}, "removed": null}], "cellState": "REGULAR", "date": "2025-07-18", "start": "2025-07-18T11:40", "end": "2025-07-18T13:10", "type": "NORMAL_TEACHING_PERIOD"}, {"classID": 524, "schoolID": "2227700", "subject": [{"current": {"type": "SUBJECT", "status": "REGULAR", "shortName": "E", "longName": "Englisch", "displayName": "E", "displayNameLabel": "NAME"}, "removed": null}], "location": [{"current": {"type": "ROOM", "status": "REGULAR", "shortName": "OG 24", "longName": "Klassenraum 8a", "displayName": "OG 24", "displayNameLabel": "NAME"}, "removed": null}], "teacher": [{"current": {"type": "TEACHER", "status": "REGULAR", "shortName": "ZIMM", "longName": "Zimmermann", "displayName": "ZIMM", "displayNameLabel": "NAME"}, "removed": null}], "cellState": "REGULAR", "date": "2025-07-18", "start": "2025-07-18T08:00", "end": "2025-07-18T09:30", "type": "NORMAL_TEACHING_PERIOD"}, {"classID": 524, "schoolID": "2227700", "subject": [{"current": {"type": "SUBJECT", "status": "REGULAR", "shortName": "D", "longName": "Deutsch", "displayName": "D", "displayNameLabel": "NAME"}, "removed": null}], "location": [{"current": {"type": "ROOM", "status": "REGULAR", "shortName": "OG 24", "longName": "Klassenraum 8a", "displayName": "OG 24", "displayNameLabel": "NAME"}, "removed": null}], "teacher": [{"current": {"type": "TEACHER", "status": "REGULAR", "shortName": "Schu", "longName": "Schumacher", "displayName": "Schu", "displayNameLabel": "NAME"}, "removed": null}], "cellState": "REGULAR", "date": "2025-07-18", "start": "2025-07-18T09:50", "end": "2025-07-18T11:20", "type": "NORMAL_TEACHING_PERIOD"}, {"classID": 524, "schoolID": "2227700", "subject": [{"current": {"type": "SUBJECT", "status": "REGULAR", "shortName": "GW", "longName": "Gesellschaftswissenschaften", "displayName": "GW", "displayNameLabel": "NAME"}, "removed": null}], "location": [{"current": {"type": "ROOM", "status": "REGULAR", "shortName": "OG 24", "longName": "Klassenraum 8a", "displayName": "OG 24", "displayNameLabel": "NAME"}, "removed": null}], "teacher": [{"current": {"type": "TEACHER", "status": "REGULAR", "shortName": "OLB", "longName": "Olbert", "displayName": "OLB", "displayNameLabel": "NAME"}, "removed": null}], "cellState": "REGULAR", "date": "2025-07-18", "start": "2025-07-18T11:40", "end": "2025-07-18T12:25", "type": "NORMAL_TEACHING_PERIOD"}, {"classID": 524, "schoolID": "2227700", "subject": [{"current": {"type": "SUBJECT", "status": "REGULAR", "shortName": "Klassenrat", "longName": "Klassenrat", "displayName": "Klassenrat", "displayNameLabel": "NAME"}, "removed": null}], "location": [{"current": {"type": "ROOM", "status": "REGULAR", "shortName": "OG 24", "longName": "Klassenraum 8a", "displayName": "OG 24", "displayNameLabel": "NAME"}, "removed": null}], "teacher": [{"current": {"type": "TEACHER", "status": "REGULAR", "shortName": "OLB", "longName": "Olbert", "displayName": "OLB", "displayNameLabel": "NAME"}, "removed": null}], "cellState": "REGULAR", "date": "2025-07-18", "start": "2025-07-18T12:25", "end": "2025-07-18T13:10", "type": "NORMAL_TEACHING_PERIOD"}, {"classID": 527, "schoolID": "2227700", "subject": [{"current": {"type": "SUBJECT", "status": "REGULAR", "shortName": "Inf", "longName": "Informatik", "displayName": "Inf", "displayNameLabel": "NAME"}, "removed": null}], "location": [{"current": {"type": "ROOM", "status": "REGULAR", "shortName": "OG 23", "longName": "Klassenraum 8b", "displayName": "OG 23", "displayNameLabel": "NAME"}, "removed": null}], "teacher": [{"current": {"type": "TEACHER", "status": "REGULAR", "shortName": "GREHL", "longName": "Grehl", "displayName": "GREHL", "displayNameLabel": "NAME"}, "removed": null}], "cellState": "REGULAR", "date": "2025-07-18", "start": "2025-07-18T08:00", "end": "2025-07-18T09:30", "type": "NORMAL_TEACHING_PERIOD"}, {"classID": 527, "schoolID": "2227700", "subject": [{"current": {"type": "SUBJECT", "status": "REGULAR", "shortName": "Doppel", "longName": "Doppelbesetzung", "displayName": "Doppel", "displayNameLabel": "NAME"}, "removed": null}], "location": "", "teacher": "", "cellState": "REGULAR", "date": "2025-07-18", "start": "2025-07-18T09:50", "end": "2025-07-18T11:20", "type": "NORMAL_TEACHING_PERIOD"}, {"classID": 527, "schoolID": "2227700", "subject": [{"current": {"type": "SUBJECT", "status": "REGULAR", "shortName": "M", "longName": "Mathematik", "displayName": "M", "displayNameLabel": "NAME"}, "removed": null}], "location": [{"current": {"type": "ROOM", "status": "REGULAR", "shortName": "OG 23", "longName": "Klassenraum 8b", "displayName": "OG 23", "displayNameLabel": "NAME"}, "removed": null}], "teacher": [{"current": {"type": "TEACHER", "status": "REGULAR", "shortName": "GERB", "longName": "Gerbel", "displayName": "GERB", "displayNameLabel": "NAME"}, "removed": null}], "cellState": "REGULAR", "date": "2025-07-18", "start": "2025-07-18T09:50", "end": "2025-07-18T11:20", "type": "NORMAL_TEACHING_PERIOD"}, {"classID": 527, "schoolID": "2227700", "subject": [{"current": {"type": "SUBJECT", "status": "REGULAR", "shortName": "Sp", "longName": "Sport", "displayName": "Sp", "displayNameLabel": "NAME"}, "removed": null}], "location": [{"current": {"type": "ROOM", "status": "REGULAR", "shortName": "Sport1", "longName": "Sporthalle 1", "displayName": "Sport1", "displayNameLabel": "NAME"}, "removed": null}], "teacher": [{"current": {"type": "TEACHER", "status": "REGULAR", "shortName": "B\u00d6HM", "longName": "B\u00f6hmann-Volz", "displayName": "B\u00d6HM", "displayNameLabel": "NAME"}, "removed": null}], "cellState": "REGULAR", "date": "2025-07-18", "start": "2025-07-18T11:40", "end": "2025-07-18T13:10", "type": "NORMAL_TEACHING_PERIOD"}, {"classID": 548, "schoolID": "2227700", "subject": [{"current": {"type": "SUBJECT", "status": "REGULAR", "shortName": "D", "longName": "Deutsch", "displayName": "D", "displayNameLabel": "NAME"}, "removed": null}], "location": [{"current": {"type": "ROOM", "status": "REGULAR", "shortName": "OG 20", "longName": "Klassenraum 9a", "displayName": "OG 20", "displayNameLabel": "NAME"}, "removed": null}], "teacher": [{"current": {"type": "TEACHER", "status": "REGULAR", "shortName": "STR", "longName": "Strau\u00df", "displayName": "STR", "displayNameLabel": "NAME"}, "removed": null}], "cellState": "REGULAR", "date": "2025-07-18", "start": "2025-07-18T08:45", "end": "2025-07-18T09:30", "type": "NORMAL_TEACHING_PERIOD"}, {"classID": 548, "schoolID": "2227700", "subject": [{"current": {"type": "SUBJECT", "status": "REGULAR", "shortName": "D", "longName": "Deutsch", "displayName": "D", "displayNameLabel": "NAME"}, "removed": null}], "location": [{"current": {"type": "ROOM", "status": "REGULAR", "shortName": "OG 20", "longName": "Klassenraum 9a", "displayName": "OG 20", "displayNameLabel": "NAME"}, "removed": null}], "teacher": [{"current": {"type": "TEACHER", "status": "REGULAR", "shortName": "STR", "longName": "Strau\u00df", "displayName": "STR", "displayNameLabel": "NAME"}, "removed": null}], "cellState": "REGULAR", "date": "2025-07-18", "start": "2025-07-18T09:50", "end": "2025-07-18T10:35", "type": "NORMAL_TEACHING_PERIOD"}, {"classID": 548, "schoolID": "2227700", "subject": [{"current": {"type": "SUBJECT", "status": "REGULAR", "shortName": "M", "longName": "Mathematik", "displayName": "M", "displayNameLabel": "NAME"}, "removed": null}], "location": "", "teacher": [{"current": {"type": "TEACHER", "status": "REGULAR", "shortName": "HAHN", "longName": "Hahn", "displayName": "HAHN", "displayNameLabel": "NAME"}, "removed": null}], "cellState": "REGULAR", "date": "2025-07-18", "start": "2025-07-18T11:40", "end": "2025-07-18T12:25", "type": "NORMAL_TEACHING_PERIOD"}, {"classID": 548, "schoolID": "2227700", "subject": [{"current": {"type": "SUBJECT", "status": "REGULAR", "shortName": "E", "longName": "Englisch", "displayName": "E", "displayNameLabel": "NAME"}, "removed": null}], "location": "", "teacher": [{"current": {"type": "TEACHER", "status": "REGULAR", "shortName": "ZIMM", "longName": "Zimmermann", "displayName": "ZIMM", "displayNameLabel": "NAME"}, "removed": null}], "cellState": "REGULAR", "date": "2025-07-18", "start": "2025-07-18T12:25", "end": "2025-07-18T13:10", "type": "NORMAL_TEACHING_PERIOD"}, {"classID": 551, "schoolID": "2227700", "subject": [{"current": {"type": "SUBJECT", "status": "REGULAR", "shortName": "D", "longName": "Deutsch", "displayName": "D", "displayNameLabel": "NAME"}, "removed": null}], "location": [{"current": {"type": "ROOM", "status": "REGULAR", "shortName": "OG 19", "longName": "Klassenraum 9b", "displayName": "OG 19", "displayNameLabel": "NAME"}, "removed": null}], "teacher": [{"current": {"type": "TEACHER", "status": "REGULAR", "shortName": "BATY", "longName": "Batyko", "displayName": "BATY", "displayNameLabel": "NAME"}, "removed": null}], "cellState": "REGULAR", "date": "2025-07-18", "start": "2025-07-18T08:45", "end": "2025-07-18T09:30", "type": "NORMAL_TEACHING_PERIOD"}, {"classID": 551, "schoolID": "2227700", "subject": [{"current": {"type": "SUBJECT", "status": "REGULAR", "shortName": "Ph", "longName": "Physik", "displayName": "Ph", "displayNameLabel": "NAME"}, "removed": null}], "location": [{"current": {"type": "ROOM", "status": "REGULAR", "shortName": "MINT 2", "longName": "Mintraum 2", "displayName": "MINT 2", "displayNameLabel": "NAME"}, "removed": null}], "teacher": [{"current": {"type": "TEACHER", "status": "REGULAR", "shortName": "FUHR", "longName": "Fuhrmann", "displayName": "FUHR", "displayNameLabel": "NAME"}, "removed": null}], "cellState": "REGULAR", "date": "2025-07-18", "start": "2025-07-18T09:50", "end": "2025-07-18T10:35", "type": "NORMAL_TEACHING_PERIOD"}, {"classID": 551, "schoolID": "2227700", "subject": [{"current": {"type": "SUBJECT", "status": "REGULAR", "shortName": "E", "longName": "Englisch", "displayName": "E", "displayNameLabel": "NAME"}, "removed": null}], "location": [{"current": {"type": "ROOM", "status": "REGULAR", "shortName": "OG 19", "longName": "Klassenraum 9b", "displayName": "OG 19", "displayNameLabel": "NAME"}, "removed": null}], "teacher": [{"current": {"type": "TEACHER", "status": "REGULAR", "shortName": "MEY", "longName": "Meyer", "displayName": "MEY", "displayNameLabel": "NAME"}, "removed": null}], "cellState": "REGULAR", "date": "2025-07-18", "start": "2025-07-18T11:40", "end": "2025-07-18T13:10", "type": "NORMAL_TEACHING_PERIOD"}, {"classID": 554, "schoolID": "2227700", "subject": [{"current": {"type": "SUBJECT", "status": "REGULAR", "shortName": "M", "longName": "Mathematik", "displayName": "M", "displayNameLabel": "NAME"}, "removed": null}], "location": [{"current": {"type": "ROOM", "status": "REGULAR", "shortName": "OG 21", "longName": "Klassenraum 9c", "displayName": "OG 21", "displayNameLabel": "NAME"}, "removed": null}], "teacher": [{"current": {"type": "TEACHER", "status": "REGULAR", "shortName": "HAHN", "longName": "Hahn", "displayName": "HAHN", "displayNameLabel": "NAME"}, "removed": null}], "cellState": "REGULAR", "date": "2025-07-18", "start": "2025-07-18T08:45", "end": "2025-07-18T09:30", "type": "NORMAL_TEACHING_PERIOD"}, {"classID": 554, "schoolID": "2227700", "subject": [{"current": {"type": "SUBJECT", "status": "REGULAR", "shortName": "M", "longName": "Mathematik", "displayName": "M", "displayNameLabel": "NAME"}, "removed": null}], "location": [{"current": {"type": "ROOM", "status": "REGULAR", "shortName": "OG 21", "longName": "Klassenraum 9c", "displayName": "OG 21", "displayNameLabel": "NAME"}, "removed": null}], "teacher": [{"current": {"type": "TEACHER", "status": "REGULAR", "shortName": "HAHN", "longName": "Hahn", "displayName": "HAHN", "displayNameLabel": "NAME"}, "removed": null}], "cellState": "REGULAR", "date": "2025-07-18", "start": "2025-07-18T09:50", "end": "2025-07-18T10:35", "type": "NORMAL_TEACHING_PERIOD"}, {"classID": 554, "schoolID": "2227700", "subject": [{"current": {"type": "SUBJECT", "status": "REGULAR", "shortName": "D", "longName": "Deutsch", "displayName": "D", "displayNameLabel": "NAME"}, "removed": null}], "location": [{"current": {"type": "ROOM", "status": "REGULAR", "shortName": "OG 21", "longName": "Klassenraum 9c", "displayName": "OG 21", "displayNameLabel": "NAME"}, "removed": null}], "teacher": [{"current": {"type": "TEACHER", "status": "REGULAR", "shortName": "BATY", "longName": "Batyko", "displayName": "BATY", "displayNameLabel": "NAME"}, "removed": null}], "cellState": "REGULAR", "date": "2025-07-18", "start": "2025-07-18T11:40", "end": "2025-07-18T13:10", "type": "NORMAL_TEACHING_PERIOD"}, {"classID": 557, "schoolID": "2227700", "subject": [{"current": {"type": "SUBJECT", "status": "REGULAR", "shortName": "Ph", "longName": "Physik", "displayName": "Ph", "displayNameLabel": "NAME"}, "removed": null}], "location": "", "teacher": "", "cellState": "REGULAR", "date": "2025-07-18", "start": "2025-07-18T08:45", "end": "2025-07-18T09:30", "type": "NORMAL_TEACHING_PERIOD"}, {"classID": 557, "schoolID": "2227700", "subject": [{"current": {"type": "SUBJECT", "status": "REGULAR", "shortName": "E", "longName": "Englisch", "displayName": "E", "displayNameLabel": "NAME"}, "removed": null}], "location": "", "teacher": "", "cellState": "REGULAR", "date": "2025-07-18", "start": "2025-07-18T09:50", "end": "2025-07-18T10:35", "type": "NORMAL_TEACHING_PERIOD"}, {"classID": 557, "schoolID": "2227700", "subject": [{"current": {"type": "SUBJECT", "status": "REGULAR", "shortName": "E", "longName": "Englisch", "displayName": "E", "displayNameLabel": "NAME"}, "removed": null}], "location": "", "teacher": "", "cellState": "REGULAR", "date": "2025-07-18", "start": "2025-07-18T11:40", "end": "2025-07-18T12:25", "type": "NORMAL_TEACHING_PERIOD"}, {"classID": 557, "schoolID": "2227700", "subject": [{"current": {"type": "SUBJECT", "status": "REGULAR", "shortName": "M", "longName": "Mathematik", "displayName": "M", "displayNameLabel": "NAME"}, "removed": null}], "location": "", "teacher": "", "cellState": "REGULAR", "date": "2025-07-18", "start": "2025-07-18T12:25", "end": "2025-07-18T13:10", "type": "NORMAL_TEACHING_PERIOD"}, {"classID": 539, "schoolID": "2227700", "subject": [{"current": {"type": "SUBJECT", "status": "REGULAR", "shortName": "BO Ber", "longName": "BO Ber", "displayName": "BO Ber", "displayNameLabel": "NAME"}, "removed": null}], "location": [{"current": {"type": "ROOM", "status": "REGULAR", "shortName": "EG 02", "longName": "Beratungszimmer", "displayName": "EG 02", "displayNameLabel": "NAME"}, "removed": null}], "teacher": [{"current": {"type": "TEACHER", "status": "REGULAR", "shortName": "Schu", "longName": "Schumacher", "displayName": "Schu", "displayNameLabel": "NAME"}, "removed": null}], "cellState": "REGULAR", "date": "2025-07-18", "start": "2025-07-18T08:00", "end": "2025-07-18T09:30", "type": "NORMAL_TEACHING_PERIOD"}, {"classID": 539, "schoolID": "2227700", "subject": [{"current": {"type": "SUBJECT", "status": "REGULAR", "shortName": "BK", "longName": "Bildende Kunst", "displayName": "BK", "displayNameLabel": "NAME"}, "removed": null}], "location": [{"current": {"type": "ROOM", "status": "REGULAR", "shortName": "EG 28", "longName": "BK Raum", "displayName": "EG 28", "displayNameLabel": "NAME"}, "removed": null}], "teacher": [{"current": {"type": "TEACHER", "status": "REGULAR", "shortName": "STR", "longName": "Strau\u00df", "displayName": "STR", "displayNameLabel": "NAME"}, "removed": null}], "cellState": "REGULAR", "date": "2025-07-18", "start": "2025-07-18T08:00", "end": "2025-07-18T08:45", "type": "NORMAL_TEACHING_PERIOD"}, {"classID": 539, "schoolID": "2227700", "subject": [{"current": {"type": "SUBJECT", "status": "REGULAR", "shortName": "Ethik 1", "longName": "Ethik 1", "displayName": "Ethik 1", "displayNameLabel": "NAME"}, "removed": null}], "location": "", "teacher": [{"current": {"type": "TEACHER", "status": "REGULAR", "shortName": "BATY", "longName": "Batyko", "displayName": "BATY", "displayNameLabel": "NAME"}, "removed": null}], "cellState": "REGULAR", "date": "2025-07-18", "start": "2025-07-18T10:35", "end": "2025-07-18T11:20", "type": "NORMAL_TEACHING_PERIOD"}, {"classID": 539, "schoolID": "2227700", "subject": [{"current": {"type": "SUBJECT", "status": "REGULAR", "shortName": "KRel 1", "longName": "Kath. Religion Kurs 1", "displayName": "KRel 1", "displayNameLabel": "NAME"}, "removed": null}], "location": [{"current": {"type": "ROOM", "status": "REGULAR", "shortName": "OG 20", "longName": "Klassenraum 9a", "displayName": "OG 20", "displayNameLabel": "NAME"}, "removed": null}], "teacher": [{"current": {"type": "TEACHER", "status": "REGULAR", "shortName": "BODE", "longName": "Bodewig", "displayName": "BODE", "displayNameLabel": "NAME"}, "removed": null}], "cellState": "REGULAR", "date": "2025-07-18", "start": "2025-07-18T10:35", "end": "2025-07-18T11:20", "type": "NORMAL_TEACHING_PERIOD"}, {"classID": 539, "schoolID": "2227700", "subject": [{"current": {"type": "SUBJECT", "status": "REGULAR", "shortName": "Ethik 2", "longName": "Ethik 2", "displayName": "Ethik 2", "displayNameLabel": "NAME"}, "removed": null}], "location": [{"current": {"type": "ROOM", "status": "REGULAR", "shortName": "OG 21", "longName": "Klassenraum 9c", "displayName": "OG 21", "displayNameLabel": "NAME"}, "removed": null}], "teacher": [{"current": {"type": "TEACHER", "status": "REGULAR", "shortName": "GRO", "longName": "Grotehusmann", "displayName": "GRO", "displayNameLabel": "NAME"}, "removed": null}], "cellState": "REGULAR", "date": "2025-07-18", "start": "2025-07-18T10:35", "end": "2025-07-18T11:20", "type": "NORMAL_TEACHING_PERIOD"}, {"classID": 542, "schoolID": "2227700", "subject": [{"current": {"type": "SUBJECT", "status": "REGULAR", "shortName": "BO Ber", "longName": "BO Ber", "displayName": "BO Ber", "displayNameLabel": "NAME"}, "removed": null}], "location": [{"current": {"type": "ROOM", "status": "REGULAR", "shortName": "EG 02", "longName": "Beratungszimmer", "displayName": "EG 02", "displayNameLabel": "NAME"}, "removed": null}], "teacher": [{"current": {"type": "TEACHER", "status": "REGULAR", "shortName": "Schu", "longName": "Schumacher", "displayName": "Schu", "displayNameLabel": "NAME"}, "removed": null}], "cellState": "REGULAR", "date": "2025-07-18", "start": "2025-07-18T08:00", "end": "2025-07-18T09:30", "type": "NORMAL_TEACHING_PERIOD"}, {"classID": 542, "schoolID": "2227700", "subject": [{"current": {"type": "SUBJECT", "status": "REGULAR", "shortName": "GW", "longName": "Gesellschaftswissenschaften", "displayName": "GW", "displayNameLabel": "NAME"}, "removed": null}], "location": "", "teacher": [{"current": {"type": "TEACHER", "status": "REGULAR", "shortName": "BATY", "longName": "Batyko", "displayName": "BATY", "displayNameLabel": "NAME"}, "removed": null}], "cellState": "REGULAR", "date": "2025-07-18", "start": "2025-07-18T08:00", "end": "2025-07-18T08:45", "type": "NORMAL_TEACHING_PERIOD"}, {"classID": 542, "schoolID": "2227700", "subject": [{"current": {"type": "SUBJECT", "status": "REGULAR", "shortName": "Ethik 1", "longName": "Ethik 1", "displayName": "Ethik 1", "displayNameLabel": "NAME"}, "removed": null}], "location": "", "teacher": [{"current": {"type": "TEACHER", "status": "REGULAR", "shortName": "BATY", "longName": "Batyko", "displayName": "BATY", "displayNameLabel": "NAME"}, "removed": null}], "cellState": "REGULAR", "date": "2025-07-18", "start": "2025-07-18T10:35", "end": "2025-07-18T11:20", "type": "NORMAL_TEACHING_PERIOD"}, {"classID": 542, "schoolID": "2227700", "subject": [{"current": {"type": "SUBJECT", "status": "REGULAR", "shortName": "KRel 1", "longName": "Kath. Religion Kurs 1", "displayName": "KRel 1", "displayNameLabel": "NAME"}, "removed": null}], "location": [{"current": {"type": "ROOM", "status": "REGULAR", "shortName": "OG 20", "longName": "Klassenraum 9a", "displayName": "OG 20", "displayNameLabel": "NAME"}, "removed": null}], "teacher": [{"current": {"type": "TEACHER", "status": "REGULAR", "shortName": "BODE", "longName": "Bodewig", "displayName": "BODE", "displayNameLabel": "NAME"}, "removed": null}], "cellState": "REGULAR", "date": "2025-07-18", "start": "2025-07-18T10:35", "end": "2025-07-18T11:20", "type": "NORMAL_TEACHING_PERIOD"}, {"classID": 542, "schoolID": "2227700", "subject": [{"current": {"type": "SUBJECT", "status": "REGULAR", "shortName": "Ethik 2", "longName": "Ethik 2", "displayName": "Ethik 2", "displayNameLabel": "NAME"}, "removed": null}], "location": [{"current": {"type": "ROOM", "status": "REGULAR", "shortName": "OG 21", "longName": "Klassenraum 9c", "displayName": "OG 21", "displayNameLabel": "NAME"}, "removed": null}], "teacher": [{"current": {"type": "TEACHER", "status": "REGULAR", "shortName": "GRO", "longName": "Grotehusmann", "displayName": "GRO", "displayNameLabel": "NAME"}, "removed": null}], "cellState": "REGULAR", "date": "2025-07-18", "start": "2025-07-18T10:35", "end": "2025-07-18T11:20", "type": "NORMAL_TEACHING_PERIOD"}, {"classID": 545, "schoolID": "2227700", "subject": [{"current": {"type": "SUBJECT", "status": "REGULAR", "shortName": "BK", "longName": "Bildende Kunst", "displayName": "BK", "displayNameLabel": "NAME"}, "removed": null}], "location": [{"current": {"type": "ROOM", "status": "REGULAR", "shortName": "EG 11", "longName": "DiffRaum", "displayName": "EG 11", "displayNameLabel": "NAME"}, "removed": null}], "teacher": [{"current": {"type": "TEACHER", "status": "REGULAR", "shortName": "MEY", "longName": "Meyer", "displayName": "MEY", "displayNameLabel": "NAME"}, "removed": null}], "cellState": "REGULAR", "date": "2025-07-18", "start": "2025-07-18T08:00", "end": "2025-07-18T08:45", "type": "NORMAL_TEACHING_PERIOD"}, {"classID": 545, "schoolID": "2227700", "subject": [{"current": {"type": "SUBJECT", "status": "REGULAR", "shortName": "Ethik 1", "longName": "Ethik 1", "displayName": "Ethik 1", "displayNameLabel": "NAME"}, "removed": null}], "location": "", "teacher": [{"current": {"type": "TEACHER", "status": "REGULAR", "shortName": "BATY", "longName": "Batyko", "displayName": "BATY", "displayNameLabel": "NAME"}, "removed": null}], "cellState": "REGULAR", "date": "2025-07-18", "start": "2025-07-18T10:35", "end": "2025-07-18T11:20", "type": "NORMAL_TEACHING_PERIOD"}, {"classID": 545, "schoolID": "2227700", "subject": [{"current": {"type": "SUBJECT", "status": "REGULAR", "shortName": "KRel 1", "longName": "Kath. Religion Kurs 1", "displayName": "KRel 1", "displayNameLabel": "NAME"}, "removed": null}], "location": [{"current": {"type": "ROOM", "status": "REGULAR", "shortName": "OG 20", "longName": "Klassenraum 9a", "displayName": "OG 20", "displayNameLabel": "NAME"}, "removed": null}], "teacher": [{"current": {"type": "TEACHER", "status": "REGULAR", "shortName": "BODE", "longName": "Bodewig", "displayName": "BODE", "displayNameLabel": "NAME"}, "removed": null}], "cellState": "REGULAR", "date": "2025-07-18", "start": "2025-07-18T10:35", "end": "2025-07-18T11:20", "type": "NORMAL_TEACHING_PERIOD"}, {"classID": 545, "schoolID": "2227700", "subject": [{"current": {"type": "SUBJECT", "status": "REGULAR", "shortName": "Ethik 2", "longName": "Ethik 2", "displayName": "Ethik 2", "displayNameLabel": "NAME"}, "removed": null}], "location": [{"current": {"type": "ROOM", "status": "REGULAR", "shortName": "OG 21", "longName": "Klassenraum 9c", "displayName": "OG 21", "displayNameLabel": "NAME"}, "removed": null}], "teacher": [{"current": {"type": "TEACHER", "status": "REGULAR", "shortName": "GRO", "longName": "Grotehusmann", "displayName": "GRO", "displayNameLabel": "NAME"}, "removed": null}], "cellState": "REGULAR", "date": "2025-07-18", "start": "2025-07-18T10:35", "end": "2025-07-18T11:20", "type": "NORMAL_TEACHING_PERIOD"}, {"classID": 566, "schoolID": "2227700", "subject": [{"current": {"type": "SUBJECT", "status": "REGULAR", "shortName": "M", "longName": "Mathematik", "displayName": "M", "displayNameLabel": "NAME"}, "removed": null}], "location": [{"current": {"type": "ROOM", "status": "REGULAR", "shortName": "OG 22", "longName": "Klassenraum 10b", "displayName": "OG 22", "displayNameLabel": "NAME"}, "removed": null}], "teacher": [{"current": {"type": "TEACHER", "status": "REGULAR", "shortName": "FUHR", "longName": "Fuhrmann", "displayName": "FUHR", "displayNameLabel": "NAME"}, "removed": null}], "cellState": "REGULAR", "date": "2025-07-18", "start": "2025-07-18T08:00", "end": "2025-07-18T08:45", "type": "NORMAL_TEACHING_PERIOD"}, {"classID": 566, "schoolID": "2227700", "subject": [{"current": {"type": "SUBJECT", "status": "REGULAR", "shortName": "M", "longName": "Mathematik", "displayName": "M", "displayNameLabel": "NAME"}, "removed": null}], "location": "", "teacher": [{"current": {"type": "TEACHER", "status": "REGULAR", "shortName": "FUHR", "longName": "Fuhrmann", "displayName": "FUHR", "displayNameLabel": "NAME"}, "removed": null}], "cellState": "REGULAR", "date": "2025-07-18", "start": "2025-07-18T08:45", "end": "2025-07-18T09:30", "type": "NORMAL_TEACHING_PERIOD"}, {"classID": 566, "schoolID": "2227700", "subject": [{"current": {"type": "SUBJECT", "status": "REGULAR", "shortName": "D", "longName": "Deutsch", "displayName": "D", "displayNameLabel": "NAME"}, "removed": null}], "location": [{"current": {"type": "ROOM", "status": "REGULAR", "shortName": "OG 22", "longName": "Klassenraum 10b", "displayName": "OG 22", "displayNameLabel": "NAME"}, "removed": null}], "teacher": [{"current": {"type": "TEACHER", "status": "REGULAR", "shortName": "SCHULT", "longName": "Schulthei\u00df", "displayName": "SCHULT", "displayNameLabel": "NAME"}, "removed": null}], "cellState": "REGULAR", "date": "2025-07-18", "start": "2025-07-18T11:40", "end": "2025-07-18T13:10", "type": "NORMAL_TEACHING_PERIOD"}, {"classID": 569, "schoolID": "2227700", "subject": [{"current": {"type": "SUBJECT", "status": "REGULAR", "shortName": "D", "longName": "Deutsch", "displayName": "D", "displayNameLabel": "NAME"}, "removed": null}], "location": "", "teacher": [{"current": {"type": "TEACHER", "status": "REGULAR", "shortName": "K\u00dcM", "longName": "K\u00fcman-Hoffstetter", "displayName": "K\u00dcM", "displayNameLabel": "NAME"}, "removed": null}], "cellState": "REGULAR", "date": "2025-07-18", "start": "2025-07-18T08:00", "end": "2025-07-18T08:45", "type": "NORMAL_TEACHING_PERIOD"}, {"classID": 569, "schoolID": "2227700", "subject": [{"current": {"type": "SUBJECT", "status": "REGULAR", "shortName": "D", "longName": "Deutsch", "displayName": "D", "displayNameLabel": "NAME"}, "removed": null}], "location": [{"current": {"type": "ROOM", "status": "REGULAR", "shortName": "EG 01", "longName": "Klassenraum 10a", "displayName": "EG 01", "displayNameLabel": "NAME"}, "removed": null}], "teacher": [{"current": {"type": "TEACHER", "status": "REGULAR", "shortName": "K\u00dcM", "longName": "K\u00fcman-Hoffstetter", "displayName": "K\u00dcM", "displayNameLabel": "NAME"}, "removed": null}], "cellState": "REGULAR", "date": "2025-07-18", "start": "2025-07-18T08:45", "end": "2025-07-18T09:30", "type": "NORMAL_TEACHING_PERIOD"}, {"classID": 569, "schoolID": "2227700", "subject": [{"current": {"type": "SUBJECT", "status": "REGULAR", "shortName": "M", "longName": "Mathematik", "displayName": "M", "displayNameLabel": "NAME"}, "removed": null}], "location": [{"current": {"type": "ROOM", "status": "REGULAR", "shortName": "EG 01", "longName": "Klassenraum 10a", "displayName": "EG 01", "displayNameLabel": "NAME"}, "removed": null}], "teacher": [{"current": {"type": "TEACHER", "status": "REGULAR", "shortName": "FUHR", "longName": "Fuhrmann", "displayName": "FUHR", "displayNameLabel": "NAME"}, "removed": null}], "cellState": "REGULAR", "date": "2025-07-18", "start": "2025-07-18T11:40", "end": "2025-07-18T13:10", "type": "NORMAL_TEACHING_PERIOD"}]