[{"classID": 730, "schoolID": "2296000", "subject": [{"current": {"type": "SUBJECT", "status": "REGULAR", "shortName": "BI", "longName": "Biologie", "displayName": "BI", "displayNameLabel": "NAME"}, "removed": null}], "location": [{"current": {"type": "ROOM", "status": "REGULAR", "shortName": "1.25", "longName": "1.25", "displayName": "1.25", "displayNameLabel": "NAME"}, "removed": null}], "teacher": "", "cellState": "REGULAR", "date": "2025-07-14", "start": "2025-07-14T12:00", "end": "2025-07-14T12:45", "type": "NORMAL_TEACHING_PERIOD"}, {"classID": 745, "schoolID": "2296000", "subject": [{"current": {"type": "SUBJECT", "status": "REGULAR", "shortName": "SPO", "longName": "Sport", "displayName": "SPO", "displayNameLabel": "NAME"}, "removed": null}], "location": [{"current": {"type": "ROOM", "status": "REGULAR", "shortName": "TH 2", "longName": "TH 2", "displayName": "TH 2", "displayNameLabel": "NAME"}, "removed": null}], "teacher": [{"current": {"type": "TEACHER", "status": "REGULAR", "shortName": "STP", "longName": "Stephan", "displayName": "STP", "displayNameLabel": "NAME"}, "removed": null}], "cellState": "REGULAR", "date": "2025-07-16", "start": "2025-07-16T16:20", "end": "2025-07-16T17:50", "type": "NORMAL_TEACHING_PERIOD"}, {"classID": 748, "schoolID": "2296000", "subject": [{"current": {"type": "SUBJECT", "status": "REGULAR", "shortName": "SPO", "longName": "Sport", "displayName": "SPO", "displayNameLabel": "NAME"}, "removed": null}], "location": [{"current": {"type": "ROOM", "status": "REGULAR", "shortName": "TH 2", "longName": "TH 2", "displayName": "TH 2", "displayNameLabel": "NAME"}, "removed": null}], "teacher": [{"current": {"type": "TEACHER", "status": "REGULAR", "shortName": "STP", "longName": "Stephan", "displayName": "STP", "displayNameLabel": "NAME"}, "removed": null}], "cellState": "REGULAR", "date": "2025-07-16", "start": "2025-07-16T16:20", "end": "2025-07-16T17:50", "type": "NORMAL_TEACHING_PERIOD"}, {"classID": 751, "schoolID": "2296000", "subject": [{"current": {"type": "SUBJECT", "status": "REGULAR", "shortName": "SPO", "longName": "Sport", "displayName": "SPO", "displayNameLabel": "NAME"}, "removed": null}], "location": [{"current": {"type": "ROOM", "status": "REGULAR", "shortName": "TH 2", "longName": "TH 2", "displayName": "TH 2", "displayNameLabel": "NAME"}, "removed": null}], "teacher": [{"current": {"type": "TEACHER", "status": "REGULAR", "shortName": "STP", "longName": "Stephan", "displayName": "STP", "displayNameLabel": "NAME"}, "removed": null}], "cellState": "REGULAR", "date": "2025-07-16", "start": "2025-07-16T16:20", "end": "2025-07-16T17:50", "type": "NORMAL_TEACHING_PERIOD"}, {"classID": 754, "schoolID": "2296000", "subject": [{"current": {"type": "SUBJECT", "status": "REGULAR", "shortName": "SPO", "longName": "Sport", "displayName": "SPO", "displayNameLabel": "NAME"}, "removed": null}], "location": [{"current": {"type": "ROOM", "status": "REGULAR", "shortName": "TH 2", "longName": "TH 2", "displayName": "TH 2", "displayNameLabel": "NAME"}, "removed": null}], "teacher": [{"current": {"type": "TEACHER", "status": "REGULAR", "shortName": "STP", "longName": "Stephan", "displayName": "STP", "displayNameLabel": "NAME"}, "removed": null}], "cellState": "REGULAR", "date": "2025-07-16", "start": "2025-07-16T16:20", "end": "2025-07-16T17:50", "type": "NORMAL_TEACHING_PERIOD"}, {"classID": 745, "schoolID": "2296000", "subject": [{"current": {"type": "SUBJECT", "status": "REGULAR", "shortName": "SPO", "longName": "Sport", "displayName": "SPO", "displayNameLabel": "NAME"}, "removed": null}], "location": [{"current": {"type": "ROOM", "status": "REGULAR", "shortName": "SCH", "longName": "SCH", "displayName": "SCH", "displayNameLabel": "NAME"}, "removed": null}], "teacher": [{"current": {"type": "TEACHER", "status": "REGULAR", "shortName": "ZEH", "longName": "Zehl", "displayName": "ZEH", "displayNameLabel": "NAME"}, "removed": null}], "cellState": "REGULAR", "date": "2025-07-17", "start": "2025-07-17T14:00", "end": "2025-07-17T15:35", "type": "NORMAL_TEACHING_PERIOD"}, {"classID": 745, "schoolID": "2296000", "subject": [{"current": {"type": "SUBJECT", "status": "REGULAR", "shortName": "SPO", "longName": "Sport", "displayName": "SPO", "displayNameLabel": "NAME"}, "removed": null}], "location": [{"current": {"type": "ROOM", "status": "REGULAR", "shortName": "TH 1", "longName": "TH 1", "displayName": "TH 1", "displayNameLabel": "NAME"}, "removed": null}], "teacher": [{"current": {"type": "TEACHER", "status": "REGULAR", "shortName": "DRO", "longName": "Drozhzha", "displayName": "DRO", "displayNameLabel": "NAME"}, "removed": null}], "cellState": "REGULAR", "date": "2025-07-17", "start": "2025-07-17T16:20", "end": "2025-07-17T17:50", "type": "NORMAL_TEACHING_PERIOD"}, {"classID": 748, "schoolID": "2296000", "subject": [{"current": {"type": "SUBJECT", "status": "REGULAR", "shortName": "SPO", "longName": "Sport", "displayName": "SPO", "displayNameLabel": "NAME"}, "removed": null}], "location": [{"current": {"type": "ROOM", "status": "REGULAR", "shortName": "SCH", "longName": "SCH", "displayName": "SCH", "displayNameLabel": "NAME"}, "removed": null}], "teacher": [{"current": {"type": "TEACHER", "status": "REGULAR", "shortName": "ZEH", "longName": "Zehl", "displayName": "ZEH", "displayNameLabel": "NAME"}, "removed": null}], "cellState": "REGULAR", "date": "2025-07-17", "start": "2025-07-17T14:00", "end": "2025-07-17T15:35", "type": "NORMAL_TEACHING_PERIOD"}, {"classID": 748, "schoolID": "2296000", "subject": [{"current": {"type": "SUBJECT", "status": "REGULAR", "shortName": "SPO", "longName": "Sport", "displayName": "SPO", "displayNameLabel": "NAME"}, "removed": null}], "location": [{"current": {"type": "ROOM", "status": "REGULAR", "shortName": "TH 1", "longName": "TH 1", "displayName": "TH 1", "displayNameLabel": "NAME"}, "removed": null}], "teacher": [{"current": {"type": "TEACHER", "status": "REGULAR", "shortName": "DRO", "longName": "Drozhzha", "displayName": "DRO", "displayNameLabel": "NAME"}, "removed": null}], "cellState": "REGULAR", "date": "2025-07-17", "start": "2025-07-17T16:20", "end": "2025-07-17T17:50", "type": "NORMAL_TEACHING_PERIOD"}, {"classID": 751, "schoolID": "2296000", "subject": [{"current": {"type": "SUBJECT", "status": "REGULAR", "shortName": "SPO", "longName": "Sport", "displayName": "SPO", "displayNameLabel": "NAME"}, "removed": null}], "location": [{"current": {"type": "ROOM", "status": "REGULAR", "shortName": "SCH", "longName": "SCH", "displayName": "SCH", "displayNameLabel": "NAME"}, "removed": null}], "teacher": [{"current": {"type": "TEACHER", "status": "REGULAR", "shortName": "ZEH", "longName": "Zehl", "displayName": "ZEH", "displayNameLabel": "NAME"}, "removed": null}], "cellState": "REGULAR", "date": "2025-07-17", "start": "2025-07-17T14:00", "end": "2025-07-17T15:35", "type": "NORMAL_TEACHING_PERIOD"}, {"classID": 751, "schoolID": "2296000", "subject": [{"current": {"type": "SUBJECT", "status": "REGULAR", "shortName": "SPO", "longName": "Sport", "displayName": "SPO", "displayNameLabel": "NAME"}, "removed": null}], "location": [{"current": {"type": "ROOM", "status": "REGULAR", "shortName": "TH 1", "longName": "TH 1", "displayName": "TH 1", "displayNameLabel": "NAME"}, "removed": null}], "teacher": [{"current": {"type": "TEACHER", "status": "REGULAR", "shortName": "DRO", "longName": "Drozhzha", "displayName": "DRO", "displayNameLabel": "NAME"}, "removed": null}], "cellState": "REGULAR", "date": "2025-07-17", "start": "2025-07-17T16:20", "end": "2025-07-17T17:50", "type": "NORMAL_TEACHING_PERIOD"}, {"classID": 754, "schoolID": "2296000", "subject": [{"current": {"type": "SUBJECT", "status": "REGULAR", "shortName": "SPO", "longName": "Sport", "displayName": "SPO", "displayNameLabel": "NAME"}, "removed": null}], "location": [{"current": {"type": "ROOM", "status": "REGULAR", "shortName": "SCH", "longName": "SCH", "displayName": "SCH", "displayNameLabel": "NAME"}, "removed": null}], "teacher": [{"current": {"type": "TEACHER", "status": "REGULAR", "shortName": "ZEH", "longName": "Zehl", "displayName": "ZEH", "displayNameLabel": "NAME"}, "removed": null}], "cellState": "REGULAR", "date": "2025-07-17", "start": "2025-07-17T14:00", "end": "2025-07-17T15:35", "type": "NORMAL_TEACHING_PERIOD"}, {"classID": 754, "schoolID": "2296000", "subject": [{"current": {"type": "SUBJECT", "status": "REGULAR", "shortName": "SPO", "longName": "Sport", "displayName": "SPO", "displayNameLabel": "NAME"}, "removed": null}], "location": [{"current": {"type": "ROOM", "status": "REGULAR", "shortName": "TH 1", "longName": "TH 1", "displayName": "TH 1", "displayNameLabel": "NAME"}, "removed": null}], "teacher": [{"current": {"type": "TEACHER", "status": "REGULAR", "shortName": "DRO", "longName": "Drozhzha", "displayName": "DRO", "displayNameLabel": "NAME"}, "removed": null}], "cellState": "REGULAR", "date": "2025-07-17", "start": "2025-07-17T16:20", "end": "2025-07-17T17:50", "type": "NORMAL_TEACHING_PERIOD"}, {"classID": 775, "schoolID": "2296000", "subject": [{"current": {"type": "SUBJECT", "status": "REGULAR", "shortName": "SOFA", "longName": "Sonstiges Fach", "displayName": "SOFA", "displayNameLabel": "NAME"}, "removed": null}], "location": "", "teacher": "", "cellState": "REGULAR", "date": "2025-07-17", "start": "2025-07-17T14:00", "end": "2025-07-17T15:35", "type": "NORMAL_TEACHING_PERIOD"}, {"classID": 778, "schoolID": "2296000", "subject": [{"current": {"type": "SUBJECT", "status": "REGULAR", "shortName": "SOFA", "longName": "Sonstiges Fach", "displayName": "SOFA", "displayNameLabel": "NAME"}, "removed": null}], "location": "", "teacher": "", "cellState": "REGULAR", "date": "2025-07-17", "start": "2025-07-17T14:00", "end": "2025-07-17T15:35", "type": "NORMAL_TEACHING_PERIOD"}, {"classID": 781, "schoolID": "2296000", "subject": [{"current": {"type": "SUBJECT", "status": "REGULAR", "shortName": "SOFA", "longName": "Sonstiges Fach", "displayName": "SOFA", "displayNameLabel": "NAME"}, "removed": null}], "location": "", "teacher": "", "cellState": "REGULAR", "date": "2025-07-17", "start": "2025-07-17T14:00", "end": "2025-07-17T15:35", "type": "NORMAL_TEACHING_PERIOD"}, {"classID": 787, "schoolID": "2296000", "subject": [{"current": {"type": "SUBJECT", "status": "REGULAR", "shortName": "SOFA", "longName": "Sonstiges Fach", "displayName": "SOFA", "displayNameLabel": "NAME"}, "removed": null}], "location": "", "teacher": "", "cellState": "REGULAR", "date": "2025-07-17", "start": "2025-07-17T14:00", "end": "2025-07-17T15:35", "type": "NORMAL_TEACHING_PERIOD"}, {"classID": 790, "schoolID": "2296000", "subject": [{"current": {"type": "SUBJECT", "status": "REGULAR", "shortName": "SOFA", "longName": "Sonstiges Fach", "displayName": "SOFA", "displayNameLabel": "NAME"}, "removed": null}], "location": "", "teacher": "", "cellState": "REGULAR", "date": "2025-07-17", "start": "2025-07-17T14:00", "end": "2025-07-17T15:35", "type": "NORMAL_TEACHING_PERIOD"}, {"classID": 793, "schoolID": "2296000", "subject": [{"current": {"type": "SUBJECT", "status": "REGULAR", "shortName": "SOFA", "longName": "Sonstiges Fach", "displayName": "SOFA", "displayNameLabel": "NAME"}, "removed": null}], "location": "", "teacher": "", "cellState": "REGULAR", "date": "2025-07-17", "start": "2025-07-17T14:00", "end": "2025-07-17T15:35", "type": "NORMAL_TEACHING_PERIOD"}, {"classID": 796, "schoolID": "2296000", "subject": [{"current": {"type": "SUBJECT", "status": "REGULAR", "shortName": "SOFA", "longName": "Sonstiges Fach", "displayName": "SOFA", "displayNameLabel": "NAME"}, "removed": null}], "location": "", "teacher": "", "cellState": "REGULAR", "date": "2025-07-17", "start": "2025-07-17T14:00", "end": "2025-07-17T15:35", "type": "NORMAL_TEACHING_PERIOD"}, {"classID": 799, "schoolID": "2296000", "subject": [{"current": {"type": "SUBJECT", "status": "REGULAR", "shortName": "SOFA", "longName": "Sonstiges Fach", "displayName": "SOFA", "displayNameLabel": "NAME"}, "removed": null}], "location": "", "teacher": "", "cellState": "REGULAR", "date": "2025-07-17", "start": "2025-07-17T14:00", "end": "2025-07-17T15:35", "type": "NORMAL_TEACHING_PERIOD"}, {"classID": 805, "schoolID": "2296000", "subject": [{"current": {"type": "SUBJECT", "status": "REGULAR", "shortName": "SOFA", "longName": "Sonstiges Fach", "displayName": "SOFA", "displayNameLabel": "NAME"}, "removed": null}], "location": "", "teacher": "", "cellState": "REGULAR", "date": "2025-07-17", "start": "2025-07-17T14:00", "end": "2025-07-17T15:35", "type": "NORMAL_TEACHING_PERIOD"}, {"classID": 730, "schoolID": "2296000", "subject": [{"current": {"type": "SUBJECT", "status": "REGULAR", "shortName": "BI", "longName": "Biologie", "displayName": "BI", "displayNameLabel": "NAME"}, "removed": null}], "location": [{"current": {"type": "ROOM", "status": "REGULAR", "shortName": "1.25", "longName": "1.25", "displayName": "1.25", "displayNameLabel": "NAME"}, "removed": null}], "teacher": "", "cellState": "REGULAR", "date": "2025-07-18", "start": "2025-07-18T12:00", "end": "2025-07-18T12:45", "type": "NORMAL_TEACHING_PERIOD"}, {"classID": 745, "schoolID": "2296000", "subject": [{"current": {"type": "SUBJECT", "status": "REGULAR", "shortName": "SPO", "longName": "Sport", "displayName": "SPO", "displayNameLabel": "NAME"}, "removed": null}], "location": [{"current": {"type": "ROOM", "status": "REGULAR", "shortName": "TH 1", "longName": "TH 1", "displayName": "TH 1", "displayNameLabel": "NAME"}, "removed": null}], "teacher": [{"current": {"type": "TEACHER", "status": "REGULAR", "shortName": "PUR", "longName": "Purath", "displayName": "PUR", "displayNameLabel": "NAME"}, "removed": null}], "cellState": "REGULAR", "date": "2025-07-18", "start": "2025-07-18T16:20", "end": "2025-07-18T17:50", "type": "NORMAL_TEACHING_PERIOD"}, {"classID": 748, "schoolID": "2296000", "subject": [{"current": {"type": "SUBJECT", "status": "REGULAR", "shortName": "SPO", "longName": "Sport", "displayName": "SPO", "displayNameLabel": "NAME"}, "removed": null}], "location": [{"current": {"type": "ROOM", "status": "REGULAR", "shortName": "TH 1", "longName": "TH 1", "displayName": "TH 1", "displayNameLabel": "NAME"}, "removed": null}], "teacher": [{"current": {"type": "TEACHER", "status": "REGULAR", "shortName": "PUR", "longName": "Purath", "displayName": "PUR", "displayNameLabel": "NAME"}, "removed": null}], "cellState": "REGULAR", "date": "2025-07-18", "start": "2025-07-18T16:20", "end": "2025-07-18T17:50", "type": "NORMAL_TEACHING_PERIOD"}, {"classID": 751, "schoolID": "2296000", "subject": [{"current": {"type": "SUBJECT", "status": "REGULAR", "shortName": "SPO", "longName": "Sport", "displayName": "SPO", "displayNameLabel": "NAME"}, "removed": null}], "location": [{"current": {"type": "ROOM", "status": "REGULAR", "shortName": "TH 1", "longName": "TH 1", "displayName": "TH 1", "displayNameLabel": "NAME"}, "removed": null}], "teacher": [{"current": {"type": "TEACHER", "status": "REGULAR", "shortName": "PUR", "longName": "Purath", "displayName": "PUR", "displayNameLabel": "NAME"}, "removed": null}], "cellState": "REGULAR", "date": "2025-07-18", "start": "2025-07-18T16:20", "end": "2025-07-18T17:50", "type": "NORMAL_TEACHING_PERIOD"}, {"classID": 754, "schoolID": "2296000", "subject": [{"current": {"type": "SUBJECT", "status": "REGULAR", "shortName": "SPO", "longName": "Sport", "displayName": "SPO", "displayNameLabel": "NAME"}, "removed": null}], "location": [{"current": {"type": "ROOM", "status": "REGULAR", "shortName": "TH 1", "longName": "TH 1", "displayName": "TH 1", "displayNameLabel": "NAME"}, "removed": null}], "teacher": [{"current": {"type": "TEACHER", "status": "REGULAR", "shortName": "PUR", "longName": "Purath", "displayName": "PUR", "displayNameLabel": "NAME"}, "removed": null}], "cellState": "REGULAR", "date": "2025-07-18", "start": "2025-07-18T16:20", "end": "2025-07-18T17:50", "type": "NORMAL_TEACHING_PERIOD"}]