[{"classID": 1171, "schoolID": "2368600", "subject": "", "location": "", "teacher": "", "cellState": "CHANGED", "date": "2025-07-14", "start": "2025-07-14T00:00", "end": "2025-07-14T23:59", "type": "EVENT"}, {"classID": 1156, "schoolID": "2368600", "subject": "", "location": "", "teacher": "", "cellState": "CHANGED", "date": "2025-07-14", "start": "2025-07-14T00:00", "end": "2025-07-14T23:59", "type": "EVENT"}, {"classID": 1161, "schoolID": "2368600", "subject": "", "location": "", "teacher": "", "cellState": "CHANGED", "date": "2025-07-14", "start": "2025-07-14T00:00", "end": "2025-07-14T23:59", "type": "EVENT"}, {"classID": 1056, "schoolID": "2368600", "subject": "", "location": "", "teacher": "", "cellState": "CHANGED", "date": "2025-07-14", "start": "2025-07-14T00:00", "end": "2025-07-14T23:59", "type": "EVENT"}, {"classID": 1076, "schoolID": "2368600", "subject": "", "location": "", "teacher": "", "cellState": "CHANGED", "date": "2025-07-14", "start": "2025-07-14T00:00", "end": "2025-07-14T23:59", "type": "EVENT"}, {"classID": 1116, "schoolID": "2368600", "subject": "", "location": "", "teacher": "", "cellState": "CHANGED", "date": "2025-07-14", "start": "2025-07-14T00:00", "end": "2025-07-14T23:59", "type": "EVENT"}, {"classID": 1166, "schoolID": "2368600", "subject": "", "location": "", "teacher": "", "cellState": "CHANGED", "date": "2025-07-14", "start": "2025-07-14T00:00", "end": "2025-07-14T23:59", "type": "EVENT"}, {"classID": 1136, "schoolID": "2368600", "subject": "", "location": [{"current": {"type": "ROOM", "status": "ADDED", "shortName": "8/11 SB", "longName": "11a", "displayName": "8/11 SB", "displayNameLabel": "NAME"}, "removed": null}], "teacher": "", "cellState": "CHANGED", "date": "2025-07-14", "start": "2025-07-14T08:00", "end": "2025-07-14T23:59", "type": "EVENT"}, {"classID": 1146, "schoolID": "2368600", "subject": "", "location": [{"current": {"type": "ROOM", "status": "ADDED", "shortName": "8/13 SB", "longName": "11b", "displayName": "8/13 SB", "displayNameLabel": "NAME"}, "removed": null}], "teacher": "", "cellState": "CHANGED", "date": "2025-07-14", "start": "2025-07-14T08:00", "end": "2025-07-14T16:45", "type": "EVENT"}, {"classID": 1151, "schoolID": "2368600", "subject": "", "location": [{"current": {"type": "ROOM", "status": "ADDED", "shortName": "8/14 SB", "longName": "11c", "displayName": "8/14 SB", "displayNameLabel": "NAME"}, "removed": null}], "teacher": "", "cellState": "CHANGED", "date": "2025-07-14", "start": "2025-07-14T08:00", "end": "2025-07-14T16:45", "type": "EVENT"}, {"classID": 1101, "schoolID": "2368600", "subject": "", "location": [{"current": {"type": "ROOM", "status": "ADDED", "shortName": "3/11 SB", "longName": "BK 1", "displayName": "3/11 SB", "displayNameLabel": "NAME"}, "removed": null}], "teacher": "", "cellState": "CHANGED", "date": "2025-07-14", "start": "2025-07-14T08:00", "end": "2025-07-14T16:45", "type": "EVENT"}, {"classID": 1096, "schoolID": "2368600", "subject": "", "location": [{"current": {"type": "ROOM", "status": "ADDED", "shortName": "8/17 SB", "longName": "8/17 SB", "displayName": "8/17 SB", "displayNameLabel": "NAME"}, "removed": null}], "teacher": "", "cellState": "CHANGED", "date": "2025-07-14", "start": "2025-07-14T08:00", "end": "2025-07-14T16:45", "type": "EVENT"}, {"classID": 1091, "schoolID": "2368600", "subject": "", "location": [{"current": {"type": "ROOM", "status": "ADDED", "shortName": "7/01 SB", "longName": "9a", "displayName": "7/01 SB", "displayNameLabel": "NAME"}, "removed": null}], "teacher": "", "cellState": "CHANGED", "date": "2025-07-14", "start": "2025-07-14T08:00", "end": "2025-07-14T16:45", "type": "EVENT"}, {"classID": 1106, "schoolID": "2368600", "subject": "", "location": [{"current": {"type": "ROOM", "status": "ADDED", "shortName": "8/01 SB", "longName": "8/01 SB", "displayName": "8/01 SB", "displayNameLabel": "NAME"}, "removed": null}], "teacher": "", "cellState": "CHANGED", "date": "2025-07-14", "start": "2025-07-14T08:00", "end": "2025-07-14T16:45", "type": "EVENT"}, {"classID": 1131, "schoolID": "2368600", "subject": "", "location": "", "teacher": "", "cellState": "CHANGED", "date": "2025-07-14", "start": "2025-07-14T00:00", "end": "2025-07-14T23:59", "type": "EVENT"}, {"classID": 956, "schoolID": "2368600", "subject": "", "location": "", "teacher": "", "cellState": "CHANGED", "date": "2025-07-14", "start": "2025-07-14T00:00", "end": "2025-07-14T23:59", "type": "EVENT"}, {"classID": 961, "schoolID": "2368600", "subject": "", "location": "", "teacher": "", "cellState": "CHANGED", "date": "2025-07-14", "start": "2025-07-14T00:00", "end": "2025-07-14T23:59", "type": "EVENT"}, {"classID": 966, "schoolID": "2368600", "subject": "", "location": "", "teacher": "", "cellState": "CHANGED", "date": "2025-07-14", "start": "2025-07-14T00:00", "end": "2025-07-14T23:59", "type": "EVENT"}, {"classID": 1121, "schoolID": "2368600", "subject": "", "location": "", "teacher": "", "cellState": "CHANGED", "date": "2025-07-14", "start": "2025-07-14T08:00", "end": "2025-07-14T23:59", "type": "EVENT"}, {"classID": 949, "schoolID": "2368600", "subject": "", "location": "", "teacher": "", "cellState": "CHANGED", "date": "2025-07-14", "start": "2025-07-14T08:00", "end": "2025-07-14T23:59", "type": "EVENT"}, {"classID": 954, "schoolID": "2368600", "subject": "", "location": "", "teacher": "", "cellState": "CHANGED", "date": "2025-07-14", "start": "2025-07-14T08:00", "end": "2025-07-14T23:59", "type": "EVENT"}, {"classID": 976, "schoolID": "2368600", "subject": "", "location": "", "teacher": "", "cellState": "CHANGED", "date": "2025-07-14", "start": "2025-07-14T08:00", "end": "2025-07-14T23:59", "type": "EVENT"}, {"classID": 1051, "schoolID": "2368600", "subject": "", "location": "", "teacher": "", "cellState": "CHANGED", "date": "2025-07-14", "start": "2025-07-14T08:00", "end": "2025-07-14T23:59", "type": "EVENT"}, {"classID": 1126, "schoolID": "2368600", "subject": "", "location": "", "teacher": "", "cellState": "CHANGED", "date": "2025-07-14", "start": "2025-07-14T08:00", "end": "2025-07-14T23:59", "type": "EVENT"}, {"classID": 991, "schoolID": "2368600", "subject": "", "location": [{"current": {"type": "ROOM", "status": "ADDED", "shortName": "5/105 SB", "longName": "6a", "displayName": "5/105 SB", "displayNameLabel": "NAME"}, "removed": null}], "teacher": "", "cellState": "CHANGED", "date": "2025-07-14", "start": "2025-07-14T08:00", "end": "2025-07-14T23:59", "type": "EVENT"}, {"classID": 1071, "schoolID": "2368600", "subject": "", "location": [{"current": {"type": "ROOM", "status": "ADDED", "shortName": "5/103 SB", "longName": "6b", "displayName": "5/103 SB", "displayNameLabel": "NAME"}, "removed": null}], "teacher": "", "cellState": "CHANGED", "date": "2025-07-14", "start": "2025-07-14T08:00", "end": "2025-07-14T23:59", "type": "EVENT"}, {"classID": 1141, "schoolID": "2368600", "subject": "", "location": [{"current": {"type": "ROOM", "status": "ADDED", "shortName": "5/010 SB", "longName": "6c", "displayName": "5/010 SB", "displayNameLabel": "NAME"}, "removed": null}], "teacher": "", "cellState": "CHANGED", "date": "2025-07-14", "start": "2025-07-14T08:00", "end": "2025-07-14T23:59", "type": "EVENT"}, {"classID": 1081, "schoolID": "2368600", "subject": "", "location": [{"current": {"type": "ROOM", "status": "ADDED", "shortName": "5/107 SB", "longName": "6d", "displayName": "5/107 SB", "displayNameLabel": "NAME"}, "removed": null}], "teacher": "", "cellState": "CHANGED", "date": "2025-07-14", "start": "2025-07-14T08:00", "end": "2025-07-14T23:59", "type": "EVENT"}, {"classID": 1066, "schoolID": "2368600", "subject": "", "location": [{"current": {"type": "ROOM", "status": "ADDED", "shortName": "5/101 SB", "longName": "6e", "displayName": "5/101 SB", "displayNameLabel": "NAME"}, "removed": null}], "teacher": "", "cellState": "CHANGED", "date": "2025-07-14", "start": "2025-07-14T08:00", "end": "2025-07-14T23:59", "type": "EVENT"}, {"classID": 996, "schoolID": "2368600", "subject": "", "location": [{"current": {"type": "ROOM", "status": "ADDED", "shortName": "9/11 SB", "longName": "6f", "displayName": "9/11 SB", "displayNameLabel": "NAME"}, "removed": null}], "teacher": "", "cellState": "CHANGED", "date": "2025-07-14", "start": "2025-07-14T08:00", "end": "2025-07-14T23:59", "type": "EVENT"}, {"classID": 1006, "schoolID": "2368600", "subject": "", "location": [{"current": {"type": "ROOM", "status": "ADDED", "shortName": "5/001 SB", "longName": "7a", "displayName": "5/001 SB", "displayNameLabel": "NAME"}, "removed": null}], "teacher": "", "cellState": "CHANGED", "date": "2025-07-14", "start": "2025-07-14T08:00", "end": "2025-07-14T23:59", "type": "EVENT"}, {"classID": 1011, "schoolID": "2368600", "subject": "", "location": [{"current": {"type": "ROOM", "status": "ADDED", "shortName": "5/003 SB", "longName": "7b", "displayName": "5/003 SB", "displayNameLabel": "NAME"}, "removed": null}], "teacher": "", "cellState": "CHANGED", "date": "2025-07-14", "start": "2025-07-14T08:00", "end": "2025-07-14T23:59", "type": "EVENT"}, {"classID": 1016, "schoolID": "2368600", "subject": "", "location": [{"current": {"type": "ROOM", "status": "ADDED", "shortName": "5/005 SB", "longName": "7c", "displayName": "5/005 SB", "displayNameLabel": "NAME"}, "removed": null}], "teacher": "", "cellState": "CHANGED", "date": "2025-07-14", "start": "2025-07-14T08:00", "end": "2025-07-14T23:59", "type": "EVENT"}, {"classID": 1021, "schoolID": "2368600", "subject": "", "location": [{"current": {"type": "ROOM", "status": "ADDED", "shortName": "5/007 SB", "longName": "7d", "displayName": "5/007 SB", "displayNameLabel": "NAME"}, "removed": null}], "teacher": "", "cellState": "CHANGED", "date": "2025-07-14", "start": "2025-07-14T08:00", "end": "2025-07-14T23:59", "type": "EVENT"}, {"classID": 1026, "schoolID": "2368600", "subject": "", "location": [{"current": {"type": "ROOM", "status": "ADDED", "shortName": "5/008 SB", "longName": "7e", "displayName": "5/008 SB", "displayNameLabel": "NAME"}, "removed": null}], "teacher": "", "cellState": "CHANGED", "date": "2025-07-14", "start": "2025-07-14T08:00", "end": "2025-07-14T23:59", "type": "EVENT"}, {"classID": 971, "schoolID": "2368600", "subject": "", "location": "", "teacher": "", "cellState": "CHANGED", "date": "2025-07-14", "start": "2025-07-14T08:00", "end": "2025-07-14T23:59", "type": "EVENT"}, {"classID": 939, "schoolID": "2368600", "subject": "", "location": "", "teacher": "", "cellState": "CHANGED", "date": "2025-07-14", "start": "2025-07-14T08:00", "end": "2025-07-14T23:59", "type": "EVENT"}, {"classID": 944, "schoolID": "2368600", "subject": "", "location": "", "teacher": "", "cellState": "CHANGED", "date": "2025-07-14", "start": "2025-07-14T08:00", "end": "2025-07-14T23:59", "type": "EVENT"}, {"classID": 981, "schoolID": "2368600", "subject": "", "location": "", "teacher": "", "cellState": "CHANGED", "date": "2025-07-14", "start": "2025-07-14T08:00", "end": "2025-07-14T23:59", "type": "EVENT"}, {"classID": 1086, "schoolID": "2368600", "subject": "", "location": "", "teacher": "", "cellState": "CHANGED", "date": "2025-07-14", "start": "2025-07-14T08:00", "end": "2025-07-14T23:59", "type": "EVENT"}, {"classID": 1176, "schoolID": "2368600", "subject": "", "location": "", "teacher": "", "cellState": "CHANGED", "date": "2025-07-14", "start": "2025-07-14T08:00", "end": "2025-07-14T23:59", "type": "EVENT"}, {"classID": 1031, "schoolID": "2368600", "subject": "", "location": "", "teacher": "", "cellState": "CHANGED", "date": "2025-07-14", "start": "2025-07-14T00:00", "end": "2025-07-14T23:59", "type": "EVENT"}, {"classID": 1036, "schoolID": "2368600", "subject": "", "location": "", "teacher": "", "cellState": "CHANGED", "date": "2025-07-14", "start": "2025-07-14T00:00", "end": "2025-07-14T23:59", "type": "EVENT"}, {"classID": 1061, "schoolID": "2368600", "subject": "", "location": "", "teacher": "", "cellState": "CHANGED", "date": "2025-07-14", "start": "2025-07-14T00:00", "end": "2025-07-14T23:59", "type": "EVENT"}, {"classID": 1041, "schoolID": "2368600", "subject": "", "location": "", "teacher": "", "cellState": "CHANGED", "date": "2025-07-14", "start": "2025-07-14T00:00", "end": "2025-07-14T23:59", "type": "EVENT"}, {"classID": 1111, "schoolID": "2368600", "subject": "", "location": "", "teacher": "", "cellState": "CHANGED", "date": "2025-07-14", "start": "2025-07-14T00:00", "end": "2025-07-14T23:59", "type": "EVENT"}, {"classID": 1046, "schoolID": "2368600", "subject": "", "location": "", "teacher": "", "cellState": "CHANGED", "date": "2025-07-14", "start": "2025-07-14T00:00", "end": "2025-07-14T23:59", "type": "EVENT"}, {"classID": 986, "schoolID": "2368600", "subject": "", "location": [{"current": {"type": "ROOM", "status": "ADDED", "shortName": "8/03 SB", "longName": "9g", "displayName": "8/03 SB", "displayNameLabel": "NAME"}, "removed": null}], "teacher": "", "cellState": "CHANGED", "date": "2025-07-14", "start": "2025-07-14T08:00", "end": "2025-07-14T23:59", "type": "EVENT"}, {"classID": 1001, "schoolID": "2368600", "subject": "", "location": [{"current": {"type": "ROOM", "status": "ADDED", "shortName": "11/102 F", "longName": "BAK", "displayName": "11/102 F", "displayNameLabel": "NAME"}, "removed": null}], "teacher": "", "cellState": "CHANGED", "date": "2025-07-14", "start": "2025-07-14T08:00", "end": "2025-07-14T16:45", "type": "EVENT"}, {"classID": 1207, "schoolID": "2368600", "subject": [{"current": {"type": "SUBJECT", "status": "REGULAR", "shortName": "INS", "longName": "Insel", "displayName": "INS", "displayNameLabel": "NAME"}, "removed": null}], "location": [{"current": {"type": "ROOM", "status": "REGULAR", "shortName": "5/011", "longName": "Insel", "displayName": "5/011", "displayNameLabel": "NAME"}, "removed": null}], "teacher": "", "cellState": "REGULAR", "date": "2025-07-14", "start": "2025-07-14T12:00", "end": "2025-07-14T13:30", "type": "NORMAL_TEACHING_PERIOD"}, {"classID": 1171, "schoolID": "2368600", "subject": "", "location": "", "teacher": "", "cellState": "CHANGED", "date": "2025-07-15", "start": "2025-07-15T00:00", "end": "2025-07-15T23:59", "type": "EVENT"}, {"classID": 1156, "schoolID": "2368600", "subject": "", "location": "", "teacher": "", "cellState": "CHANGED", "date": "2025-07-15", "start": "2025-07-15T00:00", "end": "2025-07-15T23:59", "type": "EVENT"}, {"classID": 1161, "schoolID": "2368600", "subject": "", "location": "", "teacher": "", "cellState": "CHANGED", "date": "2025-07-15", "start": "2025-07-15T00:00", "end": "2025-07-15T23:59", "type": "EVENT"}, {"classID": 1056, "schoolID": "2368600", "subject": "", "location": "", "teacher": "", "cellState": "CHANGED", "date": "2025-07-15", "start": "2025-07-15T00:00", "end": "2025-07-15T23:59", "type": "EVENT"}, {"classID": 1076, "schoolID": "2368600", "subject": "", "location": "", "teacher": "", "cellState": "CHANGED", "date": "2025-07-15", "start": "2025-07-15T00:00", "end": "2025-07-15T23:59", "type": "EVENT"}, {"classID": 1116, "schoolID": "2368600", "subject": "", "location": "", "teacher": "", "cellState": "CHANGED", "date": "2025-07-15", "start": "2025-07-15T00:00", "end": "2025-07-15T23:59", "type": "EVENT"}, {"classID": 1166, "schoolID": "2368600", "subject": "", "location": "", "teacher": "", "cellState": "CHANGED", "date": "2025-07-15", "start": "2025-07-15T00:00", "end": "2025-07-15T23:59", "type": "EVENT"}, {"classID": 1136, "schoolID": "2368600", "subject": "", "location": [{"current": {"type": "ROOM", "status": "ADDED", "shortName": "8/11 SB", "longName": "11a", "displayName": "8/11 SB", "displayNameLabel": "NAME"}, "removed": null}], "teacher": "", "cellState": "CHANGED", "date": "2025-07-15", "start": "2025-07-15T00:00", "end": "2025-07-15T16:45", "type": "EVENT"}, {"classID": 1146, "schoolID": "2368600", "subject": "", "location": [{"current": {"type": "ROOM", "status": "ADDED", "shortName": "8/13 SB", "longName": "11b", "displayName": "8/13 SB", "displayNameLabel": "NAME"}, "removed": null}], "teacher": "", "cellState": "CHANGED", "date": "2025-07-15", "start": "2025-07-15T08:00", "end": "2025-07-15T16:45", "type": "EVENT"}, {"classID": 1151, "schoolID": "2368600", "subject": "", "location": [{"current": {"type": "ROOM", "status": "ADDED", "shortName": "8/14 SB", "longName": "11c", "displayName": "8/14 SB", "displayNameLabel": "NAME"}, "removed": null}], "teacher": "", "cellState": "CHANGED", "date": "2025-07-15", "start": "2025-07-15T08:00", "end": "2025-07-15T16:45", "type": "EVENT"}, {"classID": 1101, "schoolID": "2368600", "subject": "", "location": "", "teacher": "", "cellState": "CHANGED", "date": "2025-07-15", "start": "2025-07-15T08:00", "end": "2025-07-15T16:45", "type": "EVENT"}, {"classID": 1096, "schoolID": "2368600", "subject": "", "location": "", "teacher": "", "cellState": "CHANGED", "date": "2025-07-15", "start": "2025-07-15T08:00", "end": "2025-07-15T16:45", "type": "EVENT"}, {"classID": 1091, "schoolID": "2368600", "subject": "", "location": "", "teacher": "", "cellState": "CHANGED", "date": "2025-07-15", "start": "2025-07-15T08:00", "end": "2025-07-15T16:45", "type": "EVENT"}, {"classID": 1106, "schoolID": "2368600", "subject": "", "location": "", "teacher": "", "cellState": "CHANGED", "date": "2025-07-15", "start": "2025-07-15T08:00", "end": "2025-07-15T16:45", "type": "EVENT"}, {"classID": 1131, "schoolID": "2368600", "subject": "", "location": "", "teacher": "", "cellState": "CHANGED", "date": "2025-07-15", "start": "2025-07-15T00:00", "end": "2025-07-15T23:59", "type": "EVENT"}, {"classID": 956, "schoolID": "2368600", "subject": "", "location": "", "teacher": "", "cellState": "CHANGED", "date": "2025-07-15", "start": "2025-07-15T00:00", "end": "2025-07-15T23:59", "type": "EVENT"}, {"classID": 961, "schoolID": "2368600", "subject": "", "location": "", "teacher": "", "cellState": "CHANGED", "date": "2025-07-15", "start": "2025-07-15T00:00", "end": "2025-07-15T23:59", "type": "EVENT"}, {"classID": 966, "schoolID": "2368600", "subject": "", "location": "", "teacher": "", "cellState": "CHANGED", "date": "2025-07-15", "start": "2025-07-15T00:00", "end": "2025-07-15T23:59", "type": "EVENT"}, {"classID": 1121, "schoolID": "2368600", "subject": "", "location": "", "teacher": "", "cellState": "CHANGED", "date": "2025-07-15", "start": "2025-07-15T00:00", "end": "2025-07-15T23:59", "type": "EVENT"}, {"classID": 1121, "schoolID": "2368600", "subject": [{"current": {"type": "SUBJECT", "status": "REGULAR", "shortName": "_MZ", "longName": "Mittagszeit", "displayName": "_MZ", "displayNameLabel": "NAME"}, "removed": null}], "location": [{"current": {"type": "ROOM", "status": "REGULAR", "shortName": "HOF", "longName": "Schulhof", "displayName": "HOF", "displayNameLabel": "NAME"}, "removed": null}], "teacher": "", "cellState": "REGULAR", "date": "2025-07-15", "start": "2025-07-15T12:45", "end": "2025-07-15T13:30", "type": "NORMAL_TEACHING_PERIOD"}, {"classID": 949, "schoolID": "2368600", "subject": "", "location": "", "teacher": "", "cellState": "CHANGED", "date": "2025-07-15", "start": "2025-07-15T00:00", "end": "2025-07-15T23:59", "type": "EVENT"}, {"classID": 949, "schoolID": "2368600", "subject": [{"current": {"type": "SUBJECT", "status": "REGULAR", "shortName": "_MZ", "longName": "Mittagszeit", "displayName": "_MZ", "displayNameLabel": "NAME"}, "removed": null}], "location": [{"current": {"type": "ROOM", "status": "REGULAR", "shortName": "HOF", "longName": "Schulhof", "displayName": "HOF", "displayNameLabel": "NAME"}, "removed": null}], "teacher": "", "cellState": "REGULAR", "date": "2025-07-15", "start": "2025-07-15T12:45", "end": "2025-07-15T13:30", "type": "NORMAL_TEACHING_PERIOD"}, {"classID": 954, "schoolID": "2368600", "subject": "", "location": "", "teacher": "", "cellState": "CHANGED", "date": "2025-07-15", "start": "2025-07-15T00:00", "end": "2025-07-15T23:59", "type": "EVENT"}, {"classID": 954, "schoolID": "2368600", "subject": [{"current": {"type": "SUBJECT", "status": "REGULAR", "shortName": "_MZ", "longName": "Mittagszeit", "displayName": "_MZ", "displayNameLabel": "NAME"}, "removed": null}], "location": [{"current": {"type": "ROOM", "status": "REGULAR", "shortName": "HOF", "longName": "Schulhof", "displayName": "HOF", "displayNameLabel": "NAME"}, "removed": null}], "teacher": "", "cellState": "REGULAR", "date": "2025-07-15", "start": "2025-07-15T12:45", "end": "2025-07-15T13:30", "type": "NORMAL_TEACHING_PERIOD"}, {"classID": 976, "schoolID": "2368600", "subject": "", "location": "", "teacher": "", "cellState": "CHANGED", "date": "2025-07-15", "start": "2025-07-15T00:00", "end": "2025-07-15T23:59", "type": "EVENT"}, {"classID": 976, "schoolID": "2368600", "subject": [{"current": {"type": "SUBJECT", "status": "REGULAR", "shortName": "_MZ", "longName": "Mittagszeit", "displayName": "_MZ", "displayNameLabel": "NAME"}, "removed": null}], "location": [{"current": {"type": "ROOM", "status": "REGULAR", "shortName": "HOF", "longName": "Schulhof", "displayName": "HOF", "displayNameLabel": "NAME"}, "removed": null}], "teacher": "", "cellState": "REGULAR", "date": "2025-07-15", "start": "2025-07-15T12:45", "end": "2025-07-15T13:30", "type": "NORMAL_TEACHING_PERIOD"}, {"classID": 1051, "schoolID": "2368600", "subject": "", "location": "", "teacher": "", "cellState": "CHANGED", "date": "2025-07-15", "start": "2025-07-15T00:00", "end": "2025-07-15T23:59", "type": "EVENT"}, {"classID": 1051, "schoolID": "2368600", "subject": [{"current": {"type": "SUBJECT", "status": "REGULAR", "shortName": "_MZ", "longName": "Mittagszeit", "displayName": "_MZ", "displayNameLabel": "NAME"}, "removed": null}], "location": [{"current": {"type": "ROOM", "status": "REGULAR", "shortName": "HOF", "longName": "Schulhof", "displayName": "HOF", "displayNameLabel": "NAME"}, "removed": null}], "teacher": "", "cellState": "REGULAR", "date": "2025-07-15", "start": "2025-07-15T12:45", "end": "2025-07-15T13:30", "type": "NORMAL_TEACHING_PERIOD"}, {"classID": 1126, "schoolID": "2368600", "subject": "", "location": "", "teacher": "", "cellState": "CHANGED", "date": "2025-07-15", "start": "2025-07-15T00:00", "end": "2025-07-15T23:59", "type": "EVENT"}, {"classID": 1126, "schoolID": "2368600", "subject": [{"current": {"type": "SUBJECT", "status": "REGULAR", "shortName": "_MZ", "longName": "Mittagszeit", "displayName": "_MZ", "displayNameLabel": "NAME"}, "removed": null}], "location": [{"current": {"type": "ROOM", "status": "REGULAR", "shortName": "HOF", "longName": "Schulhof", "displayName": "HOF", "displayNameLabel": "NAME"}, "removed": null}], "teacher": "", "cellState": "REGULAR", "date": "2025-07-15", "start": "2025-07-15T12:45", "end": "2025-07-15T13:30", "type": "NORMAL_TEACHING_PERIOD"}, {"classID": 991, "schoolID": "2368600", "subject": "", "location": [{"current": {"type": "ROOM", "status": "ADDED", "shortName": "5/105 SB", "longName": "6a", "displayName": "5/105 SB", "displayNameLabel": "NAME"}, "removed": null}], "teacher": "", "cellState": "CHANGED", "date": "2025-07-15", "start": "2025-07-15T00:00", "end": "2025-07-15T23:59", "type": "EVENT"}, {"classID": 991, "schoolID": "2368600", "subject": [{"current": {"type": "SUBJECT", "status": "REGULAR", "shortName": "_MZ", "longName": "Mittagszeit", "displayName": "_MZ", "displayNameLabel": "NAME"}, "removed": null}], "location": "", "teacher": "", "cellState": "REGULAR", "date": "2025-07-15", "start": "2025-07-15T12:45", "end": "2025-07-15T13:30", "type": "NORMAL_TEACHING_PERIOD"}, {"classID": 1071, "schoolID": "2368600", "subject": "", "location": [{"current": {"type": "ROOM", "status": "ADDED", "shortName": "5/103 SB", "longName": "6b", "displayName": "5/103 SB", "displayNameLabel": "NAME"}, "removed": null}], "teacher": "", "cellState": "CHANGED", "date": "2025-07-15", "start": "2025-07-15T00:00", "end": "2025-07-15T23:59", "type": "EVENT"}, {"classID": 1071, "schoolID": "2368600", "subject": [{"current": {"type": "SUBJECT", "status": "REGULAR", "shortName": "_MZ", "longName": "Mittagszeit", "displayName": "_MZ", "displayNameLabel": "NAME"}, "removed": null}], "location": "", "teacher": "", "cellState": "REGULAR", "date": "2025-07-15", "start": "2025-07-15T12:45", "end": "2025-07-15T13:30", "type": "NORMAL_TEACHING_PERIOD"}, {"classID": 1141, "schoolID": "2368600", "subject": "", "location": [{"current": {"type": "ROOM", "status": "ADDED", "shortName": "5/010 SB", "longName": "6c", "displayName": "5/010 SB", "displayNameLabel": "NAME"}, "removed": null}], "teacher": "", "cellState": "CHANGED", "date": "2025-07-15", "start": "2025-07-15T00:00", "end": "2025-07-15T23:59", "type": "EVENT"}, {"classID": 1141, "schoolID": "2368600", "subject": [{"current": {"type": "SUBJECT", "status": "REGULAR", "shortName": "_MZ", "longName": "Mittagszeit", "displayName": "_MZ", "displayNameLabel": "NAME"}, "removed": null}], "location": "", "teacher": "", "cellState": "REGULAR", "date": "2025-07-15", "start": "2025-07-15T12:45", "end": "2025-07-15T13:30", "type": "NORMAL_TEACHING_PERIOD"}, {"classID": 1081, "schoolID": "2368600", "subject": "", "location": [{"current": {"type": "ROOM", "status": "ADDED", "shortName": "5/107 SB", "longName": "6d", "displayName": "5/107 SB", "displayNameLabel": "NAME"}, "removed": null}], "teacher": "", "cellState": "CHANGED", "date": "2025-07-15", "start": "2025-07-15T00:00", "end": "2025-07-15T23:59", "type": "EVENT"}, {"classID": 1081, "schoolID": "2368600", "subject": [{"current": {"type": "SUBJECT", "status": "REGULAR", "shortName": "_MZ", "longName": "Mittagszeit", "displayName": "_MZ", "displayNameLabel": "NAME"}, "removed": null}], "location": "", "teacher": "", "cellState": "REGULAR", "date": "2025-07-15", "start": "2025-07-15T12:45", "end": "2025-07-15T13:30", "type": "NORMAL_TEACHING_PERIOD"}, {"classID": 1066, "schoolID": "2368600", "subject": "", "location": [{"current": {"type": "ROOM", "status": "ADDED", "shortName": "5/101 SB", "longName": "6e", "displayName": "5/101 SB", "displayNameLabel": "NAME"}, "removed": null}], "teacher": "", "cellState": "CHANGED", "date": "2025-07-15", "start": "2025-07-15T00:00", "end": "2025-07-15T23:59", "type": "EVENT"}, {"classID": 1066, "schoolID": "2368600", "subject": [{"current": {"type": "SUBJECT", "status": "REGULAR", "shortName": "_MZ", "longName": "Mittagszeit", "displayName": "_MZ", "displayNameLabel": "NAME"}, "removed": null}], "location": "", "teacher": "", "cellState": "REGULAR", "date": "2025-07-15", "start": "2025-07-15T12:45", "end": "2025-07-15T13:30", "type": "NORMAL_TEACHING_PERIOD"}, {"classID": 996, "schoolID": "2368600", "subject": "", "location": [{"current": {"type": "ROOM", "status": "ADDED", "shortName": "9/11 SB", "longName": "6f", "displayName": "9/11 SB", "displayNameLabel": "NAME"}, "removed": null}], "teacher": "", "cellState": "CHANGED", "date": "2025-07-15", "start": "2025-07-15T00:00", "end": "2025-07-15T23:59", "type": "EVENT"}, {"classID": 996, "schoolID": "2368600", "subject": [{"current": {"type": "SUBJECT", "status": "REGULAR", "shortName": "_MZ", "longName": "Mittagszeit", "displayName": "_MZ", "displayNameLabel": "NAME"}, "removed": null}], "location": "", "teacher": "", "cellState": "REGULAR", "date": "2025-07-15", "start": "2025-07-15T12:45", "end": "2025-07-15T13:30", "type": "NORMAL_TEACHING_PERIOD"}, {"classID": 1006, "schoolID": "2368600", "subject": "", "location": [{"current": {"type": "ROOM", "status": "ADDED", "shortName": "5/001 SB", "longName": "7a", "displayName": "5/001 SB", "displayNameLabel": "NAME"}, "removed": null}], "teacher": "", "cellState": "CHANGED", "date": "2025-07-15", "start": "2025-07-15T00:00", "end": "2025-07-15T16:45", "type": "EVENT"}, {"classID": 1006, "schoolID": "2368600", "subject": [{"current": {"type": "SUBJECT", "status": "REGULAR", "shortName": "_MZ", "longName": "Mittagszeit", "displayName": "_MZ", "displayNameLabel": "NAME"}, "removed": null}], "location": [{"current": {"type": "ROOM", "status": "REGULAR", "shortName": "HOF", "longName": "Schulhof", "displayName": "HOF", "displayNameLabel": "NAME"}, "removed": null}], "teacher": "", "cellState": "REGULAR", "date": "2025-07-15", "start": "2025-07-15T12:45", "end": "2025-07-15T13:30", "type": "NORMAL_TEACHING_PERIOD"}, {"classID": 1011, "schoolID": "2368600", "subject": "", "location": [{"current": {"type": "ROOM", "status": "ADDED", "shortName": "5/003 SB", "longName": "7b", "displayName": "5/003 SB", "displayNameLabel": "NAME"}, "removed": null}], "teacher": "", "cellState": "CHANGED", "date": "2025-07-15", "start": "2025-07-15T00:00", "end": "2025-07-15T23:59", "type": "EVENT"}, {"classID": 1011, "schoolID": "2368600", "subject": [{"current": {"type": "SUBJECT", "status": "REGULAR", "shortName": "_MZ", "longName": "Mittagszeit", "displayName": "_MZ", "displayNameLabel": "NAME"}, "removed": null}], "location": [{"current": {"type": "ROOM", "status": "REGULAR", "shortName": "HOF", "longName": "Schulhof", "displayName": "HOF", "displayNameLabel": "NAME"}, "removed": null}], "teacher": "", "cellState": "REGULAR", "date": "2025-07-15", "start": "2025-07-15T12:45", "end": "2025-07-15T13:30", "type": "NORMAL_TEACHING_PERIOD"}, {"classID": 1016, "schoolID": "2368600", "subject": "", "location": [{"current": {"type": "ROOM", "status": "ADDED", "shortName": "5/005 SB", "longName": "7c", "displayName": "5/005 SB", "displayNameLabel": "NAME"}, "removed": null}], "teacher": "", "cellState": "CHANGED", "date": "2025-07-15", "start": "2025-07-15T00:00", "end": "2025-07-15T16:45", "type": "EVENT"}, {"classID": 1016, "schoolID": "2368600", "subject": [{"current": {"type": "SUBJECT", "status": "REGULAR", "shortName": "_MZ", "longName": "Mittagszeit", "displayName": "_MZ", "displayNameLabel": "NAME"}, "removed": null}], "location": [{"current": {"type": "ROOM", "status": "REGULAR", "shortName": "HOF", "longName": "Schulhof", "displayName": "HOF", "displayNameLabel": "NAME"}, "removed": null}], "teacher": "", "cellState": "REGULAR", "date": "2025-07-15", "start": "2025-07-15T12:45", "end": "2025-07-15T13:30", "type": "NORMAL_TEACHING_PERIOD"}, {"classID": 1021, "schoolID": "2368600", "subject": "", "location": [{"current": {"type": "ROOM", "status": "ADDED", "shortName": "5/007 SB", "longName": "7d", "displayName": "5/007 SB", "displayNameLabel": "NAME"}, "removed": null}], "teacher": "", "cellState": "CHANGED", "date": "2025-07-15", "start": "2025-07-15T00:00", "end": "2025-07-15T16:45", "type": "EVENT"}, {"classID": 1021, "schoolID": "2368600", "subject": [{"current": {"type": "SUBJECT", "status": "REGULAR", "shortName": "_MZ", "longName": "Mittagszeit", "displayName": "_MZ", "displayNameLabel": "NAME"}, "removed": null}], "location": [{"current": {"type": "ROOM", "status": "REGULAR", "shortName": "HOF", "longName": "Schulhof", "displayName": "HOF", "displayNameLabel": "NAME"}, "removed": null}], "teacher": "", "cellState": "REGULAR", "date": "2025-07-15", "start": "2025-07-15T12:45", "end": "2025-07-15T13:30", "type": "NORMAL_TEACHING_PERIOD"}, {"classID": 1026, "schoolID": "2368600", "subject": "", "location": [{"current": {"type": "ROOM", "status": "ADDED", "shortName": "5/008 SB", "longName": "7e", "displayName": "5/008 SB", "displayNameLabel": "NAME"}, "removed": null}], "teacher": "", "cellState": "CHANGED", "date": "2025-07-15", "start": "2025-07-15T00:00", "end": "2025-07-15T16:45", "type": "EVENT"}, {"classID": 1026, "schoolID": "2368600", "subject": [{"current": {"type": "SUBJECT", "status": "REGULAR", "shortName": "_MZ", "longName": "Mittagszeit", "displayName": "_MZ", "displayNameLabel": "NAME"}, "removed": null}], "location": [{"current": {"type": "ROOM", "status": "REGULAR", "shortName": "HOF", "longName": "Schulhof", "displayName": "HOF", "displayNameLabel": "NAME"}, "removed": null}], "teacher": "", "cellState": "REGULAR", "date": "2025-07-15", "start": "2025-07-15T12:45", "end": "2025-07-15T13:30", "type": "NORMAL_TEACHING_PERIOD"}, {"classID": 971, "schoolID": "2368600", "subject": "", "location": "", "teacher": "", "cellState": "CHANGED", "date": "2025-07-15", "start": "2025-07-15T00:00", "end": "2025-07-15T23:59", "type": "EVENT"}, {"classID": 939, "schoolID": "2368600", "subject": "", "location": "", "teacher": "", "cellState": "CHANGED", "date": "2025-07-15", "start": "2025-07-15T00:00", "end": "2025-07-15T23:59", "type": "EVENT"}, {"classID": 944, "schoolID": "2368600", "subject": "", "location": "", "teacher": "", "cellState": "CHANGED", "date": "2025-07-15", "start": "2025-07-15T00:00", "end": "2025-07-15T23:59", "type": "EVENT"}, {"classID": 981, "schoolID": "2368600", "subject": "", "location": "", "teacher": "", "cellState": "CHANGED", "date": "2025-07-15", "start": "2025-07-15T00:00", "end": "2025-07-15T23:59", "type": "EVENT"}, {"classID": 1086, "schoolID": "2368600", "subject": "", "location": "", "teacher": "", "cellState": "CHANGED", "date": "2025-07-15", "start": "2025-07-15T00:00", "end": "2025-07-15T16:45", "type": "EVENT"}, {"classID": 1176, "schoolID": "2368600", "subject": "", "location": "", "teacher": "", "cellState": "CHANGED", "date": "2025-07-15", "start": "2025-07-15T00:00", "end": "2025-07-15T23:59", "type": "EVENT"}, {"classID": 1031, "schoolID": "2368600", "subject": "", "location": "", "teacher": "", "cellState": "CHANGED", "date": "2025-07-15", "start": "2025-07-15T00:00", "end": "2025-07-15T23:59", "type": "EVENT"}, {"classID": 1036, "schoolID": "2368600", "subject": "", "location": "", "teacher": "", "cellState": "CHANGED", "date": "2025-07-15", "start": "2025-07-15T00:00", "end": "2025-07-15T23:59", "type": "EVENT"}, {"classID": 1061, "schoolID": "2368600", "subject": "", "location": "", "teacher": "", "cellState": "CHANGED", "date": "2025-07-15", "start": "2025-07-15T00:00", "end": "2025-07-15T23:59", "type": "EVENT"}, {"classID": 1041, "schoolID": "2368600", "subject": "", "location": "", "teacher": "", "cellState": "CHANGED", "date": "2025-07-15", "start": "2025-07-15T00:00", "end": "2025-07-15T23:59", "type": "EVENT"}, {"classID": 1111, "schoolID": "2368600", "subject": "", "location": "", "teacher": "", "cellState": "CHANGED", "date": "2025-07-15", "start": "2025-07-15T00:00", "end": "2025-07-15T23:59", "type": "EVENT"}, {"classID": 1046, "schoolID": "2368600", "subject": "", "location": "", "teacher": "", "cellState": "CHANGED", "date": "2025-07-15", "start": "2025-07-15T00:00", "end": "2025-07-15T23:59", "type": "EVENT"}, {"classID": 986, "schoolID": "2368600", "subject": "", "location": [{"current": {"type": "ROOM", "status": "ADDED", "shortName": "8/03 SB", "longName": "9g", "displayName": "8/03 SB", "displayNameLabel": "NAME"}, "removed": null}], "teacher": "", "cellState": "CHANGED", "date": "2025-07-15", "start": "2025-07-15T00:00", "end": "2025-07-15T16:45", "type": "EVENT"}, {"classID": 1001, "schoolID": "2368600", "subject": "", "location": [{"current": {"type": "ROOM", "status": "ADDED", "shortName": "11/102 F", "longName": "BAK", "displayName": "11/102 F", "displayNameLabel": "NAME"}, "removed": null}], "teacher": "", "cellState": "CHANGED", "date": "2025-07-15", "start": "2025-07-15T08:00", "end": "2025-07-15T16:45", "type": "EVENT"}, {"classID": 1001, "schoolID": "2368600", "subject": [{"current": {"type": "SUBJECT", "status": "REGULAR", "shortName": "_MZ", "longName": "Mittagszeit", "displayName": "_MZ", "displayNameLabel": "NAME"}, "removed": null}], "location": "", "teacher": "", "cellState": "REGULAR", "date": "2025-07-15", "start": "2025-07-15T12:45", "end": "2025-07-15T13:30", "type": "NORMAL_TEACHING_PERIOD"}, {"classID": 1207, "schoolID": "2368600", "subject": [{"current": {"type": "SUBJECT", "status": "REGULAR", "shortName": "INS", "longName": "Insel", "displayName": "INS", "displayNameLabel": "NAME"}, "removed": null}], "location": [{"current": {"type": "ROOM", "status": "REGULAR", "shortName": "5/011", "longName": "Insel", "displayName": "5/011", "displayNameLabel": "NAME"}, "removed": null}], "teacher": "", "cellState": "REGULAR", "date": "2025-07-15", "start": "2025-07-15T12:00", "end": "2025-07-15T12:45", "type": "NORMAL_TEACHING_PERIOD"}, {"classID": 1202, "schoolID": "2368600", "subject": [{"current": {"type": "SUBJECT", "status": "REGULAR", "shortName": "_MZ-SPO", "longName": "MZ Sport-Angebot", "displayName": "_MZ-SPO", "displayNameLabel": "NAME"}, "removed": null}], "location": [{"current": {"type": "ROOM", "status": "REGULAR", "shortName": "6", "longName": "Sporthalle / alt", "displayName": "6", "displayNameLabel": "NAME"}, "removed": null}], "teacher": "", "cellState": "CHANGED", "date": "2025-07-15", "start": "2025-07-15T12:45", "end": "2025-07-15T13:30", "type": "NORMAL_TEACHING_PERIOD"}, {"classID": 1171, "schoolID": "2368600", "subject": "", "location": "", "teacher": "", "cellState": "CHANGED", "date": "2025-07-16", "start": "2025-07-16T00:00", "end": "2025-07-16T23:59", "type": "EVENT"}, {"classID": 1156, "schoolID": "2368600", "subject": "", "location": "", "teacher": "", "cellState": "CHANGED", "date": "2025-07-16", "start": "2025-07-16T00:00", "end": "2025-07-16T23:59", "type": "EVENT"}, {"classID": 1161, "schoolID": "2368600", "subject": "", "location": "", "teacher": "", "cellState": "CHANGED", "date": "2025-07-16", "start": "2025-07-16T00:00", "end": "2025-07-16T23:59", "type": "EVENT"}, {"classID": 1056, "schoolID": "2368600", "subject": "", "location": "", "teacher": "", "cellState": "CHANGED", "date": "2025-07-16", "start": "2025-07-16T00:00", "end": "2025-07-16T23:59", "type": "EVENT"}, {"classID": 1076, "schoolID": "2368600", "subject": "", "location": "", "teacher": "", "cellState": "CHANGED", "date": "2025-07-16", "start": "2025-07-16T00:00", "end": "2025-07-16T23:59", "type": "EVENT"}, {"classID": 1116, "schoolID": "2368600", "subject": "", "location": "", "teacher": "", "cellState": "CHANGED", "date": "2025-07-16", "start": "2025-07-16T00:00", "end": "2025-07-16T23:59", "type": "EVENT"}, {"classID": 1166, "schoolID": "2368600", "subject": "", "location": "", "teacher": "", "cellState": "CHANGED", "date": "2025-07-16", "start": "2025-07-16T00:00", "end": "2025-07-16T23:59", "type": "EVENT"}, {"classID": 1136, "schoolID": "2368600", "subject": "", "location": [{"current": {"type": "ROOM", "status": "ADDED", "shortName": "8/11 SB", "longName": "11a", "displayName": "8/11 SB", "displayNameLabel": "NAME"}, "removed": null}], "teacher": "", "cellState": "CHANGED", "date": "2025-07-16", "start": "2025-07-16T08:00", "end": "2025-07-16T16:45", "type": "EVENT"}, {"classID": 1146, "schoolID": "2368600", "subject": "", "location": [{"current": {"type": "ROOM", "status": "ADDED", "shortName": "8/13 SB", "longName": "11b", "displayName": "8/13 SB", "displayNameLabel": "NAME"}, "removed": null}], "teacher": "", "cellState": "CHANGED", "date": "2025-07-16", "start": "2025-07-16T08:00", "end": "2025-07-16T16:45", "type": "EVENT"}, {"classID": 1151, "schoolID": "2368600", "subject": "", "location": [{"current": {"type": "ROOM", "status": "ADDED", "shortName": "8/14 SB", "longName": "11c", "displayName": "8/14 SB", "displayNameLabel": "NAME"}, "removed": null}], "teacher": "", "cellState": "CHANGED", "date": "2025-07-16", "start": "2025-07-16T08:00", "end": "2025-07-16T16:45", "type": "EVENT"}, {"classID": 1101, "schoolID": "2368600", "subject": "", "location": [{"current": {"type": "ROOM", "status": "ADDED", "shortName": "3/11 SB", "longName": "BK 1", "displayName": "3/11 SB", "displayNameLabel": "NAME"}, "removed": null}], "teacher": "", "cellState": "CHANGED", "date": "2025-07-16", "start": "2025-07-16T08:00", "end": "2025-07-16T23:59", "type": "EVENT"}, {"classID": 1096, "schoolID": "2368600", "subject": "", "location": [{"current": {"type": "ROOM", "status": "ADDED", "shortName": "8/06 SB", "longName": "8/06 SB", "displayName": "8/06 SB", "displayNameLabel": "NAME"}, "removed": null}], "teacher": "", "cellState": "CHANGED", "date": "2025-07-16", "start": "2025-07-16T08:00", "end": "2025-07-16T23:59", "type": "EVENT"}, {"classID": 1091, "schoolID": "2368600", "subject": "", "location": [{"current": {"type": "ROOM", "status": "ADDED", "shortName": "7/01 SB", "longName": "9a", "displayName": "7/01 SB", "displayNameLabel": "NAME"}, "removed": null}], "teacher": "", "cellState": "CHANGED", "date": "2025-07-16", "start": "2025-07-16T08:00", "end": "2025-07-16T23:59", "type": "EVENT"}, {"classID": 1106, "schoolID": "2368600", "subject": "", "location": [{"current": {"type": "ROOM", "status": "ADDED", "shortName": "8/01 SB", "longName": "8/01 SB", "displayName": "8/01 SB", "displayNameLabel": "NAME"}, "removed": null}], "teacher": "", "cellState": "CHANGED", "date": "2025-07-16", "start": "2025-07-16T08:00", "end": "2025-07-16T23:59", "type": "EVENT"}, {"classID": 1131, "schoolID": "2368600", "subject": "", "location": "", "teacher": "", "cellState": "CHANGED", "date": "2025-07-16", "start": "2025-07-16T00:00", "end": "2025-07-16T23:59", "type": "EVENT"}, {"classID": 956, "schoolID": "2368600", "subject": "", "location": "", "teacher": "", "cellState": "CHANGED", "date": "2025-07-16", "start": "2025-07-16T00:00", "end": "2025-07-16T23:59", "type": "EVENT"}, {"classID": 961, "schoolID": "2368600", "subject": "", "location": "", "teacher": "", "cellState": "CHANGED", "date": "2025-07-16", "start": "2025-07-16T00:00", "end": "2025-07-16T23:59", "type": "EVENT"}, {"classID": 966, "schoolID": "2368600", "subject": "", "location": "", "teacher": "", "cellState": "CHANGED", "date": "2025-07-16", "start": "2025-07-16T00:00", "end": "2025-07-16T23:59", "type": "EVENT"}, {"classID": 1121, "schoolID": "2368600", "subject": "", "location": "", "teacher": "", "cellState": "CHANGED", "date": "2025-07-16", "start": "2025-07-16T00:00", "end": "2025-07-16T23:59", "type": "EVENT"}, {"classID": 949, "schoolID": "2368600", "subject": "", "location": "", "teacher": "", "cellState": "CHANGED", "date": "2025-07-16", "start": "2025-07-16T00:00", "end": "2025-07-16T23:59", "type": "EVENT"}, {"classID": 954, "schoolID": "2368600", "subject": "", "location": "", "teacher": "", "cellState": "CHANGED", "date": "2025-07-16", "start": "2025-07-16T00:00", "end": "2025-07-16T23:59", "type": "EVENT"}, {"classID": 976, "schoolID": "2368600", "subject": "", "location": "", "teacher": "", "cellState": "CHANGED", "date": "2025-07-16", "start": "2025-07-16T00:00", "end": "2025-07-16T23:59", "type": "EVENT"}, {"classID": 1051, "schoolID": "2368600", "subject": "", "location": "", "teacher": "", "cellState": "CHANGED", "date": "2025-07-16", "start": "2025-07-16T00:00", "end": "2025-07-16T23:59", "type": "EVENT"}, {"classID": 1126, "schoolID": "2368600", "subject": "", "location": "", "teacher": "", "cellState": "CHANGED", "date": "2025-07-16", "start": "2025-07-16T00:00", "end": "2025-07-16T23:59", "type": "EVENT"}, {"classID": 991, "schoolID": "2368600", "subject": "", "location": [{"current": {"type": "ROOM", "status": "ADDED", "shortName": "5/105 SB", "longName": "6a", "displayName": "5/105 SB", "displayNameLabel": "NAME"}, "removed": null}], "teacher": "", "cellState": "CHANGED", "date": "2025-07-16", "start": "2025-07-16T00:00", "end": "2025-07-16T23:59", "type": "EVENT"}, {"classID": 1071, "schoolID": "2368600", "subject": "", "location": [{"current": {"type": "ROOM", "status": "ADDED", "shortName": "5/103 SB", "longName": "6b", "displayName": "5/103 SB", "displayNameLabel": "NAME"}, "removed": null}], "teacher": "", "cellState": "CHANGED", "date": "2025-07-16", "start": "2025-07-16T00:00", "end": "2025-07-16T23:59", "type": "EVENT"}, {"classID": 1141, "schoolID": "2368600", "subject": "", "location": [{"current": {"type": "ROOM", "status": "ADDED", "shortName": "5/010 SB", "longName": "6c", "displayName": "5/010 SB", "displayNameLabel": "NAME"}, "removed": null}], "teacher": "", "cellState": "CHANGED", "date": "2025-07-16", "start": "2025-07-16T00:00", "end": "2025-07-16T23:59", "type": "EVENT"}, {"classID": 1081, "schoolID": "2368600", "subject": "", "location": [{"current": {"type": "ROOM", "status": "ADDED", "shortName": "5/107 SB", "longName": "6d", "displayName": "5/107 SB", "displayNameLabel": "NAME"}, "removed": null}], "teacher": "", "cellState": "CHANGED", "date": "2025-07-16", "start": "2025-07-16T00:00", "end": "2025-07-16T23:59", "type": "EVENT"}, {"classID": 1066, "schoolID": "2368600", "subject": "", "location": [{"current": {"type": "ROOM", "status": "ADDED", "shortName": "5/101 SB", "longName": "6e", "displayName": "5/101 SB", "displayNameLabel": "NAME"}, "removed": null}], "teacher": "", "cellState": "CHANGED", "date": "2025-07-16", "start": "2025-07-16T00:00", "end": "2025-07-16T23:59", "type": "EVENT"}, {"classID": 996, "schoolID": "2368600", "subject": "", "location": [{"current": {"type": "ROOM", "status": "ADDED", "shortName": "9/11 SB", "longName": "6f", "displayName": "9/11 SB", "displayNameLabel": "NAME"}, "removed": null}], "teacher": "", "cellState": "CHANGED", "date": "2025-07-16", "start": "2025-07-16T00:00", "end": "2025-07-16T23:59", "type": "EVENT"}, {"classID": 1006, "schoolID": "2368600", "subject": "", "location": [{"current": {"type": "ROOM", "status": "ADDED", "shortName": "5/001 SB", "longName": "7a", "displayName": "5/001 SB", "displayNameLabel": "NAME"}, "removed": null}], "teacher": "", "cellState": "CHANGED", "date": "2025-07-16", "start": "2025-07-16T08:00", "end": "2025-07-16T16:45", "type": "EVENT"}, {"classID": 1011, "schoolID": "2368600", "subject": "", "location": [{"current": {"type": "ROOM", "status": "ADDED", "shortName": "5/003 SB", "longName": "7b", "displayName": "5/003 SB", "displayNameLabel": "NAME"}, "removed": null}], "teacher": "", "cellState": "CHANGED", "date": "2025-07-16", "start": "2025-07-16T00:00", "end": "2025-07-16T23:59", "type": "EVENT"}, {"classID": 1016, "schoolID": "2368600", "subject": "", "location": [{"current": {"type": "ROOM", "status": "ADDED", "shortName": "5/005 SB", "longName": "7c", "displayName": "5/005 SB", "displayNameLabel": "NAME"}, "removed": null}], "teacher": "", "cellState": "CHANGED", "date": "2025-07-16", "start": "2025-07-16T08:00", "end": "2025-07-16T16:45", "type": "EVENT"}, {"classID": 1021, "schoolID": "2368600", "subject": "", "location": [{"current": {"type": "ROOM", "status": "ADDED", "shortName": "5/007 SB", "longName": "7d", "displayName": "5/007 SB", "displayNameLabel": "NAME"}, "removed": null}], "teacher": "", "cellState": "CHANGED", "date": "2025-07-16", "start": "2025-07-16T08:00", "end": "2025-07-16T16:45", "type": "EVENT"}, {"classID": 1026, "schoolID": "2368600", "subject": "", "location": [{"current": {"type": "ROOM", "status": "ADDED", "shortName": "5/008 SB", "longName": "7e", "displayName": "5/008 SB", "displayNameLabel": "NAME"}, "removed": null}], "teacher": "", "cellState": "CHANGED", "date": "2025-07-16", "start": "2025-07-16T08:00", "end": "2025-07-16T16:45", "type": "EVENT"}, {"classID": 971, "schoolID": "2368600", "subject": "", "location": "", "teacher": "", "cellState": "CHANGED", "date": "2025-07-16", "start": "2025-07-16T00:00", "end": "2025-07-16T23:59", "type": "EVENT"}, {"classID": 939, "schoolID": "2368600", "subject": "", "location": "", "teacher": "", "cellState": "CHANGED", "date": "2025-07-16", "start": "2025-07-16T00:00", "end": "2025-07-16T23:59", "type": "EVENT"}, {"classID": 944, "schoolID": "2368600", "subject": "", "location": "", "teacher": "", "cellState": "CHANGED", "date": "2025-07-16", "start": "2025-07-16T00:00", "end": "2025-07-16T23:59", "type": "EVENT"}, {"classID": 981, "schoolID": "2368600", "subject": "", "location": "", "teacher": "", "cellState": "CHANGED", "date": "2025-07-16", "start": "2025-07-16T00:00", "end": "2025-07-16T23:59", "type": "EVENT"}, {"classID": 1086, "schoolID": "2368600", "subject": "", "location": "", "teacher": "", "cellState": "CHANGED", "date": "2025-07-16", "start": "2025-07-16T08:00", "end": "2025-07-16T16:45", "type": "EVENT"}, {"classID": 1176, "schoolID": "2368600", "subject": "", "location": "", "teacher": "", "cellState": "CHANGED", "date": "2025-07-16", "start": "2025-07-16T00:00", "end": "2025-07-16T23:59", "type": "EVENT"}, {"classID": 1031, "schoolID": "2368600", "subject": "", "location": "", "teacher": "", "cellState": "CHANGED", "date": "2025-07-16", "start": "2025-07-16T00:00", "end": "2025-07-16T23:59", "type": "EVENT"}, {"classID": 1036, "schoolID": "2368600", "subject": "", "location": "", "teacher": "", "cellState": "CHANGED", "date": "2025-07-16", "start": "2025-07-16T00:00", "end": "2025-07-16T23:59", "type": "EVENT"}, {"classID": 1061, "schoolID": "2368600", "subject": "", "location": "", "teacher": "", "cellState": "CHANGED", "date": "2025-07-16", "start": "2025-07-16T00:00", "end": "2025-07-16T23:59", "type": "EVENT"}, {"classID": 1041, "schoolID": "2368600", "subject": "", "location": "", "teacher": "", "cellState": "CHANGED", "date": "2025-07-16", "start": "2025-07-16T00:00", "end": "2025-07-16T23:59", "type": "EVENT"}, {"classID": 1111, "schoolID": "2368600", "subject": "", "location": "", "teacher": "", "cellState": "CHANGED", "date": "2025-07-16", "start": "2025-07-16T00:00", "end": "2025-07-16T23:59", "type": "EVENT"}, {"classID": 1046, "schoolID": "2368600", "subject": "", "location": "", "teacher": "", "cellState": "CHANGED", "date": "2025-07-16", "start": "2025-07-16T00:00", "end": "2025-07-16T23:59", "type": "EVENT"}, {"classID": 986, "schoolID": "2368600", "subject": "", "location": [{"current": {"type": "ROOM", "status": "ADDED", "shortName": "8/03 SB", "longName": "9g", "displayName": "8/03 SB", "displayNameLabel": "NAME"}, "removed": null}], "teacher": "", "cellState": "CHANGED", "date": "2025-07-16", "start": "2025-07-16T08:00", "end": "2025-07-16T23:59", "type": "EVENT"}, {"classID": 1001, "schoolID": "2368600", "subject": "", "location": "", "teacher": "", "cellState": "CHANGED", "date": "2025-07-16", "start": "2025-07-16T08:00", "end": "2025-07-16T16:45", "type": "EVENT"}, {"classID": 1171, "schoolID": "2368600", "subject": "", "location": "", "teacher": "", "cellState": "CHANGED", "date": "2025-07-17", "start": "2025-07-17T00:00", "end": "2025-07-17T23:59", "type": "EVENT"}, {"classID": 1156, "schoolID": "2368600", "subject": "", "location": "", "teacher": "", "cellState": "CHANGED", "date": "2025-07-17", "start": "2025-07-17T00:00", "end": "2025-07-17T23:59", "type": "EVENT"}, {"classID": 1161, "schoolID": "2368600", "subject": "", "location": "", "teacher": "", "cellState": "CHANGED", "date": "2025-07-17", "start": "2025-07-17T00:00", "end": "2025-07-17T23:59", "type": "EVENT"}, {"classID": 1056, "schoolID": "2368600", "subject": "", "location": "", "teacher": "", "cellState": "CHANGED", "date": "2025-07-17", "start": "2025-07-17T00:00", "end": "2025-07-17T23:59", "type": "EVENT"}, {"classID": 1076, "schoolID": "2368600", "subject": "", "location": "", "teacher": "", "cellState": "CHANGED", "date": "2025-07-17", "start": "2025-07-17T00:00", "end": "2025-07-17T23:59", "type": "EVENT"}, {"classID": 1116, "schoolID": "2368600", "subject": "", "location": "", "teacher": "", "cellState": "CHANGED", "date": "2025-07-17", "start": "2025-07-17T00:00", "end": "2025-07-17T23:59", "type": "EVENT"}, {"classID": 1166, "schoolID": "2368600", "subject": "", "location": "", "teacher": "", "cellState": "CHANGED", "date": "2025-07-17", "start": "2025-07-17T00:00", "end": "2025-07-17T23:59", "type": "EVENT"}, {"classID": 1136, "schoolID": "2368600", "subject": "", "location": [{"current": {"type": "ROOM", "status": "ADDED", "shortName": "8/11 SB", "longName": "11a", "displayName": "8/11 SB", "displayNameLabel": "NAME"}, "removed": null}], "teacher": "", "cellState": "CHANGED", "date": "2025-07-17", "start": "2025-07-17T08:00", "end": "2025-07-17T16:45", "type": "EVENT"}, {"classID": 1146, "schoolID": "2368600", "subject": "", "location": [{"current": {"type": "ROOM", "status": "ADDED", "shortName": "8/13 SB", "longName": "11b", "displayName": "8/13 SB", "displayNameLabel": "NAME"}, "removed": null}], "teacher": "", "cellState": "CHANGED", "date": "2025-07-17", "start": "2025-07-17T08:00", "end": "2025-07-17T16:45", "type": "EVENT"}, {"classID": 1151, "schoolID": "2368600", "subject": "", "location": [{"current": {"type": "ROOM", "status": "ADDED", "shortName": "8/14 SB", "longName": "11c", "displayName": "8/14 SB", "displayNameLabel": "NAME"}, "removed": null}], "teacher": "", "cellState": "CHANGED", "date": "2025-07-17", "start": "2025-07-17T08:00", "end": "2025-07-17T16:45", "type": "EVENT"}, {"classID": 1101, "schoolID": "2368600", "subject": "", "location": [{"current": {"type": "ROOM", "status": "ADDED", "shortName": "3/11 SB", "longName": "BK 1", "displayName": "3/11 SB", "displayNameLabel": "NAME"}, "removed": null}], "teacher": "", "cellState": "CHANGED", "date": "2025-07-17", "start": "2025-07-17T00:00", "end": "2025-07-17T23:59", "type": "EVENT"}, {"classID": 1096, "schoolID": "2368600", "subject": "", "location": [{"current": {"type": "ROOM", "status": "ADDED", "shortName": "8/06 SB", "longName": "8/06 SB", "displayName": "8/06 SB", "displayNameLabel": "NAME"}, "removed": null}], "teacher": "", "cellState": "CHANGED", "date": "2025-07-17", "start": "2025-07-17T00:00", "end": "2025-07-17T23:59", "type": "EVENT"}, {"classID": 1091, "schoolID": "2368600", "subject": "", "location": [{"current": {"type": "ROOM", "status": "ADDED", "shortName": "7/01 SB", "longName": "9a", "displayName": "7/01 SB", "displayNameLabel": "NAME"}, "removed": null}], "teacher": "", "cellState": "CHANGED", "date": "2025-07-17", "start": "2025-07-17T00:00", "end": "2025-07-17T23:59", "type": "EVENT"}, {"classID": 1106, "schoolID": "2368600", "subject": "", "location": [{"current": {"type": "ROOM", "status": "ADDED", "shortName": "8/01 SB", "longName": "8/01 SB", "displayName": "8/01 SB", "displayNameLabel": "NAME"}, "removed": null}], "teacher": "", "cellState": "CHANGED", "date": "2025-07-17", "start": "2025-07-17T00:00", "end": "2025-07-17T23:59", "type": "EVENT"}, {"classID": 1131, "schoolID": "2368600", "subject": "", "location": "", "teacher": "", "cellState": "CHANGED", "date": "2025-07-17", "start": "2025-07-17T00:00", "end": "2025-07-17T23:59", "type": "EVENT"}, {"classID": 956, "schoolID": "2368600", "subject": "", "location": "", "teacher": "", "cellState": "CHANGED", "date": "2025-07-17", "start": "2025-07-17T00:00", "end": "2025-07-17T23:59", "type": "EVENT"}, {"classID": 961, "schoolID": "2368600", "subject": "", "location": "", "teacher": "", "cellState": "CHANGED", "date": "2025-07-17", "start": "2025-07-17T00:00", "end": "2025-07-17T23:59", "type": "EVENT"}, {"classID": 966, "schoolID": "2368600", "subject": "", "location": "", "teacher": "", "cellState": "CHANGED", "date": "2025-07-17", "start": "2025-07-17T00:00", "end": "2025-07-17T23:59", "type": "EVENT"}, {"classID": 1121, "schoolID": "2368600", "subject": "", "location": "", "teacher": "", "cellState": "CHANGED", "date": "2025-07-17", "start": "2025-07-17T00:00", "end": "2025-07-17T23:59", "type": "EVENT"}, {"classID": 1121, "schoolID": "2368600", "subject": [{"current": {"type": "SUBJECT", "status": "REGULAR", "shortName": "_MZ", "longName": "Mittagszeit", "displayName": "_MZ", "displayNameLabel": "NAME"}, "removed": null}], "location": [{"current": {"type": "ROOM", "status": "REGULAR", "shortName": "HOF", "longName": "Schulhof", "displayName": "HOF", "displayNameLabel": "NAME"}, "removed": null}], "teacher": "", "cellState": "REGULAR", "date": "2025-07-17", "start": "2025-07-17T12:45", "end": "2025-07-17T13:30", "type": "NORMAL_TEACHING_PERIOD"}, {"classID": 949, "schoolID": "2368600", "subject": "", "location": "", "teacher": "", "cellState": "CHANGED", "date": "2025-07-17", "start": "2025-07-17T00:00", "end": "2025-07-17T23:59", "type": "EVENT"}, {"classID": 949, "schoolID": "2368600", "subject": [{"current": {"type": "SUBJECT", "status": "REGULAR", "shortName": "_MZ", "longName": "Mittagszeit", "displayName": "_MZ", "displayNameLabel": "NAME"}, "removed": null}], "location": [{"current": {"type": "ROOM", "status": "REGULAR", "shortName": "HOF", "longName": "Schulhof", "displayName": "HOF", "displayNameLabel": "NAME"}, "removed": null}], "teacher": "", "cellState": "REGULAR", "date": "2025-07-17", "start": "2025-07-17T12:45", "end": "2025-07-17T13:30", "type": "NORMAL_TEACHING_PERIOD"}, {"classID": 954, "schoolID": "2368600", "subject": "", "location": "", "teacher": "", "cellState": "CHANGED", "date": "2025-07-17", "start": "2025-07-17T00:00", "end": "2025-07-17T23:59", "type": "EVENT"}, {"classID": 954, "schoolID": "2368600", "subject": [{"current": {"type": "SUBJECT", "status": "REGULAR", "shortName": "_MZ", "longName": "Mittagszeit", "displayName": "_MZ", "displayNameLabel": "NAME"}, "removed": null}], "location": [{"current": {"type": "ROOM", "status": "REGULAR", "shortName": "HOF", "longName": "Schulhof", "displayName": "HOF", "displayNameLabel": "NAME"}, "removed": null}], "teacher": "", "cellState": "REGULAR", "date": "2025-07-17", "start": "2025-07-17T12:45", "end": "2025-07-17T13:30", "type": "NORMAL_TEACHING_PERIOD"}, {"classID": 976, "schoolID": "2368600", "subject": "", "location": "", "teacher": "", "cellState": "CHANGED", "date": "2025-07-17", "start": "2025-07-17T00:00", "end": "2025-07-17T23:59", "type": "EVENT"}, {"classID": 976, "schoolID": "2368600", "subject": [{"current": {"type": "SUBJECT", "status": "REGULAR", "shortName": "_MZ", "longName": "Mittagszeit", "displayName": "_MZ", "displayNameLabel": "NAME"}, "removed": null}], "location": [{"current": {"type": "ROOM", "status": "REGULAR", "shortName": "HOF", "longName": "Schulhof", "displayName": "HOF", "displayNameLabel": "NAME"}, "removed": null}], "teacher": "", "cellState": "REGULAR", "date": "2025-07-17", "start": "2025-07-17T12:45", "end": "2025-07-17T13:30", "type": "NORMAL_TEACHING_PERIOD"}, {"classID": 1051, "schoolID": "2368600", "subject": "", "location": "", "teacher": "", "cellState": "CHANGED", "date": "2025-07-17", "start": "2025-07-17T00:00", "end": "2025-07-17T23:59", "type": "EVENT"}, {"classID": 1051, "schoolID": "2368600", "subject": [{"current": {"type": "SUBJECT", "status": "REGULAR", "shortName": "_MZ", "longName": "Mittagszeit", "displayName": "_MZ", "displayNameLabel": "NAME"}, "removed": null}], "location": [{"current": {"type": "ROOM", "status": "REGULAR", "shortName": "HOF", "longName": "Schulhof", "displayName": "HOF", "displayNameLabel": "NAME"}, "removed": null}], "teacher": "", "cellState": "REGULAR", "date": "2025-07-17", "start": "2025-07-17T12:45", "end": "2025-07-17T13:30", "type": "NORMAL_TEACHING_PERIOD"}, {"classID": 1126, "schoolID": "2368600", "subject": "", "location": "", "teacher": "", "cellState": "CHANGED", "date": "2025-07-17", "start": "2025-07-17T00:00", "end": "2025-07-17T23:59", "type": "EVENT"}, {"classID": 1126, "schoolID": "2368600", "subject": [{"current": {"type": "SUBJECT", "status": "REGULAR", "shortName": "_MZ", "longName": "Mittagszeit", "displayName": "_MZ", "displayNameLabel": "NAME"}, "removed": null}], "location": [{"current": {"type": "ROOM", "status": "REGULAR", "shortName": "HOF", "longName": "Schulhof", "displayName": "HOF", "displayNameLabel": "NAME"}, "removed": null}], "teacher": "", "cellState": "REGULAR", "date": "2025-07-17", "start": "2025-07-17T12:45", "end": "2025-07-17T13:30", "type": "NORMAL_TEACHING_PERIOD"}, {"classID": 991, "schoolID": "2368600", "subject": "", "location": [{"current": {"type": "ROOM", "status": "ADDED", "shortName": "5/105 SB", "longName": "6a", "displayName": "5/105 SB", "displayNameLabel": "NAME"}, "removed": null}], "teacher": "", "cellState": "CHANGED", "date": "2025-07-17", "start": "2025-07-17T00:00", "end": "2025-07-17T23:59", "type": "EVENT"}, {"classID": 991, "schoolID": "2368600", "subject": [{"current": {"type": "SUBJECT", "status": "REGULAR", "shortName": "_MZ", "longName": "Mittagszeit", "displayName": "_MZ", "displayNameLabel": "NAME"}, "removed": null}], "location": "", "teacher": "", "cellState": "REGULAR", "date": "2025-07-17", "start": "2025-07-17T12:45", "end": "2025-07-17T13:30", "type": "NORMAL_TEACHING_PERIOD"}, {"classID": 1071, "schoolID": "2368600", "subject": "", "location": [{"current": {"type": "ROOM", "status": "ADDED", "shortName": "5/103 SB", "longName": "6b", "displayName": "5/103 SB", "displayNameLabel": "NAME"}, "removed": null}], "teacher": "", "cellState": "CHANGED", "date": "2025-07-17", "start": "2025-07-17T00:00", "end": "2025-07-17T23:59", "type": "EVENT"}, {"classID": 1071, "schoolID": "2368600", "subject": [{"current": {"type": "SUBJECT", "status": "REGULAR", "shortName": "_MZ", "longName": "Mittagszeit", "displayName": "_MZ", "displayNameLabel": "NAME"}, "removed": null}], "location": "", "teacher": "", "cellState": "REGULAR", "date": "2025-07-17", "start": "2025-07-17T12:45", "end": "2025-07-17T13:30", "type": "NORMAL_TEACHING_PERIOD"}, {"classID": 1141, "schoolID": "2368600", "subject": "", "location": [{"current": {"type": "ROOM", "status": "ADDED", "shortName": "5/010 SB", "longName": "6c", "displayName": "5/010 SB", "displayNameLabel": "NAME"}, "removed": null}], "teacher": "", "cellState": "CHANGED", "date": "2025-07-17", "start": "2025-07-17T00:00", "end": "2025-07-17T23:59", "type": "EVENT"}, {"classID": 1141, "schoolID": "2368600", "subject": [{"current": {"type": "SUBJECT", "status": "REGULAR", "shortName": "_MZ", "longName": "Mittagszeit", "displayName": "_MZ", "displayNameLabel": "NAME"}, "removed": null}], "location": "", "teacher": "", "cellState": "REGULAR", "date": "2025-07-17", "start": "2025-07-17T12:45", "end": "2025-07-17T13:30", "type": "NORMAL_TEACHING_PERIOD"}, {"classID": 1081, "schoolID": "2368600", "subject": "", "location": [{"current": {"type": "ROOM", "status": "ADDED", "shortName": "5/107 SB", "longName": "6d", "displayName": "5/107 SB", "displayNameLabel": "NAME"}, "removed": null}], "teacher": "", "cellState": "CHANGED", "date": "2025-07-17", "start": "2025-07-17T00:00", "end": "2025-07-17T23:59", "type": "EVENT"}, {"classID": 1081, "schoolID": "2368600", "subject": [{"current": {"type": "SUBJECT", "status": "REGULAR", "shortName": "_MZ", "longName": "Mittagszeit", "displayName": "_MZ", "displayNameLabel": "NAME"}, "removed": null}], "location": "", "teacher": "", "cellState": "REGULAR", "date": "2025-07-17", "start": "2025-07-17T12:45", "end": "2025-07-17T13:30", "type": "NORMAL_TEACHING_PERIOD"}, {"classID": 1066, "schoolID": "2368600", "subject": "", "location": [{"current": {"type": "ROOM", "status": "ADDED", "shortName": "5/101 SB", "longName": "6e", "displayName": "5/101 SB", "displayNameLabel": "NAME"}, "removed": null}], "teacher": "", "cellState": "CHANGED", "date": "2025-07-17", "start": "2025-07-17T00:00", "end": "2025-07-17T23:59", "type": "EVENT"}, {"classID": 1066, "schoolID": "2368600", "subject": [{"current": {"type": "SUBJECT", "status": "REGULAR", "shortName": "_MZ", "longName": "Mittagszeit", "displayName": "_MZ", "displayNameLabel": "NAME"}, "removed": null}], "location": "", "teacher": "", "cellState": "REGULAR", "date": "2025-07-17", "start": "2025-07-17T12:45", "end": "2025-07-17T13:30", "type": "NORMAL_TEACHING_PERIOD"}, {"classID": 996, "schoolID": "2368600", "subject": "", "location": [{"current": {"type": "ROOM", "status": "ADDED", "shortName": "9/11 SB", "longName": "6f", "displayName": "9/11 SB", "displayNameLabel": "NAME"}, "removed": null}], "teacher": "", "cellState": "CHANGED", "date": "2025-07-17", "start": "2025-07-17T00:00", "end": "2025-07-17T23:59", "type": "EVENT"}, {"classID": 996, "schoolID": "2368600", "subject": [{"current": {"type": "SUBJECT", "status": "REGULAR", "shortName": "_MZ", "longName": "Mittagszeit", "displayName": "_MZ", "displayNameLabel": "NAME"}, "removed": null}], "location": "", "teacher": "", "cellState": "REGULAR", "date": "2025-07-17", "start": "2025-07-17T12:45", "end": "2025-07-17T13:30", "type": "NORMAL_TEACHING_PERIOD"}, {"classID": 1006, "schoolID": "2368600", "subject": "", "location": [{"current": {"type": "ROOM", "status": "ADDED", "shortName": "5/001 SB", "longName": "7a", "displayName": "5/001 SB", "displayNameLabel": "NAME"}, "removed": null}], "teacher": "", "cellState": "CHANGED", "date": "2025-07-17", "start": "2025-07-17T08:00", "end": "2025-07-17T23:59", "type": "EVENT"}, {"classID": 1006, "schoolID": "2368600", "subject": [{"current": {"type": "SUBJECT", "status": "REGULAR", "shortName": "_MZ", "longName": "Mittagszeit", "displayName": "_MZ", "displayNameLabel": "NAME"}, "removed": null}], "location": [{"current": {"type": "ROOM", "status": "REGULAR", "shortName": "HOF", "longName": "Schulhof", "displayName": "HOF", "displayNameLabel": "NAME"}, "removed": null}], "teacher": "", "cellState": "REGULAR", "date": "2025-07-17", "start": "2025-07-17T12:45", "end": "2025-07-17T13:30", "type": "NORMAL_TEACHING_PERIOD"}, {"classID": 1011, "schoolID": "2368600", "subject": "", "location": [{"current": {"type": "ROOM", "status": "ADDED", "shortName": "5/003 SB", "longName": "7b", "displayName": "5/003 SB", "displayNameLabel": "NAME"}, "removed": null}], "teacher": "", "cellState": "CHANGED", "date": "2025-07-17", "start": "2025-07-17T00:00", "end": "2025-07-17T23:59", "type": "EVENT"}, {"classID": 1011, "schoolID": "2368600", "subject": [{"current": {"type": "SUBJECT", "status": "REGULAR", "shortName": "_MZ", "longName": "Mittagszeit", "displayName": "_MZ", "displayNameLabel": "NAME"}, "removed": null}], "location": [{"current": {"type": "ROOM", "status": "REGULAR", "shortName": "HOF", "longName": "Schulhof", "displayName": "HOF", "displayNameLabel": "NAME"}, "removed": null}], "teacher": "", "cellState": "REGULAR", "date": "2025-07-17", "start": "2025-07-17T12:45", "end": "2025-07-17T13:30", "type": "NORMAL_TEACHING_PERIOD"}, {"classID": 1016, "schoolID": "2368600", "subject": "", "location": [{"current": {"type": "ROOM", "status": "ADDED", "shortName": "5/005 SB", "longName": "7c", "displayName": "5/005 SB", "displayNameLabel": "NAME"}, "removed": null}], "teacher": "", "cellState": "CHANGED", "date": "2025-07-17", "start": "2025-07-17T08:00", "end": "2025-07-17T23:59", "type": "EVENT"}, {"classID": 1016, "schoolID": "2368600", "subject": [{"current": {"type": "SUBJECT", "status": "REGULAR", "shortName": "_MZ", "longName": "Mittagszeit", "displayName": "_MZ", "displayNameLabel": "NAME"}, "removed": null}], "location": [{"current": {"type": "ROOM", "status": "REGULAR", "shortName": "HOF", "longName": "Schulhof", "displayName": "HOF", "displayNameLabel": "NAME"}, "removed": null}], "teacher": "", "cellState": "REGULAR", "date": "2025-07-17", "start": "2025-07-17T12:45", "end": "2025-07-17T13:30", "type": "NORMAL_TEACHING_PERIOD"}, {"classID": 1021, "schoolID": "2368600", "subject": "", "location": [{"current": {"type": "ROOM", "status": "ADDED", "shortName": "5/007 SB", "longName": "7d", "displayName": "5/007 SB", "displayNameLabel": "NAME"}, "removed": null}], "teacher": "", "cellState": "CHANGED", "date": "2025-07-17", "start": "2025-07-17T08:00", "end": "2025-07-17T23:59", "type": "EVENT"}, {"classID": 1021, "schoolID": "2368600", "subject": [{"current": {"type": "SUBJECT", "status": "REGULAR", "shortName": "_MZ", "longName": "Mittagszeit", "displayName": "_MZ", "displayNameLabel": "NAME"}, "removed": null}], "location": [{"current": {"type": "ROOM", "status": "REGULAR", "shortName": "HOF", "longName": "Schulhof", "displayName": "HOF", "displayNameLabel": "NAME"}, "removed": null}], "teacher": "", "cellState": "REGULAR", "date": "2025-07-17", "start": "2025-07-17T12:45", "end": "2025-07-17T13:30", "type": "NORMAL_TEACHING_PERIOD"}, {"classID": 1026, "schoolID": "2368600", "subject": "", "location": [{"current": {"type": "ROOM", "status": "ADDED", "shortName": "5/008 SB", "longName": "7e", "displayName": "5/008 SB", "displayNameLabel": "NAME"}, "removed": null}], "teacher": "", "cellState": "CHANGED", "date": "2025-07-17", "start": "2025-07-17T08:00", "end": "2025-07-17T23:59", "type": "EVENT"}, {"classID": 1026, "schoolID": "2368600", "subject": [{"current": {"type": "SUBJECT", "status": "REGULAR", "shortName": "_MZ", "longName": "Mittagszeit", "displayName": "_MZ", "displayNameLabel": "NAME"}, "removed": null}], "location": [{"current": {"type": "ROOM", "status": "REGULAR", "shortName": "HOF", "longName": "Schulhof", "displayName": "HOF", "displayNameLabel": "NAME"}, "removed": null}], "teacher": "", "cellState": "REGULAR", "date": "2025-07-17", "start": "2025-07-17T12:45", "end": "2025-07-17T13:30", "type": "NORMAL_TEACHING_PERIOD"}, {"classID": 971, "schoolID": "2368600", "subject": "", "location": "", "teacher": "", "cellState": "CHANGED", "date": "2025-07-17", "start": "2025-07-17T00:00", "end": "2025-07-17T23:59", "type": "EVENT"}, {"classID": 939, "schoolID": "2368600", "subject": "", "location": "", "teacher": "", "cellState": "CHANGED", "date": "2025-07-17", "start": "2025-07-17T00:00", "end": "2025-07-17T23:59", "type": "EVENT"}, {"classID": 944, "schoolID": "2368600", "subject": "", "location": "", "teacher": "", "cellState": "CHANGED", "date": "2025-07-17", "start": "2025-07-17T00:00", "end": "2025-07-17T23:59", "type": "EVENT"}, {"classID": 981, "schoolID": "2368600", "subject": "", "location": "", "teacher": "", "cellState": "CHANGED", "date": "2025-07-17", "start": "2025-07-17T00:00", "end": "2025-07-17T23:59", "type": "EVENT"}, {"classID": 1086, "schoolID": "2368600", "subject": "", "location": "", "teacher": "", "cellState": "CHANGED", "date": "2025-07-17", "start": "2025-07-17T08:00", "end": "2025-07-17T23:59", "type": "EVENT"}, {"classID": 1176, "schoolID": "2368600", "subject": "", "location": "", "teacher": "", "cellState": "CHANGED", "date": "2025-07-17", "start": "2025-07-17T00:00", "end": "2025-07-17T23:59", "type": "EVENT"}, {"classID": 1031, "schoolID": "2368600", "subject": "", "location": "", "teacher": "", "cellState": "CHANGED", "date": "2025-07-17", "start": "2025-07-17T00:00", "end": "2025-07-17T23:59", "type": "EVENT"}, {"classID": 1036, "schoolID": "2368600", "subject": "", "location": "", "teacher": "", "cellState": "CHANGED", "date": "2025-07-17", "start": "2025-07-17T00:00", "end": "2025-07-17T23:59", "type": "EVENT"}, {"classID": 1061, "schoolID": "2368600", "subject": "", "location": "", "teacher": "", "cellState": "CHANGED", "date": "2025-07-17", "start": "2025-07-17T00:00", "end": "2025-07-17T23:59", "type": "EVENT"}, {"classID": 1041, "schoolID": "2368600", "subject": "", "location": "", "teacher": "", "cellState": "CHANGED", "date": "2025-07-17", "start": "2025-07-17T00:00", "end": "2025-07-17T23:59", "type": "EVENT"}, {"classID": 1111, "schoolID": "2368600", "subject": "", "location": "", "teacher": "", "cellState": "CHANGED", "date": "2025-07-17", "start": "2025-07-17T00:00", "end": "2025-07-17T23:59", "type": "EVENT"}, {"classID": 1046, "schoolID": "2368600", "subject": "", "location": "", "teacher": "", "cellState": "CHANGED", "date": "2025-07-17", "start": "2025-07-17T00:00", "end": "2025-07-17T23:59", "type": "EVENT"}, {"classID": 986, "schoolID": "2368600", "subject": "", "location": [{"current": {"type": "ROOM", "status": "ADDED", "shortName": "8/03 SB", "longName": "9g", "displayName": "8/03 SB", "displayNameLabel": "NAME"}, "removed": null}], "teacher": "", "cellState": "CHANGED", "date": "2025-07-17", "start": "2025-07-17T00:00", "end": "2025-07-17T23:59", "type": "EVENT"}, {"classID": 1001, "schoolID": "2368600", "subject": "", "location": [{"current": {"type": "ROOM", "status": "ADDED", "shortName": "11/102 F", "longName": "BAK", "displayName": "11/102 F", "displayNameLabel": "NAME"}, "removed": null}], "teacher": "", "cellState": "CHANGED", "date": "2025-07-17", "start": "2025-07-17T08:00", "end": "2025-07-17T13:30", "type": "EVENT"}, {"classID": 1001, "schoolID": "2368600", "subject": [{"current": {"type": "SUBJECT", "status": "REGULAR", "shortName": "_MZ", "longName": "Mittagszeit", "displayName": "_MZ", "displayNameLabel": "NAME"}, "removed": null}], "location": "", "teacher": "", "cellState": "REGULAR", "date": "2025-07-17", "start": "2025-07-17T12:45", "end": "2025-07-17T13:30", "type": "NORMAL_TEACHING_PERIOD"}, {"classID": 1202, "schoolID": "2368600", "subject": [{"current": {"type": "SUBJECT", "status": "REGULAR", "shortName": "_MZ-SPO", "longName": "MZ Sport-Angebot", "displayName": "_MZ-SPO", "displayNameLabel": "NAME"}, "removed": null}], "location": [{"current": {"type": "ROOM", "status": "REGULAR", "shortName": "6", "longName": "Sporthalle / alt", "displayName": "6", "displayNameLabel": "NAME"}, "removed": null}], "teacher": "", "cellState": "CHANGED", "date": "2025-07-17", "start": "2025-07-17T12:45", "end": "2025-07-17T13:30", "type": "NORMAL_TEACHING_PERIOD"}, {"classID": 1171, "schoolID": "2368600", "subject": "", "location": "", "teacher": "", "cellState": "CHANGED", "date": "2025-07-18", "start": "2025-07-18T00:00", "end": "2025-07-18T23:59", "type": "EVENT"}, {"classID": 1156, "schoolID": "2368600", "subject": "", "location": "", "teacher": "", "cellState": "CHANGED", "date": "2025-07-18", "start": "2025-07-18T00:00", "end": "2025-07-18T23:59", "type": "EVENT"}, {"classID": 1161, "schoolID": "2368600", "subject": "", "location": "", "teacher": "", "cellState": "CHANGED", "date": "2025-07-18", "start": "2025-07-18T00:00", "end": "2025-07-18T23:59", "type": "EVENT"}, {"classID": 1056, "schoolID": "2368600", "subject": "", "location": "", "teacher": "", "cellState": "CHANGED", "date": "2025-07-18", "start": "2025-07-18T00:00", "end": "2025-07-18T23:59", "type": "EVENT"}, {"classID": 1076, "schoolID": "2368600", "subject": "", "location": "", "teacher": "", "cellState": "CHANGED", "date": "2025-07-18", "start": "2025-07-18T00:00", "end": "2025-07-18T23:59", "type": "EVENT"}, {"classID": 1116, "schoolID": "2368600", "subject": "", "location": "", "teacher": "", "cellState": "CHANGED", "date": "2025-07-18", "start": "2025-07-18T00:00", "end": "2025-07-18T23:59", "type": "EVENT"}, {"classID": 1166, "schoolID": "2368600", "subject": "", "location": "", "teacher": "", "cellState": "CHANGED", "date": "2025-07-18", "start": "2025-07-18T00:00", "end": "2025-07-18T23:59", "type": "EVENT"}, {"classID": 1136, "schoolID": "2368600", "subject": "", "location": "", "teacher": "", "cellState": "CHANGED", "date": "2025-07-18", "start": "2025-07-18T08:00", "end": "2025-07-18T16:45", "type": "EVENT"}, {"classID": 1146, "schoolID": "2368600", "subject": "", "location": "", "teacher": "", "cellState": "CHANGED", "date": "2025-07-18", "start": "2025-07-18T08:00", "end": "2025-07-18T16:45", "type": "EVENT"}, {"classID": 1151, "schoolID": "2368600", "subject": "", "location": "", "teacher": "", "cellState": "CHANGED", "date": "2025-07-18", "start": "2025-07-18T08:00", "end": "2025-07-18T16:45", "type": "EVENT"}, {"classID": 1101, "schoolID": "2368600", "subject": "", "location": [{"current": {"type": "ROOM", "status": "ADDED", "shortName": "3/11 SB", "longName": "BK 1", "displayName": "3/11 SB", "displayNameLabel": "NAME"}, "removed": null}], "teacher": "", "cellState": "CHANGED", "date": "2025-07-18", "start": "2025-07-18T00:00", "end": "2025-07-18T16:45", "type": "EVENT"}, {"classID": 1096, "schoolID": "2368600", "subject": "", "location": [{"current": {"type": "ROOM", "status": "ADDED", "shortName": "8/06 SB", "longName": "8/06 SB", "displayName": "8/06 SB", "displayNameLabel": "NAME"}, "removed": null}], "teacher": "", "cellState": "CHANGED", "date": "2025-07-18", "start": "2025-07-18T00:00", "end": "2025-07-18T16:45", "type": "EVENT"}, {"classID": 1091, "schoolID": "2368600", "subject": "", "location": [{"current": {"type": "ROOM", "status": "ADDED", "shortName": "7/01 SB", "longName": "9a", "displayName": "7/01 SB", "displayNameLabel": "NAME"}, "removed": null}], "teacher": "", "cellState": "CHANGED", "date": "2025-07-18", "start": "2025-07-18T00:00", "end": "2025-07-18T16:45", "type": "EVENT"}, {"classID": 1106, "schoolID": "2368600", "subject": "", "location": [{"current": {"type": "ROOM", "status": "ADDED", "shortName": "8/01 SB", "longName": "8/01 SB", "displayName": "8/01 SB", "displayNameLabel": "NAME"}, "removed": null}], "teacher": "", "cellState": "CHANGED", "date": "2025-07-18", "start": "2025-07-18T00:00", "end": "2025-07-18T16:45", "type": "EVENT"}, {"classID": 1131, "schoolID": "2368600", "subject": "", "location": "", "teacher": "", "cellState": "CHANGED", "date": "2025-07-18", "start": "2025-07-18T00:00", "end": "2025-07-18T23:59", "type": "EVENT"}, {"classID": 956, "schoolID": "2368600", "subject": "", "location": "", "teacher": "", "cellState": "CHANGED", "date": "2025-07-18", "start": "2025-07-18T00:00", "end": "2025-07-18T23:59", "type": "EVENT"}, {"classID": 961, "schoolID": "2368600", "subject": "", "location": "", "teacher": "", "cellState": "CHANGED", "date": "2025-07-18", "start": "2025-07-18T00:00", "end": "2025-07-18T23:59", "type": "EVENT"}, {"classID": 966, "schoolID": "2368600", "subject": "", "location": "", "teacher": "", "cellState": "CHANGED", "date": "2025-07-18", "start": "2025-07-18T00:00", "end": "2025-07-18T23:59", "type": "EVENT"}, {"classID": 1121, "schoolID": "2368600", "subject": "", "location": "", "teacher": "", "cellState": "CHANGED", "date": "2025-07-18", "start": "2025-07-18T00:00", "end": "2025-07-18T16:45", "type": "EVENT"}, {"classID": 949, "schoolID": "2368600", "subject": "", "location": "", "teacher": "", "cellState": "CHANGED", "date": "2025-07-18", "start": "2025-07-18T00:00", "end": "2025-07-18T16:45", "type": "EVENT"}, {"classID": 954, "schoolID": "2368600", "subject": "", "location": "", "teacher": "", "cellState": "CHANGED", "date": "2025-07-18", "start": "2025-07-18T00:00", "end": "2025-07-18T16:45", "type": "EVENT"}, {"classID": 976, "schoolID": "2368600", "subject": "", "location": "", "teacher": "", "cellState": "CHANGED", "date": "2025-07-18", "start": "2025-07-18T00:00", "end": "2025-07-18T16:45", "type": "EVENT"}, {"classID": 1051, "schoolID": "2368600", "subject": "", "location": "", "teacher": "", "cellState": "CHANGED", "date": "2025-07-18", "start": "2025-07-18T00:00", "end": "2025-07-18T16:45", "type": "EVENT"}, {"classID": 1126, "schoolID": "2368600", "subject": "", "location": "", "teacher": "", "cellState": "CHANGED", "date": "2025-07-18", "start": "2025-07-18T00:00", "end": "2025-07-18T16:45", "type": "EVENT"}, {"classID": 991, "schoolID": "2368600", "subject": "", "location": [{"current": {"type": "ROOM", "status": "ADDED", "shortName": "5/105 SB", "longName": "6a", "displayName": "5/105 SB", "displayNameLabel": "NAME"}, "removed": null}], "teacher": "", "cellState": "CHANGED", "date": "2025-07-18", "start": "2025-07-18T00:00", "end": "2025-07-18T16:45", "type": "EVENT"}, {"classID": 1071, "schoolID": "2368600", "subject": "", "location": [{"current": {"type": "ROOM", "status": "ADDED", "shortName": "5/103 SB", "longName": "6b", "displayName": "5/103 SB", "displayNameLabel": "NAME"}, "removed": null}], "teacher": "", "cellState": "CHANGED", "date": "2025-07-18", "start": "2025-07-18T00:00", "end": "2025-07-18T16:45", "type": "EVENT"}, {"classID": 1141, "schoolID": "2368600", "subject": "", "location": [{"current": {"type": "ROOM", "status": "ADDED", "shortName": "5/010 SB", "longName": "6c", "displayName": "5/010 SB", "displayNameLabel": "NAME"}, "removed": null}], "teacher": "", "cellState": "CHANGED", "date": "2025-07-18", "start": "2025-07-18T00:00", "end": "2025-07-18T16:45", "type": "EVENT"}, {"classID": 1081, "schoolID": "2368600", "subject": "", "location": [{"current": {"type": "ROOM", "status": "ADDED", "shortName": "5/107 SB", "longName": "6d", "displayName": "5/107 SB", "displayNameLabel": "NAME"}, "removed": null}], "teacher": "", "cellState": "CHANGED", "date": "2025-07-18", "start": "2025-07-18T00:00", "end": "2025-07-18T16:45", "type": "EVENT"}, {"classID": 1066, "schoolID": "2368600", "subject": "", "location": [{"current": {"type": "ROOM", "status": "ADDED", "shortName": "5/101 SB", "longName": "6e", "displayName": "5/101 SB", "displayNameLabel": "NAME"}, "removed": null}], "teacher": "", "cellState": "CHANGED", "date": "2025-07-18", "start": "2025-07-18T00:00", "end": "2025-07-18T16:45", "type": "EVENT"}, {"classID": 996, "schoolID": "2368600", "subject": "", "location": [{"current": {"type": "ROOM", "status": "ADDED", "shortName": "9/11 SB", "longName": "6f", "displayName": "9/11 SB", "displayNameLabel": "NAME"}, "removed": null}], "teacher": "", "cellState": "CHANGED", "date": "2025-07-18", "start": "2025-07-18T00:00", "end": "2025-07-18T16:45", "type": "EVENT"}, {"classID": 1006, "schoolID": "2368600", "subject": "", "location": [{"current": {"type": "ROOM", "status": "ADDED", "shortName": "5/001 SB", "longName": "7a", "displayName": "5/001 SB", "displayNameLabel": "NAME"}, "removed": null}], "teacher": "", "cellState": "CHANGED", "date": "2025-07-18", "start": "2025-07-18T00:00", "end": "2025-07-18T16:45", "type": "EVENT"}, {"classID": 1011, "schoolID": "2368600", "subject": "", "location": [{"current": {"type": "ROOM", "status": "ADDED", "shortName": "5/003 SB", "longName": "7b", "displayName": "5/003 SB", "displayNameLabel": "NAME"}, "removed": null}], "teacher": "", "cellState": "CHANGED", "date": "2025-07-18", "start": "2025-07-18T00:00", "end": "2025-07-18T16:45", "type": "EVENT"}, {"classID": 1016, "schoolID": "2368600", "subject": "", "location": [{"current": {"type": "ROOM", "status": "ADDED", "shortName": "5/005 SB", "longName": "7c", "displayName": "5/005 SB", "displayNameLabel": "NAME"}, "removed": null}], "teacher": "", "cellState": "CHANGED", "date": "2025-07-18", "start": "2025-07-18T00:00", "end": "2025-07-18T16:45", "type": "EVENT"}, {"classID": 1021, "schoolID": "2368600", "subject": "", "location": [{"current": {"type": "ROOM", "status": "ADDED", "shortName": "5/007 SB", "longName": "7d", "displayName": "5/007 SB", "displayNameLabel": "NAME"}, "removed": null}], "teacher": "", "cellState": "CHANGED", "date": "2025-07-18", "start": "2025-07-18T00:00", "end": "2025-07-18T16:45", "type": "EVENT"}, {"classID": 1026, "schoolID": "2368600", "subject": "", "location": [{"current": {"type": "ROOM", "status": "ADDED", "shortName": "5/008 SB", "longName": "7e", "displayName": "5/008 SB", "displayNameLabel": "NAME"}, "removed": null}], "teacher": "", "cellState": "CHANGED", "date": "2025-07-18", "start": "2025-07-18T00:00", "end": "2025-07-18T16:45", "type": "EVENT"}, {"classID": 971, "schoolID": "2368600", "subject": "", "location": "", "teacher": "", "cellState": "CHANGED", "date": "2025-07-18", "start": "2025-07-18T00:00", "end": "2025-07-18T16:45", "type": "EVENT"}, {"classID": 939, "schoolID": "2368600", "subject": "", "location": "", "teacher": "", "cellState": "CHANGED", "date": "2025-07-18", "start": "2025-07-18T00:00", "end": "2025-07-18T16:45", "type": "EVENT"}, {"classID": 944, "schoolID": "2368600", "subject": "", "location": "", "teacher": "", "cellState": "CHANGED", "date": "2025-07-18", "start": "2025-07-18T00:00", "end": "2025-07-18T16:45", "type": "EVENT"}, {"classID": 981, "schoolID": "2368600", "subject": "", "location": "", "teacher": "", "cellState": "CHANGED", "date": "2025-07-18", "start": "2025-07-18T00:00", "end": "2025-07-18T16:45", "type": "EVENT"}, {"classID": 1086, "schoolID": "2368600", "subject": "", "location": "", "teacher": "", "cellState": "CHANGED", "date": "2025-07-18", "start": "2025-07-18T00:00", "end": "2025-07-18T16:45", "type": "EVENT"}, {"classID": 1176, "schoolID": "2368600", "subject": "", "location": "", "teacher": "", "cellState": "CHANGED", "date": "2025-07-18", "start": "2025-07-18T00:00", "end": "2025-07-18T16:45", "type": "EVENT"}, {"classID": 1031, "schoolID": "2368600", "subject": "", "location": "", "teacher": "", "cellState": "CHANGED", "date": "2025-07-18", "start": "2025-07-18T00:00", "end": "2025-07-18T16:45", "type": "EVENT"}, {"classID": 1036, "schoolID": "2368600", "subject": "", "location": "", "teacher": "", "cellState": "CHANGED", "date": "2025-07-18", "start": "2025-07-18T00:00", "end": "2025-07-18T16:45", "type": "EVENT"}, {"classID": 1061, "schoolID": "2368600", "subject": "", "location": "", "teacher": "", "cellState": "CHANGED", "date": "2025-07-18", "start": "2025-07-18T00:00", "end": "2025-07-18T16:45", "type": "EVENT"}, {"classID": 1041, "schoolID": "2368600", "subject": "", "location": "", "teacher": "", "cellState": "CHANGED", "date": "2025-07-18", "start": "2025-07-18T00:00", "end": "2025-07-18T16:45", "type": "EVENT"}, {"classID": 1111, "schoolID": "2368600", "subject": "", "location": "", "teacher": "", "cellState": "CHANGED", "date": "2025-07-18", "start": "2025-07-18T00:00", "end": "2025-07-18T16:45", "type": "EVENT"}, {"classID": 1046, "schoolID": "2368600", "subject": "", "location": "", "teacher": "", "cellState": "CHANGED", "date": "2025-07-18", "start": "2025-07-18T00:00", "end": "2025-07-18T16:45", "type": "EVENT"}, {"classID": 986, "schoolID": "2368600", "subject": "", "location": [{"current": {"type": "ROOM", "status": "ADDED", "shortName": "8/03 SB", "longName": "9g", "displayName": "8/03 SB", "displayNameLabel": "NAME"}, "removed": null}], "teacher": "", "cellState": "CHANGED", "date": "2025-07-18", "start": "2025-07-18T00:00", "end": "2025-07-18T16:45", "type": "EVENT"}, {"classID": 1001, "schoolID": "2368600", "subject": "", "location": [{"current": {"type": "ROOM", "status": "ADDED", "shortName": "11/102 F", "longName": "BAK", "displayName": "11/102 F", "displayNameLabel": "NAME"}, "removed": null}], "teacher": "", "cellState": "CHANGED", "date": "2025-07-18", "start": "2025-07-18T08:00", "end": "2025-07-18T13:30", "type": "EVENT"}]