[{"classID": 23, "schoolID": "3830000", "subject": [{"current": {"type": "SUBJECT", "status": "REGULAR", "shortName": "O-MP", "longName": "M\u00fcndliche Pr\u00fcfungen", "displayName": "O-MP", "displayNameLabel": "NAME"}, "removed": null}], "location": [{"current": {"type": "ROOM", "status": "REGULAR", "shortName": "KL3", "longName": "Klassenzimmer 3", "displayName": "KL3", "displayNameLabel": "NAME"}, "removed": null}], "teacher": "", "cellState": "REGULAR", "date": "2025-07-14", "start": "2025-07-14T12:50", "end": "2025-07-14T16:55", "type": "NORMAL_TEACHING_PERIOD"}, {"classID": 23, "schoolID": "3830000", "subject": [{"current": {"type": "SUBJECT", "status": "REGULAR", "shortName": "O-MP", "longName": "M\u00fcndliche Pr\u00fcfungen", "displayName": "O-MP", "displayNameLabel": "NAME"}, "removed": null}], "location": [{"current": {"type": "ROOM", "status": "REGULAR", "shortName": "KL3", "longName": "Klassenzimmer 3", "displayName": "KL3", "displayNameLabel": "NAME"}, "removed": null}], "teacher": "", "cellState": "REGULAR", "date": "2025-07-15", "start": "2025-07-15T07:45", "end": "2025-07-15T09:15", "type": "NORMAL_TEACHING_PERIOD"}, {"classID": 23, "schoolID": "3830000", "subject": [{"current": {"type": "SUBJECT", "status": "REGULAR", "shortName": "O-MP", "longName": "M\u00fcndliche Pr\u00fcfungen", "displayName": "O-MP", "displayNameLabel": "NAME"}, "removed": null}], "location": [{"current": {"type": "ROOM", "status": "REGULAR", "shortName": "KL3", "longName": "Klassenzimmer 3", "displayName": "KL3", "displayNameLabel": "NAME"}, "removed": null}], "teacher": "", "cellState": "REGULAR", "date": "2025-07-15", "start": "2025-07-15T09:35", "end": "2025-07-15T12:45", "type": "NORMAL_TEACHING_PERIOD"}, {"classID": 23, "schoolID": "3830000", "subject": [{"current": {"type": "SUBJECT", "status": "REGULAR", "shortName": "O-MP", "longName": "M\u00fcndliche Pr\u00fcfungen", "displayName": "O-MP", "displayNameLabel": "NAME"}, "removed": null}], "location": [{"current": {"type": "ROOM", "status": "REGULAR", "shortName": "KL3", "longName": "Klassenzimmer 3", "displayName": "KL3", "displayNameLabel": "NAME"}, "removed": null}], "teacher": "", "cellState": "REGULAR", "date": "2025-07-15", "start": "2025-07-15T13:45", "end": "2025-07-15T15:15", "type": "NORMAL_TEACHING_PERIOD"}, {"classID": 23, "schoolID": "3830000", "subject": [{"current": {"type": "SUBJECT", "status": "REGULAR", "shortName": "O-MP", "longName": "M\u00fcndliche Pr\u00fcfungen", "displayName": "O-MP", "displayNameLabel": "NAME"}, "removed": null}], "location": [{"current": {"type": "ROOM", "status": "REGULAR", "shortName": "KL4", "longName": "Klassenzimmer 4", "displayName": "KL4", "displayNameLabel": "NAME"}, "removed": null}], "teacher": "", "cellState": "REGULAR", "date": "2025-07-16", "start": "2025-07-16T12:00", "end": "2025-07-16T12:45", "type": "NORMAL_TEACHING_PERIOD"}, {"classID": 23, "schoolID": "3830000", "subject": [{"current": {"type": "SUBJECT", "status": "REGULAR", "shortName": "O-MP", "longName": "M\u00fcndliche Pr\u00fcfungen", "displayName": "O-MP", "displayNameLabel": "NAME"}, "removed": null}], "location": [{"current": {"type": "ROOM", "status": "REGULAR", "shortName": "KL4", "longName": "Klassenzimmer 4", "displayName": "KL4", "displayNameLabel": "NAME"}, "removed": null}], "teacher": "", "cellState": "REGULAR", "date": "2025-07-16", "start": "2025-07-16T13:45", "end": "2025-07-16T16:55", "type": "NORMAL_TEACHING_PERIOD"}, {"classID": 23, "schoolID": "3830000", "subject": [{"current": {"type": "SUBJECT", "status": "REGULAR", "shortName": "O-MP", "longName": "M\u00fcndliche Pr\u00fcfungen", "displayName": "O-MP", "displayNameLabel": "NAME"}, "removed": null}], "location": [{"current": {"type": "ROOM", "status": "REGULAR", "shortName": "KL4", "longName": "Klassenzimmer 4", "displayName": "KL4", "displayNameLabel": "NAME"}, "removed": null}], "teacher": "", "cellState": "REGULAR", "date": "2025-07-17", "start": "2025-07-17T07:45", "end": "2025-07-17T09:15", "type": "NORMAL_TEACHING_PERIOD"}, {"classID": 23, "schoolID": "3830000", "subject": [{"current": {"type": "SUBJECT", "status": "REGULAR", "shortName": "O-MP", "longName": "M\u00fcndliche Pr\u00fcfungen", "displayName": "O-MP", "displayNameLabel": "NAME"}, "removed": null}], "location": [{"current": {"type": "ROOM", "status": "REGULAR", "shortName": "KL4", "longName": "Klassenzimmer 4", "displayName": "KL4", "displayNameLabel": "NAME"}, "removed": null}], "teacher": "", "cellState": "REGULAR", "date": "2025-07-17", "start": "2025-07-17T09:35", "end": "2025-07-17T12:45", "type": "NORMAL_TEACHING_PERIOD"}, {"classID": 23, "schoolID": "3830000", "subject": [{"current": {"type": "SUBJECT", "status": "REGULAR", "shortName": "O-MP", "longName": "M\u00fcndliche Pr\u00fcfungen", "displayName": "O-MP", "displayNameLabel": "NAME"}, "removed": null}], "location": [{"current": {"type": "ROOM", "status": "REGULAR", "shortName": "KL4", "longName": "Klassenzimmer 4", "displayName": "KL4", "displayNameLabel": "NAME"}, "removed": null}], "teacher": "", "cellState": "REGULAR", "date": "2025-07-17", "start": "2025-07-17T13:45", "end": "2025-07-17T15:15", "type": "NORMAL_TEACHING_PERIOD"}]