[{"classID": 853, "schoolID": "3898100", "subject": "", "location": "", "teacher": "", "cellState": "CHANGED", "date": "2025-07-18", "start": "2025-07-18T00:00", "end": "2025-07-18T17:10", "type": "EVENT"}, {"classID": 858, "schoolID": "3898100", "subject": "", "location": "", "teacher": "", "cellState": "CHANGED", "date": "2025-07-18", "start": "2025-07-18T00:00", "end": "2025-07-18T17:10", "type": "EVENT"}, {"classID": 863, "schoolID": "3898100", "subject": "", "location": "", "teacher": "", "cellState": "CHANGED", "date": "2025-07-18", "start": "2025-07-18T00:00", "end": "2025-07-18T17:10", "type": "EVENT"}, {"classID": 868, "schoolID": "3898100", "subject": "", "location": "", "teacher": "", "cellState": "CHANGED", "date": "2025-07-18", "start": "2025-07-18T00:00", "end": "2025-07-18T23:59", "type": "EVENT"}, {"classID": 868, "schoolID": "3898100", "subject": "", "location": "", "teacher": "", "cellState": "CHANGED", "date": "2025-07-18", "start": "2025-07-18T00:00", "end": "2025-07-18T17:10", "type": "EVENT"}, {"classID": 873, "schoolID": "3898100", "subject": "", "location": "", "teacher": "", "cellState": "CHANGED", "date": "2025-07-18", "start": "2025-07-18T00:00", "end": "2025-07-18T17:10", "type": "EVENT"}, {"classID": 873, "schoolID": "3898100", "subject": "", "location": "", "teacher": "", "cellState": "CHANGED", "date": "2025-07-18", "start": "2025-07-18T00:00", "end": "2025-07-18T17:10", "type": "EVENT"}, {"classID": 878, "schoolID": "3898100", "subject": "", "location": "", "teacher": "", "cellState": "CHANGED", "date": "2025-07-18", "start": "2025-07-18T00:00", "end": "2025-07-18T17:10", "type": "EVENT"}, {"classID": 878, "schoolID": "3898100", "subject": "", "location": "", "teacher": "", "cellState": "CHANGED", "date": "2025-07-18", "start": "2025-07-18T00:00", "end": "2025-07-18T17:10", "type": "EVENT"}, {"classID": 883, "schoolID": "3898100", "subject": "", "location": "", "teacher": "", "cellState": "CHANGED", "date": "2025-07-18", "start": "2025-07-18T00:00", "end": "2025-07-18T17:10", "type": "EVENT"}, {"classID": 883, "schoolID": "3898100", "subject": "", "location": "", "teacher": "", "cellState": "CHANGED", "date": "2025-07-18", "start": "2025-07-18T00:00", "end": "2025-07-18T17:10", "type": "EVENT"}, {"classID": 888, "schoolID": "3898100", "subject": "", "location": "", "teacher": "", "cellState": "CHANGED", "date": "2025-07-18", "start": "2025-07-18T00:00", "end": "2025-07-18T17:10", "type": "EVENT"}, {"classID": 888, "schoolID": "3898100", "subject": "", "location": "", "teacher": "", "cellState": "CHANGED", "date": "2025-07-18", "start": "2025-07-18T00:00", "end": "2025-07-18T17:10", "type": "EVENT"}, {"classID": 893, "schoolID": "3898100", "subject": "", "location": "", "teacher": "", "cellState": "CHANGED", "date": "2025-07-18", "start": "2025-07-18T00:00", "end": "2025-07-18T17:10", "type": "EVENT"}, {"classID": 893, "schoolID": "3898100", "subject": "", "location": "", "teacher": "", "cellState": "CHANGED", "date": "2025-07-18", "start": "2025-07-18T00:00", "end": "2025-07-18T17:10", "type": "EVENT"}, {"classID": 898, "schoolID": "3898100", "subject": "", "location": "", "teacher": "", "cellState": "CHANGED", "date": "2025-07-18", "start": "2025-07-18T00:00", "end": "2025-07-18T23:59", "type": "EVENT"}, {"classID": 903, "schoolID": "3898100", "subject": "", "location": "", "teacher": "", "cellState": "CHANGED", "date": "2025-07-18", "start": "2025-07-18T00:00", "end": "2025-07-18T23:59", "type": "EVENT"}, {"classID": 908, "schoolID": "3898100", "subject": "", "location": "", "teacher": "", "cellState": "CHANGED", "date": "2025-07-18", "start": "2025-07-18T00:00", "end": "2025-07-18T23:59", "type": "EVENT"}, {"classID": 913, "schoolID": "3898100", "subject": "", "location": "", "teacher": "", "cellState": "CHANGED", "date": "2025-07-18", "start": "2025-07-18T00:00", "end": "2025-07-18T23:59", "type": "EVENT"}, {"classID": 733, "schoolID": "3898100", "subject": "", "location": "", "teacher": "", "cellState": "CHANGED", "date": "2025-07-18", "start": "2025-07-18T00:00", "end": "2025-07-18T17:10", "type": "EVENT"}, {"classID": 738, "schoolID": "3898100", "subject": "", "location": "", "teacher": "", "cellState": "CHANGED", "date": "2025-07-18", "start": "2025-07-18T00:00", "end": "2025-07-18T17:10", "type": "EVENT"}, {"classID": 743, "schoolID": "3898100", "subject": "", "location": "", "teacher": "", "cellState": "CHANGED", "date": "2025-07-18", "start": "2025-07-18T00:00", "end": "2025-07-18T17:10", "type": "EVENT"}, {"classID": 748, "schoolID": "3898100", "subject": "", "location": "", "teacher": "", "cellState": "CHANGED", "date": "2025-07-18", "start": "2025-07-18T00:00", "end": "2025-07-18T17:10", "type": "EVENT"}, {"classID": 753, "schoolID": "3898100", "subject": "", "location": "", "teacher": "", "cellState": "CHANGED", "date": "2025-07-18", "start": "2025-07-18T00:00", "end": "2025-07-18T17:10", "type": "EVENT"}, {"classID": 758, "schoolID": "3898100", "subject": "", "location": "", "teacher": "", "cellState": "CHANGED", "date": "2025-07-18", "start": "2025-07-18T00:00", "end": "2025-07-18T17:10", "type": "EVENT"}, {"classID": 763, "schoolID": "3898100", "subject": "", "location": "", "teacher": "", "cellState": "CHANGED", "date": "2025-07-18", "start": "2025-07-18T00:00", "end": "2025-07-18T17:10", "type": "EVENT"}, {"classID": 768, "schoolID": "3898100", "subject": "", "location": "", "teacher": "", "cellState": "CHANGED", "date": "2025-07-18", "start": "2025-07-18T00:00", "end": "2025-07-18T17:10", "type": "EVENT"}, {"classID": 773, "schoolID": "3898100", "subject": "", "location": "", "teacher": "", "cellState": "CHANGED", "date": "2025-07-18", "start": "2025-07-18T00:00", "end": "2025-07-18T17:10", "type": "EVENT"}, {"classID": 778, "schoolID": "3898100", "subject": "", "location": "", "teacher": "", "cellState": "CHANGED", "date": "2025-07-18", "start": "2025-07-18T00:00", "end": "2025-07-18T17:10", "type": "EVENT"}, {"classID": 783, "schoolID": "3898100", "subject": "", "location": "", "teacher": "", "cellState": "CHANGED", "date": "2025-07-18", "start": "2025-07-18T00:00", "end": "2025-07-18T17:10", "type": "EVENT"}, {"classID": 788, "schoolID": "3898100", "subject": "", "location": "", "teacher": "", "cellState": "CHANGED", "date": "2025-07-18", "start": "2025-07-18T00:00", "end": "2025-07-18T17:10", "type": "EVENT"}, {"classID": 793, "schoolID": "3898100", "subject": "", "location": "", "teacher": "", "cellState": "CHANGED", "date": "2025-07-18", "start": "2025-07-18T00:00", "end": "2025-07-18T17:10", "type": "EVENT"}, {"classID": 798, "schoolID": "3898100", "subject": "", "location": "", "teacher": "", "cellState": "CHANGED", "date": "2025-07-18", "start": "2025-07-18T00:00", "end": "2025-07-18T17:10", "type": "EVENT"}, {"classID": 803, "schoolID": "3898100", "subject": "", "location": "", "teacher": "", "cellState": "CHANGED", "date": "2025-07-18", "start": "2025-07-18T00:00", "end": "2025-07-18T17:10", "type": "EVENT"}, {"classID": 808, "schoolID": "3898100", "subject": "", "location": "", "teacher": "", "cellState": "CHANGED", "date": "2025-07-18", "start": "2025-07-18T00:00", "end": "2025-07-18T17:10", "type": "EVENT"}, {"classID": 813, "schoolID": "3898100", "subject": "", "location": "", "teacher": "", "cellState": "CHANGED", "date": "2025-07-18", "start": "2025-07-18T00:00", "end": "2025-07-18T17:10", "type": "EVENT"}, {"classID": 818, "schoolID": "3898100", "subject": "", "location": "", "teacher": "", "cellState": "CHANGED", "date": "2025-07-18", "start": "2025-07-18T00:00", "end": "2025-07-18T17:10", "type": "EVENT"}, {"classID": 823, "schoolID": "3898100", "subject": "", "location": "", "teacher": "", "cellState": "CHANGED", "date": "2025-07-18", "start": "2025-07-18T00:00", "end": "2025-07-18T17:10", "type": "EVENT"}, {"classID": 828, "schoolID": "3898100", "subject": "", "location": "", "teacher": "", "cellState": "CHANGED", "date": "2025-07-18", "start": "2025-07-18T00:00", "end": "2025-07-18T17:10", "type": "EVENT"}, {"classID": 833, "schoolID": "3898100", "subject": "", "location": "", "teacher": "", "cellState": "CHANGED", "date": "2025-07-18", "start": "2025-07-18T00:00", "end": "2025-07-18T17:10", "type": "EVENT"}, {"classID": 838, "schoolID": "3898100", "subject": "", "location": "", "teacher": "", "cellState": "CHANGED", "date": "2025-07-18", "start": "2025-07-18T00:00", "end": "2025-07-18T17:10", "type": "EVENT"}, {"classID": 843, "schoolID": "3898100", "subject": "", "location": "", "teacher": "", "cellState": "CHANGED", "date": "2025-07-18", "start": "2025-07-18T00:00", "end": "2025-07-18T17:10", "type": "EVENT"}, {"classID": 848, "schoolID": "3898100", "subject": "", "location": "", "teacher": "", "cellState": "CHANGED", "date": "2025-07-18", "start": "2025-07-18T00:00", "end": "2025-07-18T17:10", "type": "EVENT"}]