[{"classID": 649, "schoolID": "2381000", "subject": [{"current": {"type": "SUBJECT", "status": "REGULAR", "shortName": "Bereitschaft", "longName": "Bereitschaft", "displayName": "Bereitschaft", "displayNameLabel": "NAME"}, "removed": null}], "location": "", "teacher": [{"current": {"type": "TEACHER", "status": "REGULAR", "shortName": "Mar", "longName": "Marquardt", "displayName": "Mar", "displayNameLabel": "NAME"}, "removed": null}], "cellState": "REGULAR", "date": "2025-07-14", "start": "2025-07-14T08:00", "end": "2025-07-14T09:30", "type": "NORMAL_TEACHING_PERIOD"}, {"classID": 649, "schoolID": "2381000", "subject": [{"current": {"type": "SUBJECT", "status": "REGULAR", "shortName": "Bereitschaft", "longName": "Bereitschaft", "displayName": "Bereitschaft", "displayNameLabel": "NAME"}, "removed": null}], "location": "", "teacher": [{"current": {"type": "TEACHER", "status": "REGULAR", "shortName": "Scr", "longName": "Schr\u00f6der", "displayName": "Scr", "displayNameLabel": "NAME"}, "removed": null}], "cellState": "REGULAR", "date": "2025-07-14", "start": "2025-07-14T09:45", "end": "2025-07-14T11:15", "type": "NORMAL_TEACHING_PERIOD"}, {"classID": 649, "schoolID": "2381000", "subject": [{"current": {"type": "SUBJECT", "status": "REGULAR", "shortName": "Bereitschaft", "longName": "Bereitschaft", "displayName": "Bereitschaft", "displayNameLabel": "NAME"}, "removed": null}], "location": "", "teacher": [{"current": {"type": "TEACHER", "status": "REGULAR", "shortName": "M\u00fcl", "longName": "M\u00fcller", "displayName": "M\u00fcl", "displayNameLabel": "NAME"}, "removed": null}], "cellState": "REGULAR", "date": "2025-07-14", "start": "2025-07-14T09:45", "end": "2025-07-14T11:15", "type": "NORMAL_TEACHING_PERIOD"}, {"classID": 724, "schoolID": "2381000", "subject": [{"current": {"type": "SUBJECT", "status": "REGULAR", "shortName": "Sch\u00fclerInnenvertretu", "longName": "Sch\u00fclerInnenvertretu", "displayName": "Sch\u00fclerInnenvertretu", "displayNameLabel": "NAME"}, "removed": null}], "location": [{"current": {"type": "ROOM", "status": "ADDED", "shortName": "Exkursion", "longName": "Exkursion", "displayName": "Exkursion", "displayNameLabel": "NAME"}, "removed": null}], "teacher": [{"current": {"type": "TEACHER", "status": "REGULAR", "shortName": "Lub", "longName": "Luber", "displayName": "Lub", "displayNameLabel": "NAME"}, "removed": null}, {"current": {"type": "TEACHER", "status": "REGULAR", "shortName": "Sci", "longName": "Schmidt", "displayName": "Sci", "displayNameLabel": "NAME"}, "removed": null}, {"current": {"type": "TEACHER", "status": "REGULAR", "shortName": "WiJ", "longName": "Willems", "displayName": "WiJ", "displayNameLabel": "NAME"}, "removed": null}], "cellState": "CHANGED", "date": "2025-07-14", "start": "2025-07-14T08:00", "end": "2025-07-14T23:59", "type": "EVENT"}, {"classID": 649, "schoolID": "2381000", "subject": [{"current": {"type": "SUBJECT", "status": "REGULAR", "shortName": "Bereitschaft", "longName": "Bereitschaft", "displayName": "Bereitschaft", "displayNameLabel": "NAME"}, "removed": null}], "location": "", "teacher": "", "cellState": "CHANGED", "date": "2025-07-15", "start": "2025-07-15T08:00", "end": "2025-07-15T09:30", "type": "NORMAL_TEACHING_PERIOD"}, {"classID": 649, "schoolID": "2381000", "subject": [{"current": {"type": "SUBJECT", "status": "REGULAR", "shortName": "Bereitschaft", "longName": "Bereitschaft", "displayName": "Bereitschaft", "displayNameLabel": "NAME"}, "removed": null}], "location": "", "teacher": [{"current": {"type": "TEACHER", "status": "REGULAR", "shortName": "Pap", "longName": "Papendick", "displayName": "Pap", "displayNameLabel": "NAME"}, "removed": null}], "cellState": "REGULAR", "date": "2025-07-15", "start": "2025-07-15T09:45", "end": "2025-07-15T11:15", "type": "NORMAL_TEACHING_PERIOD"}, {"classID": 724, "schoolID": "2381000", "subject": [{"current": {"type": "SUBJECT", "status": "REGULAR", "shortName": "Sch\u00fclerInnenvertretu", "longName": "Sch\u00fclerInnenvertretu", "displayName": "Sch\u00fclerInnenvertretu", "displayNameLabel": "NAME"}, "removed": null}], "location": [{"current": {"type": "ROOM", "status": "ADDED", "shortName": "Exkursion", "longName": "Exkursion", "displayName": "Exkursion", "displayNameLabel": "NAME"}, "removed": null}], "teacher": [{"current": {"type": "TEACHER", "status": "REGULAR", "shortName": "Lub", "longName": "Luber", "displayName": "Lub", "displayNameLabel": "NAME"}, "removed": null}, {"current": {"type": "TEACHER", "status": "REGULAR", "shortName": "Sci", "longName": "Schmidt", "displayName": "Sci", "displayNameLabel": "NAME"}, "removed": null}, {"current": {"type": "TEACHER", "status": "REGULAR", "shortName": "WiJ", "longName": "Willems", "displayName": "WiJ", "displayNameLabel": "NAME"}, "removed": null}], "cellState": "CHANGED", "date": "2025-07-15", "start": "2025-07-15T00:00", "end": "2025-07-15T23:59", "type": "EVENT"}, {"classID": 589, "schoolID": "2381000", "subject": [{"current": {"type": "SUBJECT", "status": "REGULAR", "shortName": "Exkursion", "longName": "Exkursion", "displayName": "Exkursion", "displayNameLabel": "NAME"}, "removed": null}], "location": [{"current": {"type": "ROOM", "status": "ADDED", "shortName": "Exkursion", "longName": "Exkursion", "displayName": "Exkursion", "displayNameLabel": "NAME"}, "removed": null}], "teacher": [{"current": {"type": "TEACHER", "status": "REGULAR", "shortName": "Kna", "longName": "Knaute", "displayName": "Kna", "displayNameLabel": "NAME"}, "removed": null}, {"current": {"type": "TEACHER", "status": "REGULAR", "shortName": "Wen", "longName": "Wendel", "displayName": "Wen", "displayNameLabel": "NAME"}, "removed": null}], "cellState": "CHANGED", "date": "2025-07-16", "start": "2025-07-16T08:00", "end": "2025-07-16T15:00", "type": "EVENT"}, {"classID": 649, "schoolID": "2381000", "subject": [{"current": {"type": "SUBJECT", "status": "REGULAR", "shortName": "Bereitschaft", "longName": "Bereitschaft", "displayName": "Bereitschaft", "displayNameLabel": "NAME"}, "removed": null}], "location": "", "teacher": [{"current": {"type": "TEACHER", "status": "REGULAR", "shortName": "Mat", "longName": "Materka", "displayName": "Mat", "displayNameLabel": "NAME"}, "removed": null}], "cellState": "REGULAR", "date": "2025-07-16", "start": "2025-07-16T08:00", "end": "2025-07-16T09:30", "type": "NORMAL_TEACHING_PERIOD"}, {"classID": 649, "schoolID": "2381000", "subject": [{"current": {"type": "SUBJECT", "status": "REGULAR", "shortName": "Bereitschaft", "longName": "Bereitschaft", "displayName": "Bereitschaft", "displayNameLabel": "NAME"}, "removed": null}], "location": "", "teacher": "", "cellState": "CHANGED", "date": "2025-07-16", "start": "2025-07-16T09:45", "end": "2025-07-16T11:15", "type": "NORMAL_TEACHING_PERIOD"}, {"classID": 724, "schoolID": "2381000", "subject": [{"current": {"type": "SUBJECT", "status": "REGULAR", "shortName": "Sch\u00fclerInnenvertretu", "longName": "Sch\u00fclerInnenvertretu", "displayName": "Sch\u00fclerInnenvertretu", "displayNameLabel": "NAME"}, "removed": null}], "location": [{"current": {"type": "ROOM", "status": "ADDED", "shortName": "Exkursion", "longName": "Exkursion", "displayName": "Exkursion", "displayNameLabel": "NAME"}, "removed": null}], "teacher": [{"current": {"type": "TEACHER", "status": "REGULAR", "shortName": "Lub", "longName": "Luber", "displayName": "Lub", "displayNameLabel": "NAME"}, "removed": null}, {"current": {"type": "TEACHER", "status": "REGULAR", "shortName": "Sci", "longName": "Schmidt", "displayName": "Sci", "displayNameLabel": "NAME"}, "removed": null}, {"current": {"type": "TEACHER", "status": "REGULAR", "shortName": "WiJ", "longName": "Willems", "displayName": "WiJ", "displayNameLabel": "NAME"}, "removed": null}], "cellState": "CHANGED", "date": "2025-07-16", "start": "2025-07-16T00:00", "end": "2025-07-16T23:59", "type": "EVENT"}, {"classID": 610, "schoolID": "2381000", "subject": [{"current": {"type": "SUBJECT", "status": "REGULAR", "shortName": "Mathe", "longName": "Mathe", "displayName": "Mathe", "displayNameLabel": "NAME"}, "removed": null}], "location": [{"current": {"type": "ROOM", "status": "REGULAR", "shortName": "107", "longName": "107", "displayName": "107", "displayNameLabel": "NAME"}, "removed": null}], "teacher": [{"current": {"type": "TEACHER", "status": "REGULAR", "shortName": "Sca", "longName": "Schatzl", "displayName": "Sca", "displayNameLabel": "NAME"}, "removed": null}], "cellState": "REGULAR", "date": "2025-07-17", "start": "2025-07-17T09:45", "end": "2025-07-17T11:15", "type": "NORMAL_TEACHING_PERIOD"}, {"classID": 649, "schoolID": "2381000", "subject": [{"current": {"type": "SUBJECT", "status": "REGULAR", "shortName": "Bereitschaft", "longName": "Bereitschaft", "displayName": "Bereitschaft", "displayNameLabel": "NAME"}, "removed": null}], "location": "", "teacher": "", "cellState": "CHANGED", "date": "2025-07-17", "start": "2025-07-17T08:00", "end": "2025-07-17T09:30", "type": "NORMAL_TEACHING_PERIOD"}, {"classID": 649, "schoolID": "2381000", "subject": [{"current": {"type": "SUBJECT", "status": "REGULAR", "shortName": "Bereitschaft", "longName": "Bereitschaft", "displayName": "Bereitschaft", "displayNameLabel": "NAME"}, "removed": null}], "location": "", "teacher": [{"current": {"type": "TEACHER", "status": "REGULAR", "shortName": "Scr", "longName": "Schr\u00f6der", "displayName": "Scr", "displayNameLabel": "NAME"}, "removed": null}], "cellState": "REGULAR", "date": "2025-07-17", "start": "2025-07-17T09:45", "end": "2025-07-17T11:15", "type": "NORMAL_TEACHING_PERIOD"}, {"classID": 649, "schoolID": "2381000", "subject": [{"current": {"type": "SUBJECT", "status": "REGULAR", "shortName": "Bereitschaft", "longName": "Bereitschaft", "displayName": "Bereitschaft", "displayNameLabel": "NAME"}, "removed": null}], "location": "", "teacher": [{"current": {"type": "TEACHER", "status": "REGULAR", "shortName": "Dah", "longName": "Dahlitz", "displayName": "Dah", "displayNameLabel": "NAME"}, "removed": null}], "cellState": "REGULAR", "date": "2025-07-17", "start": "2025-07-17T09:45", "end": "2025-07-17T11:15", "type": "NORMAL_TEACHING_PERIOD"}, {"classID": 724, "schoolID": "2381000", "subject": [{"current": {"type": "SUBJECT", "status": "REGULAR", "shortName": "Sch\u00fclerInnenvertretu", "longName": "Sch\u00fclerInnenvertretu", "displayName": "Sch\u00fclerInnenvertretu", "displayNameLabel": "NAME"}, "removed": null}], "location": [{"current": {"type": "ROOM", "status": "ADDED", "shortName": "Exkursion", "longName": "Exkursion", "displayName": "Exkursion", "displayNameLabel": "NAME"}, "removed": null}], "teacher": [{"current": {"type": "TEACHER", "status": "REGULAR", "shortName": "Lub", "longName": "Luber", "displayName": "Lub", "displayNameLabel": "NAME"}, "removed": null}, {"current": {"type": "TEACHER", "status": "REGULAR", "shortName": "Sci", "longName": "Schmidt", "displayName": "Sci", "displayNameLabel": "NAME"}, "removed": null}, {"current": {"type": "TEACHER", "status": "REGULAR", "shortName": "WiJ", "longName": "Willems", "displayName": "WiJ", "displayNameLabel": "NAME"}, "removed": null}], "cellState": "CHANGED", "date": "2025-07-17", "start": "2025-07-17T00:00", "end": "2025-07-17T15:00", "type": "EVENT"}, {"classID": 649, "schoolID": "2381000", "subject": [{"current": {"type": "SUBJECT", "status": "REGULAR", "shortName": "Bereitschaft", "longName": "Bereitschaft", "displayName": "Bereitschaft", "displayNameLabel": "NAME"}, "removed": null}], "location": "", "teacher": "", "cellState": "CHANGED", "date": "2025-07-18", "start": "2025-07-18T08:00", "end": "2025-07-18T09:30", "type": "NORMAL_TEACHING_PERIOD"}, {"classID": 649, "schoolID": "2381000", "subject": [{"current": {"type": "SUBJECT", "status": "REGULAR", "shortName": "Bereitschaft", "longName": "Bereitschaft", "displayName": "Bereitschaft", "displayNameLabel": "NAME"}, "removed": null}], "location": "", "teacher": [{"current": {"type": "TEACHER", "status": "REGULAR", "shortName": "Scr", "longName": "Schr\u00f6der", "displayName": "Scr", "displayNameLabel": "NAME"}, "removed": null}], "cellState": "REGULAR", "date": "2025-07-18", "start": "2025-07-18T09:45", "end": "2025-07-18T11:15", "type": "NORMAL_TEACHING_PERIOD"}, {"classID": 649, "schoolID": "2381000", "subject": [{"current": {"type": "SUBJECT", "status": "REGULAR", "shortName": "Bereitschaft", "longName": "Bereitschaft", "displayName": "Bereitschaft", "displayNameLabel": "NAME"}, "removed": null}], "location": "", "teacher": [{"current": {"type": "TEACHER", "status": "REGULAR", "shortName": "Pl\u00f6", "longName": "Pl\u00f6tz", "displayName": "Pl\u00f6", "displayNameLabel": "NAME"}, "removed": null}], "cellState": "REGULAR", "date": "2025-07-18", "start": "2025-07-18T09:45", "end": "2025-07-18T11:15", "type": "NORMAL_TEACHING_PERIOD"}]