[{"classID": 860, "schoolID": "3897400", "subject": [{"current": {"type": "SUBJECT", "status": "REGULAR", "shortName": "D", "longName": "Deutsch", "displayName": "D", "displayNameLabel": "NAME"}, "removed": null}], "location": [{"current": {"type": "ROOM", "status": "REGULAR", "shortName": "A13", "longName": "A13", "displayName": "A13", "displayNameLabel": "NAME"}, "removed": null}], "teacher": [{"current": {"type": "TEACHER", "status": "REGULAR", "shortName": "Ar", "longName": "Aradinaj", "displayName": "Ar", "displayNameLabel": "NAME"}, "removed": null}], "cellState": "REGULAR", "date": "2025-07-18", "start": "2025-07-18T08:00", "end": "2025-07-18T09:30", "type": "NORMAL_TEACHING_PERIOD"}, {"classID": 860, "schoolID": "3897400", "subject": [{"current": {"type": "SUBJECT", "status": "REGULAR", "shortName": "Ma", "longName": "Mathe", "displayName": "Ma", "displayNameLabel": "NAME"}, "removed": null}], "location": [{"current": {"type": "ROOM", "status": "REGULAR", "shortName": "A13", "longName": "A13", "displayName": "A13", "displayNameLabel": "NAME"}, "removed": null}], "teacher": [{"current": {"type": "TEACHER", "status": "REGULAR", "shortName": "Fe", "longName": "Feurle", "displayName": "Fe", "displayNameLabel": "NAME"}, "removed": null}], "cellState": "REGULAR", "date": "2025-07-18", "start": "2025-07-18T10:00", "end": "2025-07-18T11:30", "type": "NORMAL_TEACHING_PERIOD"}, {"classID": 860, "schoolID": "3897400", "subject": [{"current": {"type": "SUBJECT", "status": "REGULAR", "shortName": "SpE", "longName": "Sport Engl.", "displayName": "SpE", "displayNameLabel": "NAME"}, "removed": null}], "location": [{"current": {"type": "ROOM", "status": "REGULAR", "shortName": "DH1", "longName": "Dreifeldhalle1", "displayName": "DH1", "displayNameLabel": "NAME"}, "removed": null}], "teacher": [{"current": {"type": "TEACHER", "status": "REGULAR", "shortName": "Ar", "longName": "Aradinaj", "displayName": "Ar", "displayNameLabel": "NAME"}, "removed": null}, {"current": {"type": "TEACHER", "status": "REGULAR", "shortName": "Fe", "longName": "Feurle", "displayName": "Fe", "displayNameLabel": "NAME"}, "removed": null}], "cellState": "REGULAR", "date": "2025-07-18", "start": "2025-07-18T12:00", "end": "2025-07-18T13:30", "type": "NORMAL_TEACHING_PERIOD"}, {"classID": 860, "schoolID": "3897400", "subject": [{"current": {"type": "SUBJECT", "status": "REGULAR", "shortName": "StRob", "longName": "Robotik", "displayName": "StRob", "displayNameLabel": "NAME"}, "removed": null}], "location": [{"current": {"type": "ROOM", "status": "REGULAR", "shortName": "PhO", "longName": "Physik Ost", "displayName": "PhO", "displayNameLabel": "NAME"}, "removed": null}], "teacher": [{"current": {"type": "TEACHER", "status": "REGULAR", "shortName": "B\u00f6", "longName": "B\u00f6kenberg", "displayName": "B\u00f6", "displayNameLabel": "NAME"}, "removed": null}], "cellState": "REGULAR", "date": "2025-07-18", "start": "2025-07-18T13:40", "end": "2025-07-18T15:15", "type": "NORMAL_TEACHING_PERIOD"}, {"classID": 865, "schoolID": "3897400", "subject": [{"current": {"type": "SUBJECT", "status": "REGULAR", "shortName": "BKu", "longName": "Bildende Kunst", "displayName": "BKu", "displayNameLabel": "NAME"}, "removed": null}], "location": [{"current": {"type": "ROOM", "status": "REGULAR", "shortName": "BKW", "longName": "Kunst West", "displayName": "BKW", "displayNameLabel": "NAME"}, "removed": null}], "teacher": [{"current": {"type": "TEACHER", "status": "REGULAR", "shortName": "Bo", "longName": "Borcherding", "displayName": "Bo", "displayNameLabel": "NAME"}, "removed": null}], "cellState": "REGULAR", "date": "2025-07-18", "start": "2025-07-18T08:00", "end": "2025-07-18T09:30", "type": "NORMAL_TEACHING_PERIOD"}, {"classID": 865, "schoolID": "3897400", "subject": [{"current": {"type": "SUBJECT", "status": "REGULAR", "shortName": "Reli", "longName": "Religion", "displayName": "Reli", "displayNameLabel": "NAME"}, "removed": null}], "location": [{"current": {"type": "ROOM", "status": "REGULAR", "shortName": "A22", "longName": "A22", "displayName": "A22", "displayNameLabel": "NAME"}, "removed": null}], "teacher": [{"current": {"type": "TEACHER", "status": "REGULAR", "shortName": "Gu", "longName": "Gustmann", "displayName": "Gu", "displayNameLabel": "NAME"}, "removed": null}], "cellState": "REGULAR", "date": "2025-07-18", "start": "2025-07-18T10:00", "end": "2025-07-18T11:30", "type": "NORMAL_TEACHING_PERIOD"}, {"classID": 865, "schoolID": "3897400", "subject": [{"current": {"type": "SUBJECT", "status": "REGULAR", "shortName": "Nat", "longName": "Naturwissenschaft", "displayName": "Nat", "displayNameLabel": "NAME"}, "removed": null}], "location": [{"current": {"type": "ROOM", "status": "REGULAR", "shortName": "BioW", "longName": "Biologie West", "displayName": "BioW", "displayNameLabel": "NAME"}, "removed": null}], "teacher": [{"current": {"type": "TEACHER", "status": "REGULAR", "shortName": "My", "longName": "Mayet", "displayName": "My", "displayNameLabel": "NAME"}, "removed": null}], "cellState": "REGULAR", "date": "2025-07-18", "start": "2025-07-18T12:00", "end": "2025-07-18T13:30", "type": "NORMAL_TEACHING_PERIOD"}, {"classID": 865, "schoolID": "3897400", "subject": [{"current": {"type": "SUBJECT", "status": "REGULAR", "shortName": "StRob", "longName": "Robotik", "displayName": "StRob", "displayNameLabel": "NAME"}, "removed": null}], "location": [{"current": {"type": "ROOM", "status": "REGULAR", "shortName": "PhO", "longName": "Physik Ost", "displayName": "PhO", "displayNameLabel": "NAME"}, "removed": null}], "teacher": [{"current": {"type": "TEACHER", "status": "REGULAR", "shortName": "B\u00f6", "longName": "B\u00f6kenberg", "displayName": "B\u00f6", "displayNameLabel": "NAME"}, "removed": null}], "cellState": "REGULAR", "date": "2025-07-18", "start": "2025-07-18T13:40", "end": "2025-07-18T15:15", "type": "NORMAL_TEACHING_PERIOD"}, {"classID": 870, "schoolID": "3897400", "subject": [{"current": {"type": "SUBJECT", "status": "REGULAR", "shortName": "Ma", "longName": "Mathe", "displayName": "Ma", "displayNameLabel": "NAME"}, "removed": null}], "location": [{"current": {"type": "ROOM", "status": "REGULAR", "shortName": "A14", "longName": "A14", "displayName": "A14", "displayNameLabel": "NAME"}, "removed": null}], "teacher": [{"current": {"type": "TEACHER", "status": "REGULAR", "shortName": "Fe", "longName": "Feurle", "displayName": "Fe", "displayNameLabel": "NAME"}, "removed": null}], "cellState": "REGULAR", "date": "2025-07-18", "start": "2025-07-18T08:00", "end": "2025-07-18T09:30", "type": "NORMAL_TEACHING_PERIOD"}, {"classID": 870, "schoolID": "3897400", "subject": [{"current": {"type": "SUBJECT", "status": "REGULAR", "shortName": "BKu", "longName": "Bildende Kunst", "displayName": "BKu", "displayNameLabel": "NAME"}, "removed": null}], "location": [{"current": {"type": "ROOM", "status": "REGULAR", "shortName": "BKW", "longName": "Kunst West", "displayName": "BKW", "displayNameLabel": "NAME"}, "removed": null}], "teacher": [{"current": {"type": "TEACHER", "status": "REGULAR", "shortName": "Bo", "longName": "Borcherding", "displayName": "Bo", "displayNameLabel": "NAME"}, "removed": null}], "cellState": "REGULAR", "date": "2025-07-18", "start": "2025-07-18T10:00", "end": "2025-07-18T11:30", "type": "NORMAL_TEACHING_PERIOD"}, {"classID": 870, "schoolID": "3897400", "subject": [{"current": {"type": "SUBJECT", "status": "REGULAR", "shortName": "D", "longName": "Deutsch", "displayName": "D", "displayNameLabel": "NAME"}, "removed": null}], "location": [{"current": {"type": "ROOM", "status": "REGULAR", "shortName": "A14", "longName": "A14", "displayName": "A14", "displayNameLabel": "NAME"}, "removed": null}], "teacher": [{"current": {"type": "TEACHER", "status": "REGULAR", "shortName": "Ri", "longName": "Richter", "displayName": "Ri", "displayNameLabel": "NAME"}, "removed": null}], "cellState": "REGULAR", "date": "2025-07-18", "start": "2025-07-18T12:00", "end": "2025-07-18T13:30", "type": "NORMAL_TEACHING_PERIOD"}, {"classID": 870, "schoolID": "3897400", "subject": [{"current": {"type": "SUBJECT", "status": "REGULAR", "shortName": "StRob", "longName": "Robotik", "displayName": "StRob", "displayNameLabel": "NAME"}, "removed": null}], "location": [{"current": {"type": "ROOM", "status": "REGULAR", "shortName": "PhO", "longName": "Physik Ost", "displayName": "PhO", "displayNameLabel": "NAME"}, "removed": null}], "teacher": [{"current": {"type": "TEACHER", "status": "REGULAR", "shortName": "B\u00f6", "longName": "B\u00f6kenberg", "displayName": "B\u00f6", "displayNameLabel": "NAME"}, "removed": null}], "cellState": "REGULAR", "date": "2025-07-18", "start": "2025-07-18T13:40", "end": "2025-07-18T15:15", "type": "NORMAL_TEACHING_PERIOD"}, {"classID": 875, "schoolID": "3897400", "subject": [{"current": {"type": "SUBJECT", "status": "REGULAR", "shortName": "D", "longName": "Deutsch", "displayName": "D", "displayNameLabel": "NAME"}, "removed": null}], "location": [{"current": {"type": "ROOM", "status": "REGULAR", "shortName": "A21", "longName": "A21", "displayName": "A21", "displayNameLabel": "NAME"}, "removed": null}], "teacher": [{"current": {"type": "TEACHER", "status": "REGULAR", "shortName": "Mi", "longName": "Micheler", "displayName": "Mi", "displayNameLabel": "NAME"}, "removed": null}], "cellState": "REGULAR", "date": "2025-07-18", "start": "2025-07-18T08:00", "end": "2025-07-18T09:30", "type": "NORMAL_TEACHING_PERIOD"}, {"classID": 875, "schoolID": "3897400", "subject": [{"current": {"type": "SUBJECT", "status": "REGULAR", "shortName": "Ge-SI", "longName": "Geschichte", "displayName": "Ge-SI", "displayNameLabel": "NAME"}, "removed": null}], "location": [{"current": {"type": "ROOM", "status": "REGULAR", "shortName": "A21", "longName": "A21", "displayName": "A21", "displayNameLabel": "NAME"}, "removed": null}], "teacher": [{"current": {"type": "TEACHER", "status": "ADDED", "shortName": "Bk", "longName": "Boukari", "displayName": "Bk", "displayNameLabel": "NAME"}, "removed": {"type": "TEACHER", "status": "REMOVED", "shortName": "Mi", "longName": "Micheler", "displayName": "Mi", "displayNameLabel": "NAME"}}], "cellState": "CHANGED", "date": "2025-07-18", "start": "2025-07-18T10:00", "end": "2025-07-18T11:30", "type": "NORMAL_TEACHING_PERIOD"}, {"classID": 875, "schoolID": "3897400", "subject": [{"current": {"type": "SUBJECT", "status": "REGULAR", "shortName": "BKu", "longName": "Bildende Kunst", "displayName": "BKu", "displayNameLabel": "NAME"}, "removed": null}], "location": [{"current": {"type": "ROOM", "status": "REGULAR", "shortName": "BKW", "longName": "Kunst West", "displayName": "BKW", "displayNameLabel": "NAME"}, "removed": null}], "teacher": [{"current": {"type": "TEACHER", "status": "REGULAR", "shortName": "Bo", "longName": "Borcherding", "displayName": "Bo", "displayNameLabel": "NAME"}, "removed": null}], "cellState": "REGULAR", "date": "2025-07-18", "start": "2025-07-18T12:00", "end": "2025-07-18T13:30", "type": "NORMAL_TEACHING_PERIOD"}, {"classID": 875, "schoolID": "3897400", "subject": [{"current": {"type": "SUBJECT", "status": "REGULAR", "shortName": "StRob", "longName": "Robotik", "displayName": "StRob", "displayNameLabel": "NAME"}, "removed": null}], "location": [{"current": {"type": "ROOM", "status": "REGULAR", "shortName": "PhO", "longName": "Physik Ost", "displayName": "PhO", "displayNameLabel": "NAME"}, "removed": null}], "teacher": [{"current": {"type": "TEACHER", "status": "REGULAR", "shortName": "B\u00f6", "longName": "B\u00f6kenberg", "displayName": "B\u00f6", "displayNameLabel": "NAME"}, "removed": null}], "cellState": "REGULAR", "date": "2025-07-18", "start": "2025-07-18T13:40", "end": "2025-07-18T15:15", "type": "NORMAL_TEACHING_PERIOD"}, {"classID": 880, "schoolID": "3897400", "subject": [{"current": {"type": "SUBJECT", "status": "REGULAR", "shortName": "D", "longName": "Deutsch", "displayName": "D", "displayNameLabel": "NAME"}, "removed": null}], "location": [{"current": {"type": "ROOM", "status": "REGULAR", "shortName": "B11", "longName": "B11", "displayName": "B11", "displayNameLabel": "NAME"}, "removed": null}], "teacher": [{"current": {"type": "TEACHER", "status": "REGULAR", "shortName": "Re", "longName": "Rentz", "displayName": "Re", "displayNameLabel": "NAME"}, "removed": null}], "cellState": "REGULAR", "date": "2025-07-18", "start": "2025-07-18T08:00", "end": "2025-07-18T09:30", "type": "NORMAL_TEACHING_PERIOD"}, {"classID": 880, "schoolID": "3897400", "subject": [{"current": {"type": "SUBJECT", "status": "REGULAR", "shortName": "Ge-SI", "longName": "Geschichte", "displayName": "Ge-SI", "displayNameLabel": "NAME"}, "removed": null}], "location": [{"current": {"type": "ROOM", "status": "REGULAR", "shortName": "B11", "longName": "B11", "displayName": "B11", "displayNameLabel": "NAME"}, "removed": null}], "teacher": [{"current": {"type": "TEACHER", "status": "REGULAR", "shortName": "Kr", "longName": "Krause", "displayName": "Kr", "displayNameLabel": "NAME"}, "removed": null}], "cellState": "REGULAR", "date": "2025-07-18", "start": "2025-07-18T10:00", "end": "2025-07-18T11:30", "type": "NORMAL_TEACHING_PERIOD"}, {"classID": 880, "schoolID": "3897400", "subject": [{"current": {"type": "SUBJECT", "status": "REGULAR", "shortName": "Ma", "longName": "Mathe", "displayName": "Ma", "displayNameLabel": "NAME"}, "removed": null}], "location": [{"current": {"type": "ROOM", "status": "REGULAR", "shortName": "B11", "longName": "B11", "displayName": "B11", "displayNameLabel": "NAME"}, "removed": null}], "teacher": [{"current": {"type": "TEACHER", "status": "REGULAR", "shortName": "Kl", "longName": "Kleinert", "displayName": "Kl", "displayNameLabel": "NAME"}, "removed": null}], "cellState": "REGULAR", "date": "2025-07-18", "start": "2025-07-18T12:00", "end": "2025-07-18T13:30", "type": "NORMAL_TEACHING_PERIOD"}, {"classID": 880, "schoolID": "3897400", "subject": [{"current": {"type": "SUBJECT", "status": "REGULAR", "shortName": "StRob", "longName": "Robotik", "displayName": "StRob", "displayNameLabel": "NAME"}, "removed": null}], "location": [{"current": {"type": "ROOM", "status": "REGULAR", "shortName": "PhO", "longName": "Physik Ost", "displayName": "PhO", "displayNameLabel": "NAME"}, "removed": null}], "teacher": [{"current": {"type": "TEACHER", "status": "REGULAR", "shortName": "B\u00f6", "longName": "B\u00f6kenberg", "displayName": "B\u00f6", "displayNameLabel": "NAME"}, "removed": null}], "cellState": "REGULAR", "date": "2025-07-18", "start": "2025-07-18T13:40", "end": "2025-07-18T15:15", "type": "NORMAL_TEACHING_PERIOD"}, {"classID": 885, "schoolID": "3897400", "subject": [{"current": {"type": "SUBJECT", "status": "REGULAR", "shortName": "Ma", "longName": "Mathe", "displayName": "Ma", "displayNameLabel": "NAME"}, "removed": null}], "location": [{"current": {"type": "ROOM", "status": "REGULAR", "shortName": "A23", "longName": "A23", "displayName": "A23", "displayNameLabel": "NAME"}, "removed": null}], "teacher": [{"current": {"type": "TEACHER", "status": "REGULAR", "shortName": "Gr", "longName": "Gr\u00fctzmacher", "displayName": "Gr", "displayNameLabel": "NAME"}, "removed": null}], "cellState": "REGULAR", "date": "2025-07-18", "start": "2025-07-18T08:00", "end": "2025-07-18T09:30", "type": "NORMAL_TEACHING_PERIOD"}, {"classID": 885, "schoolID": "3897400", "subject": [{"current": {"type": "SUBJECT", "status": "REGULAR", "shortName": "D", "longName": "Deutsch", "displayName": "D", "displayNameLabel": "NAME"}, "removed": null}], "location": [{"current": {"type": "ROOM", "status": "REGULAR", "shortName": "A23", "longName": "A23", "displayName": "A23", "displayNameLabel": "NAME"}, "removed": null}], "teacher": [{"current": {"type": "TEACHER", "status": "REGULAR", "shortName": "Wt", "longName": "Wintermann", "displayName": "Wt", "displayNameLabel": "NAME"}, "removed": null}], "cellState": "REGULAR", "date": "2025-07-18", "start": "2025-07-18T10:00", "end": "2025-07-18T11:30", "type": "NORMAL_TEACHING_PERIOD"}, {"classID": 885, "schoolID": "3897400", "subject": [{"current": {"type": "SUBJECT", "status": "REGULAR", "shortName": "Nat", "longName": "Naturwissenschaft", "displayName": "Nat", "displayNameLabel": "NAME"}, "removed": null}], "location": [{"current": {"type": "ROOM", "status": "REGULAR", "shortName": "BioS", "longName": "Biologie S\u00fcd", "displayName": "BioS", "displayNameLabel": "NAME"}, "removed": null}], "teacher": [{"current": {"type": "TEACHER", "status": "REGULAR", "shortName": "Kh", "longName": "Kahlke", "displayName": "Kh", "displayNameLabel": "NAME"}, "removed": null}], "cellState": "REGULAR", "date": "2025-07-18", "start": "2025-07-18T12:00", "end": "2025-07-18T13:30", "type": "NORMAL_TEACHING_PERIOD"}, {"classID": 885, "schoolID": "3897400", "subject": [{"current": {"type": "SUBJECT", "status": "REGULAR", "shortName": "StRob", "longName": "Robotik", "displayName": "StRob", "displayNameLabel": "NAME"}, "removed": null}], "location": [{"current": {"type": "ROOM", "status": "REGULAR", "shortName": "PhO", "longName": "Physik Ost", "displayName": "PhO", "displayNameLabel": "NAME"}, "removed": null}], "teacher": [{"current": {"type": "TEACHER", "status": "REGULAR", "shortName": "B\u00f6", "longName": "B\u00f6kenberg", "displayName": "B\u00f6", "displayNameLabel": "NAME"}, "removed": null}], "cellState": "REGULAR", "date": "2025-07-18", "start": "2025-07-18T13:40", "end": "2025-07-18T15:15", "type": "NORMAL_TEACHING_PERIOD"}, {"classID": 1056, "schoolID": "3897400", "subject": [{"current": {"type": "SUBJECT", "status": "REGULAR", "shortName": "D", "longName": "Deutsch", "displayName": "D", "displayNameLabel": "NAME"}, "removed": null}], "location": [{"current": {"type": "ROOM", "status": "REGULAR", "shortName": "A24", "longName": "A24", "displayName": "A24", "displayNameLabel": "NAME"}, "removed": null}], "teacher": [{"current": {"type": "TEACHER", "status": "REGULAR", "shortName": "Ha", "longName": "Haustein", "displayName": "Ha", "displayNameLabel": "NAME"}, "removed": null}], "cellState": "REGULAR", "date": "2025-07-18", "start": "2025-07-18T08:00", "end": "2025-07-18T09:30", "type": "NORMAL_TEACHING_PERIOD"}, {"classID": 1056, "schoolID": "3897400", "subject": [{"current": {"type": "SUBJECT", "status": "REGULAR", "shortName": "Sp", "longName": "Sport", "displayName": "Sp", "displayNameLabel": "NAME"}, "removed": null}], "location": [{"current": {"type": "ROOM", "status": "REGULAR", "shortName": "TH", "longName": "Turnhalle", "displayName": "TH", "displayNameLabel": "NAME"}, "removed": null}], "teacher": [{"current": {"type": "TEACHER", "status": "REGULAR", "shortName": "Ha", "longName": "Haustein", "displayName": "Ha", "displayNameLabel": "NAME"}, "removed": null}], "cellState": "REGULAR", "date": "2025-07-18", "start": "2025-07-18T10:00", "end": "2025-07-18T11:30", "type": "NORMAL_TEACHING_PERIOD"}, {"classID": 1056, "schoolID": "3897400", "subject": [{"current": {"type": "SUBJECT", "status": "REGULAR", "shortName": "Ge-SI", "longName": "Geschichte", "displayName": "Ge-SI", "displayNameLabel": "NAME"}, "removed": null}], "location": [{"current": {"type": "ROOM", "status": "REGULAR", "shortName": "A24", "longName": "A24", "displayName": "A24", "displayNameLabel": "NAME"}, "removed": null}], "teacher": [{"current": {"type": "TEACHER", "status": "REGULAR", "shortName": "Bm", "longName": "Beermann", "displayName": "Bm", "displayNameLabel": "NAME"}, "removed": null}], "cellState": "REGULAR", "date": "2025-07-18", "start": "2025-07-18T12:00", "end": "2025-07-18T13:30", "type": "NORMAL_TEACHING_PERIOD"}, {"classID": 1056, "schoolID": "3897400", "subject": [{"current": {"type": "SUBJECT", "status": "REGULAR", "shortName": "StRob", "longName": "Robotik", "displayName": "StRob", "displayNameLabel": "NAME"}, "removed": null}], "location": [{"current": {"type": "ROOM", "status": "REGULAR", "shortName": "PhO", "longName": "Physik Ost", "displayName": "PhO", "displayNameLabel": "NAME"}, "removed": null}], "teacher": [{"current": {"type": "TEACHER", "status": "REGULAR", "shortName": "B\u00f6", "longName": "B\u00f6kenberg", "displayName": "B\u00f6", "displayNameLabel": "NAME"}, "removed": null}], "cellState": "REGULAR", "date": "2025-07-18", "start": "2025-07-18T13:40", "end": "2025-07-18T15:15", "type": "NORMAL_TEACHING_PERIOD"}, {"classID": 890, "schoolID": "3897400", "subject": [{"current": {"type": "SUBJECT", "status": "REGULAR", "shortName": "0:5 Kst", "longName": "0,5 Klassenlehrerstunde", "displayName": "0:5 Kst", "displayNameLabel": "NAME"}, "removed": null}], "location": [{"current": {"type": "ROOM", "status": "REGULAR", "shortName": "B21", "longName": "B21", "displayName": "B21", "displayNameLabel": "NAME"}, "removed": null}], "teacher": [{"current": {"type": "TEACHER", "status": "REGULAR", "shortName": "Gk", "longName": "Gr\u00fcnke", "displayName": "Gk", "displayNameLabel": "NAME"}, "removed": null}, {"current": {"type": "TEACHER", "status": "REGULAR", "shortName": "Tr", "longName": "Trede", "displayName": "Tr", "displayNameLabel": "NAME"}, "removed": null}], "cellState": "REGULAR", "date": "2025-07-18", "start": "2025-07-18T08:00", "end": "2025-07-18T08:45", "type": "NORMAL_TEACHING_PERIOD"}, {"classID": 890, "schoolID": "3897400", "subject": [{"current": {"type": "SUBJECT", "status": "REGULAR", "shortName": "Geo-SI", "longName": "Geographie", "displayName": "Geo-SI", "displayNameLabel": "NAME"}, "removed": null}], "location": [{"current": {"type": "ROOM", "status": "REGULAR", "shortName": "B21", "longName": "B21", "displayName": "B21", "displayNameLabel": "NAME"}, "removed": null}], "teacher": [{"current": {"type": "TEACHER", "status": "REGULAR", "shortName": "Fl", "longName": "Fli\u00df", "displayName": "Fl", "displayNameLabel": "NAME"}, "removed": null}], "cellState": "REGULAR", "date": "2025-07-18", "start": "2025-07-18T08:45", "end": "2025-07-18T09:30", "type": "NORMAL_TEACHING_PERIOD"}, {"classID": 890, "schoolID": "3897400", "subject": [{"current": {"type": "SUBJECT", "status": "REGULAR", "shortName": "D", "longName": "Deutsch", "displayName": "D", "displayNameLabel": "NAME"}, "removed": null}], "location": [{"current": {"type": "ROOM", "status": "REGULAR", "shortName": "B21", "longName": "B21", "displayName": "B21", "displayNameLabel": "NAME"}, "removed": null}], "teacher": [{"current": {"type": "TEACHER", "status": "REGULAR", "shortName": "Tr", "longName": "Trede", "displayName": "Tr", "displayNameLabel": "NAME"}, "removed": null}], "cellState": "REGULAR", "date": "2025-07-18", "start": "2025-07-18T10:00", "end": "2025-07-18T11:30", "type": "NORMAL_TEACHING_PERIOD"}, {"classID": 890, "schoolID": "3897400", "subject": [{"current": {"type": "SUBJECT", "status": "REGULAR", "shortName": "E", "longName": "Englisch", "displayName": "E", "displayNameLabel": "NAME"}, "removed": null}], "location": [{"current": {"type": "ROOM", "status": "REGULAR", "shortName": "B21", "longName": "B21", "displayName": "B21", "displayNameLabel": "NAME"}, "removed": null}], "teacher": [{"current": {"type": "TEACHER", "status": "REGULAR", "shortName": "Tr", "longName": "Trede", "displayName": "Tr", "displayNameLabel": "NAME"}, "removed": null}], "cellState": "REGULAR", "date": "2025-07-18", "start": "2025-07-18T12:00", "end": "2025-07-18T13:30", "type": "NORMAL_TEACHING_PERIOD"}, {"classID": 895, "schoolID": "3897400", "subject": [{"current": {"type": "SUBJECT", "status": "REGULAR", "shortName": "Ma", "longName": "Mathe", "displayName": "Ma", "displayNameLabel": "NAME"}, "removed": null}], "location": [{"current": {"type": "ROOM", "status": "REGULAR", "shortName": "B22", "longName": "B22", "displayName": "B22", "displayNameLabel": "NAME"}, "removed": null}], "teacher": [{"current": {"type": "TEACHER", "status": "REGULAR", "shortName": "V\u00f6", "longName": "V\u00f6disch", "displayName": "V\u00f6", "displayNameLabel": "NAME"}, "removed": null}], "cellState": "REGULAR", "date": "2025-07-18", "start": "2025-07-18T08:00", "end": "2025-07-18T09:30", "type": "NORMAL_TEACHING_PERIOD"}, {"classID": 895, "schoolID": "3897400", "subject": [{"current": {"type": "SUBJECT", "status": "REGULAR", "shortName": "Inf", "longName": "Informatik", "displayName": "Inf", "displayNameLabel": "NAME"}, "removed": null}], "location": [{"current": {"type": "ROOM", "status": "ADDED", "shortName": "B22", "longName": "B22", "displayName": "B22", "displayNameLabel": "NAME"}, "removed": {"type": "ROOM", "status": "REMOVED", "shortName": "CR2", "longName": "CR2", "displayName": "CR2", "displayNameLabel": "NAME"}}], "teacher": [{"current": {"type": "TEACHER", "status": "ADDED", "shortName": "Mardt", "longName": "Mardt-Schmidt", "displayName": "Mardt", "displayNameLabel": "NAME"}, "removed": {"type": "TEACHER", "status": "REMOVED", "shortName": "Wa", "longName": "Wagner", "displayName": "Wa", "displayNameLabel": "NAME"}}], "cellState": "CHANGED", "date": "2025-07-18", "start": "2025-07-18T10:00", "end": "2025-07-18T11:30", "type": "NORMAL_TEACHING_PERIOD"}, {"classID": 895, "schoolID": "3897400", "subject": [{"current": {"type": "SUBJECT", "status": "REGULAR", "shortName": "D", "longName": "Deutsch", "displayName": "D", "displayNameLabel": "NAME"}, "removed": null}], "location": [{"current": {"type": "ROOM", "status": "REGULAR", "shortName": "B22", "longName": "B22", "displayName": "B22", "displayNameLabel": "NAME"}, "removed": null}], "teacher": [{"current": {"type": "TEACHER", "status": "REGULAR", "shortName": "Fi", "longName": "Finck", "displayName": "Fi", "displayNameLabel": "NAME"}, "removed": null}], "cellState": "REGULAR", "date": "2025-07-18", "start": "2025-07-18T12:00", "end": "2025-07-18T13:30", "type": "NORMAL_TEACHING_PERIOD"}, {"classID": 895, "schoolID": "3897400", "subject": [{"current": {"type": "SUBJECT", "status": "REGULAR", "shortName": "FI", "longName": "Franz\u00f6sisch I", "displayName": "FI", "displayNameLabel": "NAME"}, "removed": null}], "location": [{"current": {"type": "ROOM", "status": "REGULAR", "shortName": "B22", "longName": "B22", "displayName": "B22", "displayNameLabel": "NAME"}, "removed": null}], "teacher": [{"current": {"type": "TEACHER", "status": "REGULAR", "shortName": "CB", "longName": "Baumann", "displayName": "CB", "displayNameLabel": "NAME"}, "removed": null}], "cellState": "CANCELLED", "date": "2025-07-18", "start": "2025-07-18T13:40", "end": "2025-07-18T14:25", "type": "NORMAL_TEACHING_PERIOD"}, {"classID": 905, "schoolID": "3897400", "subject": [{"current": {"type": "SUBJECT", "status": "REGULAR", "shortName": "Ch", "longName": "Chemie", "displayName": "Ch", "displayNameLabel": "NAME"}, "removed": null}], "location": [{"current": {"type": "ROOM", "status": "REGULAR", "shortName": "ChO", "longName": "Chemie Ost", "displayName": "ChO", "displayNameLabel": "NAME"}, "removed": null}], "teacher": [{"current": {"type": "TEACHER", "status": "REGULAR", "shortName": "Gz", "longName": "Gordziel", "displayName": "Gz", "displayNameLabel": "NAME"}, "removed": null}], "cellState": "REGULAR", "date": "2025-07-18", "start": "2025-07-18T08:00", "end": "2025-07-18T09:30", "type": "NORMAL_TEACHING_PERIOD"}, {"classID": 905, "schoolID": "3897400", "subject": [{"current": {"type": "SUBJECT", "status": "REGULAR", "shortName": "E", "longName": "Englisch", "displayName": "E", "displayNameLabel": "NAME"}, "removed": null}], "location": [{"current": {"type": "ROOM", "status": "REGULAR", "shortName": "B14", "longName": "B14", "displayName": "B14", "displayNameLabel": "NAME"}, "removed": null}], "teacher": [{"current": {"type": "TEACHER", "status": "REGULAR", "shortName": "Go", "longName": "Goos", "displayName": "Go", "displayNameLabel": "NAME"}, "removed": null}], "cellState": "REGULAR", "date": "2025-07-18", "start": "2025-07-18T10:00", "end": "2025-07-18T11:30", "type": "NORMAL_TEACHING_PERIOD"}, {"classID": 905, "schoolID": "3897400", "subject": [{"current": {"type": "SUBJECT", "status": "REGULAR", "shortName": "Geo-SI", "longName": "Geographie", "displayName": "Geo-SI", "displayNameLabel": "NAME"}, "removed": null}], "location": [{"current": {"type": "ROOM", "status": "REGULAR", "shortName": "B14", "longName": "B14", "displayName": "B14", "displayNameLabel": "NAME"}, "removed": null}], "teacher": [{"current": {"type": "TEACHER", "status": "REGULAR", "shortName": "Fl", "longName": "Fli\u00df", "displayName": "Fl", "displayNameLabel": "NAME"}, "removed": null}], "cellState": "REGULAR", "date": "2025-07-18", "start": "2025-07-18T12:00", "end": "2025-07-18T13:30", "type": "NORMAL_TEACHING_PERIOD"}, {"classID": 905, "schoolID": "3897400", "subject": [{"current": {"type": "SUBJECT", "status": "REGULAR", "shortName": "0:5 Kst", "longName": "0,5 Klassenlehrerstunde", "displayName": "0:5 Kst", "displayNameLabel": "NAME"}, "removed": null}], "location": [{"current": {"type": "ROOM", "status": "REGULAR", "shortName": "B14", "longName": "B14", "displayName": "B14", "displayNameLabel": "NAME"}, "removed": null}], "teacher": [{"current": {"type": "TEACHER", "status": "REGULAR", "shortName": "Bl", "longName": "Blank", "displayName": "Bl", "displayNameLabel": "NAME"}, "removed": null}, {"current": {"type": "TEACHER", "status": "REGULAR", "shortName": "Mn", "longName": "Me\u00dfner", "displayName": "Mn", "displayNameLabel": "NAME"}, "removed": null}], "cellState": "REGULAR", "date": "2025-07-18", "start": "2025-07-18T13:40", "end": "2025-07-18T14:25", "type": "NORMAL_TEACHING_PERIOD"}, {"classID": 910, "schoolID": "3897400", "subject": [{"current": {"type": "SUBJECT", "status": "REGULAR", "shortName": "Bio", "longName": "Biologie", "displayName": "Bio", "displayNameLabel": "NAME"}, "removed": null}], "location": [{"current": {"type": "ROOM", "status": "REGULAR", "shortName": "BioW", "longName": "Biologie West", "displayName": "BioW", "displayNameLabel": "NAME"}, "removed": null}], "teacher": [{"current": {"type": "TEACHER", "status": "REGULAR", "shortName": "S\u00fc", "longName": "S\u00fc\u00df", "displayName": "S\u00fc", "displayNameLabel": "NAME"}, "removed": null}], "cellState": "REGULAR", "date": "2025-07-18", "start": "2025-07-18T08:00", "end": "2025-07-18T09:30", "type": "NORMAL_TEACHING_PERIOD"}, {"classID": 910, "schoolID": "3897400", "subject": [{"current": {"type": "SUBJECT", "status": "REGULAR", "shortName": "Geo-SI", "longName": "Geographie", "displayName": "Geo-SI", "displayNameLabel": "NAME"}, "removed": null}], "location": [{"current": {"type": "ROOM", "status": "REGULAR", "shortName": "B12", "longName": "B12", "displayName": "B12", "displayNameLabel": "NAME"}, "removed": null}], "teacher": [{"current": {"type": "TEACHER", "status": "REGULAR", "shortName": "Fl", "longName": "Fli\u00df", "displayName": "Fl", "displayNameLabel": "NAME"}, "removed": null}], "cellState": "REGULAR", "date": "2025-07-18", "start": "2025-07-18T10:00", "end": "2025-07-18T11:30", "type": "NORMAL_TEACHING_PERIOD"}, {"classID": 910, "schoolID": "3897400", "subject": [{"current": {"type": "SUBJECT", "status": "REGULAR", "shortName": "GoF", "longName": "Geographie franz.", "displayName": "GoF", "displayNameLabel": "NAME"}, "removed": null}], "location": [{"current": {"type": "ROOM", "status": "REGULAR", "shortName": "Geo", "longName": "Geographie", "displayName": "Geo", "displayNameLabel": "NAME"}, "removed": null}], "teacher": [{"current": {"type": "TEACHER", "status": "REGULAR", "shortName": "Su", "longName": "Schulz", "displayName": "Su", "displayNameLabel": "NAME"}, "removed": null}], "cellState": "REGULAR", "date": "2025-07-18", "start": "2025-07-18T10:00", "end": "2025-07-18T11:30", "type": "NORMAL_TEACHING_PERIOD"}, {"classID": 910, "schoolID": "3897400", "subject": [{"current": {"type": "SUBJECT", "status": "REGULAR", "shortName": "E", "longName": "Englisch", "displayName": "E", "displayNameLabel": "NAME"}, "removed": null}], "location": [{"current": {"type": "ROOM", "status": "REGULAR", "shortName": "B12", "longName": "B12", "displayName": "B12", "displayNameLabel": "NAME"}, "removed": null}], "teacher": [{"current": {"type": "TEACHER", "status": "REGULAR", "shortName": "S\u00fc", "longName": "S\u00fc\u00df", "displayName": "S\u00fc", "displayNameLabel": "NAME"}, "removed": null}], "cellState": "REGULAR", "date": "2025-07-18", "start": "2025-07-18T12:00", "end": "2025-07-18T13:30", "type": "NORMAL_TEACHING_PERIOD"}, {"classID": 915, "schoolID": "3897400", "subject": [{"current": {"type": "SUBJECT", "status": "REGULAR", "shortName": "E", "longName": "Englisch", "displayName": "E", "displayNameLabel": "NAME"}, "removed": null}], "location": [{"current": {"type": "ROOM", "status": "REGULAR", "shortName": "B13", "longName": "B13", "displayName": "B13", "displayNameLabel": "NAME"}, "removed": null}], "teacher": [{"current": {"type": "TEACHER", "status": "REGULAR", "shortName": "Wt", "longName": "Wintermann", "displayName": "Wt", "displayNameLabel": "NAME"}, "removed": null}], "cellState": "REGULAR", "date": "2025-07-18", "start": "2025-07-18T08:00", "end": "2025-07-18T09:30", "type": "NORMAL_TEACHING_PERIOD"}, {"classID": 915, "schoolID": "3897400", "subject": [{"current": {"type": "SUBJECT", "status": "REGULAR", "shortName": "Ge-SI", "longName": "Geschichte", "displayName": "Ge-SI", "displayNameLabel": "NAME"}, "removed": null}], "location": [{"current": {"type": "ROOM", "status": "REGULAR", "shortName": "B13", "longName": "B13", "displayName": "B13", "displayNameLabel": "NAME"}, "removed": null}], "teacher": [{"current": {"type": "TEACHER", "status": "REGULAR", "shortName": "Gk", "longName": "Gr\u00fcnke", "displayName": "Gk", "displayNameLabel": "NAME"}, "removed": null}], "cellState": "REGULAR", "date": "2025-07-18", "start": "2025-07-18T10:00", "end": "2025-07-18T11:30", "type": "NORMAL_TEACHING_PERIOD"}, {"classID": 915, "schoolID": "3897400", "subject": [{"current": {"type": "SUBJECT", "status": "REGULAR", "shortName": "Mus", "longName": "Musik", "displayName": "Mus", "displayNameLabel": "NAME"}, "removed": null}], "location": [{"current": {"type": "ROOM", "status": "REGULAR", "shortName": "Muli", "longName": "Musik links", "displayName": "Muli", "displayNameLabel": "NAME"}, "removed": null}, {"current": {"type": "ROOM", "status": "REGULAR", "shortName": "Mure", "longName": "Musik rechts", "displayName": "Mure", "displayNameLabel": "NAME"}, "removed": null}, {"current": {"type": "ROOM", "status": "REGULAR", "shortName": "MzH", "longName": "Mehrzweckhalle", "displayName": "MzH", "displayNameLabel": "NAME"}, "removed": null}], "teacher": [{"current": {"type": "TEACHER", "status": "REGULAR", "shortName": "Bs", "longName": "Blasel", "displayName": "Bs", "displayNameLabel": "NAME"}, "removed": null}], "cellState": "REGULAR", "date": "2025-07-18", "start": "2025-07-18T12:00", "end": "2025-07-18T13:30", "type": "NORMAL_TEACHING_PERIOD"}, {"classID": 920, "schoolID": "3897400", "subject": "", "location": "", "teacher": "", "cellState": "ADDITIONAL", "date": "2025-07-18", "start": "2025-07-18T00:00", "end": "2025-07-18T16:50", "type": "EVENT"}, {"classID": 920, "schoolID": "3897400", "subject": [{"current": {"type": "SUBJECT", "status": "REGULAR", "shortName": "W2Phil", "longName": "WII Phil", "displayName": "W2Phil", "displayNameLabel": "NAME"}, "removed": null}], "location": [{"current": {"type": "ROOM", "status": "REGULAR", "shortName": "A12", "longName": "A12 Latein, Religion", "displayName": "A12", "displayNameLabel": "NAME"}, "removed": null}], "teacher": [{"current": {"type": "TEACHER", "status": "REGULAR", "shortName": "Mn", "longName": "Me\u00dfner", "displayName": "Mn", "displayNameLabel": "NAME"}, "removed": null}], "cellState": "CANCELLED", "date": "2025-07-18", "start": "2025-07-18T08:00", "end": "2025-07-18T09:30", "type": "NORMAL_TEACHING_PERIOD"}, {"classID": 920, "schoolID": "3897400", "subject": [{"current": {"type": "SUBJECT", "status": "REGULAR", "shortName": "W2Phil", "longName": "WII Phil", "displayName": "W2Phil", "displayNameLabel": "NAME"}, "removed": null}], "location": [{"current": {"type": "ROOM", "status": "REGULAR", "shortName": "B24", "longName": "B24", "displayName": "B24", "displayNameLabel": "NAME"}, "removed": null}], "teacher": [{"current": {"type": "TEACHER", "status": "REGULAR", "shortName": "Hu", "longName": "Husen", "displayName": "Hu", "displayNameLabel": "NAME"}, "removed": null}], "cellState": "CANCELLED", "date": "2025-07-18", "start": "2025-07-18T08:00", "end": "2025-07-18T09:30", "type": "NORMAL_TEACHING_PERIOD"}, {"classID": 920, "schoolID": "3897400", "subject": [{"current": {"type": "SUBJECT", "status": "REGULAR", "shortName": "W2Re", "longName": "WII Religion", "displayName": "W2Re", "displayNameLabel": "NAME"}, "removed": null}], "location": [{"current": {"type": "ROOM", "status": "REGULAR", "shortName": "B01", "longName": "B01", "displayName": "B01", "displayNameLabel": "NAME"}, "removed": null}], "teacher": [{"current": {"type": "TEACHER", "status": "REGULAR", "shortName": "Gu", "longName": "Gustmann", "displayName": "Gu", "displayNameLabel": "NAME"}, "removed": null}], "cellState": "CANCELLED", "date": "2025-07-18", "start": "2025-07-18T08:00", "end": "2025-07-18T09:30", "type": "NORMAL_TEACHING_PERIOD"}, {"classID": 920, "schoolID": "3897400", "subject": [{"current": {"type": "SUBJECT", "status": "REGULAR", "shortName": "D", "longName": "Deutsch", "displayName": "D", "displayNameLabel": "NAME"}, "removed": null}], "location": [{"current": {"type": "ROOM", "status": "REGULAR", "shortName": "B23", "longName": "B23", "displayName": "B23", "displayNameLabel": "NAME"}, "removed": null}], "teacher": [{"current": {"type": "TEACHER", "status": "REGULAR", "shortName": "Ri", "longName": "Richter", "displayName": "Ri", "displayNameLabel": "NAME"}, "removed": null}], "cellState": "CANCELLED", "date": "2025-07-18", "start": "2025-07-18T10:00", "end": "2025-07-18T11:30", "type": "NORMAL_TEACHING_PERIOD"}, {"classID": 920, "schoolID": "3897400", "subject": [{"current": {"type": "SUBJECT", "status": "REGULAR", "shortName": "Phy", "longName": "Physik", "displayName": "Phy", "displayNameLabel": "NAME"}, "removed": null}], "location": [{"current": {"type": "ROOM", "status": "REGULAR", "shortName": "PhO", "longName": "Physik Ost", "displayName": "PhO", "displayNameLabel": "NAME"}, "removed": null}], "teacher": [{"current": {"type": "TEACHER", "status": "REGULAR", "shortName": "Gr", "longName": "Gr\u00fctzmacher", "displayName": "Gr", "displayNameLabel": "NAME"}, "removed": null}], "cellState": "CANCELLED", "date": "2025-07-18", "start": "2025-07-18T12:00", "end": "2025-07-18T13:30", "type": "NORMAL_TEACHING_PERIOD"}, {"classID": 925, "schoolID": "3897400", "subject": "", "location": "", "teacher": "", "cellState": "ADDITIONAL", "date": "2025-07-18", "start": "2025-07-18T00:00", "end": "2025-07-18T16:50", "type": "EVENT"}, {"classID": 925, "schoolID": "3897400", "subject": [{"current": {"type": "SUBJECT", "status": "REGULAR", "shortName": "W2Phil", "longName": "WII Phil", "displayName": "W2Phil", "displayNameLabel": "NAME"}, "removed": null}], "location": [{"current": {"type": "ROOM", "status": "REGULAR", "shortName": "A12", "longName": "A12 Latein, Religion", "displayName": "A12", "displayNameLabel": "NAME"}, "removed": null}], "teacher": [{"current": {"type": "TEACHER", "status": "REGULAR", "shortName": "Mn", "longName": "Me\u00dfner", "displayName": "Mn", "displayNameLabel": "NAME"}, "removed": null}], "cellState": "CANCELLED", "date": "2025-07-18", "start": "2025-07-18T08:00", "end": "2025-07-18T09:30", "type": "NORMAL_TEACHING_PERIOD"}, {"classID": 925, "schoolID": "3897400", "subject": [{"current": {"type": "SUBJECT", "status": "REGULAR", "shortName": "W2Phil", "longName": "WII Phil", "displayName": "W2Phil", "displayNameLabel": "NAME"}, "removed": null}], "location": [{"current": {"type": "ROOM", "status": "REGULAR", "shortName": "B24", "longName": "B24", "displayName": "B24", "displayNameLabel": "NAME"}, "removed": null}], "teacher": [{"current": {"type": "TEACHER", "status": "REGULAR", "shortName": "Hu", "longName": "Husen", "displayName": "Hu", "displayNameLabel": "NAME"}, "removed": null}], "cellState": "CANCELLED", "date": "2025-07-18", "start": "2025-07-18T08:00", "end": "2025-07-18T09:30", "type": "NORMAL_TEACHING_PERIOD"}, {"classID": 925, "schoolID": "3897400", "subject": [{"current": {"type": "SUBJECT", "status": "REGULAR", "shortName": "W2Re", "longName": "WII Religion", "displayName": "W2Re", "displayNameLabel": "NAME"}, "removed": null}], "location": [{"current": {"type": "ROOM", "status": "REGULAR", "shortName": "B01", "longName": "B01", "displayName": "B01", "displayNameLabel": "NAME"}, "removed": null}], "teacher": [{"current": {"type": "TEACHER", "status": "REGULAR", "shortName": "Gu", "longName": "Gustmann", "displayName": "Gu", "displayNameLabel": "NAME"}, "removed": null}], "cellState": "CANCELLED", "date": "2025-07-18", "start": "2025-07-18T08:00", "end": "2025-07-18T09:30", "type": "NORMAL_TEACHING_PERIOD"}, {"classID": 925, "schoolID": "3897400", "subject": [{"current": {"type": "SUBJECT", "status": "REGULAR", "shortName": "E", "longName": "Englisch", "displayName": "E", "displayNameLabel": "NAME"}, "removed": null}], "location": [{"current": {"type": "ROOM", "status": "REGULAR", "shortName": "B01", "longName": "B01", "displayName": "B01", "displayNameLabel": "NAME"}, "removed": null}], "teacher": [{"current": {"type": "TEACHER", "status": "REGULAR", "shortName": "Kh", "longName": "Kahlke", "displayName": "Kh", "displayNameLabel": "NAME"}, "removed": null}], "cellState": "CANCELLED", "date": "2025-07-18", "start": "2025-07-18T10:00", "end": "2025-07-18T11:30", "type": "NORMAL_TEACHING_PERIOD"}, {"classID": 925, "schoolID": "3897400", "subject": [{"current": {"type": "SUBJECT", "status": "REGULAR", "shortName": "D", "longName": "Deutsch", "displayName": "D", "displayNameLabel": "NAME"}, "removed": null}], "location": [{"current": {"type": "ROOM", "status": "REGULAR", "shortName": "B01", "longName": "B01", "displayName": "B01", "displayNameLabel": "NAME"}, "removed": null}], "teacher": [{"current": {"type": "TEACHER", "status": "REGULAR", "shortName": "Ha", "longName": "Haustein", "displayName": "Ha", "displayNameLabel": "NAME"}, "removed": null}], "cellState": "CANCELLED", "date": "2025-07-18", "start": "2025-07-18T12:00", "end": "2025-07-18T13:30", "type": "NORMAL_TEACHING_PERIOD"}, {"classID": 925, "schoolID": "3897400", "subject": [{"current": {"type": "SUBJECT", "status": "REGULAR", "shortName": "KLSt", "longName": "Klassenlehrerstunde", "displayName": "KLSt", "displayNameLabel": "NAME"}, "removed": null}], "location": [{"current": {"type": "ROOM", "status": "REGULAR", "shortName": "B01", "longName": "B01", "displayName": "B01", "displayNameLabel": "NAME"}, "removed": null}], "teacher": [{"current": {"type": "TEACHER", "status": "REGULAR", "shortName": "V\u00f6", "longName": "V\u00f6disch", "displayName": "V\u00f6", "displayNameLabel": "NAME"}, "removed": null}], "cellState": "CANCELLED", "date": "2025-07-18", "start": "2025-07-18T13:40", "end": "2025-07-18T14:25", "type": "NORMAL_TEACHING_PERIOD"}, {"classID": 930, "schoolID": "3897400", "subject": "", "location": "", "teacher": "", "cellState": "ADDITIONAL", "date": "2025-07-18", "start": "2025-07-18T00:00", "end": "2025-07-18T16:50", "type": "EVENT"}, {"classID": 930, "schoolID": "3897400", "subject": [{"current": {"type": "SUBJECT", "status": "REGULAR", "shortName": "W2Phil", "longName": "WII Phil", "displayName": "W2Phil", "displayNameLabel": "NAME"}, "removed": null}], "location": [{"current": {"type": "ROOM", "status": "REGULAR", "shortName": "A12", "longName": "A12 Latein, Religion", "displayName": "A12", "displayNameLabel": "NAME"}, "removed": null}], "teacher": [{"current": {"type": "TEACHER", "status": "REGULAR", "shortName": "Mn", "longName": "Me\u00dfner", "displayName": "Mn", "displayNameLabel": "NAME"}, "removed": null}], "cellState": "CANCELLED", "date": "2025-07-18", "start": "2025-07-18T08:00", "end": "2025-07-18T09:30", "type": "NORMAL_TEACHING_PERIOD"}, {"classID": 930, "schoolID": "3897400", "subject": [{"current": {"type": "SUBJECT", "status": "REGULAR", "shortName": "W2Phil", "longName": "WII Phil", "displayName": "W2Phil", "displayNameLabel": "NAME"}, "removed": null}], "location": [{"current": {"type": "ROOM", "status": "REGULAR", "shortName": "B24", "longName": "B24", "displayName": "B24", "displayNameLabel": "NAME"}, "removed": null}], "teacher": [{"current": {"type": "TEACHER", "status": "REGULAR", "shortName": "Hu", "longName": "Husen", "displayName": "Hu", "displayNameLabel": "NAME"}, "removed": null}], "cellState": "CANCELLED", "date": "2025-07-18", "start": "2025-07-18T08:00", "end": "2025-07-18T09:30", "type": "NORMAL_TEACHING_PERIOD"}, {"classID": 930, "schoolID": "3897400", "subject": [{"current": {"type": "SUBJECT", "status": "REGULAR", "shortName": "W2Re", "longName": "WII Religion", "displayName": "W2Re", "displayNameLabel": "NAME"}, "removed": null}], "location": [{"current": {"type": "ROOM", "status": "REGULAR", "shortName": "B01", "longName": "B01", "displayName": "B01", "displayNameLabel": "NAME"}, "removed": null}], "teacher": [{"current": {"type": "TEACHER", "status": "REGULAR", "shortName": "Gu", "longName": "Gustmann", "displayName": "Gu", "displayNameLabel": "NAME"}, "removed": null}], "cellState": "CANCELLED", "date": "2025-07-18", "start": "2025-07-18T08:00", "end": "2025-07-18T09:30", "type": "NORMAL_TEACHING_PERIOD"}, {"classID": 930, "schoolID": "3897400", "subject": [{"current": {"type": "SUBJECT", "status": "REGULAR", "shortName": "D", "longName": "Deutsch", "displayName": "D", "displayNameLabel": "NAME"}, "removed": null}], "location": [{"current": {"type": "ROOM", "status": "REGULAR", "shortName": "B24", "longName": "B24", "displayName": "B24", "displayNameLabel": "NAME"}, "removed": null}], "teacher": [{"current": {"type": "TEACHER", "status": "REGULAR", "shortName": "Fi", "longName": "Finck", "displayName": "Fi", "displayNameLabel": "NAME"}, "removed": null}], "cellState": "CANCELLED", "date": "2025-07-18", "start": "2025-07-18T10:00", "end": "2025-07-18T11:30", "type": "NORMAL_TEACHING_PERIOD"}, {"classID": 930, "schoolID": "3897400", "subject": [{"current": {"type": "SUBJECT", "status": "REGULAR", "shortName": "Phy", "longName": "Physik", "displayName": "Phy", "displayNameLabel": "NAME"}, "removed": null}], "location": [{"current": {"type": "ROOM", "status": "REGULAR", "shortName": "PhW", "longName": "Physik West", "displayName": "PhW", "displayNameLabel": "NAME"}, "removed": null}], "teacher": [{"current": {"type": "TEACHER", "status": "REGULAR", "shortName": "Wa", "longName": "Wagner", "displayName": "Wa", "displayNameLabel": "NAME"}, "removed": null}], "cellState": "CANCELLED", "date": "2025-07-18", "start": "2025-07-18T12:00", "end": "2025-07-18T13:30", "type": "NORMAL_TEACHING_PERIOD"}, {"classID": 935, "schoolID": "3897400", "subject": "", "location": "", "teacher": "", "cellState": "ADDITIONAL", "date": "2025-07-18", "start": "2025-07-18T00:00", "end": "2025-07-18T16:50", "type": "EVENT"}, {"classID": 935, "schoolID": "3897400", "subject": [{"current": {"type": "SUBJECT", "status": "REGULAR", "shortName": "Bio", "longName": "Biologie", "displayName": "Bio", "displayNameLabel": "NAME"}, "removed": null}], "location": [{"current": {"type": "ROOM", "status": "REGULAR", "shortName": "BioS", "longName": "Biologie S\u00fcd", "displayName": "BioS", "displayNameLabel": "NAME"}, "removed": null}], "teacher": [{"current": {"type": "TEACHER", "status": "REGULAR", "shortName": "Si", "longName": "Spiekermann", "displayName": "Si", "displayNameLabel": "NAME"}, "removed": null}], "cellState": "CANCELLED", "date": "2025-07-18", "start": "2025-07-18T08:00", "end": "2025-07-18T09:30", "type": "NORMAL_TEACHING_PERIOD"}, {"classID": 935, "schoolID": "3897400", "subject": [{"current": {"type": "SUBJECT", "status": "REGULAR", "shortName": "FII", "longName": "Franz\u00f6sisch II", "displayName": "FII", "displayNameLabel": "NAME"}, "removed": null}], "location": [{"current": {"type": "ROOM", "status": "REGULAR", "shortName": "D13", "longName": "D13", "displayName": "D13", "displayNameLabel": "NAME"}, "removed": null}], "teacher": [{"current": {"type": "TEACHER", "status": "REGULAR", "shortName": "Bm", "longName": "Beermann", "displayName": "Bm", "displayNameLabel": "NAME"}, "removed": null}], "cellState": "CANCELLED", "date": "2025-07-18", "start": "2025-07-18T10:00", "end": "2025-07-18T11:30", "type": "NORMAL_TEACHING_PERIOD"}, {"classID": 935, "schoolID": "3897400", "subject": [{"current": {"type": "SUBJECT", "status": "REGULAR", "shortName": "L", "longName": "Latein", "displayName": "L", "displayNameLabel": "NAME"}, "removed": null}], "location": [{"current": {"type": "ROOM", "status": "REGULAR", "shortName": "A12", "longName": "A12 Latein, Religion", "displayName": "A12", "displayNameLabel": "NAME"}, "removed": null}], "teacher": [{"current": {"type": "TEACHER", "status": "REGULAR", "shortName": "Mn", "longName": "Me\u00dfner", "displayName": "Mn", "displayNameLabel": "NAME"}, "removed": null}], "cellState": "CANCELLED", "date": "2025-07-18", "start": "2025-07-18T10:00", "end": "2025-07-18T11:30", "type": "NORMAL_TEACHING_PERIOD"}, {"classID": 935, "schoolID": "3897400", "subject": [{"current": {"type": "SUBJECT", "status": "REGULAR", "shortName": "Ge-SI", "longName": "Geschichte", "displayName": "Ge-SI", "displayNameLabel": "NAME"}, "removed": null}], "location": [{"current": {"type": "ROOM", "status": "REGULAR", "shortName": "D13", "longName": "D13", "displayName": "D13", "displayNameLabel": "NAME"}, "removed": null}], "teacher": [{"current": {"type": "TEACHER", "status": "REGULAR", "shortName": "Mi", "longName": "Micheler", "displayName": "Mi", "displayNameLabel": "NAME"}, "removed": null}], "cellState": "CANCELLED", "date": "2025-07-18", "start": "2025-07-18T12:00", "end": "2025-07-18T13:30", "type": "NORMAL_TEACHING_PERIOD"}, {"classID": 940, "schoolID": "3897400", "subject": "", "location": "", "teacher": "", "cellState": "ADDITIONAL", "date": "2025-07-18", "start": "2025-07-18T00:00", "end": "2025-07-18T16:50", "type": "EVENT"}, {"classID": 940, "schoolID": "3897400", "subject": [{"current": {"type": "SUBJECT", "status": "REGULAR", "shortName": "0:5 Kst", "longName": "0,5 Klassenlehrerstunde", "displayName": "0:5 Kst", "displayNameLabel": "NAME"}, "removed": null}], "location": [{"current": {"type": "ROOM", "status": "REGULAR", "shortName": "D03", "longName": "D03", "displayName": "D03", "displayNameLabel": "NAME"}, "removed": null}], "teacher": [{"current": {"type": "TEACHER", "status": "REGULAR", "shortName": "Bs", "longName": "Blasel", "displayName": "Bs", "displayNameLabel": "NAME"}, "removed": null}, {"current": {"type": "TEACHER", "status": "REGULAR", "shortName": "CB", "longName": "Baumann", "displayName": "CB", "displayNameLabel": "NAME"}, "removed": null}], "cellState": "CANCELLED", "date": "2025-07-18", "start": "2025-07-18T08:00", "end": "2025-07-18T08:45", "type": "NORMAL_TEACHING_PERIOD"}, {"classID": 940, "schoolID": "3897400", "subject": [{"current": {"type": "SUBJECT", "status": "REGULAR", "shortName": "E", "longName": "Englisch", "displayName": "E", "displayNameLabel": "NAME"}, "removed": null}], "location": [{"current": {"type": "ROOM", "status": "REGULAR", "shortName": "D03", "longName": "D03", "displayName": "D03", "displayNameLabel": "NAME"}, "removed": null}], "teacher": [{"current": {"type": "TEACHER", "status": "REGULAR", "shortName": "Go", "longName": "Goos", "displayName": "Go", "displayNameLabel": "NAME"}, "removed": null}], "cellState": "CANCELLED", "date": "2025-07-18", "start": "2025-07-18T08:45", "end": "2025-07-18T09:30", "type": "NORMAL_TEACHING_PERIOD"}, {"classID": 940, "schoolID": "3897400", "subject": [{"current": {"type": "SUBJECT", "status": "REGULAR", "shortName": "FI", "longName": "Franz\u00f6sisch I", "displayName": "FI", "displayNameLabel": "NAME"}, "removed": null}], "location": [{"current": {"type": "ROOM", "status": "REGULAR", "shortName": "D03", "longName": "D03", "displayName": "D03", "displayNameLabel": "NAME"}, "removed": null}], "teacher": [{"current": {"type": "TEACHER", "status": "REGULAR", "shortName": "CB", "longName": "Baumann", "displayName": "CB", "displayNameLabel": "NAME"}, "removed": null}], "cellState": "CANCELLED", "date": "2025-07-18", "start": "2025-07-18T10:00", "end": "2025-07-18T11:30", "type": "NORMAL_TEACHING_PERIOD"}, {"classID": 940, "schoolID": "3897400", "subject": [{"current": {"type": "SUBJECT", "status": "REGULAR", "shortName": "FII", "longName": "Franz\u00f6sisch II", "displayName": "FII", "displayNameLabel": "NAME"}, "removed": null}], "location": [{"current": {"type": "ROOM", "status": "REGULAR", "shortName": "D23", "longName": "D23", "displayName": "D23", "displayNameLabel": "NAME"}, "removed": null}], "teacher": [{"current": {"type": "TEACHER", "status": "REGULAR", "shortName": "Lo", "longName": "Lorke", "displayName": "Lo", "displayNameLabel": "NAME"}, "removed": null}], "cellState": "CANCELLED", "date": "2025-07-18", "start": "2025-07-18T10:00", "end": "2025-07-18T11:30", "type": "NORMAL_TEACHING_PERIOD"}, {"classID": 940, "schoolID": "3897400", "subject": [{"current": {"type": "SUBJECT", "status": "REGULAR", "shortName": "FII", "longName": "Franz\u00f6sisch II", "displayName": "FII", "displayNameLabel": "NAME"}, "removed": null}], "location": [{"current": {"type": "ROOM", "status": "REGULAR", "shortName": "D13", "longName": "D13", "displayName": "D13", "displayNameLabel": "NAME"}, "removed": null}], "teacher": [{"current": {"type": "TEACHER", "status": "REGULAR", "shortName": "Bm", "longName": "Beermann", "displayName": "Bm", "displayNameLabel": "NAME"}, "removed": null}], "cellState": "CANCELLED", "date": "2025-07-18", "start": "2025-07-18T10:00", "end": "2025-07-18T11:30", "type": "NORMAL_TEACHING_PERIOD"}, {"classID": 940, "schoolID": "3897400", "subject": [{"current": {"type": "SUBJECT", "status": "REGULAR", "shortName": "L", "longName": "Latein", "displayName": "L", "displayNameLabel": "NAME"}, "removed": null}], "location": [{"current": {"type": "ROOM", "status": "REGULAR", "shortName": "A12", "longName": "A12 Latein, Religion", "displayName": "A12", "displayNameLabel": "NAME"}, "removed": null}], "teacher": [{"current": {"type": "TEACHER", "status": "REGULAR", "shortName": "Mn", "longName": "Me\u00dfner", "displayName": "Mn", "displayNameLabel": "NAME"}, "removed": null}], "cellState": "CANCELLED", "date": "2025-07-18", "start": "2025-07-18T10:00", "end": "2025-07-18T11:30", "type": "NORMAL_TEACHING_PERIOD"}, {"classID": 940, "schoolID": "3897400", "subject": [{"current": {"type": "SUBJECT", "status": "REGULAR", "shortName": "GeF", "longName": "Geschichte franz.", "displayName": "GeF", "displayNameLabel": "NAME"}, "removed": null}], "location": [{"current": {"type": "ROOM", "status": "REGULAR", "shortName": "D03", "longName": "D03", "displayName": "D03", "displayNameLabel": "NAME"}, "removed": null}], "teacher": [{"current": {"type": "TEACHER", "status": "REGULAR", "shortName": "CB", "longName": "Baumann", "displayName": "CB", "displayNameLabel": "NAME"}, "removed": null}], "cellState": "CANCELLED", "date": "2025-07-18", "start": "2025-07-18T12:00", "end": "2025-07-18T13:30", "type": "NORMAL_TEACHING_PERIOD"}, {"classID": 940, "schoolID": "3897400", "subject": [{"current": {"type": "SUBJECT", "status": "REGULAR", "shortName": "Ge-SI", "longName": "Geschichte", "displayName": "Ge-SI", "displayNameLabel": "NAME"}, "removed": null}], "location": [{"current": {"type": "ROOM", "status": "REGULAR", "shortName": "D13", "longName": "D13", "displayName": "D13", "displayNameLabel": "NAME"}, "removed": null}], "teacher": [{"current": {"type": "TEACHER", "status": "REGULAR", "shortName": "Mi", "longName": "Micheler", "displayName": "Mi", "displayNameLabel": "NAME"}, "removed": null}], "cellState": "CANCELLED", "date": "2025-07-18", "start": "2025-07-18T12:00", "end": "2025-07-18T13:30", "type": "NORMAL_TEACHING_PERIOD"}, {"classID": 940, "schoolID": "3897400", "subject": [{"current": {"type": "SUBJECT", "status": "REGULAR", "shortName": "Ge-SI", "longName": "Geschichte", "displayName": "Ge-SI", "displayNameLabel": "NAME"}, "removed": null}], "location": [{"current": {"type": "ROOM", "status": "REGULAR", "shortName": "D14", "longName": "D14", "displayName": "D14", "displayNameLabel": "NAME"}, "removed": null}], "teacher": [{"current": {"type": "TEACHER", "status": "REGULAR", "shortName": "Hs", "longName": "Hinrichs", "displayName": "Hs", "displayNameLabel": "NAME"}, "removed": null}], "cellState": "CANCELLED", "date": "2025-07-18", "start": "2025-07-18T12:00", "end": "2025-07-18T13:30", "type": "NORMAL_TEACHING_PERIOD"}, {"classID": 945, "schoolID": "3897400", "subject": "", "location": "", "teacher": "", "cellState": "ADDITIONAL", "date": "2025-07-18", "start": "2025-07-18T00:00", "end": "2025-07-18T16:50", "type": "EVENT"}, {"classID": 945, "schoolID": "3897400", "subject": [{"current": {"type": "SUBJECT", "status": "REGULAR", "shortName": "E", "longName": "Englisch", "displayName": "E", "displayNameLabel": "NAME"}, "removed": null}], "location": [{"current": {"type": "ROOM", "status": "REGULAR", "shortName": "D14", "longName": "D14", "displayName": "D14", "displayNameLabel": "NAME"}, "removed": null}], "teacher": [{"current": {"type": "TEACHER", "status": "REGULAR", "shortName": "Za", "longName": "Zade", "displayName": "Za", "displayNameLabel": "NAME"}, "removed": null}], "cellState": "CANCELLED", "date": "2025-07-18", "start": "2025-07-18T08:00", "end": "2025-07-18T09:30", "type": "NORMAL_TEACHING_PERIOD"}, {"classID": 945, "schoolID": "3897400", "subject": [{"current": {"type": "SUBJECT", "status": "REGULAR", "shortName": "FII", "longName": "Franz\u00f6sisch II", "displayName": "FII", "displayNameLabel": "NAME"}, "removed": null}], "location": [{"current": {"type": "ROOM", "status": "REGULAR", "shortName": "D23", "longName": "D23", "displayName": "D23", "displayNameLabel": "NAME"}, "removed": null}], "teacher": [{"current": {"type": "TEACHER", "status": "REGULAR", "shortName": "Lo", "longName": "Lorke", "displayName": "Lo", "displayNameLabel": "NAME"}, "removed": null}], "cellState": "CANCELLED", "date": "2025-07-18", "start": "2025-07-18T10:00", "end": "2025-07-18T11:30", "type": "NORMAL_TEACHING_PERIOD"}, {"classID": 945, "schoolID": "3897400", "subject": [{"current": {"type": "SUBJECT", "status": "REGULAR", "shortName": "FII", "longName": "Franz\u00f6sisch II", "displayName": "FII", "displayNameLabel": "NAME"}, "removed": null}], "location": [{"current": {"type": "ROOM", "status": "REGULAR", "shortName": "D13", "longName": "D13", "displayName": "D13", "displayNameLabel": "NAME"}, "removed": null}], "teacher": [{"current": {"type": "TEACHER", "status": "REGULAR", "shortName": "Bm", "longName": "Beermann", "displayName": "Bm", "displayNameLabel": "NAME"}, "removed": null}], "cellState": "CANCELLED", "date": "2025-07-18", "start": "2025-07-18T10:00", "end": "2025-07-18T11:30", "type": "NORMAL_TEACHING_PERIOD"}, {"classID": 945, "schoolID": "3897400", "subject": [{"current": {"type": "SUBJECT", "status": "REGULAR", "shortName": "L", "longName": "Latein", "displayName": "L", "displayNameLabel": "NAME"}, "removed": null}], "location": [{"current": {"type": "ROOM", "status": "REGULAR", "shortName": "A12", "longName": "A12 Latein, Religion", "displayName": "A12", "displayNameLabel": "NAME"}, "removed": null}], "teacher": [{"current": {"type": "TEACHER", "status": "REGULAR", "shortName": "Mn", "longName": "Me\u00dfner", "displayName": "Mn", "displayNameLabel": "NAME"}, "removed": null}], "cellState": "CANCELLED", "date": "2025-07-18", "start": "2025-07-18T10:00", "end": "2025-07-18T11:30", "type": "NORMAL_TEACHING_PERIOD"}, {"classID": 945, "schoolID": "3897400", "subject": [{"current": {"type": "SUBJECT", "status": "REGULAR", "shortName": "Ge-SI", "longName": "Geschichte", "displayName": "Ge-SI", "displayNameLabel": "NAME"}, "removed": null}], "location": [{"current": {"type": "ROOM", "status": "REGULAR", "shortName": "D14", "longName": "D14", "displayName": "D14", "displayNameLabel": "NAME"}, "removed": null}], "teacher": [{"current": {"type": "TEACHER", "status": "REGULAR", "shortName": "Hs", "longName": "Hinrichs", "displayName": "Hs", "displayNameLabel": "NAME"}, "removed": null}], "cellState": "CANCELLED", "date": "2025-07-18", "start": "2025-07-18T12:00", "end": "2025-07-18T13:30", "type": "NORMAL_TEACHING_PERIOD"}, {"classID": 950, "schoolID": "3897400", "subject": [{"current": {"type": "SUBJECT", "status": "REGULAR", "shortName": "Basis-Deu", "longName": "Basis-Deutsch", "displayName": "Basis-Deu", "displayNameLabel": "NAME"}, "removed": null}], "location": [{"current": {"type": "ROOM", "status": "REGULAR", "shortName": "A03", "longName": "A03", "displayName": "A03", "displayNameLabel": "NAME"}, "removed": null}], "teacher": [{"current": {"type": "TEACHER", "status": "REGULAR", "shortName": "Lo", "longName": "Lorke", "displayName": "Lo", "displayNameLabel": "NAME"}, "removed": null}], "cellState": "REGULAR", "date": "2025-07-18", "start": "2025-07-18T08:00", "end": "2025-07-18T09:30", "type": "NORMAL_TEACHING_PERIOD"}, {"classID": 950, "schoolID": "3897400", "subject": [{"current": {"type": "SUBJECT", "status": "REGULAR", "shortName": "Basis-Deu", "longName": "Basis-Deutsch", "displayName": "Basis-Deu", "displayNameLabel": "NAME"}, "removed": null}], "location": [{"current": {"type": "ROOM", "status": "REGULAR", "shortName": "A03", "longName": "A03", "displayName": "A03", "displayNameLabel": "NAME"}, "removed": null}], "teacher": [{"current": {"type": "TEACHER", "status": "REGULAR", "shortName": "Gl", "longName": "Geleta", "displayName": "Gl", "displayNameLabel": "NAME"}, "removed": null}], "cellState": "REGULAR", "date": "2025-07-18", "start": "2025-07-18T10:00", "end": "2025-07-18T11:30", "type": "NORMAL_TEACHING_PERIOD"}, {"classID": 950, "schoolID": "3897400", "subject": [{"current": {"type": "SUBJECT", "status": "REGULAR", "shortName": "0:5 Kst", "longName": "0,5 Klassenlehrerstunde", "displayName": "0:5 Kst", "displayNameLabel": "NAME"}, "removed": null}], "location": [{"current": {"type": "ROOM", "status": "REGULAR", "shortName": "A03", "longName": "A03", "displayName": "A03", "displayNameLabel": "NAME"}, "removed": null}], "teacher": [{"current": {"type": "TEACHER", "status": "REGULAR", "shortName": "Lo", "longName": "Lorke", "displayName": "Lo", "displayNameLabel": "NAME"}, "removed": null}, {"current": {"type": "TEACHER", "status": "REGULAR", "shortName": "Su", "longName": "Schulz", "displayName": "Su", "displayNameLabel": "NAME"}, "removed": null}], "cellState": "REGULAR", "date": "2025-07-18", "start": "2025-07-18T12:00", "end": "2025-07-18T12:45", "type": "NORMAL_TEACHING_PERIOD"}, {"classID": 1071, "schoolID": "3897400", "subject": [{"current": {"type": "SUBJECT", "status": "REGULAR", "shortName": "Basis-Deu", "longName": "Basis-Deutsch", "displayName": "Basis-Deu", "displayNameLabel": "NAME"}, "removed": null}], "location": [{"current": {"type": "ROOM", "status": "REGULAR", "shortName": "A01", "longName": "A01", "displayName": "A01", "displayNameLabel": "NAME"}, "removed": null}], "teacher": [{"current": {"type": "TEACHER", "status": "REGULAR", "shortName": "Gl", "longName": "Geleta", "displayName": "Gl", "displayNameLabel": "NAME"}, "removed": null}], "cellState": "REGULAR", "date": "2025-07-18", "start": "2025-07-18T08:00", "end": "2025-07-18T09:30", "type": "NORMAL_TEACHING_PERIOD"}, {"classID": 1071, "schoolID": "3897400", "subject": [{"current": {"type": "SUBJECT", "status": "REGULAR", "shortName": "Basis-Deu", "longName": "Basis-Deutsch", "displayName": "Basis-Deu", "displayNameLabel": "NAME"}, "removed": null}], "location": [{"current": {"type": "ROOM", "status": "REGULAR", "shortName": "A01", "longName": "A01", "displayName": "A01", "displayNameLabel": "NAME"}, "removed": null}], "teacher": [{"current": {"type": "TEACHER", "status": "REGULAR", "shortName": "Ar", "longName": "Aradinaj", "displayName": "Ar", "displayNameLabel": "NAME"}, "removed": null}], "cellState": "REGULAR", "date": "2025-07-18", "start": "2025-07-18T10:00", "end": "2025-07-18T11:30", "type": "NORMAL_TEACHING_PERIOD"}, {"classID": 1071, "schoolID": "3897400", "subject": [{"current": {"type": "SUBJECT", "status": "REGULAR", "shortName": "Basis-Deu", "longName": "Basis-Deutsch", "displayName": "Basis-Deu", "displayNameLabel": "NAME"}, "removed": null}], "location": [{"current": {"type": "ROOM", "status": "REGULAR", "shortName": "A01", "longName": "A01", "displayName": "A01", "displayNameLabel": "NAME"}, "removed": null}], "teacher": [{"current": {"type": "TEACHER", "status": "REGULAR", "shortName": "Gl", "longName": "Geleta", "displayName": "Gl", "displayNameLabel": "NAME"}, "removed": null}], "cellState": "REGULAR", "date": "2025-07-18", "start": "2025-07-18T12:00", "end": "2025-07-18T13:30", "type": "NORMAL_TEACHING_PERIOD"}, {"classID": 1066, "schoolID": "3897400", "subject": [{"current": {"type": "SUBJECT", "status": "REGULAR", "shortName": "IVK-Deu", "longName": "IVK Deutsch", "displayName": "IVK-Deu", "displayNameLabel": "NAME"}, "removed": null}], "location": [{"current": {"type": "ROOM", "status": "REGULAR", "shortName": "A11", "longName": "A11", "displayName": "A11", "displayNameLabel": "NAME"}, "removed": null}], "teacher": [{"current": {"type": "TEACHER", "status": "REGULAR", "shortName": "Hf", "longName": "Hoffmann", "displayName": "Hf", "displayNameLabel": "NAME"}, "removed": null}], "cellState": "REGULAR", "date": "2025-07-18", "start": "2025-07-18T08:00", "end": "2025-07-18T09:30", "type": "NORMAL_TEACHING_PERIOD"}, {"classID": 1066, "schoolID": "3897400", "subject": [{"current": {"type": "SUBJECT", "status": "REGULAR", "shortName": "IVK-Eng", "longName": "IVK Englisch", "displayName": "IVK-Eng", "displayNameLabel": "NAME"}, "removed": null}], "location": [{"current": {"type": "ROOM", "status": "REGULAR", "shortName": "A11", "longName": "A11", "displayName": "A11", "displayNameLabel": "NAME"}, "removed": null}], "teacher": [{"current": {"type": "TEACHER", "status": "REGULAR", "shortName": "Za", "longName": "Zade", "displayName": "Za", "displayNameLabel": "NAME"}, "removed": null}], "cellState": "REGULAR", "date": "2025-07-18", "start": "2025-07-18T10:00", "end": "2025-07-18T11:30", "type": "NORMAL_TEACHING_PERIOD"}, {"classID": 1066, "schoolID": "3897400", "subject": [{"current": {"type": "SUBJECT", "status": "REGULAR", "shortName": "IVK-Deu", "longName": "IVK Deutsch", "displayName": "IVK-Deu", "displayNameLabel": "NAME"}, "removed": null}], "location": [{"current": {"type": "ROOM", "status": "REGULAR", "shortName": "BKO", "longName": "Kunst Ost", "displayName": "BKO", "displayNameLabel": "NAME"}, "removed": null}], "teacher": [{"current": {"type": "TEACHER", "status": "REGULAR", "shortName": "Hf", "longName": "Hoffmann", "displayName": "Hf", "displayNameLabel": "NAME"}, "removed": null}], "cellState": "REGULAR", "date": "2025-07-18", "start": "2025-07-18T12:00", "end": "2025-07-18T13:30", "type": "NORMAL_TEACHING_PERIOD"}, {"classID": 960, "schoolID": "3897400", "subject": [{"current": {"type": "SUBJECT", "status": "REGULAR", "shortName": "Ma-Pro", "longName": "Mathe f\u00fcr Profis", "displayName": "Ma-Pro", "displayNameLabel": "NAME"}, "removed": null}], "location": [{"current": {"type": "ROOM", "status": "REGULAR", "shortName": "PhO", "longName": "Physik Ost", "displayName": "PhO", "displayNameLabel": "NAME"}, "removed": null}], "teacher": [{"current": {"type": "TEACHER", "status": "REGULAR", "shortName": "Kl", "longName": "Kleinert", "displayName": "Kl", "displayNameLabel": "NAME"}, "removed": null}], "cellState": "REGULAR", "date": "2025-07-18", "start": "2025-07-18T08:00", "end": "2025-07-18T09:30", "type": "NORMAL_TEACHING_PERIOD"}, {"classID": 960, "schoolID": "3897400", "subject": [{"current": {"type": "SUBJECT", "status": "REGULAR", "shortName": "Ma-eA", "longName": "Mathe erhNiveau", "displayName": "Ma-eA", "displayNameLabel": "NAME"}, "removed": null}], "location": [{"current": {"type": "ROOM", "status": "ADDED", "shortName": "D14", "longName": "D14", "displayName": "D14", "displayNameLabel": "NAME"}, "removed": {"type": "ROOM", "status": "REMOVED", "shortName": "D22", "longName": "D22", "displayName": "D22", "displayNameLabel": "NAME"}}], "teacher": [{"current": {"type": "TEACHER", "status": "REGULAR", "shortName": "Bl", "longName": "Blank", "displayName": "Bl", "displayNameLabel": "NAME"}, "removed": null}], "cellState": "CHANGED", "date": "2025-07-18", "start": "2025-07-18T10:00", "end": "2025-07-18T11:30", "type": "NORMAL_TEACHING_PERIOD"}, {"classID": 960, "schoolID": "3897400", "subject": [{"current": {"type": "SUBJECT", "status": "REGULAR", "shortName": "Ma1", "longName": "Ma1", "displayName": "Ma1", "displayNameLabel": "NAME"}, "removed": null}], "location": [{"current": {"type": "ROOM", "status": "REGULAR", "shortName": "PhW", "longName": "Physik West", "displayName": "PhW", "displayNameLabel": "NAME"}, "removed": null}], "teacher": [{"current": {"type": "TEACHER", "status": "REGULAR", "shortName": "Gr", "longName": "Gr\u00fctzmacher", "displayName": "Gr", "displayNameLabel": "NAME"}, "removed": null}], "cellState": "REGULAR", "date": "2025-07-18", "start": "2025-07-18T10:00", "end": "2025-07-18T11:30", "type": "NORMAL_TEACHING_PERIOD"}, {"classID": 960, "schoolID": "3897400", "subject": [{"current": {"type": "SUBJECT", "status": "REGULAR", "shortName": "Ma2", "longName": "Ma2", "displayName": "Ma2", "displayNameLabel": "NAME"}, "removed": null}], "location": [{"current": {"type": "ROOM", "status": "REGULAR", "shortName": "PhO", "longName": "Physik Ost", "displayName": "PhO", "displayNameLabel": "NAME"}, "removed": null}], "teacher": [{"current": {"type": "TEACHER", "status": "REGULAR", "shortName": "Kl", "longName": "Kleinert", "displayName": "Kl", "displayNameLabel": "NAME"}, "removed": null}], "cellState": "REGULAR", "date": "2025-07-18", "start": "2025-07-18T10:00", "end": "2025-07-18T11:30", "type": "NORMAL_TEACHING_PERIOD"}, {"classID": 960, "schoolID": "3897400", "subject": [{"current": {"type": "SUBJECT", "status": "REGULAR", "shortName": "Phil1", "longName": "Phil1", "displayName": "Phil1", "displayNameLabel": "NAME"}, "removed": null}], "location": [{"current": {"type": "ROOM", "status": "REGULAR", "shortName": "D12", "longName": "D12", "displayName": "D12", "displayNameLabel": "NAME"}, "removed": null}], "teacher": [{"current": {"type": "TEACHER", "status": "REGULAR", "shortName": "Hu", "longName": "Husen", "displayName": "Hu", "displayNameLabel": "NAME"}, "removed": null}], "cellState": "REGULAR", "date": "2025-07-18", "start": "2025-07-18T12:00", "end": "2025-07-18T13:30", "type": "NORMAL_TEACHING_PERIOD"}, {"classID": 960, "schoolID": "3897400", "subject": [{"current": {"type": "SUBJECT", "status": "REGULAR", "shortName": "Phil2", "longName": "Phil2", "displayName": "Phil2", "displayNameLabel": "NAME"}, "removed": null}], "location": [{"current": {"type": "ROOM", "status": "REGULAR", "shortName": "A12", "longName": "A12 Latein, Religion", "displayName": "A12", "displayNameLabel": "NAME"}, "removed": null}], "teacher": [{"current": {"type": "TEACHER", "status": "REGULAR", "shortName": "Mn", "longName": "Me\u00dfner", "displayName": "Mn", "displayNameLabel": "NAME"}, "removed": null}], "cellState": "REGULAR", "date": "2025-07-18", "start": "2025-07-18T12:00", "end": "2025-07-18T13:30", "type": "NORMAL_TEACHING_PERIOD"}, {"classID": 960, "schoolID": "3897400", "subject": [{"current": {"type": "SUBJECT", "status": "REGULAR", "shortName": "Rel1", "longName": "Rel1", "displayName": "Rel1", "displayNameLabel": "NAME"}, "removed": null}], "location": [{"current": {"type": "ROOM", "status": "REGULAR", "shortName": "D11", "longName": "D11", "displayName": "D11", "displayNameLabel": "NAME"}, "removed": null}], "teacher": [{"current": {"type": "TEACHER", "status": "REGULAR", "shortName": "Gu", "longName": "Gustmann", "displayName": "Gu", "displayNameLabel": "NAME"}, "removed": null}], "cellState": "REGULAR", "date": "2025-07-18", "start": "2025-07-18T12:00", "end": "2025-07-18T13:30", "type": "NORMAL_TEACHING_PERIOD"}, {"classID": 960, "schoolID": "3897400", "subject": [{"current": {"type": "SUBJECT", "status": "REGULAR", "shortName": "Bio", "longName": "Biologie", "displayName": "Bio", "displayNameLabel": "NAME"}, "removed": null}], "location": [{"current": {"type": "ROOM", "status": "REGULAR", "shortName": "BioW", "longName": "Biologie West", "displayName": "BioW", "displayNameLabel": "NAME"}, "removed": null}], "teacher": [{"current": {"type": "TEACHER", "status": "REGULAR", "shortName": "My", "longName": "Mayet", "displayName": "My", "displayNameLabel": "NAME"}, "removed": null}], "cellState": "REGULAR", "date": "2025-07-18", "start": "2025-07-18T14:00", "end": "2025-07-18T15:30", "type": "NORMAL_TEACHING_PERIOD"}, {"classID": 960, "schoolID": "3897400", "subject": [{"current": {"type": "SUBJECT", "status": "REGULAR", "shortName": "Ch", "longName": "Chemie", "displayName": "Ch", "displayNameLabel": "NAME"}, "removed": null}], "location": [{"current": {"type": "ROOM", "status": "REGULAR", "shortName": "ChO", "longName": "Chemie Ost", "displayName": "ChO", "displayNameLabel": "NAME"}, "removed": null}], "teacher": [{"current": {"type": "TEACHER", "status": "REGULAR", "shortName": "Sc", "longName": "Schmidt", "displayName": "Sc", "displayNameLabel": "NAME"}, "removed": null}], "cellState": "REGULAR", "date": "2025-07-18", "start": "2025-07-18T14:00", "end": "2025-07-18T15:30", "type": "NORMAL_TEACHING_PERIOD"}, {"classID": 985, "schoolID": "3897400", "subject": [{"current": {"type": "SUBJECT", "status": "REGULAR", "shortName": "Ma-Pro", "longName": "Mathe f\u00fcr Profis", "displayName": "Ma-Pro", "displayNameLabel": "NAME"}, "removed": null}], "location": [{"current": {"type": "ROOM", "status": "REGULAR", "shortName": "PhO", "longName": "Physik Ost", "displayName": "PhO", "displayNameLabel": "NAME"}, "removed": null}], "teacher": [{"current": {"type": "TEACHER", "status": "REGULAR", "shortName": "Kl", "longName": "Kleinert", "displayName": "Kl", "displayNameLabel": "NAME"}, "removed": null}], "cellState": "REGULAR", "date": "2025-07-18", "start": "2025-07-18T08:00", "end": "2025-07-18T09:30", "type": "NORMAL_TEACHING_PERIOD"}]