[{"classID": 7419, "schoolID": "5309500", "subject": "", "location": "", "teacher": "", "cellState": "CHANGED", "date": "2025-04-21", "start": "2025-04-21T00:00", "end": "2025-04-21T23:59", "type": "EVENT"}, {"classID": 7617, "schoolID": "5309500", "subject": "", "location": "", "teacher": "", "cellState": "CHANGED", "date": "2025-04-21", "start": "2025-04-21T00:00", "end": "2025-04-21T23:59", "type": "EVENT"}, {"classID": 7620, "schoolID": "5309500", "subject": "", "location": "", "teacher": "", "cellState": "CHANGED", "date": "2025-04-21", "start": "2025-04-21T00:00", "end": "2025-04-21T23:59", "type": "EVENT"}, {"classID": 7623, "schoolID": "5309500", "subject": "", "location": "", "teacher": "", "cellState": "CHANGED", "date": "2025-04-21", "start": "2025-04-21T00:00", "end": "2025-04-21T23:59", "type": "EVENT"}, {"classID": 7626, "schoolID": "5309500", "subject": "", "location": "", "teacher": "", "cellState": "CHANGED", "date": "2025-04-21", "start": "2025-04-21T00:00", "end": "2025-04-21T23:59", "type": "EVENT"}, {"classID": 7419, "schoolID": "5309500", "subject": "", "location": "", "teacher": "", "cellState": "CHANGED", "date": "2025-04-22", "start": "2025-04-22T00:00", "end": "2025-04-22T23:59", "type": "EVENT"}, {"classID": 7617, "schoolID": "5309500", "subject": "", "location": "", "teacher": "", "cellState": "CHANGED", "date": "2025-04-22", "start": "2025-04-22T00:00", "end": "2025-04-22T23:59", "type": "EVENT"}, {"classID": 7620, "schoolID": "5309500", "subject": "", "location": "", "teacher": "", "cellState": "CHANGED", "date": "2025-04-22", "start": "2025-04-22T00:00", "end": "2025-04-22T23:59", "type": "EVENT"}, {"classID": 7623, "schoolID": "5309500", "subject": "", "location": "", "teacher": "", "cellState": "CHANGED", "date": "2025-04-22", "start": "2025-04-22T00:00", "end": "2025-04-22T23:59", "type": "EVENT"}, {"classID": 7626, "schoolID": "5309500", "subject": "", "location": "", "teacher": "", "cellState": "CHANGED", "date": "2025-04-22", "start": "2025-04-22T00:00", "end": "2025-04-22T23:59", "type": "EVENT"}, {"classID": 7419, "schoolID": "5309500", "subject": "", "location": "", "teacher": "", "cellState": "CHANGED", "date": "2025-04-23", "start": "2025-04-23T00:00", "end": "2025-04-23T23:59", "type": "EVENT"}, {"classID": 7617, "schoolID": "5309500", "subject": "", "location": "", "teacher": "", "cellState": "CHANGED", "date": "2025-04-23", "start": "2025-04-23T00:00", "end": "2025-04-23T23:59", "type": "EVENT"}, {"classID": 7620, "schoolID": "5309500", "subject": "", "location": "", "teacher": "", "cellState": "CHANGED", "date": "2025-04-23", "start": "2025-04-23T00:00", "end": "2025-04-23T23:59", "type": "EVENT"}, {"classID": 7623, "schoolID": "5309500", "subject": "", "location": "", "teacher": "", "cellState": "CHANGED", "date": "2025-04-23", "start": "2025-04-23T00:00", "end": "2025-04-23T23:59", "type": "EVENT"}, {"classID": 7626, "schoolID": "5309500", "subject": "", "location": "", "teacher": "", "cellState": "CHANGED", "date": "2025-04-23", "start": "2025-04-23T00:00", "end": "2025-04-23T23:59", "type": "EVENT"}, {"classID": 7419, "schoolID": "5309500", "subject": "", "location": "", "teacher": "", "cellState": "CHANGED", "date": "2025-04-24", "start": "2025-04-24T00:00", "end": "2025-04-24T23:59", "type": "EVENT"}, {"classID": 7617, "schoolID": "5309500", "subject": "", "location": "", "teacher": "", "cellState": "CHANGED", "date": "2025-04-24", "start": "2025-04-24T00:00", "end": "2025-04-24T23:59", "type": "EVENT"}, {"classID": 7620, "schoolID": "5309500", "subject": "", "location": "", "teacher": "", "cellState": "CHANGED", "date": "2025-04-24", "start": "2025-04-24T00:00", "end": "2025-04-24T23:59", "type": "EVENT"}, {"classID": 7623, "schoolID": "5309500", "subject": "", "location": "", "teacher": "", "cellState": "CHANGED", "date": "2025-04-24", "start": "2025-04-24T00:00", "end": "2025-04-24T23:59", "type": "EVENT"}, {"classID": 7626, "schoolID": "5309500", "subject": "", "location": "", "teacher": "", "cellState": "CHANGED", "date": "2025-04-24", "start": "2025-04-24T00:00", "end": "2025-04-24T23:59", "type": "EVENT"}, {"classID": 7419, "schoolID": "5309500", "subject": "", "location": "", "teacher": "", "cellState": "CHANGED", "date": "2025-04-25", "start": "2025-04-25T00:00", "end": "2025-04-25T23:59", "type": "EVENT"}, {"classID": 7617, "schoolID": "5309500", "subject": "", "location": "", "teacher": "", "cellState": "CHANGED", "date": "2025-04-25", "start": "2025-04-25T00:00", "end": "2025-04-25T23:59", "type": "EVENT"}, {"classID": 7620, "schoolID": "5309500", "subject": "", "location": "", "teacher": "", "cellState": "CHANGED", "date": "2025-04-25", "start": "2025-04-25T00:00", "end": "2025-04-25T23:59", "type": "EVENT"}, {"classID": 7623, "schoolID": "5309500", "subject": "", "location": "", "teacher": "", "cellState": "CHANGED", "date": "2025-04-25", "start": "2025-04-25T00:00", "end": "2025-04-25T23:59", "type": "EVENT"}, {"classID": 7626, "schoolID": "5309500", "subject": "", "location": "", "teacher": "", "cellState": "CHANGED", "date": "2025-04-25", "start": "2025-04-25T00:00", "end": "2025-04-25T23:59", "type": "EVENT"}]