[{"classID": 661, "schoolID": "6488400", "subject": [{"current": {"type": "SUBJECT", "status": "REGULAR", "shortName": "M", "longName": "Mathematik", "displayName": "M"}, "removed": null}], "location": [{"current": {"type": "ROOM", "status": "REGULAR", "shortName": "1.026", "longName": "Ro", "displayName": "1.026"}, "removed": null}], "teacher": [{"current": {"type": "TEACHER", "status": "REGULAR", "shortName": "Ro", "longName": "Rothe", "displayName": "Ro"}, "removed": null}], "cellState": "REGULAR", "date": "2025-04-22", "start": "2025-04-22T17:30", "end": "2025-04-22T19:00", "type": "NORMAL_TEACHING_PERIOD"}, {"classID": 661, "schoolID": "6488400", "subject": [{"current": {"type": "SUBJECT", "status": "REGULAR", "shortName": "F", "longName": "Franz\u00f6sisch", "displayName": "F"}, "removed": null}], "location": [{"current": {"type": "ROOM", "status": "REGULAR", "shortName": "1.023", "longName": "Co", "displayName": "1.023"}, "removed": null}], "teacher": [{"current": {"type": "TEACHER", "status": "REGULAR", "shortName": "Co", "longName": "Cojan", "displayName": "Co"}, "removed": null}], "cellState": "REGULAR", "date": "2025-04-22", "start": "2025-04-22T19:05", "end": "2025-04-22T20:30", "type": "NORMAL_TEACHING_PERIOD"}, {"classID": 664, "schoolID": "6488400", "subject": [{"current": {"type": "SUBJECT", "status": "REGULAR", "shortName": "G", "longName": "Geschichte", "displayName": "G"}, "removed": null}], "location": [{"current": {"type": "ROOM", "status": "REGULAR", "shortName": "1.011", "longName": "Bm", "displayName": "1.011"}, "removed": null}], "teacher": [{"current": {"type": "TEACHER", "status": "REGULAR", "shortName": "Bm", "longName": "Bauermann", "displayName": "Bm"}, "removed": null}], "cellState": "REGULAR", "date": "2025-04-22", "start": "2025-04-22T17:30", "end": "2025-04-22T19:00", "type": "NORMAL_TEACHING_PERIOD"}, {"classID": 664, "schoolID": "6488400", "subject": [{"current": {"type": "SUBJECT", "status": "REGULAR", "shortName": "M", "longName": "Mathematik", "displayName": "M"}, "removed": null}], "location": [{"current": {"type": "ROOM", "status": "REGULAR", "shortName": "1.026", "longName": "Ro", "displayName": "1.026"}, "removed": null}], "teacher": [{"current": {"type": "TEACHER", "status": "REGULAR", "shortName": "Ro", "longName": "Rothe", "displayName": "Ro"}, "removed": null}], "cellState": "REGULAR", "date": "2025-04-22", "start": "2025-04-22T19:05", "end": "2025-04-22T20:30", "type": "NORMAL_TEACHING_PERIOD"}, {"classID": 664, "schoolID": "6488400", "subject": [{"current": {"type": "SUBJECT", "status": "REGULAR", "shortName": "B", "longName": "Biologie", "displayName": "B"}, "removed": null}], "location": [{"current": {"type": "ROOM", "status": "REGULAR", "shortName": "2.048", "longName": "Biologie 1", "displayName": "2.048"}, "removed": null}], "teacher": [{"current": {"type": "TEACHER", "status": "REGULAR", "shortName": "Gr", "longName": "Grimm", "displayName": "Gr"}, "removed": null}], "cellState": "REGULAR", "date": "2025-04-22", "start": "2025-04-22T20:35", "end": "2025-04-22T22:00", "type": "NORMAL_TEACHING_PERIOD"}, {"classID": 667, "schoolID": "6488400", "subject": [{"current": {"type": "SUBJECT", "status": "REGULAR", "shortName": "B", "longName": "Biologie", "displayName": "B"}, "removed": null}], "location": [{"current": {"type": "ROOM", "status": "REGULAR", "shortName": "2.048", "longName": "Biologie 1", "displayName": "2.048"}, "removed": null}], "teacher": [{"current": {"type": "TEACHER", "status": "REGULAR", "shortName": "Gr", "longName": "Grimm", "displayName": "Gr"}, "removed": null}], "cellState": "CANCELLED", "date": "2025-04-22", "start": "2025-04-22T17:30", "end": "2025-04-22T19:00", "type": "NORMAL_TEACHING_PERIOD"}, {"classID": 667, "schoolID": "6488400", "subject": [{"current": {"type": "SUBJECT", "status": "REGULAR", "shortName": "D", "longName": "Deutsch", "displayName": "D"}, "removed": null}], "location": [{"current": {"type": "ROOM", "status": "REGULAR", "shortName": "1.011", "longName": "Bm", "displayName": "1.011"}, "removed": null}], "teacher": [{"current": {"type": "TEACHER", "status": "REGULAR", "shortName": "Bm", "longName": "Bauermann", "displayName": "Bm"}, "removed": null}], "cellState": "CANCELLED", "date": "2025-04-22", "start": "2025-04-22T19:05", "end": "2025-04-22T20:30", "type": "NORMAL_TEACHING_PERIOD"}, {"classID": 667, "schoolID": "6488400", "subject": [{"current": {"type": "SUBJECT", "status": "REGULAR", "shortName": "M", "longName": "Mathematik", "displayName": "M"}, "removed": null}], "location": [{"current": {"type": "ROOM", "status": "REGULAR", "shortName": "1.026", "longName": "Ro", "displayName": "1.026"}, "removed": null}], "teacher": [{"current": {"type": "TEACHER", "status": "REGULAR", "shortName": "Ro", "longName": "Rothe", "displayName": "Ro"}, "removed": null}], "cellState": "CANCELLED", "date": "2025-04-22", "start": "2025-04-22T20:35", "end": "2025-04-22T22:00", "type": "NORMAL_TEACHING_PERIOD"}, {"classID": 670, "schoolID": "6488400", "subject": [{"current": {"type": "SUBJECT", "status": "REGULAR", "shortName": "E", "longName": "Englisch", "displayName": "E"}, "removed": null}], "location": [{"current": {"type": "ROOM", "status": "REGULAR", "shortName": "1.025", "longName": "Sb", "displayName": "1.025"}, "removed": null}], "teacher": [{"current": {"type": "TEACHER", "status": "REGULAR", "shortName": "Sb", "longName": "Schwalbach", "displayName": "Sb"}, "removed": null}], "cellState": "REGULAR", "date": "2025-04-22", "start": "2025-04-22T17:30", "end": "2025-04-22T19:00", "type": "NORMAL_TEACHING_PERIOD"}, {"classID": 670, "schoolID": "6488400", "subject": [{"current": {"type": "SUBJECT", "status": "REGULAR", "shortName": "M", "longName": "Mathematik", "displayName": "M"}, "removed": null}], "location": [{"current": {"type": "ROOM", "status": "REGULAR", "shortName": "1.027", "longName": "B\u00f6", "displayName": "1.027"}, "removed": null}], "teacher": [{"current": {"type": "TEACHER", "status": "REGULAR", "shortName": "B\u00f6", "longName": "B\u00f6hlecke", "displayName": "B\u00f6"}, "removed": null}], "cellState": "REGULAR", "date": "2025-04-22", "start": "2025-04-22T19:05", "end": "2025-04-22T20:30", "type": "NORMAL_TEACHING_PERIOD"}, {"classID": 670, "schoolID": "6488400", "subject": [{"current": {"type": "SUBJECT", "status": "REGULAR", "shortName": "HpB", "longName": "Historischpolitische Bildung", "displayName": "HpB"}, "removed": null}], "location": [{"current": {"type": "ROOM", "status": "REGULAR", "shortName": "1.027", "longName": "B\u00f6", "displayName": "1.027"}, "removed": null}], "teacher": [{"current": {"type": "TEACHER", "status": "REGULAR", "shortName": "B\u00f6", "longName": "B\u00f6hlecke", "displayName": "B\u00f6"}, "removed": null}], "cellState": "REGULAR", "date": "2025-04-22", "start": "2025-04-22T20:35", "end": "2025-04-22T22:00", "type": "NORMAL_TEACHING_PERIOD"}, {"classID": 673, "schoolID": "6488400", "subject": [{"current": {"type": "SUBJECT", "status": "REGULAR", "shortName": "E", "longName": "Englisch", "displayName": "E"}, "removed": null}], "location": [{"current": {"type": "ROOM", "status": "REGULAR", "shortName": "1.023", "longName": "Co", "displayName": "1.023"}, "removed": null}], "teacher": [{"current": {"type": "TEACHER", "status": "REGULAR", "shortName": "Co", "longName": "Cojan", "displayName": "Co"}, "removed": null}], "cellState": "REGULAR", "date": "2025-04-22", "start": "2025-04-22T17:30", "end": "2025-04-22T19:00", "type": "NORMAL_TEACHING_PERIOD"}, {"classID": 673, "schoolID": "6488400", "subject": [{"current": {"type": "SUBJECT", "status": "REGULAR", "shortName": "AL", "longName": "Arbeitslehre", "displayName": "AL"}, "removed": null}], "location": [{"current": {"type": "ROOM", "status": "REGULAR", "shortName": "2.013", "longName": "Informatik 2", "displayName": "2.013"}, "removed": null}], "teacher": [{"current": {"type": "TEACHER", "status": "REGULAR", "shortName": "Su", "longName": "Sulz", "displayName": "Su"}, "removed": null}], "cellState": "REGULAR", "date": "2025-04-22", "start": "2025-04-22T19:05", "end": "2025-04-22T20:30", "type": "NORMAL_TEACHING_PERIOD"}, {"classID": 673, "schoolID": "6488400", "subject": [{"current": {"type": "SUBJECT", "status": "REGULAR", "shortName": "M", "longName": "Mathematik", "displayName": "M"}, "removed": null}], "location": [{"current": {"type": "ROOM", "status": "REGULAR", "shortName": "1.019", "longName": "Wm", "displayName": "1.019"}, "removed": null}], "teacher": [{"current": {"type": "TEACHER", "status": "REGULAR", "shortName": "Wm", "longName": "Weimann", "displayName": "Wm"}, "removed": null}], "cellState": "REGULAR", "date": "2025-04-22", "start": "2025-04-22T20:35", "end": "2025-04-22T22:00", "type": "NORMAL_TEACHING_PERIOD"}, {"classID": 676, "schoolID": "6488400", "subject": [{"current": {"type": "SUBJECT", "status": "REGULAR", "shortName": "AL", "longName": "Arbeitslehre", "displayName": "AL"}, "removed": null}], "location": [{"current": {"type": "ROOM", "status": "REGULAR", "shortName": "2.013", "longName": "Informatik 2", "displayName": "2.013"}, "removed": null}], "teacher": [{"current": {"type": "TEACHER", "status": "REGULAR", "shortName": "Su", "longName": "Sulz", "displayName": "Su"}, "removed": null}], "cellState": "REGULAR", "date": "2025-04-22", "start": "2025-04-22T17:30", "end": "2025-04-22T19:00", "type": "NORMAL_TEACHING_PERIOD"}, {"classID": 676, "schoolID": "6488400", "subject": [{"current": {"type": "SUBJECT", "status": "REGULAR", "shortName": "B", "longName": "Biologie", "displayName": "B"}, "removed": null}], "location": [{"current": {"type": "ROOM", "status": "REGULAR", "shortName": "2.048", "longName": "Biologie 1", "displayName": "2.048"}, "removed": null}], "teacher": [{"current": {"type": "TEACHER", "status": "REGULAR", "shortName": "Gr", "longName": "Grimm", "displayName": "Gr"}, "removed": null}], "cellState": "REGULAR", "date": "2025-04-22", "start": "2025-04-22T19:05", "end": "2025-04-22T20:30", "type": "NORMAL_TEACHING_PERIOD"}, {"classID": 676, "schoolID": "6488400", "subject": [{"current": {"type": "SUBJECT", "status": "REGULAR", "shortName": "M", "longName": "Mathematik", "displayName": "M"}, "removed": null}], "location": [{"current": {"type": "ROOM", "status": "REGULAR", "shortName": "1.019", "longName": "Wm", "displayName": "1.019"}, "removed": null}], "teacher": [{"current": {"type": "TEACHER", "status": "REGULAR", "shortName": "Wm", "longName": "Weimann", "displayName": "Wm"}, "removed": null}], "cellState": "REGULAR", "date": "2025-04-22", "start": "2025-04-22T20:35", "end": "2025-04-22T22:00", "type": "NORMAL_TEACHING_PERIOD"}, {"classID": 679, "schoolID": "6488400", "subject": [{"current": {"type": "SUBJECT", "status": "REGULAR", "shortName": "HpB", "longName": "Historischpolitische Bildung", "displayName": "HpB"}, "removed": null}], "location": [{"current": {"type": "ROOM", "status": "REGULAR", "shortName": "1.027", "longName": "B\u00f6", "displayName": "1.027"}, "removed": null}], "teacher": [{"current": {"type": "TEACHER", "status": "REGULAR", "shortName": "B\u00f6", "longName": "B\u00f6hlecke", "displayName": "B\u00f6"}, "removed": null}], "cellState": "REGULAR", "date": "2025-04-22", "start": "2025-04-22T17:30", "end": "2025-04-22T19:00", "type": "NORMAL_TEACHING_PERIOD"}, {"classID": 679, "schoolID": "6488400", "subject": [{"current": {"type": "SUBJECT", "status": "REGULAR", "shortName": "M", "longName": "Mathematik", "displayName": "M"}, "removed": null}], "location": [{"current": {"type": "ROOM", "status": "REGULAR", "shortName": "1.019", "longName": "Wm", "displayName": "1.019"}, "removed": null}], "teacher": [{"current": {"type": "TEACHER", "status": "REGULAR", "shortName": "Wm", "longName": "Weimann", "displayName": "Wm"}, "removed": null}], "cellState": "REGULAR", "date": "2025-04-22", "start": "2025-04-22T19:05", "end": "2025-04-22T20:30", "type": "NORMAL_TEACHING_PERIOD"}, {"classID": 682, "schoolID": "6488400", "subject": [{"current": {"type": "SUBJECT", "status": "REGULAR", "shortName": "M", "longName": "Mathematik", "displayName": "M"}, "removed": null}], "location": [{"current": {"type": "ROOM", "status": "REGULAR", "shortName": "1.019", "longName": "Wm", "displayName": "1.019"}, "removed": null}], "teacher": [{"current": {"type": "TEACHER", "status": "REGULAR", "shortName": "Wm", "longName": "Weimann", "displayName": "Wm"}, "removed": null}], "cellState": "REGULAR", "date": "2025-04-22", "start": "2025-04-22T17:30", "end": "2025-04-22T19:00", "type": "NORMAL_TEACHING_PERIOD"}, {"classID": 682, "schoolID": "6488400", "subject": [{"current": {"type": "SUBJECT", "status": "REGULAR", "shortName": "D", "longName": "Deutsch", "displayName": "D"}, "removed": null}], "location": [{"current": {"type": "ROOM", "status": "REGULAR", "shortName": "1.025", "longName": "Sb", "displayName": "1.025"}, "removed": null}], "teacher": [{"current": {"type": "TEACHER", "status": "REGULAR", "shortName": "Sb", "longName": "Schwalbach", "displayName": "Sb"}, "removed": null}], "cellState": "REGULAR", "date": "2025-04-22", "start": "2025-04-22T19:05", "end": "2025-04-22T20:30", "type": "NORMAL_TEACHING_PERIOD"}, {"classID": 682, "schoolID": "6488400", "subject": [{"current": {"type": "SUBJECT", "status": "REGULAR", "shortName": "E", "longName": "Englisch", "displayName": "E"}, "removed": null}], "location": [{"current": {"type": "ROOM", "status": "REGULAR", "shortName": "1.023", "longName": "Co", "displayName": "1.023"}, "removed": null}], "teacher": [{"current": {"type": "TEACHER", "status": "REGULAR", "shortName": "Co", "longName": "Cojan", "displayName": "Co"}, "removed": null}], "cellState": "REGULAR", "date": "2025-04-22", "start": "2025-04-22T20:35", "end": "2025-04-22T22:00", "type": "NORMAL_TEACHING_PERIOD"}, {"classID": 661, "schoolID": "6488400", "subject": [{"current": {"type": "SUBJECT", "status": "REGULAR", "shortName": "F", "longName": "Franz\u00f6sisch", "displayName": "F"}, "removed": null}], "location": [{"current": {"type": "ROOM", "status": "REGULAR", "shortName": "1.023", "longName": "Co", "displayName": "1.023"}, "removed": null}], "teacher": [{"current": {"type": "TEACHER", "status": "REGULAR", "shortName": "Co", "longName": "Cojan", "displayName": "Co"}, "removed": null}], "cellState": "REGULAR", "date": "2025-04-23", "start": "2025-04-23T17:30", "end": "2025-04-23T19:00", "type": "NORMAL_TEACHING_PERIOD"}, {"classID": 661, "schoolID": "6488400", "subject": [{"current": {"type": "SUBJECT", "status": "REGULAR", "shortName": "M", "longName": "Mathematik", "displayName": "M"}, "removed": null}], "location": [{"current": {"type": "ROOM", "status": "REGULAR", "shortName": "1.026", "longName": "Ro", "displayName": "1.026"}, "removed": null}], "teacher": [{"current": {"type": "TEACHER", "status": "REGULAR", "shortName": "Ro", "longName": "Rothe", "displayName": "Ro"}, "removed": null}], "cellState": "REGULAR", "date": "2025-04-23", "start": "2025-04-23T19:05", "end": "2025-04-23T20:30", "type": "NORMAL_TEACHING_PERIOD"}, {"classID": 661, "schoolID": "6488400", "subject": [{"current": {"type": "SUBJECT", "status": "REGULAR", "shortName": "B", "longName": "Biologie", "displayName": "B"}, "removed": null}], "location": [{"current": {"type": "ROOM", "status": "REGULAR", "shortName": "2.048", "longName": "Biologie 1", "displayName": "2.048"}, "removed": null}], "teacher": [{"current": {"type": "TEACHER", "status": "REGULAR", "shortName": "Gr", "longName": "Grimm", "displayName": "Gr"}, "removed": null}], "cellState": "REGULAR", "date": "2025-04-23", "start": "2025-04-23T20:35", "end": "2025-04-23T22:00", "type": "NORMAL_TEACHING_PERIOD"}, {"classID": 664, "schoolID": "6488400", "subject": [{"current": {"type": "SUBJECT", "status": "REGULAR", "shortName": "PoWi", "longName": "Politik und Wirtschaft", "displayName": "PoWi"}, "removed": null}], "location": [{"current": {"type": "ROOM", "status": "REGULAR", "shortName": "1.013", "longName": "Su", "displayName": "1.013"}, "removed": null}], "teacher": [{"current": {"type": "TEACHER", "status": "REGULAR", "shortName": "Su", "longName": "Sulz", "displayName": "Su"}, "removed": null}], "cellState": "REGULAR", "date": "2025-04-23", "start": "2025-04-23T17:30", "end": "2025-04-23T19:00", "type": "NORMAL_TEACHING_PERIOD"}, {"classID": 664, "schoolID": "6488400", "subject": [{"current": {"type": "SUBJECT", "status": "REGULAR", "shortName": "B", "longName": "Biologie", "displayName": "B"}, "removed": null}], "location": [{"current": {"type": "ROOM", "status": "REGULAR", "shortName": "2.048", "longName": "Biologie 1", "displayName": "2.048"}, "removed": null}], "teacher": [{"current": {"type": "TEACHER", "status": "REGULAR", "shortName": "Gr", "longName": "Grimm", "displayName": "Gr"}, "removed": null}], "cellState": "REGULAR", "date": "2025-04-23", "start": "2025-04-23T19:05", "end": "2025-04-23T20:30", "type": "NORMAL_TEACHING_PERIOD"}, {"classID": 664, "schoolID": "6488400", "subject": [{"current": {"type": "SUBJECT", "status": "REGULAR", "shortName": "G", "longName": "Geschichte", "displayName": "G"}, "removed": null}], "location": [{"current": {"type": "ROOM", "status": "REGULAR", "shortName": "1.011", "longName": "Bm", "displayName": "1.011"}, "removed": null}], "teacher": [{"current": {"type": "TEACHER", "status": "REGULAR", "shortName": "Bm", "longName": "Bauermann", "displayName": "Bm"}, "removed": null}], "cellState": "REGULAR", "date": "2025-04-23", "start": "2025-04-23T20:35", "end": "2025-04-23T22:00", "type": "NORMAL_TEACHING_PERIOD"}, {"classID": 667, "schoolID": "6488400", "subject": [{"current": {"type": "SUBJECT", "status": "REGULAR", "shortName": "D", "longName": "Deutsch", "displayName": "D"}, "removed": null}], "location": [{"current": {"type": "ROOM", "status": "REGULAR", "shortName": "1.011", "longName": "Bm", "displayName": "1.011"}, "removed": null}], "teacher": [{"current": {"type": "TEACHER", "status": "REGULAR", "shortName": "Bm", "longName": "Bauermann", "displayName": "Bm"}, "removed": null}], "cellState": "CANCELLED", "date": "2025-04-23", "start": "2025-04-23T17:30", "end": "2025-04-23T19:00", "type": "NORMAL_TEACHING_PERIOD"}, {"classID": 667, "schoolID": "6488400", "subject": [{"current": {"type": "SUBJECT", "status": "REGULAR", "shortName": "PoWi", "longName": "Politik und Wirtschaft", "displayName": "PoWi"}, "removed": null}], "location": [{"current": {"type": "ROOM", "status": "REGULAR", "shortName": "1.013", "longName": "Su", "displayName": "1.013"}, "removed": null}], "teacher": [{"current": {"type": "TEACHER", "status": "REGULAR", "shortName": "Su", "longName": "Sulz", "displayName": "Su"}, "removed": null}], "cellState": "CANCELLED", "date": "2025-04-23", "start": "2025-04-23T19:05", "end": "2025-04-23T20:30", "type": "NORMAL_TEACHING_PERIOD"}, {"classID": 670, "schoolID": "6488400", "subject": [{"current": {"type": "SUBJECT", "status": "REGULAR", "shortName": "HpB", "longName": "Historischpolitische Bildung", "displayName": "HpB"}, "removed": null}], "location": [{"current": {"type": "ROOM", "status": "REGULAR", "shortName": "1.027", "longName": "B\u00f6", "displayName": "1.027"}, "removed": null}], "teacher": [{"current": {"type": "TEACHER", "status": "REGULAR", "shortName": "B\u00f6", "longName": "B\u00f6hlecke", "displayName": "B\u00f6"}, "removed": null}], "cellState": "REGULAR", "date": "2025-04-23", "start": "2025-04-23T17:30", "end": "2025-04-23T19:00", "type": "NORMAL_TEACHING_PERIOD"}, {"classID": 670, "schoolID": "6488400", "subject": [{"current": {"type": "SUBJECT", "status": "REGULAR", "shortName": "D", "longName": "Deutsch", "displayName": "D"}, "removed": null}], "location": [{"current": {"type": "ROOM", "status": "REGULAR", "shortName": "2.013", "longName": "Informatik 2", "displayName": "2.013"}, "removed": null}], "teacher": [{"current": {"type": "TEACHER", "status": "REGULAR", "shortName": "Ri", "longName": "Rieger", "displayName": "Ri"}, "removed": null}], "cellState": "REGULAR", "date": "2025-04-23", "start": "2025-04-23T19:05", "end": "2025-04-23T20:30", "type": "NORMAL_TEACHING_PERIOD"}, {"classID": 673, "schoolID": "6488400", "subject": [{"current": {"type": "SUBJECT", "status": "REGULAR", "shortName": "D", "longName": "Deutsch", "displayName": "D"}, "removed": null}], "location": [{"current": {"type": "ROOM", "status": "REGULAR", "shortName": "1.025", "longName": "Sb", "displayName": "1.025"}, "removed": null}], "teacher": [{"current": {"type": "TEACHER", "status": "REGULAR", "shortName": "Sb", "longName": "Schwalbach", "displayName": "Sb"}, "removed": null}], "cellState": "REGULAR", "date": "2025-04-23", "start": "2025-04-23T17:30", "end": "2025-04-23T19:00", "type": "NORMAL_TEACHING_PERIOD"}, {"classID": 673, "schoolID": "6488400", "subject": [{"current": {"type": "SUBJECT", "status": "REGULAR", "shortName": "HpB", "longName": "Historischpolitische Bildung", "displayName": "HpB"}, "removed": null}], "location": [{"current": {"type": "ROOM", "status": "REGULAR", "shortName": "1.027", "longName": "B\u00f6", "displayName": "1.027"}, "removed": null}], "teacher": [{"current": {"type": "TEACHER", "status": "REGULAR", "shortName": "B\u00f6", "longName": "B\u00f6hlecke", "displayName": "B\u00f6"}, "removed": null}], "cellState": "REGULAR", "date": "2025-04-23", "start": "2025-04-23T19:05", "end": "2025-04-23T20:30", "type": "NORMAL_TEACHING_PERIOD"}, {"classID": 676, "schoolID": "6488400", "subject": [{"current": {"type": "SUBJECT", "status": "REGULAR", "shortName": "B", "longName": "Biologie", "displayName": "B"}, "removed": null}], "location": [{"current": {"type": "ROOM", "status": "REGULAR", "shortName": "2.048", "longName": "Biologie 1", "displayName": "2.048"}, "removed": null}], "teacher": [{"current": {"type": "TEACHER", "status": "REGULAR", "shortName": "Gr", "longName": "Grimm", "displayName": "Gr"}, "removed": null}], "cellState": "REGULAR", "date": "2025-04-23", "start": "2025-04-23T17:30", "end": "2025-04-23T19:00", "type": "NORMAL_TEACHING_PERIOD"}, {"classID": 676, "schoolID": "6488400", "subject": [{"current": {"type": "SUBJECT", "status": "REGULAR", "shortName": "E", "longName": "Englisch", "displayName": "E"}, "removed": null}], "location": [{"current": {"type": "ROOM", "status": "REGULAR", "shortName": "1.023", "longName": "Co", "displayName": "1.023"}, "removed": null}], "teacher": [{"current": {"type": "TEACHER", "status": "REGULAR", "shortName": "Co", "longName": "Cojan", "displayName": "Co"}, "removed": null}], "cellState": "REGULAR", "date": "2025-04-23", "start": "2025-04-23T19:05", "end": "2025-04-23T20:30", "type": "NORMAL_TEACHING_PERIOD"}, {"classID": 676, "schoolID": "6488400", "subject": [{"current": {"type": "SUBJECT", "status": "REGULAR", "shortName": "D", "longName": "Deutsch", "displayName": "D"}, "removed": null}], "location": [{"current": {"type": "ROOM", "status": "REGULAR", "shortName": "1.025", "longName": "Sb", "displayName": "1.025"}, "removed": null}], "teacher": [{"current": {"type": "TEACHER", "status": "REGULAR", "shortName": "Sb", "longName": "Schwalbach", "displayName": "Sb"}, "removed": null}], "cellState": "REGULAR", "date": "2025-04-23", "start": "2025-04-23T20:35", "end": "2025-04-23T22:00", "type": "NORMAL_TEACHING_PERIOD"}, {"classID": 679, "schoolID": "6488400", "subject": [{"current": {"type": "SUBJECT", "status": "REGULAR", "shortName": "C", "longName": "Chemie", "displayName": "C"}, "removed": null}], "location": [{"current": {"type": "ROOM", "status": "REGULAR", "shortName": "2.002", "longName": "Chemie 1", "displayName": "2.002"}, "removed": null}], "teacher": [{"current": {"type": "TEACHER", "status": "REGULAR", "shortName": "Ro", "longName": "Rothe", "displayName": "Ro"}, "removed": null}], "cellState": "REGULAR", "date": "2025-04-23", "start": "2025-04-23T17:30", "end": "2025-04-23T19:00", "type": "NORMAL_TEACHING_PERIOD"}, {"classID": 679, "schoolID": "6488400", "subject": [{"current": {"type": "SUBJECT", "status": "REGULAR", "shortName": "E", "longName": "Englisch", "displayName": "E"}, "removed": null}], "location": [{"current": {"type": "ROOM", "status": "REGULAR", "shortName": "1.025", "longName": "Sb", "displayName": "1.025"}, "removed": null}], "teacher": [{"current": {"type": "TEACHER", "status": "REGULAR", "shortName": "Sb", "longName": "Schwalbach", "displayName": "Sb"}, "removed": null}], "cellState": "REGULAR", "date": "2025-04-23", "start": "2025-04-23T19:05", "end": "2025-04-23T20:30", "type": "NORMAL_TEACHING_PERIOD"}, {"classID": 679, "schoolID": "6488400", "subject": [{"current": {"type": "SUBJECT", "status": "REGULAR", "shortName": "D", "longName": "Deutsch", "displayName": "D"}, "removed": null}], "location": [{"current": {"type": "ROOM", "status": "REGULAR", "shortName": "1.027", "longName": "B\u00f6", "displayName": "1.027"}, "removed": null}], "teacher": [{"current": {"type": "TEACHER", "status": "REGULAR", "shortName": "B\u00f6", "longName": "B\u00f6hlecke", "displayName": "B\u00f6"}, "removed": null}], "cellState": "REGULAR", "date": "2025-04-23", "start": "2025-04-23T20:35", "end": "2025-04-23T22:00", "type": "NORMAL_TEACHING_PERIOD"}, {"classID": 682, "schoolID": "6488400", "subject": [{"current": {"type": "SUBJECT", "status": "REGULAR", "shortName": "AL", "longName": "Arbeitslehre", "displayName": "AL"}, "removed": null}], "location": [{"current": {"type": "ROOM", "status": "REGULAR", "shortName": "2.013", "longName": "Informatik 2", "displayName": "2.013"}, "removed": null}], "teacher": [{"current": {"type": "TEACHER", "status": "REGULAR", "shortName": "Ri", "longName": "Rieger", "displayName": "Ri"}, "removed": null}], "cellState": "REGULAR", "date": "2025-04-23", "start": "2025-04-23T17:30", "end": "2025-04-23T19:00", "type": "NORMAL_TEACHING_PERIOD"}, {"classID": 682, "schoolID": "6488400", "subject": [{"current": {"type": "SUBJECT", "status": "REGULAR", "shortName": "HpB", "longName": "Historischpolitische Bildung", "displayName": "HpB"}, "removed": null}], "location": [{"current": {"type": "ROOM", "status": "REGULAR", "shortName": "1.011", "longName": "Bm", "displayName": "1.011"}, "removed": null}], "teacher": [{"current": {"type": "TEACHER", "status": "REGULAR", "shortName": "Bm", "longName": "Bauermann", "displayName": "Bm"}, "removed": null}], "cellState": "REGULAR", "date": "2025-04-23", "start": "2025-04-23T19:05", "end": "2025-04-23T20:30", "type": "NORMAL_TEACHING_PERIOD"}, {"classID": 682, "schoolID": "6488400", "subject": [{"current": {"type": "SUBJECT", "status": "REGULAR", "shortName": "Nawi", "longName": "Naturwissenschaftlicher Unterricht", "displayName": "Nawi"}, "removed": null}], "location": [{"current": {"type": "ROOM", "status": "ADDED", "shortName": "1.026", "longName": "Ro", "displayName": "1.026"}, "removed": {"type": "ROOM", "status": "REMOVED", "shortName": "2.002", "longName": "Chemie 1", "displayName": "2.002"}}], "teacher": [{"current": {"type": "TEACHER", "status": "REGULAR", "shortName": "Ro", "longName": "Rothe", "displayName": "Ro"}, "removed": null}], "cellState": "CHANGED", "date": "2025-04-23", "start": "2025-04-23T20:35", "end": "2025-04-23T22:00", "type": "NORMAL_TEACHING_PERIOD"}, {"classID": 661, "schoolID": "6488400", "subject": [{"current": {"type": "SUBJECT", "status": "REGULAR", "shortName": "PoWi", "longName": "Politik und Wirtschaft", "displayName": "PoWi"}, "removed": null}], "location": [{"current": {"type": "ROOM", "status": "REGULAR", "shortName": "1.013", "longName": "Su", "displayName": "1.013"}, "removed": null}], "teacher": [{"current": {"type": "TEACHER", "status": "REGULAR", "shortName": "Su", "longName": "Sulz", "displayName": "Su"}, "removed": null}], "cellState": "REGULAR", "date": "2025-04-24", "start": "2025-04-24T17:30", "end": "2025-04-24T19:00", "type": "NORMAL_TEACHING_PERIOD"}, {"classID": 661, "schoolID": "6488400", "subject": [{"current": {"type": "SUBJECT", "status": "REGULAR", "shortName": "G", "longName": "Geschichte", "displayName": "G"}, "removed": null}], "location": [{"current": {"type": "ROOM", "status": "REGULAR", "shortName": "1.011", "longName": "Bm", "displayName": "1.011"}, "removed": null}], "teacher": [{"current": {"type": "TEACHER", "status": "REGULAR", "shortName": "Bm", "longName": "Bauermann", "displayName": "Bm"}, "removed": null}], "cellState": "REGULAR", "date": "2025-04-24", "start": "2025-04-24T19:05", "end": "2025-04-24T20:30", "type": "NORMAL_TEACHING_PERIOD"}, {"classID": 661, "schoolID": "6488400", "subject": [{"current": {"type": "SUBJECT", "status": "REGULAR", "shortName": "D", "longName": "Deutsch", "displayName": "D"}, "removed": null}], "location": [{"current": {"type": "ROOM", "status": "REGULAR", "shortName": "1.029", "longName": "Dr\u00f6", "displayName": "1.029"}, "removed": null}], "teacher": [{"current": {"type": "TEACHER", "status": "REGULAR", "shortName": "Dr\u00f6", "longName": "Dr\u00f6scher", "displayName": "Dr\u00f6"}, "removed": null}], "cellState": "REGULAR", "date": "2025-04-24", "start": "2025-04-24T20:35", "end": "2025-04-24T22:00", "type": "NORMAL_TEACHING_PERIOD"}, {"classID": 664, "schoolID": "6488400", "subject": [{"current": {"type": "SUBJECT", "status": "REGULAR", "shortName": "D", "longName": "Deutsch", "displayName": "D"}, "removed": null}], "location": [{"current": {"type": "ROOM", "status": "REGULAR", "shortName": "1.029", "longName": "Dr\u00f6", "displayName": "1.029"}, "removed": null}], "teacher": [{"current": {"type": "TEACHER", "status": "REGULAR", "shortName": "Dr\u00f6", "longName": "Dr\u00f6scher", "displayName": "Dr\u00f6"}, "removed": null}], "cellState": "REGULAR", "date": "2025-04-24", "start": "2025-04-24T17:30", "end": "2025-04-24T19:00", "type": "NORMAL_TEACHING_PERIOD"}, {"classID": 664, "schoolID": "6488400", "subject": [{"current": {"type": "SUBJECT", "status": "REGULAR", "shortName": "PoWi", "longName": "Politik und Wirtschaft", "displayName": "PoWi"}, "removed": null}], "location": [{"current": {"type": "ROOM", "status": "REGULAR", "shortName": "1.013", "longName": "Su", "displayName": "1.013"}, "removed": null}], "teacher": [{"current": {"type": "TEACHER", "status": "REGULAR", "shortName": "Su", "longName": "Sulz", "displayName": "Su"}, "removed": null}], "cellState": "REGULAR", "date": "2025-04-24", "start": "2025-04-24T19:05", "end": "2025-04-24T20:30", "type": "NORMAL_TEACHING_PERIOD"}, {"classID": 667, "schoolID": "6488400", "subject": "", "location": "", "teacher": [{"current": {"type": "TEACHER", "status": "REGULAR", "shortName": "Gr", "longName": "Grimm", "displayName": "Gr"}, "removed": null}, {"current": {"type": "TEACHER", "status": "REGULAR", "shortName": "Ro", "longName": "Rothe", "displayName": "Ro"}, "removed": null}], "cellState": "CHANGED", "date": "2025-04-24", "start": "2025-04-24T15:45", "end": "2025-04-24T17:15", "type": "EVENT"}, {"classID": 667, "schoolID": "6488400", "subject": [{"current": {"type": "SUBJECT", "status": "REGULAR", "shortName": "E", "longName": "Englisch", "displayName": "E"}, "removed": null}], "location": [{"current": {"type": "ROOM", "status": "REGULAR", "shortName": "1.030", "longName": "Rau", "displayName": "1.030"}, "removed": null}], "teacher": [{"current": {"type": "TEACHER", "status": "REGULAR", "shortName": "Rau", "longName": "Rau", "displayName": "Rau"}, "removed": null}], "cellState": "CANCELLED", "date": "2025-04-24", "start": "2025-04-24T17:30", "end": "2025-04-24T19:00", "type": "NORMAL_TEACHING_PERIOD"}, {"classID": 667, "schoolID": "6488400", "subject": [{"current": {"type": "SUBJECT", "status": "REGULAR", "shortName": "G", "longName": "Geschichte", "displayName": "G"}, "removed": null}], "location": [{"current": {"type": "ROOM", "status": "REGULAR", "shortName": "1.029", "longName": "Dr\u00f6", "displayName": "1.029"}, "removed": null}], "teacher": [{"current": {"type": "TEACHER", "status": "REGULAR", "shortName": "Dr\u00f6", "longName": "Dr\u00f6scher", "displayName": "Dr\u00f6"}, "removed": null}], "cellState": "CANCELLED", "date": "2025-04-24", "start": "2025-04-24T19:05", "end": "2025-04-24T20:30", "type": "NORMAL_TEACHING_PERIOD"}, {"classID": 667, "schoolID": "6488400", "subject": [{"current": {"type": "SUBJECT", "status": "REGULAR", "shortName": "PoWi", "longName": "Politik und Wirtschaft", "displayName": "PoWi"}, "removed": null}], "location": [{"current": {"type": "ROOM", "status": "REGULAR", "shortName": "1.013", "longName": "Su", "displayName": "1.013"}, "removed": null}], "teacher": [{"current": {"type": "TEACHER", "status": "REGULAR", "shortName": "Su", "longName": "Sulz", "displayName": "Su"}, "removed": null}], "cellState": "CANCELLED", "date": "2025-04-24", "start": "2025-04-24T20:35", "end": "2025-04-24T22:00", "type": "NORMAL_TEACHING_PERIOD"}, {"classID": 670, "schoolID": "6488400", "subject": [{"current": {"type": "SUBJECT", "status": "REGULAR", "shortName": "B", "longName": "Biologie", "displayName": "B"}, "removed": null}], "location": [{"current": {"type": "ROOM", "status": "REGULAR", "shortName": "2.048", "longName": "Biologie 1", "displayName": "2.048"}, "removed": null}], "teacher": [{"current": {"type": "TEACHER", "status": "REGULAR", "shortName": "Gr", "longName": "Grimm", "displayName": "Gr"}, "removed": null}], "cellState": "CANCELLED", "date": "2025-04-24", "start": "2025-04-24T17:30", "end": "2025-04-24T19:00", "type": "NORMAL_TEACHING_PERIOD"}, {"classID": 670, "schoolID": "6488400", "subject": [{"current": {"type": "SUBJECT", "status": "REGULAR", "shortName": "LZ-M", "longName": "LZ-M", "displayName": "LZ-M"}, "removed": null}], "location": "", "teacher": [{"current": {"type": "TEACHER", "status": "REGULAR", "shortName": "B\u00f6", "longName": "B\u00f6hlecke", "displayName": "B\u00f6"}, "removed": null}], "cellState": "REGULAR", "date": "2025-04-24", "start": "2025-04-24T19:05", "end": "2025-04-24T20:30", "type": "NORMAL_TEACHING_PERIOD"}, {"classID": 670, "schoolID": "6488400", "subject": [{"current": {"type": "SUBJECT", "status": "REGULAR", "shortName": "LZ-M", "longName": "LZ-M", "displayName": "LZ-M"}, "removed": null}], "location": "", "teacher": [{"current": {"type": "TEACHER", "status": "REGULAR", "shortName": "Wm", "longName": "Weimann", "displayName": "Wm"}, "removed": null}], "cellState": "CANCELLED", "date": "2025-04-24", "start": "2025-04-24T19:05", "end": "2025-04-24T20:30", "type": "NORMAL_TEACHING_PERIOD"}, {"classID": 670, "schoolID": "6488400", "subject": [{"current": {"type": "SUBJECT", "status": "REGULAR", "shortName": "M", "longName": "Mathematik", "displayName": "M"}, "removed": null}], "location": [{"current": {"type": "ROOM", "status": "REGULAR", "shortName": "1.027", "longName": "B\u00f6", "displayName": "1.027"}, "removed": null}], "teacher": [{"current": {"type": "TEACHER", "status": "REGULAR", "shortName": "B\u00f6", "longName": "B\u00f6hlecke", "displayName": "B\u00f6"}, "removed": null}], "cellState": "REGULAR", "date": "2025-04-24", "start": "2025-04-24T20:35", "end": "2025-04-24T22:00", "type": "NORMAL_TEACHING_PERIOD"}, {"classID": 673, "schoolID": "6488400", "subject": [{"current": {"type": "SUBJECT", "status": "REGULAR", "shortName": "HpB", "longName": "Historischpolitische Bildung", "displayName": "HpB"}, "removed": null}], "location": [{"current": {"type": "ROOM", "status": "REGULAR", "shortName": "1.027", "longName": "B\u00f6", "displayName": "1.027"}, "removed": null}], "teacher": [{"current": {"type": "TEACHER", "status": "REGULAR", "shortName": "B\u00f6", "longName": "B\u00f6hlecke", "displayName": "B\u00f6"}, "removed": null}], "cellState": "REGULAR", "date": "2025-04-24", "start": "2025-04-24T17:30", "end": "2025-04-24T19:00", "type": "NORMAL_TEACHING_PERIOD"}, {"classID": 673, "schoolID": "6488400", "subject": [{"current": {"type": "SUBJECT", "status": "REGULAR", "shortName": "LZ-M", "longName": "LZ-M", "displayName": "LZ-M"}, "removed": null}], "location": "", "teacher": [{"current": {"type": "TEACHER", "status": "REGULAR", "shortName": "B\u00f6", "longName": "B\u00f6hlecke", "displayName": "B\u00f6"}, "removed": null}], "cellState": "REGULAR", "date": "2025-04-24", "start": "2025-04-24T19:05", "end": "2025-04-24T20:30", "type": "NORMAL_TEACHING_PERIOD"}, {"classID": 673, "schoolID": "6488400", "subject": [{"current": {"type": "SUBJECT", "status": "REGULAR", "shortName": "LZ-M", "longName": "LZ-M", "displayName": "LZ-M"}, "removed": null}], "location": "", "teacher": [{"current": {"type": "TEACHER", "status": "REGULAR", "shortName": "Wm", "longName": "Weimann", "displayName": "Wm"}, "removed": null}], "cellState": "CANCELLED", "date": "2025-04-24", "start": "2025-04-24T19:05", "end": "2025-04-24T20:30", "type": "NORMAL_TEACHING_PERIOD"}, {"classID": 673, "schoolID": "6488400", "subject": [{"current": {"type": "SUBJECT", "status": "REGULAR", "shortName": "B", "longName": "Biologie", "displayName": "B"}, "removed": null}], "location": [{"current": {"type": "ROOM", "status": "REGULAR", "shortName": "2.048", "longName": "Biologie 1", "displayName": "2.048"}, "removed": null}], "teacher": [{"current": {"type": "TEACHER", "status": "REGULAR", "shortName": "Gr", "longName": "Grimm", "displayName": "Gr"}, "removed": null}], "cellState": "CANCELLED", "date": "2025-04-24", "start": "2025-04-24T20:35", "end": "2025-04-24T22:00", "type": "NORMAL_TEACHING_PERIOD"}, {"classID": 676, "schoolID": "6488400", "subject": [{"current": {"type": "SUBJECT", "status": "REGULAR", "shortName": "D", "longName": "Deutsch", "displayName": "D"}, "removed": null}], "location": [{"current": {"type": "ROOM", "status": "REGULAR", "shortName": "1.025", "longName": "Sb", "displayName": "1.025"}, "removed": null}], "teacher": [{"current": {"type": "TEACHER", "status": "REGULAR", "shortName": "Sb", "longName": "Schwalbach", "displayName": "Sb"}, "removed": null}], "cellState": "REGULAR", "date": "2025-04-24", "start": "2025-04-24T17:30", "end": "2025-04-24T19:00", "type": "NORMAL_TEACHING_PERIOD"}, {"classID": 676, "schoolID": "6488400", "subject": [{"current": {"type": "SUBJECT", "status": "REGULAR", "shortName": "LZ-M", "longName": "LZ-M", "displayName": "LZ-M"}, "removed": null}], "location": "", "teacher": [{"current": {"type": "TEACHER", "status": "REGULAR", "shortName": "B\u00f6", "longName": "B\u00f6hlecke", "displayName": "B\u00f6"}, "removed": null}], "cellState": "REGULAR", "date": "2025-04-24", "start": "2025-04-24T19:05", "end": "2025-04-24T20:30", "type": "NORMAL_TEACHING_PERIOD"}, {"classID": 676, "schoolID": "6488400", "subject": [{"current": {"type": "SUBJECT", "status": "REGULAR", "shortName": "LZ-M", "longName": "LZ-M", "displayName": "LZ-M"}, "removed": null}], "location": "", "teacher": [{"current": {"type": "TEACHER", "status": "REGULAR", "shortName": "Wm", "longName": "Weimann", "displayName": "Wm"}, "removed": null}], "cellState": "CANCELLED", "date": "2025-04-24", "start": "2025-04-24T19:05", "end": "2025-04-24T20:30", "type": "NORMAL_TEACHING_PERIOD"}, {"classID": 676, "schoolID": "6488400", "subject": [{"current": {"type": "SUBJECT", "status": "REGULAR", "shortName": "HpB", "longName": "Historischpolitische Bildung", "displayName": "HpB"}, "removed": null}], "location": [{"current": {"type": "ROOM", "status": "REGULAR", "shortName": "1.011", "longName": "Bm", "displayName": "1.011"}, "removed": null}], "teacher": [{"current": {"type": "TEACHER", "status": "REGULAR", "shortName": "Bm", "longName": "Bauermann", "displayName": "Bm"}, "removed": null}], "cellState": "REGULAR", "date": "2025-04-24", "start": "2025-04-24T20:35", "end": "2025-04-24T22:00", "type": "NORMAL_TEACHING_PERIOD"}, {"classID": 679, "schoolID": "6488400", "subject": [{"current": {"type": "SUBJECT", "status": "REGULAR", "shortName": "D", "longName": "Deutsch", "displayName": "D"}, "removed": null}], "location": [{"current": {"type": "ROOM", "status": "ADDED", "shortName": "1.024", "longName": "1.024", "displayName": "1.024"}, "removed": {"type": "ROOM", "status": "REMOVED", "shortName": "1.019", "longName": "Wm", "displayName": "1.019"}}], "teacher": [{"current": {"type": "TEACHER", "status": "REGULAR", "shortName": "B\u00f6", "longName": "B\u00f6hlecke", "displayName": "B\u00f6"}, "removed": null}], "cellState": "CHANGED", "date": "2025-04-24", "start": "2025-04-24T17:30", "end": "2025-04-24T19:00", "type": "ADDITIONAL_PERIOD"}, {"classID": 679, "schoolID": "6488400", "subject": [{"current": {"type": "SUBJECT", "status": "REGULAR", "shortName": "M", "longName": "Mathematik", "displayName": "M"}, "removed": null}], "location": [{"current": {"type": "ROOM", "status": "REGULAR", "shortName": "1.019", "longName": "Wm", "displayName": "1.019"}, "removed": null}], "teacher": [{"current": {"type": "TEACHER", "status": "REGULAR", "shortName": "Wm", "longName": "Weimann", "displayName": "Wm"}, "removed": null}], "cellState": "CANCELLED", "date": "2025-04-24", "start": "2025-04-24T17:30", "end": "2025-04-24T19:00", "type": "NORMAL_TEACHING_PERIOD"}, {"classID": 679, "schoolID": "6488400", "subject": [{"current": {"type": "SUBJECT", "status": "REGULAR", "shortName": "LZ-M", "longName": "LZ-M", "displayName": "LZ-M"}, "removed": null}], "location": "", "teacher": [{"current": {"type": "TEACHER", "status": "REGULAR", "shortName": "B\u00f6", "longName": "B\u00f6hlecke", "displayName": "B\u00f6"}, "removed": null}], "cellState": "REGULAR", "date": "2025-04-24", "start": "2025-04-24T19:05", "end": "2025-04-24T20:30", "type": "NORMAL_TEACHING_PERIOD"}, {"classID": 679, "schoolID": "6488400", "subject": [{"current": {"type": "SUBJECT", "status": "REGULAR", "shortName": "LZ-M", "longName": "LZ-M", "displayName": "LZ-M"}, "removed": null}], "location": "", "teacher": [{"current": {"type": "TEACHER", "status": "REGULAR", "shortName": "Wm", "longName": "Weimann", "displayName": "Wm"}, "removed": null}], "cellState": "CANCELLED", "date": "2025-04-24", "start": "2025-04-24T19:05", "end": "2025-04-24T20:30", "type": "NORMAL_TEACHING_PERIOD"}, {"classID": 679, "schoolID": "6488400", "subject": [{"current": {"type": "SUBJECT", "status": "REGULAR", "shortName": "E", "longName": "Englisch", "displayName": "E"}, "removed": null}], "location": [{"current": {"type": "ROOM", "status": "REGULAR", "shortName": "1.025", "longName": "Sb", "displayName": "1.025"}, "removed": null}], "teacher": [{"current": {"type": "TEACHER", "status": "REGULAR", "shortName": "Sb", "longName": "Schwalbach", "displayName": "Sb"}, "removed": null}], "cellState": "REGULAR", "date": "2025-04-24", "start": "2025-04-24T20:35", "end": "2025-04-24T22:00", "type": "NORMAL_TEACHING_PERIOD"}, {"classID": 682, "schoolID": "6488400", "subject": [{"current": {"type": "SUBJECT", "status": "REGULAR", "shortName": "HpB", "longName": "Historischpolitische Bildung", "displayName": "HpB"}, "removed": null}], "location": [{"current": {"type": "ROOM", "status": "REGULAR", "shortName": "1.011", "longName": "Bm", "displayName": "1.011"}, "removed": null}], "teacher": [{"current": {"type": "TEACHER", "status": "REGULAR", "shortName": "Bm", "longName": "Bauermann", "displayName": "Bm"}, "removed": null}], "cellState": "REGULAR", "date": "2025-04-24", "start": "2025-04-24T17:30", "end": "2025-04-24T19:00", "type": "NORMAL_TEACHING_PERIOD"}, {"classID": 682, "schoolID": "6488400", "subject": [{"current": {"type": "SUBJECT", "status": "REGULAR", "shortName": "D", "longName": "Deutsch", "displayName": "D"}, "removed": null}], "location": [{"current": {"type": "ROOM", "status": "REGULAR", "shortName": "1.025", "longName": "Sb", "displayName": "1.025"}, "removed": null}], "teacher": [{"current": {"type": "TEACHER", "status": "REGULAR", "shortName": "Sb", "longName": "Schwalbach", "displayName": "Sb"}, "removed": null}], "cellState": "REGULAR", "date": "2025-04-24", "start": "2025-04-24T19:05", "end": "2025-04-24T20:30", "type": "NORMAL_TEACHING_PERIOD"}, {"classID": 682, "schoolID": "6488400", "subject": [{"current": {"type": "SUBJECT", "status": "REGULAR", "shortName": "M", "longName": "Mathematik", "displayName": "M"}, "removed": null}], "location": [{"current": {"type": "ROOM", "status": "REGULAR", "shortName": "1.019", "longName": "Wm", "displayName": "1.019"}, "removed": null}], "teacher": [{"current": {"type": "TEACHER", "status": "REGULAR", "shortName": "Wm", "longName": "Weimann", "displayName": "Wm"}, "removed": null}], "cellState": "CANCELLED", "date": "2025-04-24", "start": "2025-04-24T20:35", "end": "2025-04-24T22:00", "type": "NORMAL_TEACHING_PERIOD"}, {"classID": 661, "schoolID": "6488400", "subject": "", "location": [{"current": {"type": "ROOM", "status": "ADDED", "shortName": "1.017", "longName": "Md", "displayName": "1.017"}, "removed": null}], "teacher": [{"current": {"type": "TEACHER", "status": "REGULAR", "shortName": "Md", "longName": "Mead", "displayName": "Md"}, "removed": null}], "cellState": "CHANGED", "date": "2025-04-25", "start": "2025-04-25T15:45", "end": "2025-04-25T17:15", "type": "EVENT"}, {"classID": 661, "schoolID": "6488400", "subject": [{"current": {"type": "SUBJECT", "status": "REGULAR", "shortName": "M", "longName": "Mathematik", "displayName": "M"}, "removed": null}], "location": [{"current": {"type": "ROOM", "status": "ADDED", "shortName": "1.026", "longName": "Ro", "displayName": "1.026"}, "removed": {"type": "ROOM", "status": "REMOVED", "shortName": "1.029", "longName": "Dr\u00f6", "displayName": "1.029"}}], "teacher": [{"current": {"type": "TEACHER", "status": "REGULAR", "shortName": "Ro", "longName": "Rothe", "displayName": "Ro"}, "removed": null}], "cellState": "CHANGED", "date": "2025-04-25", "start": "2025-04-25T17:30", "end": "2025-04-25T19:00", "type": "ADDITIONAL_PERIOD"}, {"classID": 661, "schoolID": "6488400", "subject": [{"current": {"type": "SUBJECT", "status": "REGULAR", "shortName": "D", "longName": "Deutsch", "displayName": "D"}, "removed": null}], "location": [{"current": {"type": "ROOM", "status": "REGULAR", "shortName": "1.029", "longName": "Dr\u00f6", "displayName": "1.029"}, "removed": null}], "teacher": [{"current": {"type": "TEACHER", "status": "REGULAR", "shortName": "Dr\u00f6", "longName": "Dr\u00f6scher", "displayName": "Dr\u00f6"}, "removed": null}], "cellState": "CANCELLED", "date": "2025-04-25", "start": "2025-04-25T17:30", "end": "2025-04-25T19:00", "type": "NORMAL_TEACHING_PERIOD"}, {"classID": 661, "schoolID": "6488400", "subject": [{"current": {"type": "SUBJECT", "status": "REGULAR", "shortName": "E", "longName": "Englisch", "displayName": "E"}, "removed": null}], "location": [{"current": {"type": "ROOM", "status": "REGULAR", "shortName": "1.017", "longName": "Md", "displayName": "1.017"}, "removed": null}], "teacher": [{"current": {"type": "TEACHER", "status": "REGULAR", "shortName": "Md", "longName": "Mead", "displayName": "Md"}, "removed": null}], "cellState": "REGULAR", "date": "2025-04-25", "start": "2025-04-25T19:05", "end": "2025-04-25T20:30", "type": "NORMAL_TEACHING_PERIOD"}, {"classID": 664, "schoolID": "6488400", "subject": "", "location": [{"current": {"type": "ROOM", "status": "ADDED", "shortName": "1.017", "longName": "Md", "displayName": "1.017"}, "removed": null}], "teacher": [{"current": {"type": "TEACHER", "status": "REGULAR", "shortName": "Md", "longName": "Mead", "displayName": "Md"}, "removed": null}], "cellState": "CHANGED", "date": "2025-04-25", "start": "2025-04-25T15:45", "end": "2025-04-25T17:15", "type": "EVENT"}, {"classID": 664, "schoolID": "6488400", "subject": [{"current": {"type": "SUBJECT", "status": "REGULAR", "shortName": "E", "longName": "Englisch", "displayName": "E"}, "removed": null}], "location": [{"current": {"type": "ROOM", "status": "REGULAR", "shortName": "1.017", "longName": "Md", "displayName": "1.017"}, "removed": null}], "teacher": [{"current": {"type": "TEACHER", "status": "REGULAR", "shortName": "Md", "longName": "Mead", "displayName": "Md"}, "removed": null}], "cellState": "REGULAR", "date": "2025-04-25", "start": "2025-04-25T17:30", "end": "2025-04-25T19:00", "type": "NORMAL_TEACHING_PERIOD"}, {"classID": 664, "schoolID": "6488400", "subject": [{"current": {"type": "SUBJECT", "status": "REGULAR", "shortName": "M", "longName": "Mathematik", "displayName": "M"}, "removed": null}], "location": [{"current": {"type": "ROOM", "status": "REGULAR", "shortName": "1.026", "longName": "Ro", "displayName": "1.026"}, "removed": null}], "teacher": [{"current": {"type": "TEACHER", "status": "REGULAR", "shortName": "Ro", "longName": "Rothe", "displayName": "Ro"}, "removed": null}], "cellState": "REGULAR", "date": "2025-04-25", "start": "2025-04-25T19:05", "end": "2025-04-25T20:30", "type": "NORMAL_TEACHING_PERIOD"}, {"classID": 667, "schoolID": "6488400", "subject": "", "location": "", "teacher": [{"current": {"type": "TEACHER", "status": "REGULAR", "shortName": "Dr\u00f6", "longName": "Dr\u00f6scher", "displayName": "Dr\u00f6"}, "removed": null}, {"current": {"type": "TEACHER", "status": "REGULAR", "shortName": "Su", "longName": "Sulz", "displayName": "Su"}, "removed": null}], "cellState": "CHANGED", "date": "2025-04-25", "start": "2025-04-25T15:45", "end": "2025-04-25T17:15", "type": "EVENT"}, {"classID": 667, "schoolID": "6488400", "subject": [{"current": {"type": "SUBJECT", "status": "REGULAR", "shortName": "M", "longName": "Mathematik", "displayName": "M"}, "removed": null}], "location": [{"current": {"type": "ROOM", "status": "REGULAR", "shortName": "1.026", "longName": "Ro", "displayName": "1.026"}, "removed": null}], "teacher": [{"current": {"type": "TEACHER", "status": "REGULAR", "shortName": "Ro", "longName": "Rothe", "displayName": "Ro"}, "removed": null}], "cellState": "CANCELLED", "date": "2025-04-25", "start": "2025-04-25T17:30", "end": "2025-04-25T19:00", "type": "NORMAL_TEACHING_PERIOD"}, {"classID": 667, "schoolID": "6488400", "subject": [{"current": {"type": "SUBJECT", "status": "REGULAR", "shortName": "G", "longName": "Geschichte", "displayName": "G"}, "removed": null}], "location": [{"current": {"type": "ROOM", "status": "REGULAR", "shortName": "1.029", "longName": "Dr\u00f6", "displayName": "1.029"}, "removed": null}], "teacher": [{"current": {"type": "TEACHER", "status": "REGULAR", "shortName": "Dr\u00f6", "longName": "Dr\u00f6scher", "displayName": "Dr\u00f6"}, "removed": null}], "cellState": "CANCELLED", "date": "2025-04-25", "start": "2025-04-25T19:05", "end": "2025-04-25T20:30", "type": "NORMAL_TEACHING_PERIOD"}, {"classID": 670, "schoolID": "6488400", "subject": "", "location": [{"current": {"type": "ROOM", "status": "ADDED", "shortName": "1.017", "longName": "Md", "displayName": "1.017"}, "removed": null}], "teacher": [{"current": {"type": "TEACHER", "status": "REGULAR", "shortName": "Md", "longName": "Mead", "displayName": "Md"}, "removed": null}], "cellState": "CHANGED", "date": "2025-04-25", "start": "2025-04-25T15:45", "end": "2025-04-25T17:15", "type": "EVENT"}, {"classID": 670, "schoolID": "6488400", "subject": [{"current": {"type": "SUBJECT", "status": "REGULAR", "shortName": "B", "longName": "Biologie", "displayName": "B"}, "removed": null}], "location": [{"current": {"type": "ROOM", "status": "REGULAR", "shortName": "2.048", "longName": "Biologie 1", "displayName": "2.048"}, "removed": null}], "teacher": [{"current": {"type": "TEACHER", "status": "REGULAR", "shortName": "Gr", "longName": "Grimm", "displayName": "Gr"}, "removed": null}], "cellState": "REGULAR", "date": "2025-04-25", "start": "2025-04-25T17:30", "end": "2025-04-25T19:00", "type": "NORMAL_TEACHING_PERIOD"}, {"classID": 670, "schoolID": "6488400", "subject": [{"current": {"type": "SUBJECT", "status": "REGULAR", "shortName": "E", "longName": "Englisch", "displayName": "E"}, "removed": null}], "location": [{"current": {"type": "ROOM", "status": "REGULAR", "shortName": "1.025", "longName": "Sb", "displayName": "1.025"}, "removed": null}], "teacher": [{"current": {"type": "TEACHER", "status": "REGULAR", "shortName": "Sb", "longName": "Schwalbach", "displayName": "Sb"}, "removed": null}], "cellState": "REGULAR", "date": "2025-04-25", "start": "2025-04-25T19:05", "end": "2025-04-25T20:30", "type": "NORMAL_TEACHING_PERIOD"}, {"classID": 673, "schoolID": "6488400", "subject": "", "location": [{"current": {"type": "ROOM", "status": "ADDED", "shortName": "1.017", "longName": "Md", "displayName": "1.017"}, "removed": null}], "teacher": [{"current": {"type": "TEACHER", "status": "REGULAR", "shortName": "Md", "longName": "Mead", "displayName": "Md"}, "removed": null}], "cellState": "CHANGED", "date": "2025-04-25", "start": "2025-04-25T15:45", "end": "2025-04-25T17:15", "type": "EVENT"}, {"classID": 673, "schoolID": "6488400", "subject": [{"current": {"type": "SUBJECT", "status": "REGULAR", "shortName": "D", "longName": "Deutsch", "displayName": "D"}, "removed": null}], "location": [{"current": {"type": "ROOM", "status": "REGULAR", "shortName": "1.025", "longName": "Sb", "displayName": "1.025"}, "removed": null}], "teacher": [{"current": {"type": "TEACHER", "status": "REGULAR", "shortName": "Sb", "longName": "Schwalbach", "displayName": "Sb"}, "removed": null}], "cellState": "REGULAR", "date": "2025-04-25", "start": "2025-04-25T17:30", "end": "2025-04-25T19:00", "type": "NORMAL_TEACHING_PERIOD"}, {"classID": 673, "schoolID": "6488400", "subject": [{"current": {"type": "SUBJECT", "status": "REGULAR", "shortName": "E", "longName": "Englisch", "displayName": "E"}, "removed": null}], "location": [{"current": {"type": "ROOM", "status": "REGULAR", "shortName": "1.023", "longName": "Co", "displayName": "1.023"}, "removed": null}], "teacher": [{"current": {"type": "TEACHER", "status": "REGULAR", "shortName": "Co", "longName": "Cojan", "displayName": "Co"}, "removed": null}], "cellState": "REGULAR", "date": "2025-04-25", "start": "2025-04-25T19:05", "end": "2025-04-25T20:30", "type": "NORMAL_TEACHING_PERIOD"}, {"classID": 676, "schoolID": "6488400", "subject": "", "location": [{"current": {"type": "ROOM", "status": "ADDED", "shortName": "1.017", "longName": "Md", "displayName": "1.017"}, "removed": null}], "teacher": [{"current": {"type": "TEACHER", "status": "REGULAR", "shortName": "Md", "longName": "Mead", "displayName": "Md"}, "removed": null}], "cellState": "CHANGED", "date": "2025-04-25", "start": "2025-04-25T15:45", "end": "2025-04-25T17:15", "type": "EVENT"}, {"classID": 676, "schoolID": "6488400", "subject": [{"current": {"type": "SUBJECT", "status": "REGULAR", "shortName": "E", "longName": "Englisch", "displayName": "E"}, "removed": null}], "location": [{"current": {"type": "ROOM", "status": "REGULAR", "shortName": "1.023", "longName": "Co", "displayName": "1.023"}, "removed": null}], "teacher": [{"current": {"type": "TEACHER", "status": "REGULAR", "shortName": "Co", "longName": "Cojan", "displayName": "Co"}, "removed": null}], "cellState": "CANCELLED", "date": "2025-04-25", "start": "2025-04-25T17:30", "end": "2025-04-25T19:00", "type": "NORMAL_TEACHING_PERIOD"}, {"classID": 676, "schoolID": "6488400", "subject": [{"current": {"type": "SUBJECT", "status": "REGULAR", "shortName": "AL", "longName": "Arbeitslehre", "displayName": "AL"}, "removed": null}], "location": [{"current": {"type": "ROOM", "status": "REGULAR", "shortName": "2.013", "longName": "Informatik 2", "displayName": "2.013"}, "removed": null}], "teacher": [{"current": {"type": "TEACHER", "status": "REGULAR", "shortName": "Su", "longName": "Sulz", "displayName": "Su"}, "removed": null}], "cellState": "CANCELLED", "date": "2025-04-25", "start": "2025-04-25T19:05", "end": "2025-04-25T20:30", "type": "NORMAL_TEACHING_PERIOD"}, {"classID": 679, "schoolID": "6488400", "subject": "", "location": [{"current": {"type": "ROOM", "status": "ADDED", "shortName": "1.017", "longName": "Md", "displayName": "1.017"}, "removed": null}], "teacher": [{"current": {"type": "TEACHER", "status": "REGULAR", "shortName": "Md", "longName": "Mead", "displayName": "Md"}, "removed": null}], "cellState": "CHANGED", "date": "2025-04-25", "start": "2025-04-25T15:45", "end": "2025-04-25T17:15", "type": "EVENT"}, {"classID": 679, "schoolID": "6488400", "subject": [{"current": {"type": "SUBJECT", "status": "REGULAR", "shortName": "AL", "longName": "Arbeitslehre", "displayName": "AL"}, "removed": null}], "location": [{"current": {"type": "ROOM", "status": "REGULAR", "shortName": "2.013", "longName": "Informatik 2", "displayName": "2.013"}, "removed": null}], "teacher": [{"current": {"type": "TEACHER", "status": "REGULAR", "shortName": "Su", "longName": "Sulz", "displayName": "Su"}, "removed": null}], "cellState": "CANCELLED", "date": "2025-04-25", "start": "2025-04-25T17:30", "end": "2025-04-25T19:00", "type": "NORMAL_TEACHING_PERIOD"}, {"classID": 679, "schoolID": "6488400", "subject": [{"current": {"type": "SUBJECT", "status": "REGULAR", "shortName": "M", "longName": "Mathematik", "displayName": "M"}, "removed": null}], "location": [{"current": {"type": "ROOM", "status": "REGULAR", "shortName": "1.019", "longName": "Wm", "displayName": "1.019"}, "removed": null}], "teacher": [{"current": {"type": "TEACHER", "status": "REGULAR", "shortName": "Wm", "longName": "Weimann", "displayName": "Wm"}, "removed": null}], "cellState": "REGULAR", "date": "2025-04-25", "start": "2025-04-25T19:05", "end": "2025-04-25T20:30", "type": "NORMAL_TEACHING_PERIOD"}, {"classID": 682, "schoolID": "6488400", "subject": "", "location": [{"current": {"type": "ROOM", "status": "ADDED", "shortName": "1.017", "longName": "Md", "displayName": "1.017"}, "removed": null}], "teacher": [{"current": {"type": "TEACHER", "status": "REGULAR", "shortName": "Md", "longName": "Mead", "displayName": "Md"}, "removed": null}], "cellState": "CHANGED", "date": "2025-04-25", "start": "2025-04-25T15:45", "end": "2025-04-25T17:15", "type": "EVENT"}, {"classID": 682, "schoolID": "6488400", "subject": [{"current": {"type": "SUBJECT", "status": "REGULAR", "shortName": "M", "longName": "Mathematik", "displayName": "M"}, "removed": null}], "location": [{"current": {"type": "ROOM", "status": "REGULAR", "shortName": "1.019", "longName": "Wm", "displayName": "1.019"}, "removed": null}], "teacher": [{"current": {"type": "TEACHER", "status": "REGULAR", "shortName": "Wm", "longName": "Weimann", "displayName": "Wm"}, "removed": null}], "cellState": "REGULAR", "date": "2025-04-25", "start": "2025-04-25T17:30", "end": "2025-04-25T19:00", "type": "NORMAL_TEACHING_PERIOD"}, {"classID": 682, "schoolID": "6488400", "subject": [{"current": {"type": "SUBJECT", "status": "REGULAR", "shortName": "Nawi", "longName": "Naturwissenschaftlicher Unterricht", "displayName": "Nawi"}, "removed": null}], "location": [{"current": {"type": "ROOM", "status": "REGULAR", "shortName": "2.048", "longName": "Biologie 1", "displayName": "2.048"}, "removed": null}], "teacher": [{"current": {"type": "TEACHER", "status": "REGULAR", "shortName": "Gr", "longName": "Grimm", "displayName": "Gr"}, "removed": null}], "cellState": "REGULAR", "date": "2025-04-25", "start": "2025-04-25T19:05", "end": "2025-04-25T20:30", "type": "NORMAL_TEACHING_PERIOD"}]