[{"classID": 715, "schoolID": "7261200", "subject": [{"current": {"type": "SUBJECT", "status": "REGULAR", "shortName": "AB3 RP", "longName": "AB 3 - Routenplanung", "displayName": "AB3 RP"}, "removed": null}], "location": [{"current": {"type": "ROOM", "status": "REGULAR", "shortName": "S3", "longName": "Schulungsraum 3", "displayName": "S3"}, "removed": null}], "teacher": [{"current": {"type": "TEACHER", "status": "REGULAR", "shortName": "RL", "longName": "Herr Lorenzen", "displayName": "RL"}, "removed": null}], "cellState": "REGULAR", "date": "2025-04-22", "start": "2025-04-22T08:30", "end": "2025-04-22T11:45", "type": "NORMAL_TEACHING_PERIOD"}, {"classID": 715, "schoolID": "7261200", "subject": [{"current": {"type": "SUBJECT", "status": "REGULAR", "shortName": "FPA /MF/ PT", "longName": "Fahrpraktische Ausbildung/ Mitfahrten/ Perfektionstraining", "displayName": "FPA /MF/ PT"}, "removed": null}], "location": [{"current": {"type": "ROOM", "status": "REGULAR", "shortName": "Ausb.-Platz", "longName": "Ausbildungsplatz", "displayName": "Ausb.-Platz"}, "removed": null}], "teacher": [{"current": {"type": "TEACHER", "status": "REGULAR", "shortName": "NU", "longName": "Herr Unruh", "displayName": "NU"}, "removed": null}], "cellState": "REGULAR", "date": "2025-04-22", "start": "2025-04-22T12:15", "end": "2025-04-22T15:30", "type": "NORMAL_TEACHING_PERIOD"}, {"classID": 721, "schoolID": "7261200", "subject": [{"current": {"type": "SUBJECT", "status": "REGULAR", "shortName": "AB3 RP", "longName": "AB 3 - Routenplanung", "displayName": "AB3 RP"}, "removed": null}], "location": [{"current": {"type": "ROOM", "status": "REGULAR", "shortName": "S2", "longName": "Schulungsraum 2", "displayName": "S2"}, "removed": null}], "teacher": [{"current": {"type": "TEACHER", "status": "REGULAR", "shortName": "FH", "longName": "Herr Heesen", "displayName": "FH"}, "removed": null}], "cellState": "REGULAR", "date": "2025-04-22", "start": "2025-04-22T08:30", "end": "2025-04-22T11:45", "type": "NORMAL_TEACHING_PERIOD"}, {"classID": 721, "schoolID": "7261200", "subject": [{"current": {"type": "SUBJECT", "status": "REGULAR", "shortName": "FPA /MF/ PT", "longName": "Fahrpraktische Ausbildung/ Mitfahrten/ Perfektionstraining", "displayName": "FPA /MF/ PT"}, "removed": null}], "location": [{"current": {"type": "ROOM", "status": "REGULAR", "shortName": "S2", "longName": "Schulungsraum 2", "displayName": "S2"}, "removed": null}], "teacher": [{"current": {"type": "TEACHER", "status": "REGULAR", "shortName": "HF", "longName": "Herr Fleischer", "displayName": "HF"}, "removed": null}], "cellState": "REGULAR", "date": "2025-04-22", "start": "2025-04-22T12:15", "end": "2025-04-22T15:30", "type": "NORMAL_TEACHING_PERIOD"}, {"classID": 703, "schoolID": "7261200", "subject": [{"current": {"type": "SUBJECT", "status": "REGULAR", "shortName": "Praktikum", "longName": "Praktikum", "displayName": "Praktikum"}, "removed": null}], "location": "", "teacher": "", "cellState": "REGULAR", "date": "2025-04-22", "start": "2025-04-22T08:30", "end": "2025-04-22T11:45", "type": "NORMAL_TEACHING_PERIOD"}, {"classID": 703, "schoolID": "7261200", "subject": [{"current": {"type": "SUBJECT", "status": "REGULAR", "shortName": "Praktikum", "longName": "Praktikum", "displayName": "Praktikum"}, "removed": null}], "location": "", "teacher": "", "cellState": "REGULAR", "date": "2025-04-22", "start": "2025-04-22T12:15", "end": "2025-04-22T15:30", "type": "NORMAL_TEACHING_PERIOD"}, {"classID": 718, "schoolID": "7261200", "subject": [{"current": {"type": "SUBJECT", "status": "REGULAR", "shortName": "Sprachf\u00f6rderung", "longName": "Sprachf\u00f6rderung", "displayName": "Sprachf\u00f6rderung"}, "removed": null}], "location": [{"current": {"type": "ROOM", "status": "REGULAR", "shortName": "S1", "longName": "Schulungsraum 1", "displayName": "S1"}, "removed": null}], "teacher": [{"current": {"type": "TEACHER", "status": "REGULAR", "shortName": "RL", "longName": "Herr Lorenzen", "displayName": "RL"}, "removed": null}], "cellState": "REGULAR", "date": "2025-04-22", "start": "2025-04-22T07:40", "end": "2025-04-22T08:25", "type": "NORMAL_TEACHING_PERIOD"}, {"classID": 718, "schoolID": "7261200", "subject": [{"current": {"type": "SUBJECT", "status": "REGULAR", "shortName": "AB3 RP", "longName": "AB 3 - Routenplanung", "displayName": "AB3 RP"}, "removed": null}], "location": [{"current": {"type": "ROOM", "status": "REGULAR", "shortName": "S3", "longName": "Schulungsraum 3", "displayName": "S3"}, "removed": null}], "teacher": [{"current": {"type": "TEACHER", "status": "REGULAR", "shortName": "RL", "longName": "Herr Lorenzen", "displayName": "RL"}, "removed": null}], "cellState": "REGULAR", "date": "2025-04-22", "start": "2025-04-22T08:30", "end": "2025-04-22T11:45", "type": "NORMAL_TEACHING_PERIOD"}, {"classID": 718, "schoolID": "7261200", "subject": [{"current": {"type": "SUBJECT", "status": "REGULAR", "shortName": "FPA /MF/ PT", "longName": "Fahrpraktische Ausbildung/ Mitfahrten/ Perfektionstraining", "displayName": "FPA /MF/ PT"}, "removed": null}], "location": [{"current": {"type": "ROOM", "status": "REGULAR", "shortName": "Ausb.-Platz", "longName": "Ausbildungsplatz", "displayName": "Ausb.-Platz"}, "removed": null}], "teacher": [{"current": {"type": "TEACHER", "status": "REGULAR", "shortName": "RL", "longName": "Herr Lorenzen", "displayName": "RL"}, "removed": null}], "cellState": "REGULAR", "date": "2025-04-22", "start": "2025-04-22T12:15", "end": "2025-04-22T15:30", "type": "NORMAL_TEACHING_PERIOD"}, {"classID": 724, "schoolID": "7261200", "subject": [{"current": {"type": "SUBJECT", "status": "REGULAR", "shortName": "AB3 RP", "longName": "AB 3 - Routenplanung", "displayName": "AB3 RP"}, "removed": null}], "location": [{"current": {"type": "ROOM", "status": "REGULAR", "shortName": "S2", "longName": "Schulungsraum 2", "displayName": "S2"}, "removed": null}], "teacher": [{"current": {"type": "TEACHER", "status": "REGULAR", "shortName": "FH", "longName": "Herr Heesen", "displayName": "FH"}, "removed": null}], "cellState": "REGULAR", "date": "2025-04-22", "start": "2025-04-22T08:30", "end": "2025-04-22T11:45", "type": "NORMAL_TEACHING_PERIOD"}, {"classID": 724, "schoolID": "7261200", "subject": [{"current": {"type": "SUBJECT", "status": "REGULAR", "shortName": "FPA /MF/ PT", "longName": "Fahrpraktische Ausbildung/ Mitfahrten/ Perfektionstraining", "displayName": "FPA /MF/ PT"}, "removed": null}], "location": "", "teacher": [{"current": {"type": "TEACHER", "status": "REGULAR", "shortName": "HF", "longName": "Herr Fleischer", "displayName": "HF"}, "removed": null}], "cellState": "REGULAR", "date": "2025-04-22", "start": "2025-04-22T12:15", "end": "2025-04-22T15:30", "type": "NORMAL_TEACHING_PERIOD"}, {"classID": 706, "schoolID": "7261200", "subject": [{"current": {"type": "SUBJECT", "status": "REGULAR", "shortName": "Praktikum", "longName": "Praktikum", "displayName": "Praktikum"}, "removed": null}], "location": "", "teacher": "", "cellState": "REGULAR", "date": "2025-04-22", "start": "2025-04-22T08:30", "end": "2025-04-22T11:45", "type": "NORMAL_TEACHING_PERIOD"}, {"classID": 706, "schoolID": "7261200", "subject": [{"current": {"type": "SUBJECT", "status": "REGULAR", "shortName": "Praktikum", "longName": "Praktikum", "displayName": "Praktikum"}, "removed": null}], "location": "", "teacher": "", "cellState": "REGULAR", "date": "2025-04-22", "start": "2025-04-22T12:15", "end": "2025-04-22T15:30", "type": "NORMAL_TEACHING_PERIOD"}, {"classID": 715, "schoolID": "7261200", "subject": [{"current": {"type": "SUBJECT", "status": "REGULAR", "shortName": "FPA /MF/ PT", "longName": "Fahrpraktische Ausbildung/ Mitfahrten/ Perfektionstraining", "displayName": "FPA /MF/ PT"}, "removed": null}], "location": [{"current": {"type": "ROOM", "status": "REGULAR", "shortName": "Ausb.-Platz", "longName": "Ausbildungsplatz", "displayName": "Ausb.-Platz"}, "removed": null}], "teacher": [{"current": {"type": "TEACHER", "status": "REGULAR", "shortName": "NU", "longName": "Herr Unruh", "displayName": "NU"}, "removed": null}], "cellState": "REGULAR", "date": "2025-04-23", "start": "2025-04-23T08:30", "end": "2025-04-23T11:45", "type": "NORMAL_TEACHING_PERIOD"}, {"classID": 715, "schoolID": "7261200", "subject": [{"current": {"type": "SUBJECT", "status": "REGULAR", "shortName": "AB3 TK", "longName": "AB 3 - Technik", "displayName": "AB3 TK"}, "removed": null}], "location": [{"current": {"type": "ROOM", "status": "REGULAR", "shortName": "S3", "longName": "Schulungsraum 3", "displayName": "S3"}, "removed": null}], "teacher": [{"current": {"type": "TEACHER", "status": "REGULAR", "shortName": "NU", "longName": "Herr Unruh", "displayName": "NU"}, "removed": null}], "cellState": "REGULAR", "date": "2025-04-23", "start": "2025-04-23T12:15", "end": "2025-04-23T15:30", "type": "NORMAL_TEACHING_PERIOD"}, {"classID": 721, "schoolID": "7261200", "subject": [{"current": {"type": "SUBJECT", "status": "REGULAR", "shortName": "FPA /MF/ PT", "longName": "Fahrpraktische Ausbildung/ Mitfahrten/ Perfektionstraining", "displayName": "FPA /MF/ PT"}, "removed": null}], "location": [{"current": {"type": "ROOM", "status": "REGULAR", "shortName": "S2", "longName": "Schulungsraum 2", "displayName": "S2"}, "removed": null}], "teacher": [{"current": {"type": "TEACHER", "status": "REGULAR", "shortName": "HF", "longName": "Herr Fleischer", "displayName": "HF"}, "removed": null}], "cellState": "REGULAR", "date": "2025-04-23", "start": "2025-04-23T08:30", "end": "2025-04-23T11:45", "type": "NORMAL_TEACHING_PERIOD"}, {"classID": 721, "schoolID": "7261200", "subject": [{"current": {"type": "SUBJECT", "status": "REGULAR", "shortName": "AB3 RP", "longName": "AB 3 - Routenplanung", "displayName": "AB3 RP"}, "removed": null}], "location": [{"current": {"type": "ROOM", "status": "REGULAR", "shortName": "S2", "longName": "Schulungsraum 2", "displayName": "S2"}, "removed": null}], "teacher": [{"current": {"type": "TEACHER", "status": "REGULAR", "shortName": "FH", "longName": "Herr Heesen", "displayName": "FH"}, "removed": null}], "cellState": "REGULAR", "date": "2025-04-23", "start": "2025-04-23T12:15", "end": "2025-04-23T15:30", "type": "NORMAL_TEACHING_PERIOD"}, {"classID": 703, "schoolID": "7261200", "subject": [{"current": {"type": "SUBJECT", "status": "REGULAR", "shortName": "Praktikum", "longName": "Praktikum", "displayName": "Praktikum"}, "removed": null}], "location": "", "teacher": "", "cellState": "REGULAR", "date": "2025-04-23", "start": "2025-04-23T08:30", "end": "2025-04-23T11:45", "type": "NORMAL_TEACHING_PERIOD"}, {"classID": 703, "schoolID": "7261200", "subject": [{"current": {"type": "SUBJECT", "status": "REGULAR", "shortName": "Praktikum", "longName": "Praktikum", "displayName": "Praktikum"}, "removed": null}], "location": "", "teacher": "", "cellState": "REGULAR", "date": "2025-04-23", "start": "2025-04-23T12:15", "end": "2025-04-23T15:30", "type": "NORMAL_TEACHING_PERIOD"}, {"classID": 718, "schoolID": "7261200", "subject": [{"current": {"type": "SUBJECT", "status": "REGULAR", "shortName": "Sprachf\u00f6rderung", "longName": "Sprachf\u00f6rderung", "displayName": "Sprachf\u00f6rderung"}, "removed": null}], "location": [{"current": {"type": "ROOM", "status": "REGULAR", "shortName": "S1", "longName": "Schulungsraum 1", "displayName": "S1"}, "removed": null}], "teacher": [{"current": {"type": "TEACHER", "status": "REGULAR", "shortName": "RL", "longName": "Herr Lorenzen", "displayName": "RL"}, "removed": null}], "cellState": "REGULAR", "date": "2025-04-23", "start": "2025-04-23T07:40", "end": "2025-04-23T08:25", "type": "NORMAL_TEACHING_PERIOD"}, {"classID": 718, "schoolID": "7261200", "subject": [{"current": {"type": "SUBJECT", "status": "REGULAR", "shortName": "AB3 TK", "longName": "AB 3 - Technik", "displayName": "AB3 TK"}, "removed": null}], "location": [{"current": {"type": "ROOM", "status": "REGULAR", "shortName": "Ausb.-Platz", "longName": "Ausbildungsplatz", "displayName": "Ausb.-Platz"}, "removed": null}], "teacher": [{"current": {"type": "TEACHER", "status": "REGULAR", "shortName": "RL", "longName": "Herr Lorenzen", "displayName": "RL"}, "removed": null}], "cellState": "REGULAR", "date": "2025-04-23", "start": "2025-04-23T08:30", "end": "2025-04-23T11:45", "type": "NORMAL_TEACHING_PERIOD"}, {"classID": 718, "schoolID": "7261200", "subject": [{"current": {"type": "SUBJECT", "status": "REGULAR", "shortName": "FPA /MF/ PT", "longName": "Fahrpraktische Ausbildung/ Mitfahrten/ Perfektionstraining", "displayName": "FPA /MF/ PT"}, "removed": null}], "location": [{"current": {"type": "ROOM", "status": "REGULAR", "shortName": "Ausb.-Platz", "longName": "Ausbildungsplatz", "displayName": "Ausb.-Platz"}, "removed": null}], "teacher": [{"current": {"type": "TEACHER", "status": "REGULAR", "shortName": "RL", "longName": "Herr Lorenzen", "displayName": "RL"}, "removed": null}], "cellState": "REGULAR", "date": "2025-04-23", "start": "2025-04-23T12:15", "end": "2025-04-23T15:30", "type": "NORMAL_TEACHING_PERIOD"}, {"classID": 724, "schoolID": "7261200", "subject": [{"current": {"type": "SUBJECT", "status": "REGULAR", "shortName": "FPA /MF/ PT", "longName": "Fahrpraktische Ausbildung/ Mitfahrten/ Perfektionstraining", "displayName": "FPA /MF/ PT"}, "removed": null}], "location": "", "teacher": [{"current": {"type": "TEACHER", "status": "REGULAR", "shortName": "HF", "longName": "Herr Fleischer", "displayName": "HF"}, "removed": null}], "cellState": "REGULAR", "date": "2025-04-23", "start": "2025-04-23T08:30", "end": "2025-04-23T11:45", "type": "NORMAL_TEACHING_PERIOD"}, {"classID": 724, "schoolID": "7261200", "subject": [{"current": {"type": "SUBJECT", "status": "REGULAR", "shortName": "AB3 RP", "longName": "AB 3 - Routenplanung", "displayName": "AB3 RP"}, "removed": null}], "location": [{"current": {"type": "ROOM", "status": "REGULAR", "shortName": "S2", "longName": "Schulungsraum 2", "displayName": "S2"}, "removed": null}], "teacher": [{"current": {"type": "TEACHER", "status": "REGULAR", "shortName": "FH", "longName": "Herr Heesen", "displayName": "FH"}, "removed": null}], "cellState": "REGULAR", "date": "2025-04-23", "start": "2025-04-23T12:15", "end": "2025-04-23T15:30", "type": "NORMAL_TEACHING_PERIOD"}, {"classID": 706, "schoolID": "7261200", "subject": [{"current": {"type": "SUBJECT", "status": "REGULAR", "shortName": "Praktikum", "longName": "Praktikum", "displayName": "Praktikum"}, "removed": null}], "location": "", "teacher": "", "cellState": "REGULAR", "date": "2025-04-23", "start": "2025-04-23T08:30", "end": "2025-04-23T11:45", "type": "NORMAL_TEACHING_PERIOD"}, {"classID": 706, "schoolID": "7261200", "subject": [{"current": {"type": "SUBJECT", "status": "REGULAR", "shortName": "Praktikum", "longName": "Praktikum", "displayName": "Praktikum"}, "removed": null}], "location": "", "teacher": "", "cellState": "REGULAR", "date": "2025-04-23", "start": "2025-04-23T12:15", "end": "2025-04-23T15:30", "type": "NORMAL_TEACHING_PERIOD"}, {"classID": 715, "schoolID": "7261200", "subject": [{"current": {"type": "SUBJECT", "status": "REGULAR", "shortName": "bGQ Wdh", "longName": "Wiederholung und Pr\u00fcfungsvorbereitung bGQ", "displayName": "bGQ Wdh"}, "removed": null}], "location": [{"current": {"type": "ROOM", "status": "REGULAR", "shortName": "S1", "longName": "Schulungsraum 1", "displayName": "S1"}, "removed": null}], "teacher": [{"current": {"type": "TEACHER", "status": "REGULAR", "shortName": "RL", "longName": "Herr Lorenzen", "displayName": "RL"}, "removed": null}], "cellState": "REGULAR", "date": "2025-04-24", "start": "2025-04-24T08:30", "end": "2025-04-24T11:45", "type": "NORMAL_TEACHING_PERIOD"}, {"classID": 715, "schoolID": "7261200", "subject": [{"current": {"type": "SUBJECT", "status": "REGULAR", "shortName": "bGQ Wdh", "longName": "Wiederholung und Pr\u00fcfungsvorbereitung bGQ", "displayName": "bGQ Wdh"}, "removed": null}], "location": [{"current": {"type": "ROOM", "status": "REGULAR", "shortName": "S1", "longName": "Schulungsraum 1", "displayName": "S1"}, "removed": null}], "teacher": [{"current": {"type": "TEACHER", "status": "REGULAR", "shortName": "RL", "longName": "Herr Lorenzen", "displayName": "RL"}, "removed": null}], "cellState": "REGULAR", "date": "2025-04-24", "start": "2025-04-24T12:15", "end": "2025-04-24T15:30", "type": "NORMAL_TEACHING_PERIOD"}, {"classID": 721, "schoolID": "7261200", "subject": [{"current": {"type": "SUBJECT", "status": "REGULAR", "shortName": "AB3 RP", "longName": "AB 3 - Routenplanung", "displayName": "AB3 RP"}, "removed": null}], "location": [{"current": {"type": "ROOM", "status": "REGULAR", "shortName": "S2", "longName": "Schulungsraum 2", "displayName": "S2"}, "removed": null}], "teacher": [{"current": {"type": "TEACHER", "status": "REGULAR", "shortName": "FH", "longName": "Herr Heesen", "displayName": "FH"}, "removed": null}], "cellState": "REGULAR", "date": "2025-04-24", "start": "2025-04-24T08:30", "end": "2025-04-24T11:45", "type": "NORMAL_TEACHING_PERIOD"}, {"classID": 721, "schoolID": "7261200", "subject": [{"current": {"type": "SUBJECT", "status": "REGULAR", "shortName": "FPA /MF/ PT", "longName": "Fahrpraktische Ausbildung/ Mitfahrten/ Perfektionstraining", "displayName": "FPA /MF/ PT"}, "removed": null}], "location": [{"current": {"type": "ROOM", "status": "REGULAR", "shortName": "S2", "longName": "Schulungsraum 2", "displayName": "S2"}, "removed": null}], "teacher": [{"current": {"type": "TEACHER", "status": "REGULAR", "shortName": "HF", "longName": "Herr Fleischer", "displayName": "HF"}, "removed": null}], "cellState": "REGULAR", "date": "2025-04-24", "start": "2025-04-24T12:15", "end": "2025-04-24T15:30", "type": "NORMAL_TEACHING_PERIOD"}, {"classID": 703, "schoolID": "7261200", "subject": [{"current": {"type": "SUBJECT", "status": "REGULAR", "shortName": "Praktikum", "longName": "Praktikum", "displayName": "Praktikum"}, "removed": null}], "location": "", "teacher": "", "cellState": "REGULAR", "date": "2025-04-24", "start": "2025-04-24T08:30", "end": "2025-04-24T11:45", "type": "NORMAL_TEACHING_PERIOD"}, {"classID": 703, "schoolID": "7261200", "subject": [{"current": {"type": "SUBJECT", "status": "REGULAR", "shortName": "Praktikum", "longName": "Praktikum", "displayName": "Praktikum"}, "removed": null}], "location": "", "teacher": "", "cellState": "REGULAR", "date": "2025-04-24", "start": "2025-04-24T12:15", "end": "2025-04-24T15:30", "type": "NORMAL_TEACHING_PERIOD"}, {"classID": 718, "schoolID": "7261200", "subject": [{"current": {"type": "SUBJECT", "status": "REGULAR", "shortName": "Sprachf\u00f6rderung", "longName": "Sprachf\u00f6rderung", "displayName": "Sprachf\u00f6rderung"}, "removed": null}], "location": [{"current": {"type": "ROOM", "status": "REGULAR", "shortName": "S1", "longName": "Schulungsraum 1", "displayName": "S1"}, "removed": null}], "teacher": [{"current": {"type": "TEACHER", "status": "REGULAR", "shortName": "RL", "longName": "Herr Lorenzen", "displayName": "RL"}, "removed": null}], "cellState": "REGULAR", "date": "2025-04-24", "start": "2025-04-24T07:40", "end": "2025-04-24T08:25", "type": "NORMAL_TEACHING_PERIOD"}, {"classID": 718, "schoolID": "7261200", "subject": [{"current": {"type": "SUBJECT", "status": "REGULAR", "shortName": "bGQ Wdh", "longName": "Wiederholung und Pr\u00fcfungsvorbereitung bGQ", "displayName": "bGQ Wdh"}, "removed": null}], "location": [{"current": {"type": "ROOM", "status": "REGULAR", "shortName": "S1", "longName": "Schulungsraum 1", "displayName": "S1"}, "removed": null}], "teacher": [{"current": {"type": "TEACHER", "status": "REGULAR", "shortName": "RL", "longName": "Herr Lorenzen", "displayName": "RL"}, "removed": null}], "cellState": "REGULAR", "date": "2025-04-24", "start": "2025-04-24T08:30", "end": "2025-04-24T11:45", "type": "NORMAL_TEACHING_PERIOD"}, {"classID": 718, "schoolID": "7261200", "subject": [{"current": {"type": "SUBJECT", "status": "REGULAR", "shortName": "bGQ Wdh", "longName": "Wiederholung und Pr\u00fcfungsvorbereitung bGQ", "displayName": "bGQ Wdh"}, "removed": null}], "location": [{"current": {"type": "ROOM", "status": "REGULAR", "shortName": "S1", "longName": "Schulungsraum 1", "displayName": "S1"}, "removed": null}], "teacher": [{"current": {"type": "TEACHER", "status": "REGULAR", "shortName": "RL", "longName": "Herr Lorenzen", "displayName": "RL"}, "removed": null}], "cellState": "REGULAR", "date": "2025-04-24", "start": "2025-04-24T12:15", "end": "2025-04-24T15:30", "type": "NORMAL_TEACHING_PERIOD"}, {"classID": 724, "schoolID": "7261200", "subject": [{"current": {"type": "SUBJECT", "status": "REGULAR", "shortName": "AB3 RP", "longName": "AB 3 - Routenplanung", "displayName": "AB3 RP"}, "removed": null}], "location": [{"current": {"type": "ROOM", "status": "REGULAR", "shortName": "S2", "longName": "Schulungsraum 2", "displayName": "S2"}, "removed": null}], "teacher": [{"current": {"type": "TEACHER", "status": "REGULAR", "shortName": "FH", "longName": "Herr Heesen", "displayName": "FH"}, "removed": null}], "cellState": "REGULAR", "date": "2025-04-24", "start": "2025-04-24T08:30", "end": "2025-04-24T11:45", "type": "NORMAL_TEACHING_PERIOD"}, {"classID": 724, "schoolID": "7261200", "subject": [{"current": {"type": "SUBJECT", "status": "REGULAR", "shortName": "FPA /MF/ PT", "longName": "Fahrpraktische Ausbildung/ Mitfahrten/ Perfektionstraining", "displayName": "FPA /MF/ PT"}, "removed": null}], "location": "", "teacher": [{"current": {"type": "TEACHER", "status": "REGULAR", "shortName": "HF", "longName": "Herr Fleischer", "displayName": "HF"}, "removed": null}], "cellState": "REGULAR", "date": "2025-04-24", "start": "2025-04-24T12:15", "end": "2025-04-24T15:30", "type": "NORMAL_TEACHING_PERIOD"}, {"classID": 706, "schoolID": "7261200", "subject": [{"current": {"type": "SUBJECT", "status": "REGULAR", "shortName": "Praktikum", "longName": "Praktikum", "displayName": "Praktikum"}, "removed": null}], "location": "", "teacher": "", "cellState": "REGULAR", "date": "2025-04-24", "start": "2025-04-24T08:30", "end": "2025-04-24T11:45", "type": "NORMAL_TEACHING_PERIOD"}, {"classID": 706, "schoolID": "7261200", "subject": [{"current": {"type": "SUBJECT", "status": "REGULAR", "shortName": "Praktikum", "longName": "Praktikum", "displayName": "Praktikum"}, "removed": null}], "location": "", "teacher": "", "cellState": "REGULAR", "date": "2025-04-24", "start": "2025-04-24T12:15", "end": "2025-04-24T15:30", "type": "NORMAL_TEACHING_PERIOD"}, {"classID": 715, "schoolID": "7261200", "subject": [{"current": {"type": "SUBJECT", "status": "REGULAR", "shortName": "bGQ Wdh", "longName": "Wiederholung und Pr\u00fcfungsvorbereitung bGQ", "displayName": "bGQ Wdh"}, "removed": null}], "location": [{"current": {"type": "ROOM", "status": "REGULAR", "shortName": "S1", "longName": "Schulungsraum 1", "displayName": "S1"}, "removed": null}], "teacher": [{"current": {"type": "TEACHER", "status": "REGULAR", "shortName": "RL", "longName": "Herr Lorenzen", "displayName": "RL"}, "removed": null}], "cellState": "REGULAR", "date": "2025-04-25", "start": "2025-04-25T08:30", "end": "2025-04-25T11:45", "type": "NORMAL_TEACHING_PERIOD"}, {"classID": 715, "schoolID": "7261200", "subject": [{"current": {"type": "SUBJECT", "status": "REGULAR", "shortName": "bGQ Wdh", "longName": "Wiederholung und Pr\u00fcfungsvorbereitung bGQ", "displayName": "bGQ Wdh"}, "removed": null}], "location": [{"current": {"type": "ROOM", "status": "REGULAR", "shortName": "S1", "longName": "Schulungsraum 1", "displayName": "S1"}, "removed": null}], "teacher": [{"current": {"type": "TEACHER", "status": "REGULAR", "shortName": "RL", "longName": "Herr Lorenzen", "displayName": "RL"}, "removed": null}], "cellState": "REGULAR", "date": "2025-04-25", "start": "2025-04-25T12:15", "end": "2025-04-25T15:30", "type": "NORMAL_TEACHING_PERIOD"}, {"classID": 721, "schoolID": "7261200", "subject": [{"current": {"type": "SUBJECT", "status": "REGULAR", "shortName": "AB3 RP", "longName": "AB 3 - Routenplanung", "displayName": "AB3 RP"}, "removed": null}], "location": [{"current": {"type": "ROOM", "status": "REGULAR", "shortName": "S2", "longName": "Schulungsraum 2", "displayName": "S2"}, "removed": null}], "teacher": [{"current": {"type": "TEACHER", "status": "REGULAR", "shortName": "FH", "longName": "Herr Heesen", "displayName": "FH"}, "removed": null}], "cellState": "REGULAR", "date": "2025-04-25", "start": "2025-04-25T08:30", "end": "2025-04-25T11:45", "type": "NORMAL_TEACHING_PERIOD"}, {"classID": 721, "schoolID": "7261200", "subject": [{"current": {"type": "SUBJECT", "status": "REGULAR", "shortName": "AB3 RP", "longName": "AB 3 - Routenplanung", "displayName": "AB3 RP"}, "removed": null}], "location": [{"current": {"type": "ROOM", "status": "REGULAR", "shortName": "S2", "longName": "Schulungsraum 2", "displayName": "S2"}, "removed": null}], "teacher": [{"current": {"type": "TEACHER", "status": "REGULAR", "shortName": "FH", "longName": "Herr Heesen", "displayName": "FH"}, "removed": null}], "cellState": "REGULAR", "date": "2025-04-25", "start": "2025-04-25T12:15", "end": "2025-04-25T15:30", "type": "NORMAL_TEACHING_PERIOD"}, {"classID": 703, "schoolID": "7261200", "subject": [{"current": {"type": "SUBJECT", "status": "REGULAR", "shortName": "Praktikum", "longName": "Praktikum", "displayName": "Praktikum"}, "removed": null}], "location": "", "teacher": "", "cellState": "REGULAR", "date": "2025-04-25", "start": "2025-04-25T08:30", "end": "2025-04-25T11:45", "type": "NORMAL_TEACHING_PERIOD"}, {"classID": 703, "schoolID": "7261200", "subject": [{"current": {"type": "SUBJECT", "status": "REGULAR", "shortName": "Praktikum", "longName": "Praktikum", "displayName": "Praktikum"}, "removed": null}], "location": "", "teacher": "", "cellState": "REGULAR", "date": "2025-04-25", "start": "2025-04-25T12:15", "end": "2025-04-25T15:30", "type": "NORMAL_TEACHING_PERIOD"}, {"classID": 718, "schoolID": "7261200", "subject": [{"current": {"type": "SUBJECT", "status": "REGULAR", "shortName": "Sprachf\u00f6rderung", "longName": "Sprachf\u00f6rderung", "displayName": "Sprachf\u00f6rderung"}, "removed": null}], "location": [{"current": {"type": "ROOM", "status": "REGULAR", "shortName": "S1", "longName": "Schulungsraum 1", "displayName": "S1"}, "removed": null}], "teacher": [{"current": {"type": "TEACHER", "status": "REGULAR", "shortName": "RL", "longName": "Herr Lorenzen", "displayName": "RL"}, "removed": null}], "cellState": "REGULAR", "date": "2025-04-25", "start": "2025-04-25T07:40", "end": "2025-04-25T08:25", "type": "NORMAL_TEACHING_PERIOD"}, {"classID": 718, "schoolID": "7261200", "subject": [{"current": {"type": "SUBJECT", "status": "REGULAR", "shortName": "bGQ Wdh", "longName": "Wiederholung und Pr\u00fcfungsvorbereitung bGQ", "displayName": "bGQ Wdh"}, "removed": null}], "location": [{"current": {"type": "ROOM", "status": "REGULAR", "shortName": "S1", "longName": "Schulungsraum 1", "displayName": "S1"}, "removed": null}], "teacher": [{"current": {"type": "TEACHER", "status": "REGULAR", "shortName": "RL", "longName": "Herr Lorenzen", "displayName": "RL"}, "removed": null}], "cellState": "REGULAR", "date": "2025-04-25", "start": "2025-04-25T08:30", "end": "2025-04-25T11:45", "type": "NORMAL_TEACHING_PERIOD"}, {"classID": 718, "schoolID": "7261200", "subject": [{"current": {"type": "SUBJECT", "status": "REGULAR", "shortName": "bGQ Wdh", "longName": "Wiederholung und Pr\u00fcfungsvorbereitung bGQ", "displayName": "bGQ Wdh"}, "removed": null}], "location": [{"current": {"type": "ROOM", "status": "REGULAR", "shortName": "S1", "longName": "Schulungsraum 1", "displayName": "S1"}, "removed": null}], "teacher": [{"current": {"type": "TEACHER", "status": "REGULAR", "shortName": "RL", "longName": "Herr Lorenzen", "displayName": "RL"}, "removed": null}], "cellState": "REGULAR", "date": "2025-04-25", "start": "2025-04-25T12:15", "end": "2025-04-25T15:30", "type": "NORMAL_TEACHING_PERIOD"}, {"classID": 724, "schoolID": "7261200", "subject": [{"current": {"type": "SUBJECT", "status": "REGULAR", "shortName": "AB3 RP", "longName": "AB 3 - Routenplanung", "displayName": "AB3 RP"}, "removed": null}], "location": [{"current": {"type": "ROOM", "status": "REGULAR", "shortName": "S2", "longName": "Schulungsraum 2", "displayName": "S2"}, "removed": null}], "teacher": [{"current": {"type": "TEACHER", "status": "REGULAR", "shortName": "FH", "longName": "Herr Heesen", "displayName": "FH"}, "removed": null}], "cellState": "REGULAR", "date": "2025-04-25", "start": "2025-04-25T08:30", "end": "2025-04-25T11:45", "type": "NORMAL_TEACHING_PERIOD"}, {"classID": 724, "schoolID": "7261200", "subject": [{"current": {"type": "SUBJECT", "status": "REGULAR", "shortName": "AB3 RP", "longName": "AB 3 - Routenplanung", "displayName": "AB3 RP"}, "removed": null}], "location": [{"current": {"type": "ROOM", "status": "REGULAR", "shortName": "S2", "longName": "Schulungsraum 2", "displayName": "S2"}, "removed": null}], "teacher": [{"current": {"type": "TEACHER", "status": "REGULAR", "shortName": "FH", "longName": "Herr Heesen", "displayName": "FH"}, "removed": null}], "cellState": "REGULAR", "date": "2025-04-25", "start": "2025-04-25T12:15", "end": "2025-04-25T15:30", "type": "NORMAL_TEACHING_PERIOD"}, {"classID": 706, "schoolID": "7261200", "subject": [{"current": {"type": "SUBJECT", "status": "REGULAR", "shortName": "Praktikum", "longName": "Praktikum", "displayName": "Praktikum"}, "removed": null}], "location": "", "teacher": "", "cellState": "REGULAR", "date": "2025-04-25", "start": "2025-04-25T08:30", "end": "2025-04-25T11:45", "type": "NORMAL_TEACHING_PERIOD"}, {"classID": 706, "schoolID": "7261200", "subject": [{"current": {"type": "SUBJECT", "status": "REGULAR", "shortName": "Praktikum", "longName": "Praktikum", "displayName": "Praktikum"}, "removed": null}], "location": "", "teacher": "", "cellState": "REGULAR", "date": "2025-04-25", "start": "2025-04-25T12:15", "end": "2025-04-25T15:30", "type": "NORMAL_TEACHING_PERIOD"}]