[{"classID": 35, "schoolID": "3891500", "subject": [{"current": {"type": "SUBJECT", "status": "REGULAR", "shortName": "Su", "longName": "Sachunterricht", "displayName": "Su"}, "removed": null}], "location": [{"current": {"type": "ROOM", "status": "REGULAR", "shortName": "1", "longName": "Klassenraum Klasse 1", "displayName": "1"}, "removed": null}], "teacher": "", "cellState": "CHANGED", "date": "2025-04-22", "start": "2025-04-22T08:00", "end": "2025-04-22T08:45", "type": "NORMAL_TEACHING_PERIOD"}, {"classID": 35, "schoolID": "3891500", "subject": [{"current": {"type": "SUBJECT", "status": "REGULAR", "shortName": "Mu", "longName": "Musik", "displayName": "Mu"}, "removed": null}], "location": [{"current": {"type": "ROOM", "status": "REGULAR", "shortName": "AULA", "longName": "Aula", "displayName": "AULA"}, "removed": null}], "teacher": "", "cellState": "REGULAR", "date": "2025-04-22", "start": "2025-04-22T08:50", "end": "2025-04-22T09:35", "type": "NORMAL_TEACHING_PERIOD"}, {"classID": 35, "schoolID": "3891500", "subject": [{"current": {"type": "SUBJECT", "status": "REGULAR", "shortName": "M", "longName": "Mathematik", "displayName": "M"}, "removed": null}], "location": [{"current": {"type": "ROOM", "status": "REGULAR", "shortName": "1", "longName": "Klassenraum Klasse 1", "displayName": "1"}, "removed": null}], "teacher": "", "cellState": "REGULAR", "date": "2025-04-22", "start": "2025-04-22T10:00", "end": "2025-04-22T10:45", "type": "NORMAL_TEACHING_PERIOD"}, {"classID": 35, "schoolID": "3891500", "subject": [{"current": {"type": "SUBJECT", "status": "REGULAR", "shortName": "D", "longName": "Deutsch", "displayName": "D"}, "removed": null}], "location": [{"current": {"type": "ROOM", "status": "REGULAR", "shortName": "1", "longName": "Klassenraum Klasse 1", "displayName": "1"}, "removed": null}], "teacher": "", "cellState": "CHANGED", "date": "2025-04-22", "start": "2025-04-22T10:50", "end": "2025-04-22T11:35", "type": "NORMAL_TEACHING_PERIOD"}, {"classID": 35, "schoolID": "3891500", "subject": [{"current": {"type": "SUBJECT", "status": "REGULAR", "shortName": "Rel", "longName": "Religion", "displayName": "Rel"}, "removed": null}], "location": [{"current": {"type": "ROOM", "status": "REGULAR", "shortName": "1", "longName": "Klassenraum Klasse 1", "displayName": "1"}, "removed": null}], "teacher": "", "cellState": "CHANGED", "date": "2025-04-22", "start": "2025-04-22T11:55", "end": "2025-04-22T12:40", "type": "NORMAL_TEACHING_PERIOD"}, {"classID": 35, "schoolID": "3891500", "subject": [{"current": {"type": "SUBJECT", "status": "REGULAR", "shortName": "K S", "longName": "Kurzstunde", "displayName": "K S"}, "removed": null}], "location": [{"current": {"type": "ROOM", "status": "REGULAR", "shortName": "1", "longName": "Klassenraum Klasse 1", "displayName": "1"}, "removed": null}], "teacher": "", "cellState": "CHANGED", "date": "2025-04-22", "start": "2025-04-22T12:42", "end": "2025-04-22T13:00", "type": "NORMAL_TEACHING_PERIOD"}, {"classID": 32, "schoolID": "3891500", "subject": [{"current": {"type": "SUBJECT", "status": "REGULAR", "shortName": "M", "longName": "Mathematik", "displayName": "M"}, "removed": null}], "location": [{"current": {"type": "ROOM", "status": "REGULAR", "shortName": "2", "longName": "Klassenraum Klasse 2", "displayName": "2"}, "removed": null}], "teacher": "", "cellState": "REGULAR", "date": "2025-04-22", "start": "2025-04-22T08:00", "end": "2025-04-22T08:45", "type": "NORMAL_TEACHING_PERIOD"}, {"classID": 32, "schoolID": "3891500", "subject": [{"current": {"type": "SUBJECT", "status": "REGULAR", "shortName": "D", "longName": "Deutsch", "displayName": "D"}, "removed": null}], "location": [{"current": {"type": "ROOM", "status": "REGULAR", "shortName": "2", "longName": "Klassenraum Klasse 2", "displayName": "2"}, "removed": null}], "teacher": "", "cellState": "REGULAR", "date": "2025-04-22", "start": "2025-04-22T08:50", "end": "2025-04-22T09:35", "type": "NORMAL_TEACHING_PERIOD"}, {"classID": 32, "schoolID": "3891500", "subject": [{"current": {"type": "SUBJECT", "status": "REGULAR", "shortName": "Su", "longName": "Sachunterricht", "displayName": "Su"}, "removed": null}], "location": [{"current": {"type": "ROOM", "status": "REGULAR", "shortName": "2", "longName": "Klassenraum Klasse 2", "displayName": "2"}, "removed": null}], "teacher": "", "cellState": "REGULAR", "date": "2025-04-22", "start": "2025-04-22T10:00", "end": "2025-04-22T10:45", "type": "NORMAL_TEACHING_PERIOD"}, {"classID": 32, "schoolID": "3891500", "subject": [{"current": {"type": "SUBJECT", "status": "REGULAR", "shortName": "FsW", "longName": "F\u00f6rdern statt Wiederholen", "displayName": "FsW"}, "removed": null}], "location": "", "teacher": "", "cellState": "REGULAR", "date": "2025-04-22", "start": "2025-04-22T10:00", "end": "2025-04-22T10:45", "type": "NORMAL_TEACHING_PERIOD"}, {"classID": 32, "schoolID": "3891500", "subject": [{"current": {"type": "SUBJECT", "status": "REGULAR", "shortName": "D", "longName": "Deutsch", "displayName": "D"}, "removed": null}], "location": [{"current": {"type": "ROOM", "status": "REGULAR", "shortName": "2", "longName": "Klassenraum Klasse 2", "displayName": "2"}, "removed": null}], "teacher": "", "cellState": "REGULAR", "date": "2025-04-22", "start": "2025-04-22T10:50", "end": "2025-04-22T11:35", "type": "NORMAL_TEACHING_PERIOD"}, {"classID": 32, "schoolID": "3891500", "subject": [{"current": {"type": "SUBJECT", "status": "REGULAR", "shortName": "Sp", "longName": "Sport", "displayName": "Sp"}, "removed": null}], "location": [{"current": {"type": "ROOM", "status": "REGULAR", "shortName": "SP", "longName": "Sporthalle", "displayName": "SP"}, "removed": null}], "teacher": "", "cellState": "REGULAR", "date": "2025-04-22", "start": "2025-04-22T11:55", "end": "2025-04-22T12:40", "type": "NORMAL_TEACHING_PERIOD"}, {"classID": 32, "schoolID": "3891500", "subject": [{"current": {"type": "SUBJECT", "status": "REGULAR", "shortName": "K S", "longName": "Kurzstunde", "displayName": "K S"}, "removed": null}], "location": [{"current": {"type": "ROOM", "status": "REGULAR", "shortName": "SP", "longName": "Sporthalle", "displayName": "SP"}, "removed": null}], "teacher": "", "cellState": "REGULAR", "date": "2025-04-22", "start": "2025-04-22T12:42", "end": "2025-04-22T13:00", "type": "NORMAL_TEACHING_PERIOD"}, {"classID": 38, "schoolID": "3891500", "subject": [{"current": {"type": "SUBJECT", "status": "REGULAR", "shortName": "Th", "longName": "Theater", "displayName": "Th"}, "removed": null}], "location": [{"current": {"type": "ROOM", "status": "REGULAR", "shortName": "AULA", "longName": "Aula", "displayName": "AULA"}, "removed": null}], "teacher": "", "cellState": "REGULAR", "date": "2025-04-22", "start": "2025-04-22T08:00", "end": "2025-04-22T08:45", "type": "NORMAL_TEACHING_PERIOD"}, {"classID": 38, "schoolID": "3891500", "subject": [{"current": {"type": "SUBJECT", "status": "REGULAR", "shortName": "Su", "longName": "Sachunterricht", "displayName": "Su"}, "removed": null}], "location": [{"current": {"type": "ROOM", "status": "REGULAR", "shortName": "3", "longName": "Klassenraum Klasse 3", "displayName": "3"}, "removed": null}], "teacher": "", "cellState": "REGULAR", "date": "2025-04-22", "start": "2025-04-22T08:50", "end": "2025-04-22T09:35", "type": "NORMAL_TEACHING_PERIOD"}, {"classID": 38, "schoolID": "3891500", "subject": [{"current": {"type": "SUBJECT", "status": "REGULAR", "shortName": "E", "longName": "Englisch", "displayName": "E"}, "removed": null}], "location": [{"current": {"type": "ROOM", "status": "REGULAR", "shortName": "3", "longName": "Klassenraum Klasse 3", "displayName": "3"}, "removed": null}], "teacher": "", "cellState": "REGULAR", "date": "2025-04-22", "start": "2025-04-22T10:00", "end": "2025-04-22T10:45", "type": "NORMAL_TEACHING_PERIOD"}, {"classID": 38, "schoolID": "3891500", "subject": [{"current": {"type": "SUBJECT", "status": "REGULAR", "shortName": "Sp", "longName": "Sport", "displayName": "Sp"}, "removed": null}], "location": [{"current": {"type": "ROOM", "status": "REGULAR", "shortName": "SP", "longName": "Sporthalle", "displayName": "SP"}, "removed": null}], "teacher": "", "cellState": "REGULAR", "date": "2025-04-22", "start": "2025-04-22T10:50", "end": "2025-04-22T11:35", "type": "NORMAL_TEACHING_PERIOD"}, {"classID": 38, "schoolID": "3891500", "subject": [{"current": {"type": "SUBJECT", "status": "REGULAR", "shortName": "Ku", "longName": "Bildende Kunst", "displayName": "Ku"}, "removed": null}], "location": [{"current": {"type": "ROOM", "status": "REGULAR", "shortName": "KU", "longName": "Kunstraum", "displayName": "KU"}, "removed": null}], "teacher": "", "cellState": "REGULAR", "date": "2025-04-22", "start": "2025-04-22T11:55", "end": "2025-04-22T12:40", "type": "NORMAL_TEACHING_PERIOD"}, {"classID": 38, "schoolID": "3891500", "subject": [{"current": {"type": "SUBJECT", "status": "REGULAR", "shortName": "K S", "longName": "Kurzstunde", "displayName": "K S"}, "removed": null}], "location": [{"current": {"type": "ROOM", "status": "REGULAR", "shortName": "KU", "longName": "Kunstraum", "displayName": "KU"}, "removed": null}], "teacher": "", "cellState": "REGULAR", "date": "2025-04-22", "start": "2025-04-22T12:42", "end": "2025-04-22T13:00", "type": "NORMAL_TEACHING_PERIOD"}, {"classID": 41, "schoolID": "3891500", "subject": [{"current": {"type": "SUBJECT", "status": "REGULAR", "shortName": "D", "longName": "Deutsch", "displayName": "D"}, "removed": null}], "location": [{"current": {"type": "ROOM", "status": "REGULAR", "shortName": "4", "longName": "Klassenraum Klasse 4", "displayName": "4"}, "removed": null}], "teacher": "", "cellState": "REGULAR", "date": "2025-04-22", "start": "2025-04-22T08:00", "end": "2025-04-22T08:45", "type": "NORMAL_TEACHING_PERIOD"}, {"classID": 41, "schoolID": "3891500", "subject": [{"current": {"type": "SUBJECT", "status": "REGULAR", "shortName": "M", "longName": "Mathematik", "displayName": "M"}, "removed": null}], "location": [{"current": {"type": "ROOM", "status": "REGULAR", "shortName": "4", "longName": "Klassenraum Klasse 4", "displayName": "4"}, "removed": null}], "teacher": "", "cellState": "REGULAR", "date": "2025-04-22", "start": "2025-04-22T08:50", "end": "2025-04-22T09:35", "type": "NORMAL_TEACHING_PERIOD"}, {"classID": 41, "schoolID": "3891500", "subject": [{"current": {"type": "SUBJECT", "status": "REGULAR", "shortName": "Mu", "longName": "Musik", "displayName": "Mu"}, "removed": null}], "location": [{"current": {"type": "ROOM", "status": "REGULAR", "shortName": "MU", "longName": "Musikraum", "displayName": "MU"}, "removed": null}], "teacher": "", "cellState": "CHANGED", "date": "2025-04-22", "start": "2025-04-22T10:00", "end": "2025-04-22T10:45", "type": "NORMAL_TEACHING_PERIOD"}, {"classID": 41, "schoolID": "3891500", "subject": [{"current": {"type": "SUBJECT", "status": "REGULAR", "shortName": "D", "longName": "Deutsch", "displayName": "D"}, "removed": null}], "location": [{"current": {"type": "ROOM", "status": "REGULAR", "shortName": "4", "longName": "Klassenraum Klasse 4", "displayName": "4"}, "removed": null}], "teacher": "", "cellState": "REGULAR", "date": "2025-04-22", "start": "2025-04-22T10:50", "end": "2025-04-22T11:35", "type": "NORMAL_TEACHING_PERIOD"}, {"classID": 41, "schoolID": "3891500", "subject": [{"current": {"type": "SUBJECT", "status": "REGULAR", "shortName": "Su", "longName": "Sachunterricht", "displayName": "Su"}, "removed": null}], "location": [{"current": {"type": "ROOM", "status": "REGULAR", "shortName": "4", "longName": "Klassenraum Klasse 4", "displayName": "4"}, "removed": null}], "teacher": "", "cellState": "REGULAR", "date": "2025-04-22", "start": "2025-04-22T11:55", "end": "2025-04-22T12:40", "type": "NORMAL_TEACHING_PERIOD"}, {"classID": 41, "schoolID": "3891500", "subject": [{"current": {"type": "SUBJECT", "status": "REGULAR", "shortName": "FsW", "longName": "F\u00f6rdern statt Wiederholen", "displayName": "FsW"}, "removed": null}], "location": [{"current": {"type": "ROOM", "status": "REGULAR", "shortName": "MU", "longName": "Musikraum", "displayName": "MU"}, "removed": null}], "teacher": "", "cellState": "REGULAR", "date": "2025-04-22", "start": "2025-04-22T11:55", "end": "2025-04-22T12:40", "type": "NORMAL_TEACHING_PERIOD"}, {"classID": 41, "schoolID": "3891500", "subject": [{"current": {"type": "SUBJECT", "status": "REGULAR", "shortName": "K S", "longName": "Kurzstunde", "displayName": "K S"}, "removed": null}], "location": [{"current": {"type": "ROOM", "status": "REGULAR", "shortName": "4", "longName": "Klassenraum Klasse 4", "displayName": "4"}, "removed": null}], "teacher": "", "cellState": "REGULAR", "date": "2025-04-22", "start": "2025-04-22T12:42", "end": "2025-04-22T13:00", "type": "NORMAL_TEACHING_PERIOD"}, {"classID": 48, "schoolID": "3891500", "subject": [{"current": {"type": "SUBJECT", "status": "REGULAR", "shortName": "D", "longName": "Deutsch", "displayName": "D"}, "removed": null}], "location": [{"current": {"type": "ROOM", "status": "REGULAR", "shortName": "IVK", "longName": "Klassenraum IVK", "displayName": "IVK"}, "removed": null}], "teacher": "", "cellState": "REGULAR", "date": "2025-04-22", "start": "2025-04-22T08:00", "end": "2025-04-22T09:35", "type": "NORMAL_TEACHING_PERIOD"}, {"classID": 48, "schoolID": "3891500", "subject": [{"current": {"type": "SUBJECT", "status": "REGULAR", "shortName": "D", "longName": "Deutsch", "displayName": "D"}, "removed": null}], "location": [{"current": {"type": "ROOM", "status": "REGULAR", "shortName": "IVK", "longName": "Klassenraum IVK", "displayName": "IVK"}, "removed": null}], "teacher": "", "cellState": "REGULAR", "date": "2025-04-22", "start": "2025-04-22T10:00", "end": "2025-04-22T10:45", "type": "NORMAL_TEACHING_PERIOD"}, {"classID": 48, "schoolID": "3891500", "subject": [{"current": {"type": "SUBJECT", "status": "REGULAR", "shortName": "M", "longName": "Mathematik", "displayName": "M"}, "removed": null}], "location": [{"current": {"type": "ROOM", "status": "REGULAR", "shortName": "IVK", "longName": "Klassenraum IVK", "displayName": "IVK"}, "removed": null}], "teacher": "", "cellState": "REGULAR", "date": "2025-04-22", "start": "2025-04-22T10:50", "end": "2025-04-22T11:35", "type": "NORMAL_TEACHING_PERIOD"}, {"classID": 48, "schoolID": "3891500", "subject": [{"current": {"type": "SUBJECT", "status": "REGULAR", "shortName": "Th", "longName": "Theater", "displayName": "Th"}, "removed": null}], "location": [{"current": {"type": "ROOM", "status": "REGULAR", "shortName": "AULA", "longName": "Aula", "displayName": "AULA"}, "removed": null}], "teacher": "", "cellState": "REGULAR", "date": "2025-04-22", "start": "2025-04-22T11:55", "end": "2025-04-22T12:40", "type": "NORMAL_TEACHING_PERIOD"}, {"classID": 48, "schoolID": "3891500", "subject": [{"current": {"type": "SUBJECT", "status": "REGULAR", "shortName": "K S", "longName": "Kurzstunde", "displayName": "K S"}, "removed": null}], "location": [{"current": {"type": "ROOM", "status": "REGULAR", "shortName": "AULA", "longName": "Aula", "displayName": "AULA"}, "removed": null}], "teacher": "", "cellState": "REGULAR", "date": "2025-04-22", "start": "2025-04-22T12:42", "end": "2025-04-22T13:00", "type": "NORMAL_TEACHING_PERIOD"}, {"classID": 47, "schoolID": "3891500", "subject": [{"current": {"type": "SUBJECT", "status": "REGULAR", "shortName": "SpV", "longName": "VSK Sport", "displayName": "SpV"}, "removed": null}], "location": [{"current": {"type": "ROOM", "status": "REGULAR", "shortName": "SP", "longName": "Sporthalle", "displayName": "SP"}, "removed": null}], "teacher": "", "cellState": "REGULAR", "date": "2025-04-22", "start": "2025-04-22T08:00", "end": "2025-04-22T08:45", "type": "NORMAL_TEACHING_PERIOD"}, {"classID": 47, "schoolID": "3891500", "subject": [{"current": {"type": "SUBJECT", "status": "REGULAR", "shortName": "KuV", "longName": "VSK Kunst", "displayName": "KuV"}, "removed": null}], "location": [{"current": {"type": "ROOM", "status": "REGULAR", "shortName": "KU", "longName": "Kunstraum", "displayName": "KU"}, "removed": null}], "teacher": "", "cellState": "REGULAR", "date": "2025-04-22", "start": "2025-04-22T08:50", "end": "2025-04-22T09:35", "type": "NORMAL_TEACHING_PERIOD"}, {"classID": 47, "schoolID": "3891500", "subject": [{"current": {"type": "SUBJECT", "status": "REGULAR", "shortName": "VSK", "longName": "VSK Klassenleitung", "displayName": "VSK"}, "removed": null}], "location": [{"current": {"type": "ROOM", "status": "REGULAR", "shortName": "VSK", "longName": "Klassenraum der VSK", "displayName": "VSK"}, "removed": null}], "teacher": "", "cellState": "REGULAR", "date": "2025-04-22", "start": "2025-04-22T10:00", "end": "2025-04-22T10:45", "type": "NORMAL_TEACHING_PERIOD"}, {"classID": 47, "schoolID": "3891500", "subject": [{"current": {"type": "SUBJECT", "status": "REGULAR", "shortName": "VSK", "longName": "VSK Klassenleitung", "displayName": "VSK"}, "removed": null}], "location": [{"current": {"type": "ROOM", "status": "REGULAR", "shortName": "VSK", "longName": "Klassenraum der VSK", "displayName": "VSK"}, "removed": null}], "teacher": "", "cellState": "REGULAR", "date": "2025-04-22", "start": "2025-04-22T10:50", "end": "2025-04-22T11:35", "type": "NORMAL_TEACHING_PERIOD"}, {"classID": 47, "schoolID": "3891500", "subject": [{"current": {"type": "SUBJECT", "status": "REGULAR", "shortName": "VSK", "longName": "VSK Klassenleitung", "displayName": "VSK"}, "removed": null}], "location": [{"current": {"type": "ROOM", "status": "REGULAR", "shortName": "VSK", "longName": "Klassenraum der VSK", "displayName": "VSK"}, "removed": null}], "teacher": "", "cellState": "REGULAR", "date": "2025-04-22", "start": "2025-04-22T11:55", "end": "2025-04-22T12:40", "type": "NORMAL_TEACHING_PERIOD"}, {"classID": 47, "schoolID": "3891500", "subject": [{"current": {"type": "SUBJECT", "status": "REGULAR", "shortName": "KSV", "longName": "VSK Kurzstunde", "displayName": "KSV"}, "removed": null}], "location": [{"current": {"type": "ROOM", "status": "REGULAR", "shortName": "VSK", "longName": "Klassenraum der VSK", "displayName": "VSK"}, "removed": null}], "teacher": "", "cellState": "REGULAR", "date": "2025-04-22", "start": "2025-04-22T12:42", "end": "2025-04-22T13:00", "type": "NORMAL_TEACHING_PERIOD"}, {"classID": 47, "schoolID": "3891500", "subject": [{"current": {"type": "SUBJECT", "status": "REGULAR", "shortName": "Add", "longName": "Additive Sprachf\u00f6rderung", "displayName": "Add"}, "removed": null}], "location": "", "teacher": "", "cellState": "REGULAR", "date": "2025-04-22", "start": "2025-04-22T13:00", "end": "2025-04-22T14:30", "type": "NORMAL_TEACHING_PERIOD"}, {"classID": 35, "schoolID": "3891500", "subject": [{"current": {"type": "SUBJECT", "status": "REGULAR", "shortName": "D", "longName": "Deutsch", "displayName": "D"}, "removed": null}], "location": [{"current": {"type": "ROOM", "status": "REGULAR", "shortName": "1", "longName": "Klassenraum Klasse 1", "displayName": "1"}, "removed": null}], "teacher": "", "cellState": "CHANGED", "date": "2025-04-23", "start": "2025-04-23T08:00", "end": "2025-04-23T08:45", "type": "NORMAL_TEACHING_PERIOD"}, {"classID": 35, "schoolID": "3891500", "subject": [{"current": {"type": "SUBJECT", "status": "REGULAR", "shortName": "Su", "longName": "Sachunterricht", "displayName": "Su"}, "removed": null}], "location": [{"current": {"type": "ROOM", "status": "REGULAR", "shortName": "1", "longName": "Klassenraum Klasse 1", "displayName": "1"}, "removed": null}], "teacher": "", "cellState": "CHANGED", "date": "2025-04-23", "start": "2025-04-23T08:50", "end": "2025-04-23T09:35", "type": "NORMAL_TEACHING_PERIOD"}, {"classID": 35, "schoolID": "3891500", "subject": [{"current": {"type": "SUBJECT", "status": "REGULAR", "shortName": "M", "longName": "Mathematik", "displayName": "M"}, "removed": null}], "location": [{"current": {"type": "ROOM", "status": "REGULAR", "shortName": "1", "longName": "Klassenraum Klasse 1", "displayName": "1"}, "removed": null}], "teacher": "", "cellState": "REGULAR", "date": "2025-04-23", "start": "2025-04-23T10:00", "end": "2025-04-23T10:45", "type": "NORMAL_TEACHING_PERIOD"}, {"classID": 35, "schoolID": "3891500", "subject": [{"current": {"type": "SUBJECT", "status": "REGULAR", "shortName": "KLS", "longName": "Klassenlehrerstunde", "displayName": "KLS"}, "removed": null}], "location": [{"current": {"type": "ROOM", "status": "REGULAR", "shortName": "1", "longName": "Klassenraum Klasse 1", "displayName": "1"}, "removed": null}], "teacher": "", "cellState": "CHANGED", "date": "2025-04-23", "start": "2025-04-23T10:50", "end": "2025-04-23T11:35", "type": "NORMAL_TEACHING_PERIOD"}, {"classID": 35, "schoolID": "3891500", "subject": [{"current": {"type": "SUBJECT", "status": "REGULAR", "shortName": "Th", "longName": "Theater", "displayName": "Th"}, "removed": null}], "location": [{"current": {"type": "ROOM", "status": "REGULAR", "shortName": "AULA", "longName": "Aula", "displayName": "AULA"}, "removed": null}], "teacher": "", "cellState": "REGULAR", "date": "2025-04-23", "start": "2025-04-23T11:55", "end": "2025-04-23T12:40", "type": "NORMAL_TEACHING_PERIOD"}, {"classID": 35, "schoolID": "3891500", "subject": [{"current": {"type": "SUBJECT", "status": "REGULAR", "shortName": "K S", "longName": "Kurzstunde", "displayName": "K S"}, "removed": null}], "location": [{"current": {"type": "ROOM", "status": "REGULAR", "shortName": "AULA", "longName": "Aula", "displayName": "AULA"}, "removed": null}], "teacher": "", "cellState": "REGULAR", "date": "2025-04-23", "start": "2025-04-23T12:42", "end": "2025-04-23T13:00", "type": "NORMAL_TEACHING_PERIOD"}, {"classID": 32, "schoolID": "3891500", "subject": [{"current": {"type": "SUBJECT", "status": "REGULAR", "shortName": "Su", "longName": "Sachunterricht", "displayName": "Su"}, "removed": null}], "location": [{"current": {"type": "ROOM", "status": "REGULAR", "shortName": "2", "longName": "Klassenraum Klasse 2", "displayName": "2"}, "removed": null}], "teacher": "", "cellState": "REGULAR", "date": "2025-04-23", "start": "2025-04-23T08:00", "end": "2025-04-23T09:35", "type": "NORMAL_TEACHING_PERIOD"}, {"classID": 32, "schoolID": "3891500", "subject": [{"current": {"type": "SUBJECT", "status": "REGULAR", "shortName": "Rel", "longName": "Religion", "displayName": "Rel"}, "removed": null}], "location": [{"current": {"type": "ROOM", "status": "REGULAR", "shortName": "2", "longName": "Klassenraum Klasse 2", "displayName": "2"}, "removed": null}], "teacher": "", "cellState": "REGULAR", "date": "2025-04-23", "start": "2025-04-23T10:00", "end": "2025-04-23T10:45", "type": "NORMAL_TEACHING_PERIOD"}, {"classID": 32, "schoolID": "3891500", "subject": [{"current": {"type": "SUBJECT", "status": "REGULAR", "shortName": "Sp", "longName": "Sport", "displayName": "Sp"}, "removed": null}], "location": [{"current": {"type": "ROOM", "status": "REGULAR", "shortName": "SP", "longName": "Sporthalle", "displayName": "SP"}, "removed": null}], "teacher": "", "cellState": "REGULAR", "date": "2025-04-23", "start": "2025-04-23T10:50", "end": "2025-04-23T11:35", "type": "NORMAL_TEACHING_PERIOD"}, {"classID": 32, "schoolID": "3891500", "subject": [{"current": {"type": "SUBJECT", "status": "REGULAR", "shortName": "Mu", "longName": "Musik", "displayName": "Mu"}, "removed": null}], "location": [{"current": {"type": "ROOM", "status": "REGULAR", "shortName": "MU", "longName": "Musikraum", "displayName": "MU"}, "removed": null}], "teacher": "", "cellState": "REGULAR", "date": "2025-04-23", "start": "2025-04-23T11:55", "end": "2025-04-23T12:40", "type": "NORMAL_TEACHING_PERIOD"}, {"classID": 32, "schoolID": "3891500", "subject": [{"current": {"type": "SUBJECT", "status": "REGULAR", "shortName": "K S", "longName": "Kurzstunde", "displayName": "K S"}, "removed": null}], "location": [{"current": {"type": "ROOM", "status": "REGULAR", "shortName": "MU", "longName": "Musikraum", "displayName": "MU"}, "removed": null}], "teacher": "", "cellState": "REGULAR", "date": "2025-04-23", "start": "2025-04-23T12:42", "end": "2025-04-23T13:00", "type": "NORMAL_TEACHING_PERIOD"}, {"classID": 38, "schoolID": "3891500", "subject": [{"current": {"type": "SUBJECT", "status": "REGULAR", "shortName": "E", "longName": "Englisch", "displayName": "E"}, "removed": null}], "location": [{"current": {"type": "ROOM", "status": "REGULAR", "shortName": "3", "longName": "Klassenraum Klasse 3", "displayName": "3"}, "removed": null}], "teacher": "", "cellState": "REGULAR", "date": "2025-04-23", "start": "2025-04-23T08:00", "end": "2025-04-23T08:45", "type": "NORMAL_TEACHING_PERIOD"}, {"classID": 38, "schoolID": "3891500", "subject": [{"current": {"type": "SUBJECT", "status": "REGULAR", "shortName": "D", "longName": "Deutsch", "displayName": "D"}, "removed": null}], "location": [{"current": {"type": "ROOM", "status": "REGULAR", "shortName": "3", "longName": "Klassenraum Klasse 3", "displayName": "3"}, "removed": null}], "teacher": "", "cellState": "REGULAR", "date": "2025-04-23", "start": "2025-04-23T08:50", "end": "2025-04-23T09:35", "type": "NORMAL_TEACHING_PERIOD"}, {"classID": 38, "schoolID": "3891500", "subject": [{"current": {"type": "SUBJECT", "status": "REGULAR", "shortName": "Su", "longName": "Sachunterricht", "displayName": "Su"}, "removed": null}], "location": [{"current": {"type": "ROOM", "status": "REGULAR", "shortName": "PC", "longName": "Computerraum", "displayName": "PC"}, "removed": null}], "teacher": "", "cellState": "REGULAR", "date": "2025-04-23", "start": "2025-04-23T10:00", "end": "2025-04-23T10:45", "type": "NORMAL_TEACHING_PERIOD"}, {"classID": 38, "schoolID": "3891500", "subject": [{"current": {"type": "SUBJECT", "status": "REGULAR", "shortName": "M", "longName": "Mathematik", "displayName": "M"}, "removed": null}], "location": [{"current": {"type": "ROOM", "status": "REGULAR", "shortName": "3", "longName": "Klassenraum Klasse 3", "displayName": "3"}, "removed": null}], "teacher": "", "cellState": "REGULAR", "date": "2025-04-23", "start": "2025-04-23T10:50", "end": "2025-04-23T11:35", "type": "NORMAL_TEACHING_PERIOD"}, {"classID": 38, "schoolID": "3891500", "subject": [{"current": {"type": "SUBJECT", "status": "REGULAR", "shortName": "Sp", "longName": "Sport", "displayName": "Sp"}, "removed": null}], "location": [{"current": {"type": "ROOM", "status": "REGULAR", "shortName": "SP", "longName": "Sporthalle", "displayName": "SP"}, "removed": null}], "teacher": "", "cellState": "REGULAR", "date": "2025-04-23", "start": "2025-04-23T11:55", "end": "2025-04-23T12:40", "type": "NORMAL_TEACHING_PERIOD"}, {"classID": 38, "schoolID": "3891500", "subject": [{"current": {"type": "SUBJECT", "status": "REGULAR", "shortName": "K S", "longName": "Kurzstunde", "displayName": "K S"}, "removed": null}], "location": [{"current": {"type": "ROOM", "status": "REGULAR", "shortName": "SP", "longName": "Sporthalle", "displayName": "SP"}, "removed": null}], "teacher": "", "cellState": "REGULAR", "date": "2025-04-23", "start": "2025-04-23T12:42", "end": "2025-04-23T13:00", "type": "NORMAL_TEACHING_PERIOD"}, {"classID": 41, "schoolID": "3891500", "subject": [{"current": {"type": "SUBJECT", "status": "REGULAR", "shortName": "M", "longName": "Mathematik", "displayName": "M"}, "removed": null}], "location": [{"current": {"type": "ROOM", "status": "REGULAR", "shortName": "4", "longName": "Klassenraum Klasse 4", "displayName": "4"}, "removed": null}], "teacher": "", "cellState": "REGULAR", "date": "2025-04-23", "start": "2025-04-23T08:00", "end": "2025-04-23T08:45", "type": "NORMAL_TEACHING_PERIOD"}, {"classID": 41, "schoolID": "3891500", "subject": [{"current": {"type": "SUBJECT", "status": "REGULAR", "shortName": "D", "longName": "Deutsch", "displayName": "D"}, "removed": null}], "location": [{"current": {"type": "ROOM", "status": "REGULAR", "shortName": "4", "longName": "Klassenraum Klasse 4", "displayName": "4"}, "removed": null}], "teacher": "", "cellState": "REGULAR", "date": "2025-04-23", "start": "2025-04-23T08:50", "end": "2025-04-23T09:35", "type": "NORMAL_TEACHING_PERIOD"}, {"classID": 41, "schoolID": "3891500", "subject": [{"current": {"type": "SUBJECT", "status": "REGULAR", "shortName": "E", "longName": "Englisch", "displayName": "E"}, "removed": null}], "location": [{"current": {"type": "ROOM", "status": "REGULAR", "shortName": "4", "longName": "Klassenraum Klasse 4", "displayName": "4"}, "removed": null}], "teacher": "", "cellState": "REGULAR", "date": "2025-04-23", "start": "2025-04-23T10:00", "end": "2025-04-23T10:45", "type": "NORMAL_TEACHING_PERIOD"}, {"classID": 41, "schoolID": "3891500", "subject": [{"current": {"type": "SUBJECT", "status": "REGULAR", "shortName": "Rel", "longName": "Religion", "displayName": "Rel"}, "removed": null}], "location": [{"current": {"type": "ROOM", "status": "REGULAR", "shortName": "MU", "longName": "Musikraum", "displayName": "MU"}, "removed": null}], "teacher": "", "cellState": "REGULAR", "date": "2025-04-23", "start": "2025-04-23T10:50", "end": "2025-04-23T11:35", "type": "NORMAL_TEACHING_PERIOD"}, {"classID": 41, "schoolID": "3891500", "subject": [{"current": {"type": "SUBJECT", "status": "REGULAR", "shortName": "Ku", "longName": "Bildende Kunst", "displayName": "Ku"}, "removed": null}], "location": [{"current": {"type": "ROOM", "status": "REGULAR", "shortName": "KU", "longName": "Kunstraum", "displayName": "KU"}, "removed": null}], "teacher": "", "cellState": "REGULAR", "date": "2025-04-23", "start": "2025-04-23T11:55", "end": "2025-04-23T12:40", "type": "NORMAL_TEACHING_PERIOD"}, {"classID": 41, "schoolID": "3891500", "subject": [{"current": {"type": "SUBJECT", "status": "REGULAR", "shortName": "K S", "longName": "Kurzstunde", "displayName": "K S"}, "removed": null}], "location": [{"current": {"type": "ROOM", "status": "REGULAR", "shortName": "KU", "longName": "Kunstraum", "displayName": "KU"}, "removed": null}], "teacher": "", "cellState": "REGULAR", "date": "2025-04-23", "start": "2025-04-23T12:42", "end": "2025-04-23T13:00", "type": "NORMAL_TEACHING_PERIOD"}, {"classID": 48, "schoolID": "3891500", "subject": [{"current": {"type": "SUBJECT", "status": "REGULAR", "shortName": "D", "longName": "Deutsch", "displayName": "D"}, "removed": null}], "location": [{"current": {"type": "ROOM", "status": "REGULAR", "shortName": "IVK", "longName": "Klassenraum IVK", "displayName": "IVK"}, "removed": null}], "teacher": "", "cellState": "REGULAR", "date": "2025-04-23", "start": "2025-04-23T08:00", "end": "2025-04-23T08:45", "type": "NORMAL_TEACHING_PERIOD"}, {"classID": 48, "schoolID": "3891500", "subject": [{"current": {"type": "SUBJECT", "status": "REGULAR", "shortName": "M", "longName": "Mathematik", "displayName": "M"}, "removed": null}], "location": [{"current": {"type": "ROOM", "status": "REGULAR", "shortName": "IVK", "longName": "Klassenraum IVK", "displayName": "IVK"}, "removed": null}], "teacher": "", "cellState": "REGULAR", "date": "2025-04-23", "start": "2025-04-23T08:50", "end": "2025-04-23T09:35", "type": "NORMAL_TEACHING_PERIOD"}, {"classID": 48, "schoolID": "3891500", "subject": [{"current": {"type": "SUBJECT", "status": "REGULAR", "shortName": "Sp", "longName": "Sport", "displayName": "Sp"}, "removed": null}], "location": [{"current": {"type": "ROOM", "status": "REGULAR", "shortName": "SP", "longName": "Sporthalle", "displayName": "SP"}, "removed": null}], "teacher": "", "cellState": "REGULAR", "date": "2025-04-23", "start": "2025-04-23T10:00", "end": "2025-04-23T10:45", "type": "NORMAL_TEACHING_PERIOD"}, {"classID": 48, "schoolID": "3891500", "subject": [{"current": {"type": "SUBJECT", "status": "REGULAR", "shortName": "D", "longName": "Deutsch", "displayName": "D"}, "removed": null}], "location": [{"current": {"type": "ROOM", "status": "REGULAR", "shortName": "IVK", "longName": "Klassenraum IVK", "displayName": "IVK"}, "removed": null}], "teacher": "", "cellState": "REGULAR", "date": "2025-04-23", "start": "2025-04-23T10:50", "end": "2025-04-23T11:35", "type": "NORMAL_TEACHING_PERIOD"}, {"classID": 48, "schoolID": "3891500", "subject": [{"current": {"type": "SUBJECT", "status": "REGULAR", "shortName": "Su", "longName": "Sachunterricht", "displayName": "Su"}, "removed": null}], "location": [{"current": {"type": "ROOM", "status": "REGULAR", "shortName": "IVK", "longName": "Klassenraum IVK", "displayName": "IVK"}, "removed": null}], "teacher": "", "cellState": "REGULAR", "date": "2025-04-23", "start": "2025-04-23T11:55", "end": "2025-04-23T12:40", "type": "NORMAL_TEACHING_PERIOD"}, {"classID": 48, "schoolID": "3891500", "subject": [{"current": {"type": "SUBJECT", "status": "REGULAR", "shortName": "K S", "longName": "Kurzstunde", "displayName": "K S"}, "removed": null}], "location": [{"current": {"type": "ROOM", "status": "REGULAR", "shortName": "IVK", "longName": "Klassenraum IVK", "displayName": "IVK"}, "removed": null}], "teacher": "", "cellState": "REGULAR", "date": "2025-04-23", "start": "2025-04-23T12:42", "end": "2025-04-23T13:00", "type": "NORMAL_TEACHING_PERIOD"}, {"classID": 47, "schoolID": "3891500", "subject": [{"current": {"type": "SUBJECT", "status": "REGULAR", "shortName": "VSK", "longName": "VSK Klassenleitung", "displayName": "VSK"}, "removed": null}], "location": [{"current": {"type": "ROOM", "status": "REGULAR", "shortName": "VSK", "longName": "Klassenraum der VSK", "displayName": "VSK"}, "removed": null}], "teacher": "", "cellState": "REGULAR", "date": "2025-04-23", "start": "2025-04-23T08:00", "end": "2025-04-23T08:45", "type": "NORMAL_TEACHING_PERIOD"}, {"classID": 47, "schoolID": "3891500", "subject": [{"current": {"type": "SUBJECT", "status": "REGULAR", "shortName": "SpV", "longName": "VSK Sport", "displayName": "SpV"}, "removed": null}], "location": [{"current": {"type": "ROOM", "status": "REGULAR", "shortName": "SP", "longName": "Sporthalle", "displayName": "SP"}, "removed": null}], "teacher": "", "cellState": "REGULAR", "date": "2025-04-23", "start": "2025-04-23T08:50", "end": "2025-04-23T09:35", "type": "NORMAL_TEACHING_PERIOD"}, {"classID": 47, "schoolID": "3891500", "subject": [{"current": {"type": "SUBJECT", "status": "REGULAR", "shortName": "VSK", "longName": "VSK Klassenleitung", "displayName": "VSK"}, "removed": null}], "location": [{"current": {"type": "ROOM", "status": "REGULAR", "shortName": "VSK", "longName": "Klassenraum der VSK", "displayName": "VSK"}, "removed": null}], "teacher": "", "cellState": "REGULAR", "date": "2025-04-23", "start": "2025-04-23T10:00", "end": "2025-04-23T10:45", "type": "NORMAL_TEACHING_PERIOD"}, {"classID": 47, "schoolID": "3891500", "subject": [{"current": {"type": "SUBJECT", "status": "REGULAR", "shortName": "VSK", "longName": "VSK Klassenleitung", "displayName": "VSK"}, "removed": null}], "location": [{"current": {"type": "ROOM", "status": "REGULAR", "shortName": "VSK", "longName": "Klassenraum der VSK", "displayName": "VSK"}, "removed": null}], "teacher": "", "cellState": "REGULAR", "date": "2025-04-23", "start": "2025-04-23T10:50", "end": "2025-04-23T11:35", "type": "NORMAL_TEACHING_PERIOD"}, {"classID": 47, "schoolID": "3891500", "subject": [{"current": {"type": "SUBJECT", "status": "REGULAR", "shortName": "VSK", "longName": "VSK Klassenleitung", "displayName": "VSK"}, "removed": null}], "location": [{"current": {"type": "ROOM", "status": "REGULAR", "shortName": "VSK", "longName": "Klassenraum der VSK", "displayName": "VSK"}, "removed": null}], "teacher": "", "cellState": "REGULAR", "date": "2025-04-23", "start": "2025-04-23T11:55", "end": "2025-04-23T12:40", "type": "NORMAL_TEACHING_PERIOD"}, {"classID": 47, "schoolID": "3891500", "subject": [{"current": {"type": "SUBJECT", "status": "REGULAR", "shortName": "KSV", "longName": "VSK Kurzstunde", "displayName": "KSV"}, "removed": null}], "location": "", "teacher": "", "cellState": "REGULAR", "date": "2025-04-23", "start": "2025-04-23T12:42", "end": "2025-04-23T13:00", "type": "NORMAL_TEACHING_PERIOD"}, {"classID": 35, "schoolID": "3891500", "subject": [{"current": {"type": "SUBJECT", "status": "REGULAR", "shortName": "D", "longName": "Deutsch", "displayName": "D"}, "removed": null}], "location": [{"current": {"type": "ROOM", "status": "REGULAR", "shortName": "1", "longName": "Klassenraum Klasse 1", "displayName": "1"}, "removed": null}], "teacher": "", "cellState": "REGULAR", "date": "2025-04-24", "start": "2025-04-24T08:00", "end": "2025-04-24T08:45", "type": "NORMAL_TEACHING_PERIOD"}, {"classID": 35, "schoolID": "3891500", "subject": [{"current": {"type": "SUBJECT", "status": "REGULAR", "shortName": "M", "longName": "Mathematik", "displayName": "M"}, "removed": null}], "location": [{"current": {"type": "ROOM", "status": "REGULAR", "shortName": "1", "longName": "Klassenraum Klasse 1", "displayName": "1"}, "removed": null}], "teacher": "", "cellState": "REGULAR", "date": "2025-04-24", "start": "2025-04-24T08:50", "end": "2025-04-24T09:35", "type": "NORMAL_TEACHING_PERIOD"}, {"classID": 35, "schoolID": "3891500", "subject": [{"current": {"type": "SUBJECT", "status": "REGULAR", "shortName": "D", "longName": "Deutsch", "displayName": "D"}, "removed": null}], "location": [{"current": {"type": "ROOM", "status": "REGULAR", "shortName": "1", "longName": "Klassenraum Klasse 1", "displayName": "1"}, "removed": null}], "teacher": "", "cellState": "REGULAR", "date": "2025-04-24", "start": "2025-04-24T10:00", "end": "2025-04-24T10:45", "type": "NORMAL_TEACHING_PERIOD"}, {"classID": 35, "schoolID": "3891500", "subject": [{"current": {"type": "SUBJECT", "status": "REGULAR", "shortName": "Ku", "longName": "Bildende Kunst", "displayName": "Ku"}, "removed": null}], "location": [{"current": {"type": "ROOM", "status": "REGULAR", "shortName": "KU", "longName": "Kunstraum", "displayName": "KU"}, "removed": null}], "teacher": "", "cellState": "REGULAR", "date": "2025-04-24", "start": "2025-04-24T10:50", "end": "2025-04-24T11:35", "type": "NORMAL_TEACHING_PERIOD"}, {"classID": 35, "schoolID": "3891500", "subject": [{"current": {"type": "SUBJECT", "status": "REGULAR", "shortName": "Sp", "longName": "Sport", "displayName": "Sp"}, "removed": null}], "location": [{"current": {"type": "ROOM", "status": "REGULAR", "shortName": "SP", "longName": "Sporthalle", "displayName": "SP"}, "removed": null}], "teacher": "", "cellState": "REGULAR", "date": "2025-04-24", "start": "2025-04-24T11:55", "end": "2025-04-24T12:40", "type": "NORMAL_TEACHING_PERIOD"}, {"classID": 35, "schoolID": "3891500", "subject": [{"current": {"type": "SUBJECT", "status": "REGULAR", "shortName": "K S", "longName": "Kurzstunde", "displayName": "K S"}, "removed": null}], "location": [{"current": {"type": "ROOM", "status": "REGULAR", "shortName": "SP", "longName": "Sporthalle", "displayName": "SP"}, "removed": null}], "teacher": "", "cellState": "REGULAR", "date": "2025-04-24", "start": "2025-04-24T12:42", "end": "2025-04-24T13:00", "type": "NORMAL_TEACHING_PERIOD"}, {"classID": 32, "schoolID": "3891500", "subject": [{"current": {"type": "SUBJECT", "status": "REGULAR", "shortName": "Su", "longName": "Sachunterricht", "displayName": "Su"}, "removed": null}], "location": [{"current": {"type": "ROOM", "status": "REGULAR", "shortName": "2", "longName": "Klassenraum Klasse 2", "displayName": "2"}, "removed": null}], "teacher": "", "cellState": "CHANGED", "date": "2025-04-24", "start": "2025-04-24T08:00", "end": "2025-04-24T08:45", "type": "NORMAL_TEACHING_PERIOD"}, {"classID": 32, "schoolID": "3891500", "subject": [{"current": {"type": "SUBJECT", "status": "REGULAR", "shortName": "Sp", "longName": "Sport", "displayName": "Sp"}, "removed": null}], "location": [{"current": {"type": "ROOM", "status": "REGULAR", "shortName": "SP", "longName": "Sporthalle", "displayName": "SP"}, "removed": null}], "teacher": "", "cellState": "CHANGED", "date": "2025-04-24", "start": "2025-04-24T08:50", "end": "2025-04-24T09:35", "type": "NORMAL_TEACHING_PERIOD"}, {"classID": 32, "schoolID": "3891500", "subject": [{"current": {"type": "SUBJECT", "status": "REGULAR", "shortName": "M", "longName": "Mathematik", "displayName": "M"}, "removed": null}], "location": [{"current": {"type": "ROOM", "status": "REGULAR", "shortName": "2", "longName": "Klassenraum Klasse 2", "displayName": "2"}, "removed": null}], "teacher": "", "cellState": "REGULAR", "date": "2025-04-24", "start": "2025-04-24T10:00", "end": "2025-04-24T10:45", "type": "NORMAL_TEACHING_PERIOD"}, {"classID": 32, "schoolID": "3891500", "subject": [{"current": {"type": "SUBJECT", "status": "REGULAR", "shortName": "FsW", "longName": "F\u00f6rdern statt Wiederholen", "displayName": "FsW"}, "removed": null}], "location": "", "teacher": "", "cellState": "REGULAR", "date": "2025-04-24", "start": "2025-04-24T10:00", "end": "2025-04-24T10:45", "type": "NORMAL_TEACHING_PERIOD"}, {"classID": 32, "schoolID": "3891500", "subject": [{"current": {"type": "SUBJECT", "status": "REGULAR", "shortName": "D", "longName": "Deutsch", "displayName": "D"}, "removed": null}], "location": [{"current": {"type": "ROOM", "status": "REGULAR", "shortName": "2", "longName": "Klassenraum Klasse 2", "displayName": "2"}, "removed": null}], "teacher": "", "cellState": "REGULAR", "date": "2025-04-24", "start": "2025-04-24T10:50", "end": "2025-04-24T11:35", "type": "NORMAL_TEACHING_PERIOD"}, {"classID": 32, "schoolID": "3891500", "subject": [{"current": {"type": "SUBJECT", "status": "REGULAR", "shortName": "D", "longName": "Deutsch", "displayName": "D"}, "removed": null}], "location": [{"current": {"type": "ROOM", "status": "REGULAR", "shortName": "2", "longName": "Klassenraum Klasse 2", "displayName": "2"}, "removed": null}], "teacher": "", "cellState": "REGULAR", "date": "2025-04-24", "start": "2025-04-24T11:55", "end": "2025-04-24T12:40", "type": "NORMAL_TEACHING_PERIOD"}, {"classID": 32, "schoolID": "3891500", "subject": [{"current": {"type": "SUBJECT", "status": "REGULAR", "shortName": "K S", "longName": "Kurzstunde", "displayName": "K S"}, "removed": null}], "location": [{"current": {"type": "ROOM", "status": "REGULAR", "shortName": "2", "longName": "Klassenraum Klasse 2", "displayName": "2"}, "removed": null}], "teacher": "", "cellState": "REGULAR", "date": "2025-04-24", "start": "2025-04-24T12:42", "end": "2025-04-24T13:00", "type": "NORMAL_TEACHING_PERIOD"}, {"classID": 32, "schoolID": "3891500", "subject": [{"current": {"type": "SUBJECT", "status": "REGULAR", "shortName": "Add", "longName": "Additive Sprachf\u00f6rderung", "displayName": "Add"}, "removed": null}], "location": [{"current": {"type": "ROOM", "status": "REGULAR", "shortName": "PC", "longName": "Computerraum", "displayName": "PC"}, "removed": null}], "teacher": "", "cellState": "REGULAR", "date": "2025-04-24", "start": "2025-04-24T13:00", "end": "2025-04-24T13:45", "type": "NORMAL_TEACHING_PERIOD"}, {"classID": 38, "schoolID": "3891500", "subject": [{"current": {"type": "SUBJECT", "status": "REGULAR", "shortName": "M", "longName": "Mathematik", "displayName": "M"}, "removed": null}], "location": [{"current": {"type": "ROOM", "status": "REGULAR", "shortName": "3", "longName": "Klassenraum Klasse 3", "displayName": "3"}, "removed": null}], "teacher": "", "cellState": "REGULAR", "date": "2025-04-24", "start": "2025-04-24T08:00", "end": "2025-04-24T08:45", "type": "NORMAL_TEACHING_PERIOD"}, {"classID": 38, "schoolID": "3891500", "subject": [{"current": {"type": "SUBJECT", "status": "REGULAR", "shortName": "D", "longName": "Deutsch", "displayName": "D"}, "removed": null}], "location": [{"current": {"type": "ROOM", "status": "REGULAR", "shortName": "3", "longName": "Klassenraum Klasse 3", "displayName": "3"}, "removed": null}], "teacher": "", "cellState": "REGULAR", "date": "2025-04-24", "start": "2025-04-24T08:50", "end": "2025-04-24T09:35", "type": "NORMAL_TEACHING_PERIOD"}, {"classID": 38, "schoolID": "3891500", "subject": [{"current": {"type": "SUBJECT", "status": "REGULAR", "shortName": "E", "longName": "Englisch", "displayName": "E"}, "removed": null}], "location": [{"current": {"type": "ROOM", "status": "REGULAR", "shortName": "3", "longName": "Klassenraum Klasse 3", "displayName": "3"}, "removed": null}], "teacher": "", "cellState": "REGULAR", "date": "2025-04-24", "start": "2025-04-24T10:00", "end": "2025-04-24T10:45", "type": "NORMAL_TEACHING_PERIOD"}, {"classID": 38, "schoolID": "3891500", "subject": [{"current": {"type": "SUBJECT", "status": "REGULAR", "shortName": "Sp", "longName": "Sport", "displayName": "Sp"}, "removed": null}], "location": [{"current": {"type": "ROOM", "status": "REGULAR", "shortName": "SP", "longName": "Sporthalle", "displayName": "SP"}, "removed": null}], "teacher": "", "cellState": "CHANGED", "date": "2025-04-24", "start": "2025-04-24T10:50", "end": "2025-04-24T11:35", "type": "NORMAL_TEACHING_PERIOD"}, {"classID": 38, "schoolID": "3891500", "subject": [{"current": {"type": "SUBJECT", "status": "REGULAR", "shortName": "Su", "longName": "Sachunterricht", "displayName": "Su"}, "removed": null}], "location": [{"current": {"type": "ROOM", "status": "REGULAR", "shortName": "3", "longName": "Klassenraum Klasse 3", "displayName": "3"}, "removed": null}], "teacher": "", "cellState": "REGULAR", "date": "2025-04-24", "start": "2025-04-24T11:55", "end": "2025-04-24T12:40", "type": "NORMAL_TEACHING_PERIOD"}, {"classID": 38, "schoolID": "3891500", "subject": [{"current": {"type": "SUBJECT", "status": "REGULAR", "shortName": "K S", "longName": "Kurzstunde", "displayName": "K S"}, "removed": null}], "location": "", "teacher": "", "cellState": "REGULAR", "date": "2025-04-24", "start": "2025-04-24T12:42", "end": "2025-04-24T13:00", "type": "NORMAL_TEACHING_PERIOD"}, {"classID": 41, "schoolID": "3891500", "subject": [{"current": {"type": "SUBJECT", "status": "REGULAR", "shortName": "D", "longName": "Deutsch", "displayName": "D"}, "removed": null}], "location": [{"current": {"type": "ROOM", "status": "REGULAR", "shortName": "4", "longName": "Klassenraum Klasse 4", "displayName": "4"}, "removed": null}], "teacher": "", "cellState": "REGULAR", "date": "2025-04-24", "start": "2025-04-24T08:00", "end": "2025-04-24T08:45", "type": "NORMAL_TEACHING_PERIOD"}, {"classID": 41, "schoolID": "3891500", "subject": [{"current": {"type": "SUBJECT", "status": "REGULAR", "shortName": "FsW", "longName": "F\u00f6rdern statt Wiederholen", "displayName": "FsW"}, "removed": null}], "location": [{"current": {"type": "ROOM", "status": "REGULAR", "shortName": "MU", "longName": "Musikraum", "displayName": "MU"}, "removed": null}], "teacher": "", "cellState": "REGULAR", "date": "2025-04-24", "start": "2025-04-24T08:00", "end": "2025-04-24T08:45", "type": "NORMAL_TEACHING_PERIOD"}, {"classID": 41, "schoolID": "3891500", "subject": [{"current": {"type": "SUBJECT", "status": "REGULAR", "shortName": "Ku", "longName": "Bildende Kunst", "displayName": "Ku"}, "removed": null}], "location": [{"current": {"type": "ROOM", "status": "REGULAR", "shortName": "KU", "longName": "Kunstraum", "displayName": "KU"}, "removed": null}], "teacher": "", "cellState": "REGULAR", "date": "2025-04-24", "start": "2025-04-24T08:50", "end": "2025-04-24T09:35", "type": "NORMAL_TEACHING_PERIOD"}, {"classID": 41, "schoolID": "3891500", "subject": [{"current": {"type": "SUBJECT", "status": "REGULAR", "shortName": "Sp", "longName": "Sport", "displayName": "Sp"}, "removed": null}], "location": [{"current": {"type": "ROOM", "status": "REGULAR", "shortName": "SP", "longName": "Sporthalle", "displayName": "SP"}, "removed": null}], "teacher": "", "cellState": "CHANGED", "date": "2025-04-24", "start": "2025-04-24T10:00", "end": "2025-04-24T10:45", "type": "NORMAL_TEACHING_PERIOD"}, {"classID": 41, "schoolID": "3891500", "subject": [{"current": {"type": "SUBJECT", "status": "REGULAR", "shortName": "M", "longName": "Mathematik", "displayName": "M"}, "removed": null}], "location": [{"current": {"type": "ROOM", "status": "REGULAR", "shortName": "4", "longName": "Klassenraum Klasse 4", "displayName": "4"}, "removed": null}], "teacher": "", "cellState": "REGULAR", "date": "2025-04-24", "start": "2025-04-24T10:50", "end": "2025-04-24T11:35", "type": "NORMAL_TEACHING_PERIOD"}, {"classID": 41, "schoolID": "3891500", "subject": [{"current": {"type": "SUBJECT", "status": "REGULAR", "shortName": "Su", "longName": "Sachunterricht", "displayName": "Su"}, "removed": null}], "location": [{"current": {"type": "ROOM", "status": "REGULAR", "shortName": "4", "longName": "Klassenraum Klasse 4", "displayName": "4"}, "removed": null}], "teacher": "", "cellState": "REGULAR", "date": "2025-04-24", "start": "2025-04-24T11:55", "end": "2025-04-24T12:40", "type": "NORMAL_TEACHING_PERIOD"}, {"classID": 41, "schoolID": "3891500", "subject": [{"current": {"type": "SUBJECT", "status": "REGULAR", "shortName": "K S", "longName": "Kurzstunde", "displayName": "K S"}, "removed": null}], "location": [{"current": {"type": "ROOM", "status": "REGULAR", "shortName": "4", "longName": "Klassenraum Klasse 4", "displayName": "4"}, "removed": null}], "teacher": "", "cellState": "REGULAR", "date": "2025-04-24", "start": "2025-04-24T12:42", "end": "2025-04-24T13:00", "type": "NORMAL_TEACHING_PERIOD"}, {"classID": 48, "schoolID": "3891500", "subject": [{"current": {"type": "SUBJECT", "status": "REGULAR", "shortName": "D", "longName": "Deutsch", "displayName": "D"}, "removed": null}], "location": [{"current": {"type": "ROOM", "status": "REGULAR", "shortName": "IVK", "longName": "Klassenraum IVK", "displayName": "IVK"}, "removed": null}], "teacher": "", "cellState": "REGULAR", "date": "2025-04-24", "start": "2025-04-24T08:00", "end": "2025-04-24T08:45", "type": "NORMAL_TEACHING_PERIOD"}, {"classID": 48, "schoolID": "3891500", "subject": [{"current": {"type": "SUBJECT", "status": "REGULAR", "shortName": "Su", "longName": "Sachunterricht", "displayName": "Su"}, "removed": null}], "location": [{"current": {"type": "ROOM", "status": "REGULAR", "shortName": "IVK", "longName": "Klassenraum IVK", "displayName": "IVK"}, "removed": null}], "teacher": "", "cellState": "REGULAR", "date": "2025-04-24", "start": "2025-04-24T08:50", "end": "2025-04-24T09:35", "type": "NORMAL_TEACHING_PERIOD"}, {"classID": 48, "schoolID": "3891500", "subject": [{"current": {"type": "SUBJECT", "status": "REGULAR", "shortName": "Ku", "longName": "Bildende Kunst", "displayName": "Ku"}, "removed": null}], "location": [{"current": {"type": "ROOM", "status": "REGULAR", "shortName": "KU", "longName": "Kunstraum", "displayName": "KU"}, "removed": null}], "teacher": "", "cellState": "REGULAR", "date": "2025-04-24", "start": "2025-04-24T10:00", "end": "2025-04-24T10:45", "type": "NORMAL_TEACHING_PERIOD"}, {"classID": 48, "schoolID": "3891500", "subject": [{"current": {"type": "SUBJECT", "status": "REGULAR", "shortName": "Mu", "longName": "Musik", "displayName": "Mu"}, "removed": null}], "location": [{"current": {"type": "ROOM", "status": "REGULAR", "shortName": "IVK", "longName": "Klassenraum IVK", "displayName": "IVK"}, "removed": null}], "teacher": "", "cellState": "REGULAR", "date": "2025-04-24", "start": "2025-04-24T10:50", "end": "2025-04-24T11:35", "type": "NORMAL_TEACHING_PERIOD"}, {"classID": 48, "schoolID": "3891500", "subject": [{"current": {"type": "SUBJECT", "status": "REGULAR", "shortName": "M", "longName": "Mathematik", "displayName": "M"}, "removed": null}], "location": [{"current": {"type": "ROOM", "status": "REGULAR", "shortName": "IVK", "longName": "Klassenraum IVK", "displayName": "IVK"}, "removed": null}], "teacher": "", "cellState": "REGULAR", "date": "2025-04-24", "start": "2025-04-24T11:55", "end": "2025-04-24T12:40", "type": "NORMAL_TEACHING_PERIOD"}, {"classID": 48, "schoolID": "3891500", "subject": [{"current": {"type": "SUBJECT", "status": "REGULAR", "shortName": "K S", "longName": "Kurzstunde", "displayName": "K S"}, "removed": null}], "location": [{"current": {"type": "ROOM", "status": "REGULAR", "shortName": "IVK", "longName": "Klassenraum IVK", "displayName": "IVK"}, "removed": null}], "teacher": "", "cellState": "REGULAR", "date": "2025-04-24", "start": "2025-04-24T12:42", "end": "2025-04-24T13:00", "type": "NORMAL_TEACHING_PERIOD"}, {"classID": 47, "schoolID": "3891500", "subject": [{"current": {"type": "SUBJECT", "status": "REGULAR", "shortName": "VSK", "longName": "VSK Klassenleitung", "displayName": "VSK"}, "removed": null}], "location": [{"current": {"type": "ROOM", "status": "REGULAR", "shortName": "VSK", "longName": "Klassenraum der VSK", "displayName": "VSK"}, "removed": null}], "teacher": "", "cellState": "REGULAR", "date": "2025-04-24", "start": "2025-04-24T08:00", "end": "2025-04-24T08:45", "type": "NORMAL_TEACHING_PERIOD"}, {"classID": 47, "schoolID": "3891500", "subject": [{"current": {"type": "SUBJECT", "status": "REGULAR", "shortName": "VSK", "longName": "VSK Klassenleitung", "displayName": "VSK"}, "removed": null}], "location": [{"current": {"type": "ROOM", "status": "REGULAR", "shortName": "VSK", "longName": "Klassenraum der VSK", "displayName": "VSK"}, "removed": null}], "teacher": "", "cellState": "REGULAR", "date": "2025-04-24", "start": "2025-04-24T08:50", "end": "2025-04-24T09:35", "type": "NORMAL_TEACHING_PERIOD"}, {"classID": 47, "schoolID": "3891500", "subject": [{"current": {"type": "SUBJECT", "status": "REGULAR", "shortName": "VSK", "longName": "VSK Klassenleitung", "displayName": "VSK"}, "removed": null}], "location": [{"current": {"type": "ROOM", "status": "REGULAR", "shortName": "VSK", "longName": "Klassenraum der VSK", "displayName": "VSK"}, "removed": null}], "teacher": "", "cellState": "REGULAR", "date": "2025-04-24", "start": "2025-04-24T10:00", "end": "2025-04-24T10:45", "type": "NORMAL_TEACHING_PERIOD"}, {"classID": 47, "schoolID": "3891500", "subject": [{"current": {"type": "SUBJECT", "status": "REGULAR", "shortName": "VSK", "longName": "VSK Klassenleitung", "displayName": "VSK"}, "removed": null}], "location": [{"current": {"type": "ROOM", "status": "REGULAR", "shortName": "PC", "longName": "Computerraum", "displayName": "PC"}, "removed": null}], "teacher": "", "cellState": "REGULAR", "date": "2025-04-24", "start": "2025-04-24T10:50", "end": "2025-04-24T11:35", "type": "NORMAL_TEACHING_PERIOD"}, {"classID": 47, "schoolID": "3891500", "subject": [{"current": {"type": "SUBJECT", "status": "REGULAR", "shortName": "VSK", "longName": "VSK Klassenleitung", "displayName": "VSK"}, "removed": null}], "location": [{"current": {"type": "ROOM", "status": "REGULAR", "shortName": "VSK", "longName": "Klassenraum der VSK", "displayName": "VSK"}, "removed": null}], "teacher": "", "cellState": "REGULAR", "date": "2025-04-24", "start": "2025-04-24T11:55", "end": "2025-04-24T12:40", "type": "NORMAL_TEACHING_PERIOD"}, {"classID": 47, "schoolID": "3891500", "subject": [{"current": {"type": "SUBJECT", "status": "REGULAR", "shortName": "KSV", "longName": "VSK Kurzstunde", "displayName": "KSV"}, "removed": null}], "location": [{"current": {"type": "ROOM", "status": "REGULAR", "shortName": "VSK", "longName": "Klassenraum der VSK", "displayName": "VSK"}, "removed": null}], "teacher": "", "cellState": "REGULAR", "date": "2025-04-24", "start": "2025-04-24T12:42", "end": "2025-04-24T13:00", "type": "NORMAL_TEACHING_PERIOD"}, {"classID": 47, "schoolID": "3891500", "subject": [{"current": {"type": "SUBJECT", "status": "REGULAR", "shortName": "Add", "longName": "Additive Sprachf\u00f6rderung", "displayName": "Add"}, "removed": null}], "location": "", "teacher": "", "cellState": "REGULAR", "date": "2025-04-24", "start": "2025-04-24T13:00", "end": "2025-04-24T14:30", "type": "NORMAL_TEACHING_PERIOD"}, {"classID": 35, "schoolID": "3891500", "subject": [{"current": {"type": "SUBJECT", "status": "REGULAR", "shortName": "D", "longName": "Deutsch", "displayName": "D"}, "removed": null}], "location": [{"current": {"type": "ROOM", "status": "REGULAR", "shortName": "1", "longName": "Klassenraum Klasse 1", "displayName": "1"}, "removed": null}], "teacher": "", "cellState": "REGULAR", "date": "2025-04-25", "start": "2025-04-25T08:00", "end": "2025-04-25T08:45", "type": "NORMAL_TEACHING_PERIOD"}, {"classID": 35, "schoolID": "3891500", "subject": [{"current": {"type": "SUBJECT", "status": "REGULAR", "shortName": "M", "longName": "Mathematik", "displayName": "M"}, "removed": null}], "location": [{"current": {"type": "ROOM", "status": "REGULAR", "shortName": "1", "longName": "Klassenraum Klasse 1", "displayName": "1"}, "removed": null}], "teacher": "", "cellState": "REGULAR", "date": "2025-04-25", "start": "2025-04-25T08:50", "end": "2025-04-25T09:35", "type": "NORMAL_TEACHING_PERIOD"}, {"classID": 35, "schoolID": "3891500", "subject": [{"current": {"type": "SUBJECT", "status": "REGULAR", "shortName": "Sp", "longName": "Sport", "displayName": "Sp"}, "removed": null}], "location": [{"current": {"type": "ROOM", "status": "REGULAR", "shortName": "SP", "longName": "Sporthalle", "displayName": "SP"}, "removed": null}], "teacher": "", "cellState": "REGULAR", "date": "2025-04-25", "start": "2025-04-25T10:00", "end": "2025-04-25T10:45", "type": "NORMAL_TEACHING_PERIOD"}, {"classID": 35, "schoolID": "3891500", "subject": [{"current": {"type": "SUBJECT", "status": "REGULAR", "shortName": "D", "longName": "Deutsch", "displayName": "D"}, "removed": null}], "location": [{"current": {"type": "ROOM", "status": "REGULAR", "shortName": "1", "longName": "Klassenraum Klasse 1", "displayName": "1"}, "removed": null}], "teacher": "", "cellState": "REGULAR", "date": "2025-04-25", "start": "2025-04-25T10:50", "end": "2025-04-25T11:35", "type": "NORMAL_TEACHING_PERIOD"}, {"classID": 35, "schoolID": "3891500", "subject": [{"current": {"type": "SUBJECT", "status": "REGULAR", "shortName": "Su", "longName": "Sachunterricht", "displayName": "Su"}, "removed": null}], "location": [{"current": {"type": "ROOM", "status": "REGULAR", "shortName": "1", "longName": "Klassenraum Klasse 1", "displayName": "1"}, "removed": null}], "teacher": "", "cellState": "REGULAR", "date": "2025-04-25", "start": "2025-04-25T11:55", "end": "2025-04-25T12:40", "type": "NORMAL_TEACHING_PERIOD"}, {"classID": 35, "schoolID": "3891500", "subject": [{"current": {"type": "SUBJECT", "status": "REGULAR", "shortName": "K S", "longName": "Kurzstunde", "displayName": "K S"}, "removed": null}], "location": [{"current": {"type": "ROOM", "status": "REGULAR", "shortName": "1", "longName": "Klassenraum Klasse 1", "displayName": "1"}, "removed": null}], "teacher": "", "cellState": "REGULAR", "date": "2025-04-25", "start": "2025-04-25T12:42", "end": "2025-04-25T13:00", "type": "NORMAL_TEACHING_PERIOD"}, {"classID": 32, "schoolID": "3891500", "subject": [{"current": {"type": "SUBJECT", "status": "REGULAR", "shortName": "D", "longName": "Deutsch", "displayName": "D"}, "removed": null}], "location": [{"current": {"type": "ROOM", "status": "REGULAR", "shortName": "2", "longName": "Klassenraum Klasse 2", "displayName": "2"}, "removed": null}], "teacher": "", "cellState": "REGULAR", "date": "2025-04-25", "start": "2025-04-25T08:00", "end": "2025-04-25T08:45", "type": "NORMAL_TEACHING_PERIOD"}, {"classID": 32, "schoolID": "3891500", "subject": [{"current": {"type": "SUBJECT", "status": "REGULAR", "shortName": "E", "longName": "Englisch", "displayName": "E"}, "removed": null}], "location": [{"current": {"type": "ROOM", "status": "REGULAR", "shortName": "2", "longName": "Klassenraum Klasse 2", "displayName": "2"}, "removed": null}], "teacher": "", "cellState": "REGULAR", "date": "2025-04-25", "start": "2025-04-25T08:50", "end": "2025-04-25T09:35", "type": "NORMAL_TEACHING_PERIOD"}, {"classID": 32, "schoolID": "3891500", "subject": [{"current": {"type": "SUBJECT", "status": "REGULAR", "shortName": "M", "longName": "Mathematik", "displayName": "M"}, "removed": null}], "location": [{"current": {"type": "ROOM", "status": "REGULAR", "shortName": "2", "longName": "Klassenraum Klasse 2", "displayName": "2"}, "removed": null}], "teacher": "", "cellState": "REGULAR", "date": "2025-04-25", "start": "2025-04-25T10:00", "end": "2025-04-25T11:35", "type": "NORMAL_TEACHING_PERIOD"}, {"classID": 32, "schoolID": "3891500", "subject": [{"current": {"type": "SUBJECT", "status": "REGULAR", "shortName": "D", "longName": "Deutsch", "displayName": "D"}, "removed": null}], "location": [{"current": {"type": "ROOM", "status": "REGULAR", "shortName": "2", "longName": "Klassenraum Klasse 2", "displayName": "2"}, "removed": null}], "teacher": "", "cellState": "CHANGED", "date": "2025-04-25", "start": "2025-04-25T11:55", "end": "2025-04-25T12:40", "type": "NORMAL_TEACHING_PERIOD"}, {"classID": 32, "schoolID": "3891500", "subject": [{"current": {"type": "SUBJECT", "status": "REGULAR", "shortName": "K S", "longName": "Kurzstunde", "displayName": "K S"}, "removed": null}], "location": [{"current": {"type": "ROOM", "status": "REGULAR", "shortName": "2", "longName": "Klassenraum Klasse 2", "displayName": "2"}, "removed": null}], "teacher": "", "cellState": "CHANGED", "date": "2025-04-25", "start": "2025-04-25T12:42", "end": "2025-04-25T13:00", "type": "NORMAL_TEACHING_PERIOD"}, {"classID": 38, "schoolID": "3891500", "subject": [{"current": {"type": "SUBJECT", "status": "REGULAR", "shortName": "M", "longName": "Mathematik", "displayName": "M"}, "removed": null}], "location": [{"current": {"type": "ROOM", "status": "REGULAR", "shortName": "3", "longName": "Klassenraum Klasse 3", "displayName": "3"}, "removed": null}], "teacher": "", "cellState": "REGULAR", "date": "2025-04-25", "start": "2025-04-25T08:00", "end": "2025-04-25T09:35", "type": "NORMAL_TEACHING_PERIOD"}, {"classID": 38, "schoolID": "3891500", "subject": [{"current": {"type": "SUBJECT", "status": "REGULAR", "shortName": "D", "longName": "Deutsch", "displayName": "D"}, "removed": null}], "location": [{"current": {"type": "ROOM", "status": "REGULAR", "shortName": "3", "longName": "Klassenraum Klasse 3", "displayName": "3"}, "removed": null}], "teacher": "", "cellState": "REGULAR", "date": "2025-04-25", "start": "2025-04-25T10:00", "end": "2025-04-25T10:45", "type": "NORMAL_TEACHING_PERIOD"}, {"classID": 38, "schoolID": "3891500", "subject": [{"current": {"type": "SUBJECT", "status": "REGULAR", "shortName": "Rel", "longName": "Religion", "displayName": "Rel"}, "removed": null}], "location": [{"current": {"type": "ROOM", "status": "REGULAR", "shortName": "3", "longName": "Klassenraum Klasse 3", "displayName": "3"}, "removed": null}], "teacher": "", "cellState": "REGULAR", "date": "2025-04-25", "start": "2025-04-25T10:50", "end": "2025-04-25T11:35", "type": "NORMAL_TEACHING_PERIOD"}, {"classID": 38, "schoolID": "3891500", "subject": [{"current": {"type": "SUBJECT", "status": "REGULAR", "shortName": "Mu", "longName": "Musik", "displayName": "Mu"}, "removed": null}], "location": [{"current": {"type": "ROOM", "status": "REGULAR", "shortName": "MU", "longName": "Musikraum", "displayName": "MU"}, "removed": null}], "teacher": "", "cellState": "REGULAR", "date": "2025-04-25", "start": "2025-04-25T11:55", "end": "2025-04-25T12:40", "type": "NORMAL_TEACHING_PERIOD"}, {"classID": 38, "schoolID": "3891500", "subject": [{"current": {"type": "SUBJECT", "status": "REGULAR", "shortName": "K S", "longName": "Kurzstunde", "displayName": "K S"}, "removed": null}], "location": [{"current": {"type": "ROOM", "status": "REGULAR", "shortName": "MU", "longName": "Musikraum", "displayName": "MU"}, "removed": null}], "teacher": "", "cellState": "REGULAR", "date": "2025-04-25", "start": "2025-04-25T12:42", "end": "2025-04-25T13:00", "type": "NORMAL_TEACHING_PERIOD"}, {"classID": 41, "schoolID": "3891500", "subject": [{"current": {"type": "SUBJECT", "status": "REGULAR", "shortName": "E", "longName": "Englisch", "displayName": "E"}, "removed": null}], "location": [{"current": {"type": "ROOM", "status": "REGULAR", "shortName": "4", "longName": "Klassenraum Klasse 4", "displayName": "4"}, "removed": null}], "teacher": "", "cellState": "REGULAR", "date": "2025-04-25", "start": "2025-04-25T08:00", "end": "2025-04-25T08:45", "type": "NORMAL_TEACHING_PERIOD"}, {"classID": 41, "schoolID": "3891500", "subject": [{"current": {"type": "SUBJECT", "status": "REGULAR", "shortName": "Su", "longName": "Sachunterricht", "displayName": "Su"}, "removed": null}], "location": [{"current": {"type": "ROOM", "status": "REGULAR", "shortName": "4", "longName": "Klassenraum Klasse 4", "displayName": "4"}, "removed": null}], "teacher": "", "cellState": "REGULAR", "date": "2025-04-25", "start": "2025-04-25T08:50", "end": "2025-04-25T09:35", "type": "NORMAL_TEACHING_PERIOD"}, {"classID": 41, "schoolID": "3891500", "subject": [{"current": {"type": "SUBJECT", "status": "REGULAR", "shortName": "D", "longName": "Deutsch", "displayName": "D"}, "removed": null}], "location": [{"current": {"type": "ROOM", "status": "REGULAR", "shortName": "4", "longName": "Klassenraum Klasse 4", "displayName": "4"}, "removed": null}], "teacher": "", "cellState": "REGULAR", "date": "2025-04-25", "start": "2025-04-25T10:00", "end": "2025-04-25T10:45", "type": "NORMAL_TEACHING_PERIOD"}, {"classID": 41, "schoolID": "3891500", "subject": [{"current": {"type": "SUBJECT", "status": "REGULAR", "shortName": "E", "longName": "Englisch", "displayName": "E"}, "removed": null}], "location": [{"current": {"type": "ROOM", "status": "REGULAR", "shortName": "4", "longName": "Klassenraum Klasse 4", "displayName": "4"}, "removed": null}], "teacher": "", "cellState": "REGULAR", "date": "2025-04-25", "start": "2025-04-25T10:50", "end": "2025-04-25T11:35", "type": "NORMAL_TEACHING_PERIOD"}, {"classID": 41, "schoolID": "3891500", "subject": [{"current": {"type": "SUBJECT", "status": "REGULAR", "shortName": "Th", "longName": "Theater", "displayName": "Th"}, "removed": null}], "location": [{"current": {"type": "ROOM", "status": "REGULAR", "shortName": "AULA", "longName": "Aula", "displayName": "AULA"}, "removed": null}], "teacher": "", "cellState": "REGULAR", "date": "2025-04-25", "start": "2025-04-25T11:55", "end": "2025-04-25T12:40", "type": "NORMAL_TEACHING_PERIOD"}, {"classID": 41, "schoolID": "3891500", "subject": [{"current": {"type": "SUBJECT", "status": "REGULAR", "shortName": "K S", "longName": "Kurzstunde", "displayName": "K S"}, "removed": null}], "location": [{"current": {"type": "ROOM", "status": "REGULAR", "shortName": "AULA", "longName": "Aula", "displayName": "AULA"}, "removed": null}], "teacher": "", "cellState": "REGULAR", "date": "2025-04-25", "start": "2025-04-25T12:42", "end": "2025-04-25T13:00", "type": "NORMAL_TEACHING_PERIOD"}, {"classID": 48, "schoolID": "3891500", "subject": [{"current": {"type": "SUBJECT", "status": "REGULAR", "shortName": "D", "longName": "Deutsch", "displayName": "D"}, "removed": null}], "location": [{"current": {"type": "ROOM", "status": "REGULAR", "shortName": "IVK", "longName": "Klassenraum IVK", "displayName": "IVK"}, "removed": null}], "teacher": "", "cellState": "REGULAR", "date": "2025-04-25", "start": "2025-04-25T08:00", "end": "2025-04-25T09:35", "type": "NORMAL_TEACHING_PERIOD"}, {"classID": 48, "schoolID": "3891500", "subject": [{"current": {"type": "SUBJECT", "status": "REGULAR", "shortName": "Ku", "longName": "Bildende Kunst", "displayName": "Ku"}, "removed": null}], "location": "", "teacher": "", "cellState": "REGULAR", "date": "2025-04-25", "start": "2025-04-25T10:00", "end": "2025-04-25T10:45", "type": "NORMAL_TEACHING_PERIOD"}, {"classID": 48, "schoolID": "3891500", "subject": [{"current": {"type": "SUBJECT", "status": "REGULAR", "shortName": "Sp", "longName": "Sport", "displayName": "Sp"}, "removed": null}], "location": [{"current": {"type": "ROOM", "status": "REGULAR", "shortName": "SP", "longName": "Sporthalle", "displayName": "SP"}, "removed": null}], "teacher": "", "cellState": "REGULAR", "date": "2025-04-25", "start": "2025-04-25T10:50", "end": "2025-04-25T11:35", "type": "NORMAL_TEACHING_PERIOD"}, {"classID": 48, "schoolID": "3891500", "subject": [{"current": {"type": "SUBJECT", "status": "REGULAR", "shortName": "Mu", "longName": "Musik", "displayName": "Mu"}, "removed": null}], "location": "", "teacher": "", "cellState": "REGULAR", "date": "2025-04-25", "start": "2025-04-25T11:55", "end": "2025-04-25T12:40", "type": "NORMAL_TEACHING_PERIOD"}, {"classID": 48, "schoolID": "3891500", "subject": [{"current": {"type": "SUBJECT", "status": "REGULAR", "shortName": "K S", "longName": "Kurzstunde", "displayName": "K S"}, "removed": null}], "location": [{"current": {"type": "ROOM", "status": "REGULAR", "shortName": "IVK", "longName": "Klassenraum IVK", "displayName": "IVK"}, "removed": null}], "teacher": "", "cellState": "REGULAR", "date": "2025-04-25", "start": "2025-04-25T12:42", "end": "2025-04-25T13:00", "type": "NORMAL_TEACHING_PERIOD"}, {"classID": 47, "schoolID": "3891500", "subject": [{"current": {"type": "SUBJECT", "status": "REGULAR", "shortName": "ThV", "longName": "VSK Theater", "displayName": "ThV"}, "removed": null}], "location": [{"current": {"type": "ROOM", "status": "REGULAR", "shortName": "AULA", "longName": "Aula", "displayName": "AULA"}, "removed": null}], "teacher": "", "cellState": "REGULAR", "date": "2025-04-25", "start": "2025-04-25T08:00", "end": "2025-04-25T08:45", "type": "NORMAL_TEACHING_PERIOD"}, {"classID": 47, "schoolID": "3891500", "subject": [{"current": {"type": "SUBJECT", "status": "REGULAR", "shortName": "SpV", "longName": "VSK Sport", "displayName": "SpV"}, "removed": null}], "location": [{"current": {"type": "ROOM", "status": "REGULAR", "shortName": "SP", "longName": "Sporthalle", "displayName": "SP"}, "removed": null}], "teacher": "", "cellState": "REGULAR", "date": "2025-04-25", "start": "2025-04-25T08:50", "end": "2025-04-25T09:35", "type": "NORMAL_TEACHING_PERIOD"}, {"classID": 47, "schoolID": "3891500", "subject": [{"current": {"type": "SUBJECT", "status": "REGULAR", "shortName": "VSK", "longName": "VSK Klassenleitung", "displayName": "VSK"}, "removed": null}], "location": [{"current": {"type": "ROOM", "status": "REGULAR", "shortName": "VSK", "longName": "Klassenraum der VSK", "displayName": "VSK"}, "removed": null}], "teacher": "", "cellState": "REGULAR", "date": "2025-04-25", "start": "2025-04-25T10:00", "end": "2025-04-25T10:45", "type": "NORMAL_TEACHING_PERIOD"}, {"classID": 47, "schoolID": "3891500", "subject": [{"current": {"type": "SUBJECT", "status": "REGULAR", "shortName": "VSK", "longName": "VSK Klassenleitung", "displayName": "VSK"}, "removed": null}], "location": "", "teacher": "", "cellState": "REGULAR", "date": "2025-04-25", "start": "2025-04-25T10:50", "end": "2025-04-25T11:35", "type": "NORMAL_TEACHING_PERIOD"}, {"classID": 47, "schoolID": "3891500", "subject": [{"current": {"type": "SUBJECT", "status": "REGULAR", "shortName": "KuV", "longName": "VSK Kunst", "displayName": "KuV"}, "removed": null}], "location": [{"current": {"type": "ROOM", "status": "REGULAR", "shortName": "KU", "longName": "Kunstraum", "displayName": "KU"}, "removed": null}], "teacher": "", "cellState": "REGULAR", "date": "2025-04-25", "start": "2025-04-25T11:55", "end": "2025-04-25T12:40", "type": "NORMAL_TEACHING_PERIOD"}, {"classID": 47, "schoolID": "3891500", "subject": [{"current": {"type": "SUBJECT", "status": "REGULAR", "shortName": "KSV", "longName": "VSK Kurzstunde", "displayName": "KSV"}, "removed": null}], "location": [{"current": {"type": "ROOM", "status": "REGULAR", "shortName": "KU", "longName": "Kunstraum", "displayName": "KU"}, "removed": null}], "teacher": "", "cellState": "REGULAR", "date": "2025-04-25", "start": "2025-04-25T12:42", "end": "2025-04-25T13:00", "type": "NORMAL_TEACHING_PERIOD"}]