[{"classID": 1063, "schoolID": "2248000", "subject": [{"current": {"type": "SUBJECT", "status": "REGULAR", "shortName": "ELK", "longName": "Elektronik", "displayName": "ELK"}, "removed": null}], "location": [{"current": {"type": "ROOM", "status": "REGULAR", "shortName": "108", "longName": "108 -1 Etage -", "displayName": "108"}, "removed": null}], "teacher": [{"current": {"type": "TEACHER", "status": "REGULAR", "shortName": "LORB", "longName": "Lorbeer", "displayName": "LORB"}, "removed": null}], "cellState": "REGULAR", "date": "2025-03-24", "start": "2025-03-24T18:00", "end": "2025-03-24T21:15", "type": "NORMAL_TEACHING_PERIOD"}, {"classID": 1069, "schoolID": "2248000", "subject": [{"current": {"type": "SUBJECT", "status": "REGULAR", "shortName": "DEU", "longName": "Deutsch", "displayName": "DEU"}, "removed": null}], "location": [{"current": {"type": "ROOM", "status": "REGULAR", "shortName": "A-H", "longName": "Au\u00dfer Haus", "displayName": "A-H"}, "removed": null}], "teacher": [{"current": {"type": "TEACHER", "status": "REGULAR", "shortName": "SCHM", "longName": "SCHM", "displayName": "SCHM"}, "removed": null}], "cellState": "REGULAR", "date": "2025-03-24", "start": "2025-03-24T18:00", "end": "2025-03-24T21:15", "type": "NORMAL_TEACHING_PERIOD"}, {"classID": 1072, "schoolID": "2248000", "subject": [{"current": {"type": "SUBJECT", "status": "REGULAR", "shortName": "AUT", "longName": "Automatisierungstechnik (E)", "displayName": "AUT"}, "removed": null}], "location": [{"current": {"type": "ROOM", "status": "REGULAR", "shortName": "109", "longName": "109 -1 Etage -", "displayName": "109"}, "removed": null}], "teacher": [{"current": {"type": "TEACHER", "status": "REGULAR", "shortName": "IBRA", "longName": "Ibrahim", "displayName": "IBRA"}, "removed": null}], "cellState": "REGULAR", "date": "2025-03-24", "start": "2025-03-24T18:00", "end": "2025-03-24T21:15", "type": "NORMAL_TEACHING_PERIOD"}, {"classID": 1084, "schoolID": "2248000", "subject": [{"current": {"type": "SUBJECT", "status": "REGULAR", "shortName": "M LF1 NWI", "longName": "Naturwissenschaften", "displayName": "M LF1 NWI"}, "removed": null}], "location": [{"current": {"type": "ROOM", "status": "REGULAR", "shortName": "107", "longName": "107 -1 Etage -", "displayName": "107"}, "removed": null}], "teacher": [{"current": {"type": "TEACHER", "status": "REGULAR", "shortName": "VOSS", "longName": "Voss", "displayName": "VOSS"}, "removed": null}], "cellState": "REGULAR", "date": "2025-03-24", "start": "2025-03-24T18:00", "end": "2025-03-24T21:15", "type": "NORMAL_TEACHING_PERIOD"}, {"classID": 1075, "schoolID": "2248000", "subject": [{"current": {"type": "SUBJECT", "status": "REGULAR", "shortName": "M LF1 TME", "longName": "Technische Mechanik", "displayName": "M LF1 TME"}, "removed": null}], "location": [{"current": {"type": "ROOM", "status": "REGULAR", "shortName": "106", "longName": "106 -1 Etage -", "displayName": "106"}, "removed": null}], "teacher": [{"current": {"type": "TEACHER", "status": "REGULAR", "shortName": "KLAU", "longName": "Klausner", "displayName": "KLAU"}, "removed": null}], "cellState": "REGULAR", "date": "2025-03-24", "start": "2025-03-24T18:00", "end": "2025-03-24T21:15", "type": "NORMAL_TEACHING_PERIOD"}, {"classID": 1060, "schoolID": "2248000", "subject": [{"current": {"type": "SUBJECT", "status": "REGULAR", "shortName": "DEU", "longName": "Deutsch", "displayName": "DEU"}, "removed": null}], "location": [{"current": {"type": "ROOM", "status": "REGULAR", "shortName": "A-H", "longName": "Au\u00dfer Haus", "displayName": "A-H"}, "removed": null}], "teacher": [{"current": {"type": "TEACHER", "status": "REGULAR", "shortName": "SCHM", "longName": "SCHM", "displayName": "SCHM"}, "removed": null}], "cellState": "REGULAR", "date": "2025-03-24", "start": "2025-03-24T18:00", "end": "2025-03-24T21:15", "type": "NORMAL_TEACHING_PERIOD"}, {"classID": 1066, "schoolID": "2248000", "subject": [{"current": {"type": "SUBJECT", "status": "REGULAR", "shortName": "AUT -M", "longName": "Automatisierungstechnik (M)", "displayName": "AUT -M"}, "removed": null}], "location": [{"current": {"type": "ROOM", "status": "REGULAR", "shortName": "104", "longName": "104 -1 Etage -", "displayName": "104"}, "removed": null}], "teacher": [{"current": {"type": "TEACHER", "status": "REGULAR", "shortName": "LUET", "longName": "L\u00fctzen", "displayName": "LUET"}, "removed": null}], "cellState": "REGULAR", "date": "2025-03-24", "start": "2025-03-24T18:00", "end": "2025-03-24T21:15", "type": "NORMAL_TEACHING_PERIOD"}, {"classID": 1087, "schoolID": "2248000", "subject": [{"current": {"type": "SUBJECT", "status": "REGULAR", "shortName": "DEU", "longName": "Deutsch", "displayName": "DEU"}, "removed": null}], "location": [{"current": {"type": "ROOM", "status": "REGULAR", "shortName": "213", "longName": "213 -2 Etage-", "displayName": "213"}, "removed": null}], "teacher": [{"current": {"type": "TEACHER", "status": "REGULAR", "shortName": "KROL", "longName": "Krol", "displayName": "KROL"}, "removed": null}], "cellState": "REGULAR", "date": "2025-03-24", "start": "2025-03-24T08:00", "end": "2025-03-24T09:30", "type": "NORMAL_TEACHING_PERIOD"}, {"classID": 1087, "schoolID": "2248000", "subject": [{"current": {"type": "SUBJECT", "status": "REGULAR", "shortName": "NWI -P", "longName": "Naturwissenschaften (Physik)", "displayName": "NWI -P"}, "removed": null}], "location": [{"current": {"type": "ROOM", "status": "REGULAR", "shortName": "213", "longName": "213 -2 Etage-", "displayName": "213"}, "removed": null}], "teacher": [{"current": {"type": "TEACHER", "status": "REGULAR", "shortName": "VOSS", "longName": "Voss", "displayName": "VOSS"}, "removed": null}], "cellState": "REGULAR", "date": "2025-03-24", "start": "2025-03-24T09:45", "end": "2025-03-24T11:15", "type": "NORMAL_TEACHING_PERIOD"}, {"classID": 1087, "schoolID": "2248000", "subject": [{"current": {"type": "SUBJECT", "status": "REGULAR", "shortName": "NWI -P", "longName": "Naturwissenschaften (Physik)", "displayName": "NWI -P"}, "removed": null}], "location": [{"current": {"type": "ROOM", "status": "REGULAR", "shortName": "213", "longName": "213 -2 Etage-", "displayName": "213"}, "removed": null}], "teacher": [{"current": {"type": "TEACHER", "status": "REGULAR", "shortName": "VOSS", "longName": "Voss", "displayName": "VOSS"}, "removed": null}], "cellState": "REGULAR", "date": "2025-03-24", "start": "2025-03-24T11:45", "end": "2025-03-24T13:15", "type": "NORMAL_TEACHING_PERIOD"}, {"classID": 1087, "schoolID": "2248000", "subject": [{"current": {"type": "SUBJECT", "status": "REGULAR", "shortName": "DEU", "longName": "Deutsch", "displayName": "DEU"}, "removed": null}], "location": [{"current": {"type": "ROOM", "status": "REGULAR", "shortName": "213", "longName": "213 -2 Etage-", "displayName": "213"}, "removed": null}], "teacher": [{"current": {"type": "TEACHER", "status": "REGULAR", "shortName": "HUEM", "longName": "Huemer", "displayName": "HUEM"}, "removed": null}], "cellState": "REGULAR", "date": "2025-03-24", "start": "2025-03-24T13:30", "end": "2025-03-24T15:00", "type": "NORMAL_TEACHING_PERIOD"}, {"classID": 1039, "schoolID": "2248000", "subject": [{"current": {"type": "SUBJECT", "status": "REGULAR", "shortName": "WPO", "longName": "Wirtschaft/Politik", "displayName": "WPO"}, "removed": null}], "location": [{"current": {"type": "ROOM", "status": "REGULAR", "shortName": "A-H", "longName": "Au\u00dfer Haus", "displayName": "A-H"}, "removed": null}], "teacher": [{"current": {"type": "TEACHER", "status": "REGULAR", "shortName": "ZABE", "longName": "Zabel", "displayName": "ZABE"}, "removed": null}], "cellState": "REGULAR", "date": "2025-03-24", "start": "2025-03-24T08:00", "end": "2025-03-24T09:30", "type": "NORMAL_TEACHING_PERIOD"}, {"classID": 1039, "schoolID": "2248000", "subject": [{"current": {"type": "SUBJECT", "status": "REGULAR", "shortName": "DEU", "longName": "Deutsch", "displayName": "DEU"}, "removed": null}], "location": [{"current": {"type": "ROOM", "status": "REGULAR", "shortName": "109", "longName": "109 -1 Etage -", "displayName": "109"}, "removed": null}], "teacher": [{"current": {"type": "TEACHER", "status": "REGULAR", "shortName": "JAGD", "longName": "Jagdmann", "displayName": "JAGD"}, "removed": null}], "cellState": "REGULAR", "date": "2025-03-24", "start": "2025-03-24T09:45", "end": "2025-03-24T11:15", "type": "NORMAL_TEACHING_PERIOD"}, {"classID": 1039, "schoolID": "2248000", "subject": [{"current": {"type": "SUBJECT", "status": "REGULAR", "shortName": "TKO-E", "longName": "TKO-E", "displayName": "TKO-E"}, "removed": null}], "location": [{"current": {"type": "ROOM", "status": "REGULAR", "shortName": "109", "longName": "109 -1 Etage -", "displayName": "109"}, "removed": null}], "teacher": [{"current": {"type": "TEACHER", "status": "REGULAR", "shortName": "SVOB", "longName": "Svoboda", "displayName": "SVOB"}, "removed": null}], "cellState": "REGULAR", "date": "2025-03-24", "start": "2025-03-24T11:45", "end": "2025-03-24T13:15", "type": "NORMAL_TEACHING_PERIOD"}, {"classID": 1039, "schoolID": "2248000", "subject": [{"current": {"type": "SUBJECT", "status": "REGULAR", "shortName": "BWI-2", "longName": "Betriebswirtschaft - Rechnungswesen", "displayName": "BWI-2"}, "removed": null}], "location": [{"current": {"type": "ROOM", "status": "REGULAR", "shortName": "109", "longName": "109 -1 Etage -", "displayName": "109"}, "removed": null}], "teacher": [{"current": {"type": "TEACHER", "status": "REGULAR", "shortName": "SAEM", "longName": "S\u00e4mann", "displayName": "SAEM"}, "removed": null}], "cellState": "REGULAR", "date": "2025-03-24", "start": "2025-03-24T13:30", "end": "2025-03-24T15:00", "type": "NORMAL_TEACHING_PERIOD"}, {"classID": 1045, "schoolID": "2248000", "subject": [{"current": {"type": "SUBJECT", "status": "REGULAR", "shortName": "DEU", "longName": "Deutsch", "displayName": "DEU"}, "removed": null}], "location": [{"current": {"type": "ROOM", "status": "REGULAR", "shortName": "E04", "longName": "E04 Erdetage", "displayName": "E04"}, "removed": null}], "teacher": [{"current": {"type": "TEACHER", "status": "REGULAR", "shortName": "STOC", "longName": "Stockleben", "displayName": "STOC"}, "removed": null}], "cellState": "REGULAR", "date": "2025-03-24", "start": "2025-03-24T08:00", "end": "2025-03-24T09:30", "type": "NORMAL_TEACHING_PERIOD"}, {"classID": 1045, "schoolID": "2248000", "subject": [{"current": {"type": "SUBJECT", "status": "REGULAR", "shortName": "M LF2 BWI-2", "longName": "M LF2 BWI-2", "displayName": "M LF2 BWI-2"}, "removed": null}], "location": [{"current": {"type": "ROOM", "status": "REGULAR", "shortName": "E04", "longName": "E04 Erdetage", "displayName": "E04"}, "removed": null}], "teacher": [{"current": {"type": "TEACHER", "status": "REGULAR", "shortName": "SAEM", "longName": "S\u00e4mann", "displayName": "SAEM"}, "removed": null}], "cellState": "REGULAR", "date": "2025-03-24", "start": "2025-03-24T09:45", "end": "2025-03-24T11:15", "type": "NORMAL_TEACHING_PERIOD"}, {"classID": 1045, "schoolID": "2248000", "subject": [{"current": {"type": "SUBJECT", "status": "REGULAR", "shortName": "MAT", "longName": "Mathematik", "displayName": "MAT"}, "removed": null}], "location": [{"current": {"type": "ROOM", "status": "REGULAR", "shortName": "E04", "longName": "E04 Erdetage", "displayName": "E04"}, "removed": null}], "teacher": [{"current": {"type": "TEACHER", "status": "REGULAR", "shortName": "ROHL", "longName": "Rohlf", "displayName": "ROHL"}, "removed": null}], "cellState": "REGULAR", "date": "2025-03-24", "start": "2025-03-24T11:45", "end": "2025-03-24T13:15", "type": "NORMAL_TEACHING_PERIOD"}, {"classID": 1048, "schoolID": "2248000", "subject": [{"current": {"type": "SUBJECT", "status": "REGULAR", "shortName": "ETE -M", "longName": "Energietechnik (M)", "displayName": "ETE -M"}, "removed": null}], "location": [{"current": {"type": "ROOM", "status": "REGULAR", "shortName": "106", "longName": "106 -1 Etage -", "displayName": "106"}, "removed": null}], "teacher": [{"current": {"type": "TEACHER", "status": "REGULAR", "shortName": "GLAS", "longName": "Glaser", "displayName": "GLAS"}, "removed": null}], "cellState": "REGULAR", "date": "2025-03-24", "start": "2025-03-24T08:00", "end": "2025-03-24T09:30", "type": "NORMAL_TEACHING_PERIOD"}, {"classID": 1048, "schoolID": "2248000", "subject": [{"current": {"type": "SUBJECT", "status": "REGULAR", "shortName": "M LF 8 US", "longName": "M LF 8 US", "displayName": "M LF 8 US"}, "removed": null}], "location": [{"current": {"type": "ROOM", "status": "REGULAR", "shortName": "106", "longName": "106 -1 Etage -", "displayName": "106"}, "removed": null}], "teacher": [{"current": {"type": "TEACHER", "status": "REGULAR", "shortName": "BRUH", "longName": "Bruhn", "displayName": "BRUH"}, "removed": null}], "cellState": "REGULAR", "date": "2025-03-24", "start": "2025-03-24T09:45", "end": "2025-03-24T11:15", "type": "NORMAL_TEACHING_PERIOD"}, {"classID": 1063, "schoolID": "2248000", "subject": [{"current": {"type": "SUBJECT", "status": "REGULAR", "shortName": "BWI-1", "longName": "Betriebswirtschaft-rechtliche Grundlagen", "displayName": "BWI-1"}, "removed": null}], "location": [{"current": {"type": "ROOM", "status": "REGULAR", "shortName": "108", "longName": "108 -1 Etage -", "displayName": "108"}, "removed": null}], "teacher": [{"current": {"type": "TEACHER", "status": "REGULAR", "shortName": "BRAU", "longName": "Brandt", "displayName": "BRAU"}, "removed": null}], "cellState": "REGULAR", "date": "2025-03-25", "start": "2025-03-25T18:00", "end": "2025-03-25T21:15", "type": "NORMAL_TEACHING_PERIOD"}, {"classID": 1069, "schoolID": "2248000", "subject": [{"current": {"type": "SUBJECT", "status": "REGULAR", "shortName": "ENG", "longName": "Englisch", "displayName": "ENG"}, "removed": null}], "location": [{"current": {"type": "ROOM", "status": "REGULAR", "shortName": "E04", "longName": "E04 Erdetage", "displayName": "E04"}, "removed": null}], "teacher": [{"current": {"type": "TEACHER", "status": "REGULAR", "shortName": "FISC", "longName": "Fischer", "displayName": "FISC"}, "removed": null}], "cellState": "REGULAR", "date": "2025-03-25", "start": "2025-03-25T18:00", "end": "2025-03-25T21:15", "type": "EXAM"}, {"classID": 1072, "schoolID": "2248000", "subject": [{"current": {"type": "SUBJECT", "status": "REGULAR", "shortName": "EAE", "longName": "Energie- und Antriebselektronik", "displayName": "EAE"}, "removed": null}], "location": [{"current": {"type": "ROOM", "status": "REGULAR", "shortName": "109", "longName": "109 -1 Etage -", "displayName": "109"}, "removed": null}], "teacher": [{"current": {"type": "TEACHER", "status": "REGULAR", "shortName": "FRIC", "longName": "Fricke", "displayName": "FRIC"}, "removed": null}], "cellState": "REGULAR", "date": "2025-03-25", "start": "2025-03-25T18:00", "end": "2025-03-25T21:15", "type": "NORMAL_TEACHING_PERIOD"}, {"classID": 1084, "schoolID": "2248000", "subject": [{"current": {"type": "SUBJECT", "status": "REGULAR", "shortName": "DEU", "longName": "Deutsch", "displayName": "DEU"}, "removed": null}], "location": [{"current": {"type": "ROOM", "status": "REGULAR", "shortName": "107", "longName": "107 -1 Etage -", "displayName": "107"}, "removed": null}], "teacher": [{"current": {"type": "TEACHER", "status": "REGULAR", "shortName": "FALC", "longName": "Falck", "displayName": "FALC"}, "removed": null}], "cellState": "REGULAR", "date": "2025-03-25", "start": "2025-03-25T18:00", "end": "2025-03-25T21:15", "type": "NORMAL_TEACHING_PERIOD"}, {"classID": 1075, "schoolID": "2248000", "subject": [{"current": {"type": "SUBJECT", "status": "REGULAR", "shortName": "M LF4 WET", "longName": "Werkstofftechnik", "displayName": "M LF4 WET"}, "removed": null}], "location": [{"current": {"type": "ROOM", "status": "REGULAR", "shortName": "106", "longName": "106 -1 Etage -", "displayName": "106"}, "removed": null}], "teacher": [{"current": {"type": "TEACHER", "status": "REGULAR", "shortName": "SIEB", "longName": "Siebert", "displayName": "SIEB"}, "removed": null}], "cellState": "REGULAR", "date": "2025-03-25", "start": "2025-03-25T18:00", "end": "2025-03-25T21:15", "type": "NORMAL_TEACHING_PERIOD"}, {"classID": 1060, "schoolID": "2248000", "subject": [{"current": {"type": "SUBJECT", "status": "REGULAR", "shortName": "ENG", "longName": "Englisch", "displayName": "ENG"}, "removed": null}], "location": [{"current": {"type": "ROOM", "status": "REGULAR", "shortName": "E04", "longName": "E04 Erdetage", "displayName": "E04"}, "removed": null}], "teacher": [{"current": {"type": "TEACHER", "status": "REGULAR", "shortName": "FISC", "longName": "Fischer", "displayName": "FISC"}, "removed": null}], "cellState": "REGULAR", "date": "2025-03-25", "start": "2025-03-25T18:00", "end": "2025-03-25T21:15", "type": "EXAM"}, {"classID": 1042, "schoolID": "2248000", "subject": [{"current": {"type": "SUBJECT", "status": "REGULAR", "shortName": "LF6_BAS", "longName": "LF6_BAS", "displayName": "LF6_BAS"}, "removed": null}], "location": [{"current": {"type": "ROOM", "status": "REGULAR", "shortName": "E05", "longName": "E05 Erdetage", "displayName": "E05"}, "removed": null}], "teacher": [{"current": {"type": "TEACHER", "status": "REGULAR", "shortName": "BRUH", "longName": "Bruhn", "displayName": "BRUH"}, "removed": null}], "cellState": "REGULAR", "date": "2025-03-25", "start": "2025-03-25T08:00", "end": "2025-03-25T09:30", "type": "NORMAL_TEACHING_PERIOD"}, {"classID": 1042, "schoolID": "2248000", "subject": [{"current": {"type": "SUBJECT", "status": "REGULAR", "shortName": "LF7_Chemie", "longName": "LF7_Chemie", "displayName": "LF7_Chemie"}, "removed": null}], "location": [{"current": {"type": "ROOM", "status": "REGULAR", "shortName": "E05", "longName": "E05 Erdetage", "displayName": "E05"}, "removed": null}], "teacher": [{"current": {"type": "TEACHER", "status": "REGULAR", "shortName": "BRUH", "longName": "Bruhn", "displayName": "BRUH"}, "removed": null}], "cellState": "REGULAR", "date": "2025-03-25", "start": "2025-03-25T09:45", "end": "2025-03-25T11:15", "type": "NORMAL_TEACHING_PERIOD"}, {"classID": 1042, "schoolID": "2248000", "subject": [{"current": {"type": "SUBJECT", "status": "REGULAR", "shortName": "LF6_BBE", "longName": "Lernfeld 6 - Eine Genehmigungs- und Ausf\u00fchrungsplanung f\u00fcr ein Wohngeb\u00e4ude durchf\u00fchren", "displayName": "LF6_BBE"}, "removed": null}], "location": [{"current": {"type": "ROOM", "status": "REGULAR", "shortName": "E05", "longName": "E05 Erdetage", "displayName": "E05"}, "removed": null}], "teacher": [{"current": {"type": "TEACHER", "status": "REGULAR", "shortName": "ALTW", "longName": "Altenburg", "displayName": "ALTW"}, "removed": null}], "cellState": "REGULAR", "date": "2025-03-25", "start": "2025-03-25T11:45", "end": "2025-03-25T13:15", "type": "NORMAL_TEACHING_PERIOD"}, {"classID": 1051, "schoolID": "2248000", "subject": [{"current": {"type": "SUBJECT", "status": "REGULAR", "shortName": "EXK", "longName": "Exkursion", "displayName": "EXK"}, "removed": null}], "location": [{"current": {"type": "ROOM", "status": "REGULAR", "shortName": "104", "longName": "104 -1 Etage -", "displayName": "104"}, "removed": null}], "teacher": [{"current": {"type": "TEACHER", "status": "REGULAR", "shortName": "ZETT", "longName": "Zett", "displayName": "ZETT"}, "removed": null}], "cellState": "REGULAR", "date": "2025-03-25", "start": "2025-03-25T08:00", "end": "2025-03-25T11:15", "type": "NORMAL_TEACHING_PERIOD"}, {"classID": 1051, "schoolID": "2248000", "subject": [{"current": {"type": "SUBJECT", "status": "REGULAR", "shortName": "EXK", "longName": "Exkursion", "displayName": "EXK"}, "removed": null}], "location": [{"current": {"type": "ROOM", "status": "REGULAR", "shortName": "104", "longName": "104 -1 Etage -", "displayName": "104"}, "removed": null}], "teacher": [{"current": {"type": "TEACHER", "status": "REGULAR", "shortName": "ZETT", "longName": "Zett", "displayName": "ZETT"}, "removed": null}], "cellState": "REGULAR", "date": "2025-03-25", "start": "2025-03-25T11:45", "end": "2025-03-25T15:00", "type": "NORMAL_TEACHING_PERIOD"}, {"classID": 1087, "schoolID": "2248000", "subject": [{"current": {"type": "SUBJECT", "status": "REGULAR", "shortName": "MAT", "longName": "Mathematik", "displayName": "MAT"}, "removed": null}], "location": [{"current": {"type": "ROOM", "status": "REGULAR", "shortName": "213", "longName": "213 -2 Etage-", "displayName": "213"}, "removed": null}], "teacher": [{"current": {"type": "TEACHER", "status": "REGULAR", "shortName": "FIND", "longName": "Findeisen", "displayName": "FIND"}, "removed": null}], "cellState": "REGULAR", "date": "2025-03-25", "start": "2025-03-25T08:00", "end": "2025-03-25T11:15", "type": "NORMAL_TEACHING_PERIOD"}, {"classID": 1087, "schoolID": "2248000", "subject": [{"current": {"type": "SUBJECT", "status": "REGULAR", "shortName": "WPO", "longName": "Wirtschaft/Politik", "displayName": "WPO"}, "removed": null}], "location": [{"current": {"type": "ROOM", "status": "REGULAR", "shortName": "213", "longName": "213 -2 Etage-", "displayName": "213"}, "removed": null}], "teacher": [{"current": {"type": "TEACHER", "status": "REGULAR", "shortName": "BOYS", "longName": "Boysen", "displayName": "BOYS"}, "removed": null}], "cellState": "REGULAR", "date": "2025-03-25", "start": "2025-03-25T11:45", "end": "2025-03-25T13:15", "type": "NORMAL_TEACHING_PERIOD"}, {"classID": 1087, "schoolID": "2248000", "subject": [{"current": {"type": "SUBJECT", "status": "REGULAR", "shortName": "ENG", "longName": "Englisch", "displayName": "ENG"}, "removed": null}], "location": [{"current": {"type": "ROOM", "status": "REGULAR", "shortName": "213", "longName": "213 -2 Etage-", "displayName": "213"}, "removed": null}], "teacher": [{"current": {"type": "TEACHER", "status": "REGULAR", "shortName": "LEMK", "longName": "Lemke", "displayName": "LEMK"}, "removed": null}], "cellState": "REGULAR", "date": "2025-03-25", "start": "2025-03-25T13:30", "end": "2025-03-25T15:00", "type": "NORMAL_TEACHING_PERIOD"}, {"classID": 1039, "schoolID": "2248000", "subject": [{"current": {"type": "SUBJECT", "status": "REGULAR", "shortName": "ELK", "longName": "Elektronik", "displayName": "ELK"}, "removed": null}], "location": [{"current": {"type": "ROOM", "status": "REGULAR", "shortName": "109", "longName": "109 -1 Etage -", "displayName": "109"}, "removed": null}], "teacher": [{"current": {"type": "TEACHER", "status": "REGULAR", "shortName": "KOSS", "longName": "Kossow", "displayName": "KOSS"}, "removed": null}], "cellState": "REGULAR", "date": "2025-03-25", "start": "2025-03-25T08:00", "end": "2025-03-25T09:30", "type": "NORMAL_TEACHING_PERIOD"}, {"classID": 1039, "schoolID": "2248000", "subject": [{"current": {"type": "SUBJECT", "status": "REGULAR", "shortName": "ELT", "longName": "Elektrotechnik", "displayName": "ELT"}, "removed": null}], "location": [{"current": {"type": "ROOM", "status": "REGULAR", "shortName": "109", "longName": "109 -1 Etage -", "displayName": "109"}, "removed": null}], "teacher": [{"current": {"type": "TEACHER", "status": "REGULAR", "shortName": "SAMM", "longName": "Samm", "displayName": "SAMM"}, "removed": null}], "cellState": "REGULAR", "date": "2025-03-25", "start": "2025-03-25T09:45", "end": "2025-03-25T11:15", "type": "NORMAL_TEACHING_PERIOD"}, {"classID": 1039, "schoolID": "2248000", "subject": [{"current": {"type": "SUBJECT", "status": "REGULAR", "shortName": "ELT", "longName": "Elektrotechnik", "displayName": "ELT"}, "removed": null}], "location": [{"current": {"type": "ROOM", "status": "REGULAR", "shortName": "109", "longName": "109 -1 Etage -", "displayName": "109"}, "removed": null}], "teacher": [{"current": {"type": "TEACHER", "status": "REGULAR", "shortName": "SAMM", "longName": "Samm", "displayName": "SAMM"}, "removed": null}], "cellState": "REGULAR", "date": "2025-03-25", "start": "2025-03-25T11:45", "end": "2025-03-25T13:15", "type": "NORMAL_TEACHING_PERIOD"}, {"classID": 1039, "schoolID": "2248000", "subject": [{"current": {"type": "SUBJECT", "status": "REGULAR", "shortName": "TKO-E", "longName": "TKO-E", "displayName": "TKO-E"}, "removed": null}], "location": [{"current": {"type": "ROOM", "status": "REGULAR", "shortName": "A-H", "longName": "Au\u00dfer Haus", "displayName": "A-H"}, "removed": null}], "teacher": [{"current": {"type": "TEACHER", "status": "REGULAR", "shortName": "SVOB", "longName": "Svoboda", "displayName": "SVOB"}, "removed": null}], "cellState": "REGULAR", "date": "2025-03-25", "start": "2025-03-25T13:30", "end": "2025-03-25T15:00", "type": "NORMAL_TEACHING_PERIOD"}, {"classID": 1045, "schoolID": "2248000", "subject": [{"current": {"type": "SUBJECT", "status": "REGULAR", "shortName": "M LF2 BWI-1", "longName": "M LF2 BWI-1", "displayName": "M LF2 BWI-1"}, "removed": null}], "location": [{"current": {"type": "ROOM", "status": "REGULAR", "shortName": "E04", "longName": "E04 Erdetage", "displayName": "E04"}, "removed": null}], "teacher": [{"current": {"type": "TEACHER", "status": "REGULAR", "shortName": "BOYS", "longName": "Boysen", "displayName": "BOYS"}, "removed": null}], "cellState": "REGULAR", "date": "2025-03-25", "start": "2025-03-25T09:45", "end": "2025-03-25T11:15", "type": "NORMAL_TEACHING_PERIOD"}, {"classID": 1045, "schoolID": "2248000", "subject": [{"current": {"type": "SUBJECT", "status": "REGULAR", "shortName": "ENG", "longName": "Englisch", "displayName": "ENG"}, "removed": null}], "location": [{"current": {"type": "ROOM", "status": "REGULAR", "shortName": "E04", "longName": "E04 Erdetage", "displayName": "E04"}, "removed": null}], "teacher": [{"current": {"type": "TEACHER", "status": "REGULAR", "shortName": "LEMK", "longName": "Lemke", "displayName": "LEMK"}, "removed": null}], "cellState": "REGULAR", "date": "2025-03-25", "start": "2025-03-25T11:45", "end": "2025-03-25T13:15", "type": "NORMAL_TEACHING_PERIOD"}, {"classID": 1045, "schoolID": "2248000", "subject": [{"current": {"type": "SUBJECT", "status": "REGULAR", "shortName": "M LF1 AUT", "longName": "M LF1 AUT", "displayName": "M LF1 AUT"}, "removed": null}], "location": [{"current": {"type": "ROOM", "status": "REGULAR", "shortName": "E04", "longName": "E04 Erdetage", "displayName": "E04"}, "removed": null}], "teacher": [{"current": {"type": "TEACHER", "status": "REGULAR", "shortName": "LUET", "longName": "L\u00fctzen", "displayName": "LUET"}, "removed": null}], "cellState": "REGULAR", "date": "2025-03-25", "start": "2025-03-25T13:30", "end": "2025-03-25T15:00", "type": "NORMAL_TEACHING_PERIOD"}, {"classID": 1048, "schoolID": "2248000", "subject": [{"current": {"type": "SUBJECT", "status": "REGULAR", "shortName": "M LF5 FTE", "longName": "M LF5 FTE", "displayName": "M LF5 FTE"}, "removed": null}], "location": [{"current": {"type": "ROOM", "status": "REGULAR", "shortName": "106", "longName": "106 -1 Etage -", "displayName": "106"}, "removed": null}], "teacher": [{"current": {"type": "TEACHER", "status": "REGULAR", "shortName": "WINK", "longName": "Winkler", "displayName": "WINK"}, "removed": null}], "cellState": "REGULAR", "date": "2025-03-25", "start": "2025-03-25T08:00", "end": "2025-03-25T11:15", "type": "NORMAL_TEACHING_PERIOD"}, {"classID": 1048, "schoolID": "2248000", "subject": [{"current": {"type": "SUBJECT", "status": "REGULAR", "shortName": "M LF7 AUT -M", "longName": "M LF7 AUT -M", "displayName": "M LF7 AUT -M"}, "removed": null}], "location": [{"current": {"type": "ROOM", "status": "REGULAR", "shortName": "106", "longName": "106 -1 Etage -", "displayName": "106"}, "removed": null}], "teacher": [{"current": {"type": "TEACHER", "status": "REGULAR", "shortName": "LENS", "longName": "Lensch-Franzen", "displayName": "LENS"}, "removed": null}], "cellState": "REGULAR", "date": "2025-03-25", "start": "2025-03-25T11:45", "end": "2025-03-25T15:00", "type": "NORMAL_TEACHING_PERIOD"}, {"classID": 1042, "schoolID": "2248000", "subject": [{"current": {"type": "SUBJECT", "status": "REGULAR", "shortName": "LF2_SBB", "longName": "Lernfeld 2 - Ein Bauwerk gr\u00fcnden", "displayName": "LF2_SBB"}, "removed": null}], "location": [{"current": {"type": "ROOM", "status": "REGULAR", "shortName": "E05", "longName": "E05 Erdetage", "displayName": "E05"}, "removed": null}], "teacher": [{"current": {"type": "TEACHER", "status": "REGULAR", "shortName": "ELBE", "longName": "Elberding", "displayName": "ELBE"}, "removed": null}], "cellState": "REGULAR", "date": "2025-03-26", "start": "2025-03-26T09:45", "end": "2025-03-26T11:15", "type": "NORMAL_TEACHING_PERIOD"}, {"classID": 1042, "schoolID": "2248000", "subject": [{"current": {"type": "SUBJECT", "status": "REGULAR", "shortName": "ENG", "longName": "Englisch", "displayName": "ENG"}, "removed": null}], "location": [{"current": {"type": "ROOM", "status": "REGULAR", "shortName": "E05", "longName": "E05 Erdetage", "displayName": "E05"}, "removed": null}], "teacher": [{"current": {"type": "TEACHER", "status": "REGULAR", "shortName": "FISC", "longName": "Fischer", "displayName": "FISC"}, "removed": null}], "cellState": "REGULAR", "date": "2025-03-26", "start": "2025-03-26T11:45", "end": "2025-03-26T13:15", "type": "NORMAL_TEACHING_PERIOD"}, {"classID": 1042, "schoolID": "2248000", "subject": [{"current": {"type": "SUBJECT", "status": "REGULAR", "shortName": "WPO", "longName": "Wirtschaft/Politik", "displayName": "WPO"}, "removed": null}], "location": [{"current": {"type": "ROOM", "status": "REGULAR", "shortName": "E05", "longName": "E05 Erdetage", "displayName": "E05"}, "removed": null}], "teacher": [{"current": {"type": "TEACHER", "status": "REGULAR", "shortName": "BRAU", "longName": "Brandt", "displayName": "BRAU"}, "removed": null}], "cellState": "REGULAR", "date": "2025-03-26", "start": "2025-03-26T13:30", "end": "2025-03-26T15:00", "type": "NORMAL_TEACHING_PERIOD"}, {"classID": 1051, "schoolID": "2248000", "subject": [{"current": {"type": "SUBJECT", "status": "REGULAR", "shortName": "LF1_SBB", "longName": "Lernfeld 1 - Ein Grundst\u00fcck erschlie\u00dfen", "displayName": "LF1_SBB"}, "removed": null}], "location": [{"current": {"type": "ROOM", "status": "REGULAR", "shortName": "104", "longName": "104 -1 Etage -", "displayName": "104"}, "removed": null}], "teacher": [{"current": {"type": "TEACHER", "status": "REGULAR", "shortName": "ELBE", "longName": "Elberding", "displayName": "ELBE"}, "removed": null}], "cellState": "REGULAR", "date": "2025-03-26", "start": "2025-03-26T08:00", "end": "2025-03-26T09:30", "type": "NORMAL_TEACHING_PERIOD"}, {"classID": 1051, "schoolID": "2248000", "subject": [{"current": {"type": "SUBJECT", "status": "REGULAR", "shortName": "TKO -B", "longName": "Technische Kommunikation (B)", "displayName": "TKO -B"}, "removed": null}], "location": [{"current": {"type": "ROOM", "status": "REGULAR", "shortName": "A-H", "longName": "Au\u00dfer Haus", "displayName": "A-H"}, "removed": null}], "teacher": [{"current": {"type": "TEACHER", "status": "REGULAR", "shortName": "SVOB", "longName": "Svoboda", "displayName": "SVOB"}, "removed": null}], "cellState": "REGULAR", "date": "2025-03-26", "start": "2025-03-26T09:45", "end": "2025-03-26T11:15", "type": "NORMAL_TEACHING_PERIOD"}, {"classID": 1051, "schoolID": "2248000", "subject": [{"current": {"type": "SUBJECT", "status": "REGULAR", "shortName": "MAT", "longName": "Mathematik", "displayName": "MAT"}, "removed": null}], "location": [{"current": {"type": "ROOM", "status": "REGULAR", "shortName": "104", "longName": "104 -1 Etage -", "displayName": "104"}, "removed": null}], "teacher": [{"current": {"type": "TEACHER", "status": "REGULAR", "shortName": "PETC", "longName": "Petersen", "displayName": "PETC"}, "removed": null}], "cellState": "REGULAR", "date": "2025-03-26", "start": "2025-03-26T11:45", "end": "2025-03-26T13:15", "type": "NORMAL_TEACHING_PERIOD"}, {"classID": 1051, "schoolID": "2248000", "subject": [{"current": {"type": "SUBJECT", "status": "REGULAR", "shortName": "DEU", "longName": "Deutsch", "displayName": "DEU"}, "removed": null}], "location": [{"current": {"type": "ROOM", "status": "REGULAR", "shortName": "104", "longName": "104 -1 Etage -", "displayName": "104"}, "removed": null}], "teacher": [{"current": {"type": "TEACHER", "status": "REGULAR", "shortName": "JAGD", "longName": "Jagdmann", "displayName": "JAGD"}, "removed": null}], "cellState": "REGULAR", "date": "2025-03-26", "start": "2025-03-26T13:30", "end": "2025-03-26T15:00", "type": "NORMAL_TEACHING_PERIOD"}, {"classID": 1039, "schoolID": "2248000", "subject": [{"current": {"type": "SUBJECT", "status": "REGULAR", "shortName": "MAT", "longName": "Mathematik", "displayName": "MAT"}, "removed": null}], "location": [{"current": {"type": "ROOM", "status": "REGULAR", "shortName": "109", "longName": "109 -1 Etage -", "displayName": "109"}, "removed": null}], "teacher": [{"current": {"type": "TEACHER", "status": "REGULAR", "shortName": "IBRA", "longName": "Ibrahim", "displayName": "IBRA"}, "removed": null}], "cellState": "REGULAR", "date": "2025-03-26", "start": "2025-03-26T08:00", "end": "2025-03-26T09:30", "type": "NORMAL_TEACHING_PERIOD"}, {"classID": 1039, "schoolID": "2248000", "subject": [{"current": {"type": "SUBJECT", "status": "REGULAR", "shortName": "NWI -P", "longName": "Naturwissenschaften (Physik)", "displayName": "NWI -P"}, "removed": null}], "location": [{"current": {"type": "ROOM", "status": "REGULAR", "shortName": "109", "longName": "109 -1 Etage -", "displayName": "109"}, "removed": null}], "teacher": [{"current": {"type": "TEACHER", "status": "REGULAR", "shortName": "WYPU", "longName": "Wyputta", "displayName": "WYPU"}, "removed": null}], "cellState": "REGULAR", "date": "2025-03-26", "start": "2025-03-26T09:45", "end": "2025-03-26T11:15", "type": "NORMAL_TEACHING_PERIOD"}, {"classID": 1039, "schoolID": "2248000", "subject": [{"current": {"type": "SUBJECT", "status": "REGULAR", "shortName": "NWI -P", "longName": "Naturwissenschaften (Physik)", "displayName": "NWI -P"}, "removed": null}], "location": [{"current": {"type": "ROOM", "status": "REGULAR", "shortName": "109", "longName": "109 -1 Etage -", "displayName": "109"}, "removed": null}], "teacher": [{"current": {"type": "TEACHER", "status": "REGULAR", "shortName": "WYPU", "longName": "Wyputta", "displayName": "WYPU"}, "removed": null}], "cellState": "REGULAR", "date": "2025-03-26", "start": "2025-03-26T11:45", "end": "2025-03-26T13:15", "type": "NORMAL_TEACHING_PERIOD"}, {"classID": 1039, "schoolID": "2248000", "subject": [{"current": {"type": "SUBJECT", "status": "REGULAR", "shortName": "ELK", "longName": "Elektronik", "displayName": "ELK"}, "removed": null}], "location": [{"current": {"type": "ROOM", "status": "REGULAR", "shortName": "109", "longName": "109 -1 Etage -", "displayName": "109"}, "removed": null}], "teacher": [{"current": {"type": "TEACHER", "status": "REGULAR", "shortName": "KOSS", "longName": "Kossow", "displayName": "KOSS"}, "removed": null}], "cellState": "REGULAR", "date": "2025-03-26", "start": "2025-03-26T13:30", "end": "2025-03-26T15:00", "type": "NORMAL_TEACHING_PERIOD"}, {"classID": 1045, "schoolID": "2248000", "subject": [{"current": {"type": "SUBJECT", "status": "REGULAR", "shortName": "M LF4 WET", "longName": "Werkstofftechnik", "displayName": "M LF4 WET"}, "removed": null}], "location": [{"current": {"type": "ROOM", "status": "REGULAR", "shortName": "A-H", "longName": "Au\u00dfer Haus", "displayName": "A-H"}, "removed": null}], "teacher": [{"current": {"type": "TEACHER", "status": "REGULAR", "shortName": "LAMM", "longName": "Lammers", "displayName": "LAMM"}, "removed": null}], "cellState": "REGULAR", "date": "2025-03-26", "start": "2025-03-26T08:00", "end": "2025-03-26T09:30", "type": "NORMAL_TEACHING_PERIOD"}, {"classID": 1045, "schoolID": "2248000", "subject": [{"current": {"type": "SUBJECT", "status": "REGULAR", "shortName": "M LF1 TME", "longName": "Technische Mechanik", "displayName": "M LF1 TME"}, "removed": null}], "location": [{"current": {"type": "ROOM", "status": "REGULAR", "shortName": "E04", "longName": "E04 Erdetage", "displayName": "E04"}, "removed": null}], "teacher": [{"current": {"type": "TEACHER", "status": "REGULAR", "shortName": "KUCH", "longName": "Kuchcinski", "displayName": "KUCH"}, "removed": null}], "cellState": "REGULAR", "date": "2025-03-26", "start": "2025-03-26T09:45", "end": "2025-03-26T11:15", "type": "NORMAL_TEACHING_PERIOD"}, {"classID": 1045, "schoolID": "2248000", "subject": [{"current": {"type": "SUBJECT", "status": "REGULAR", "shortName": "M LF6 TME", "longName": "Technische Mechanik", "displayName": "M LF6 TME"}, "removed": null}], "location": [{"current": {"type": "ROOM", "status": "REGULAR", "shortName": "E04", "longName": "E04 Erdetage", "displayName": "E04"}, "removed": null}], "teacher": [{"current": {"type": "TEACHER", "status": "REGULAR", "shortName": "KUCH", "longName": "Kuchcinski", "displayName": "KUCH"}, "removed": null}], "cellState": "REGULAR", "date": "2025-03-26", "start": "2025-03-26T11:45", "end": "2025-03-26T13:15", "type": "NORMAL_TEACHING_PERIOD"}, {"classID": 1045, "schoolID": "2248000", "subject": [{"current": {"type": "SUBJECT", "status": "REGULAR", "shortName": "MAT", "longName": "Mathematik", "displayName": "MAT"}, "removed": null}], "location": [{"current": {"type": "ROOM", "status": "REGULAR", "shortName": "E04", "longName": "E04 Erdetage", "displayName": "E04"}, "removed": null}], "teacher": [{"current": {"type": "TEACHER", "status": "REGULAR", "shortName": "ROHL", "longName": "Rohlf", "displayName": "ROHL"}, "removed": null}], "cellState": "REGULAR", "date": "2025-03-26", "start": "2025-03-26T13:30", "end": "2025-03-26T15:00", "type": "NORMAL_TEACHING_PERIOD"}, {"classID": 1048, "schoolID": "2248000", "subject": [{"current": {"type": "SUBJECT", "status": "REGULAR", "shortName": "M LF4 KON CAD", "longName": "M LF4 KON CAD", "displayName": "M LF4 KON CAD"}, "removed": null}], "location": [{"current": {"type": "ROOM", "status": "REGULAR", "shortName": "106", "longName": "106 -1 Etage -", "displayName": "106"}, "removed": null}], "teacher": [{"current": {"type": "TEACHER", "status": "REGULAR", "shortName": "BECH", "longName": "BECH", "displayName": "BECH"}, "removed": null}], "cellState": "REGULAR", "date": "2025-03-26", "start": "2025-03-26T09:45", "end": "2025-03-26T11:15", "type": "NORMAL_TEACHING_PERIOD"}, {"classID": 1048, "schoolID": "2248000", "subject": [{"current": {"type": "SUBJECT", "status": "REGULAR", "shortName": "DEU", "longName": "Deutsch", "displayName": "DEU"}, "removed": null}], "location": [{"current": {"type": "ROOM", "status": "REGULAR", "shortName": "106", "longName": "106 -1 Etage -", "displayName": "106"}, "removed": null}], "teacher": [{"current": {"type": "TEACHER", "status": "REGULAR", "shortName": "JAGD", "longName": "Jagdmann", "displayName": "JAGD"}, "removed": null}], "cellState": "REGULAR", "date": "2025-03-26", "start": "2025-03-26T11:45", "end": "2025-03-26T13:15", "type": "NORMAL_TEACHING_PERIOD"}, {"classID": 1063, "schoolID": "2248000", "subject": [{"current": {"type": "SUBJECT", "status": "REGULAR", "shortName": "ELT-AG", "longName": "Elektrotechnik Arbeitsgruppe", "displayName": "ELT-AG"}, "removed": null}], "location": [{"current": {"type": "ROOM", "status": "REGULAR", "shortName": "108", "longName": "108 -1 Etage -", "displayName": "108"}, "removed": null}], "teacher": [{"current": {"type": "TEACHER", "status": "REGULAR", "shortName": "SAMM", "longName": "Samm", "displayName": "SAMM"}, "removed": null}], "cellState": "REGULAR", "date": "2025-03-27", "start": "2025-03-27T18:00", "end": "2025-03-27T21:15", "type": "NORMAL_TEACHING_PERIOD"}, {"classID": 1069, "schoolID": "2248000", "subject": [{"current": {"type": "SUBJECT", "status": "REGULAR", "shortName": "QMA", "longName": "Qualit\u00e4tsmanagement", "displayName": "QMA"}, "removed": null}], "location": [{"current": {"type": "ROOM", "status": "REGULAR", "shortName": "E04", "longName": "E04 Erdetage", "displayName": "E04"}, "removed": null}], "teacher": [{"current": {"type": "TEACHER", "status": "REGULAR", "shortName": "KREU", "longName": "Kreutz", "displayName": "KREU"}, "removed": null}], "cellState": "REGULAR", "date": "2025-03-27", "start": "2025-03-27T18:00", "end": "2025-03-27T21:15", "type": "NORMAL_TEACHING_PERIOD"}, {"classID": 1072, "schoolID": "2248000", "subject": [{"current": {"type": "SUBJECT", "status": "REGULAR", "shortName": "ESY -REG", "longName": "ESY Grundlagen", "displayName": "ESY -REG"}, "removed": null}], "location": [{"current": {"type": "ROOM", "status": "REGULAR", "shortName": "109", "longName": "109 -1 Etage -", "displayName": "109"}, "removed": null}], "teacher": [{"current": {"type": "TEACHER", "status": "REGULAR", "shortName": "SZIL", "longName": "Szillus", "displayName": "SZIL"}, "removed": null}], "cellState": "REGULAR", "date": "2025-03-27", "start": "2025-03-27T18:00", "end": "2025-03-27T21:15", "type": "NORMAL_TEACHING_PERIOD"}, {"classID": 1084, "schoolID": "2248000", "subject": [{"current": {"type": "SUBJECT", "status": "REGULAR", "shortName": "ENG", "longName": "Englisch", "displayName": "ENG"}, "removed": null}], "location": [{"current": {"type": "ROOM", "status": "REGULAR", "shortName": "107", "longName": "107 -1 Etage -", "displayName": "107"}, "removed": null}], "teacher": [{"current": {"type": "TEACHER", "status": "REGULAR", "shortName": "DHEL", "longName": "Dhel", "displayName": "DHEL"}, "removed": null}], "cellState": "REGULAR", "date": "2025-03-27", "start": "2025-03-27T18:00", "end": "2025-03-27T21:15", "type": "NORMAL_TEACHING_PERIOD"}, {"classID": 1075, "schoolID": "2248000", "subject": [{"current": {"type": "SUBJECT", "status": "REGULAR", "shortName": "M LF 3 AUT", "longName": "M LF 3 AUT", "displayName": "M LF 3 AUT"}, "removed": null}], "location": [{"current": {"type": "ROOM", "status": "REGULAR", "shortName": "106", "longName": "106 -1 Etage -", "displayName": "106"}, "removed": null}], "teacher": [{"current": {"type": "TEACHER", "status": "REGULAR", "shortName": "LUET", "longName": "L\u00fctzen", "displayName": "LUET"}, "removed": null}], "cellState": "REGULAR", "date": "2025-03-27", "start": "2025-03-27T18:00", "end": "2025-03-27T21:15", "type": "EXAM"}, {"classID": 1060, "schoolID": "2248000", "subject": [{"current": {"type": "SUBJECT", "status": "REGULAR", "shortName": "QMA", "longName": "Qualit\u00e4tsmanagement", "displayName": "QMA"}, "removed": null}], "location": [{"current": {"type": "ROOM", "status": "REGULAR", "shortName": "E04", "longName": "E04 Erdetage", "displayName": "E04"}, "removed": null}], "teacher": [{"current": {"type": "TEACHER", "status": "REGULAR", "shortName": "KREU", "longName": "Kreutz", "displayName": "KREU"}, "removed": null}], "cellState": "REGULAR", "date": "2025-03-27", "start": "2025-03-27T18:00", "end": "2025-03-27T21:15", "type": "NORMAL_TEACHING_PERIOD"}, {"classID": 1042, "schoolID": "2248000", "subject": [{"current": {"type": "SUBJECT", "status": "REGULAR", "shortName": "LF2_SBB", "longName": "Lernfeld 2 - Ein Bauwerk gr\u00fcnden", "displayName": "LF2_SBB"}, "removed": null}], "location": [{"current": {"type": "ROOM", "status": "REGULAR", "shortName": "E05", "longName": "E05 Erdetage", "displayName": "E05"}, "removed": null}], "teacher": [{"current": {"type": "TEACHER", "status": "REGULAR", "shortName": "ELBE", "longName": "Elberding", "displayName": "ELBE"}, "removed": null}], "cellState": "REGULAR", "date": "2025-03-27", "start": "2025-03-27T08:00", "end": "2025-03-27T09:30", "type": "NORMAL_TEACHING_PERIOD"}, {"classID": 1042, "schoolID": "2248000", "subject": [{"current": {"type": "SUBJECT", "status": "REGULAR", "shortName": "TKO -B", "longName": "Technische Kommunikation (B)", "displayName": "TKO -B"}, "removed": null}], "location": [{"current": {"type": "ROOM", "status": "REGULAR", "shortName": "E05", "longName": "E05 Erdetage", "displayName": "E05"}, "removed": null}], "teacher": [{"current": {"type": "TEACHER", "status": "REGULAR", "shortName": "SVOB", "longName": "Svoboda", "displayName": "SVOB"}, "removed": null}], "cellState": "REGULAR", "date": "2025-03-27", "start": "2025-03-27T09:45", "end": "2025-03-27T11:15", "type": "NORMAL_TEACHING_PERIOD"}, {"classID": 1042, "schoolID": "2248000", "subject": [{"current": {"type": "SUBJECT", "status": "REGULAR", "shortName": "DEU", "longName": "Deutsch", "displayName": "DEU"}, "removed": null}], "location": [{"current": {"type": "ROOM", "status": "REGULAR", "shortName": "A-H", "longName": "Au\u00dfer Haus", "displayName": "A-H"}, "removed": null}], "teacher": [{"current": {"type": "TEACHER", "status": "REGULAR", "shortName": "FALC", "longName": "Falck", "displayName": "FALC"}, "removed": null}], "cellState": "REGULAR", "date": "2025-03-27", "start": "2025-03-27T11:45", "end": "2025-03-27T13:15", "type": "NORMAL_TEACHING_PERIOD"}, {"classID": 1051, "schoolID": "2248000", "subject": [{"current": {"type": "SUBJECT", "status": "REGULAR", "shortName": "EXK", "longName": "Exkursion", "displayName": "EXK"}, "removed": null}], "location": [{"current": {"type": "ROOM", "status": "REGULAR", "shortName": "104", "longName": "104 -1 Etage -", "displayName": "104"}, "removed": null}], "teacher": [{"current": {"type": "TEACHER", "status": "REGULAR", "shortName": "ALTW", "longName": "Altenburg", "displayName": "ALTW"}, "removed": null}], "cellState": "REGULAR", "date": "2025-03-27", "start": "2025-03-27T08:00", "end": "2025-03-27T11:15", "type": "NORMAL_TEACHING_PERIOD"}, {"classID": 1051, "schoolID": "2248000", "subject": [{"current": {"type": "SUBJECT", "status": "REGULAR", "shortName": "EXK", "longName": "Exkursion", "displayName": "EXK"}, "removed": null}], "location": [{"current": {"type": "ROOM", "status": "REGULAR", "shortName": "104", "longName": "104 -1 Etage -", "displayName": "104"}, "removed": null}], "teacher": [{"current": {"type": "TEACHER", "status": "REGULAR", "shortName": "ALTW", "longName": "Altenburg", "displayName": "ALTW"}, "removed": null}], "cellState": "REGULAR", "date": "2025-03-27", "start": "2025-03-27T11:45", "end": "2025-03-27T13:15", "type": "NORMAL_TEACHING_PERIOD"}, {"classID": 1039, "schoolID": "2248000", "subject": [{"current": {"type": "SUBJECT", "status": "REGULAR", "shortName": "MAT", "longName": "Mathematik", "displayName": "MAT"}, "removed": null}], "location": [{"current": {"type": "ROOM", "status": "REGULAR", "shortName": "109", "longName": "109 -1 Etage -", "displayName": "109"}, "removed": null}], "teacher": [{"current": {"type": "TEACHER", "status": "REGULAR", "shortName": "IBRA", "longName": "Ibrahim", "displayName": "IBRA"}, "removed": null}], "cellState": "REGULAR", "date": "2025-03-27", "start": "2025-03-27T08:00", "end": "2025-03-27T09:30", "type": "NORMAL_TEACHING_PERIOD"}, {"classID": 1039, "schoolID": "2248000", "subject": [{"current": {"type": "SUBJECT", "status": "REGULAR", "shortName": "BWI-1", "longName": "Betriebswirtschaft-rechtliche Grundlagen", "displayName": "BWI-1"}, "removed": null}], "location": [{"current": {"type": "ROOM", "status": "REGULAR", "shortName": "109", "longName": "109 -1 Etage -", "displayName": "109"}, "removed": null}], "teacher": [{"current": {"type": "TEACHER", "status": "REGULAR", "shortName": "BOYS", "longName": "Boysen", "displayName": "BOYS"}, "removed": null}], "cellState": "REGULAR", "date": "2025-03-27", "start": "2025-03-27T09:45", "end": "2025-03-27T11:15", "type": "NORMAL_TEACHING_PERIOD"}, {"classID": 1039, "schoolID": "2248000", "subject": [{"current": {"type": "SUBJECT", "status": "REGULAR", "shortName": "ELT", "longName": "Elektrotechnik", "displayName": "ELT"}, "removed": null}], "location": [{"current": {"type": "ROOM", "status": "REGULAR", "shortName": "109", "longName": "109 -1 Etage -", "displayName": "109"}, "removed": null}], "teacher": [{"current": {"type": "TEACHER", "status": "REGULAR", "shortName": "SAMM", "longName": "Samm", "displayName": "SAMM"}, "removed": null}], "cellState": "REGULAR", "date": "2025-03-27", "start": "2025-03-27T11:45", "end": "2025-03-27T13:15", "type": "NORMAL_TEACHING_PERIOD"}, {"classID": 1045, "schoolID": "2248000", "subject": [{"current": {"type": "SUBJECT", "status": "REGULAR", "shortName": "TKO -M", "longName": "Technische Kommunikation (M)", "displayName": "TKO -M"}, "removed": null}], "location": [{"current": {"type": "ROOM", "status": "REGULAR", "shortName": "E04", "longName": "E04 Erdetage", "displayName": "E04"}, "removed": null}], "teacher": [{"current": {"type": "TEACHER", "status": "REGULAR", "shortName": "SVOB", "longName": "Svoboda", "displayName": "SVOB"}, "removed": null}], "cellState": "REGULAR", "date": "2025-03-27", "start": "2025-03-27T08:00", "end": "2025-03-27T09:30", "type": "NORMAL_TEACHING_PERIOD"}, {"classID": 1045, "schoolID": "2248000", "subject": [{"current": {"type": "SUBJECT", "status": "REGULAR", "shortName": "M LF1 NWI", "longName": "Naturwissenschaften", "displayName": "M LF1 NWI"}, "removed": null}], "location": [{"current": {"type": "ROOM", "status": "REGULAR", "shortName": "E04", "longName": "E04 Erdetage", "displayName": "E04"}, "removed": null}], "teacher": [{"current": {"type": "TEACHER", "status": "REGULAR", "shortName": "WYPU", "longName": "Wyputta", "displayName": "WYPU"}, "removed": null}], "cellState": "REGULAR", "date": "2025-03-27", "start": "2025-03-27T09:45", "end": "2025-03-27T11:15", "type": "NORMAL_TEACHING_PERIOD"}, {"classID": 1045, "schoolID": "2248000", "subject": [{"current": {"type": "SUBJECT", "status": "REGULAR", "shortName": "M LF1 NWI", "longName": "Naturwissenschaften", "displayName": "M LF1 NWI"}, "removed": null}], "location": [{"current": {"type": "ROOM", "status": "REGULAR", "shortName": "E04", "longName": "E04 Erdetage", "displayName": "E04"}, "removed": null}], "teacher": [{"current": {"type": "TEACHER", "status": "REGULAR", "shortName": "WYPU", "longName": "Wyputta", "displayName": "WYPU"}, "removed": null}], "cellState": "REGULAR", "date": "2025-03-27", "start": "2025-03-27T11:45", "end": "2025-03-27T13:15", "type": "NORMAL_TEACHING_PERIOD"}, {"classID": 1045, "schoolID": "2248000", "subject": [{"current": {"type": "SUBJECT", "status": "REGULAR", "shortName": "WPO", "longName": "Wirtschaft/Politik", "displayName": "WPO"}, "removed": null}], "location": [{"current": {"type": "ROOM", "status": "REGULAR", "shortName": "A-H", "longName": "Au\u00dfer Haus", "displayName": "A-H"}, "removed": null}], "teacher": [{"current": {"type": "TEACHER", "status": "REGULAR", "shortName": "ZABE", "longName": "Zabel", "displayName": "ZABE"}, "removed": null}], "cellState": "REGULAR", "date": "2025-03-27", "start": "2025-03-27T13:30", "end": "2025-03-27T15:00", "type": "NORMAL_TEACHING_PERIOD"}, {"classID": 1048, "schoolID": "2248000", "subject": [{"current": {"type": "SUBJECT", "status": "REGULAR", "shortName": "S-E", "longName": "St\u00fctzkurs Englisch", "displayName": "S-E"}, "removed": null}], "location": [{"current": {"type": "ROOM", "status": "REGULAR", "shortName": "106", "longName": "106 -1 Etage -", "displayName": "106"}, "removed": null}], "teacher": [{"current": {"type": "TEACHER", "status": "REGULAR", "shortName": "SAGI", "longName": "Sagitz", "displayName": "SAGI"}, "removed": null}], "cellState": "REGULAR", "date": "2025-03-27", "start": "2025-03-27T08:00", "end": "2025-03-27T09:30", "type": "NORMAL_TEACHING_PERIOD"}, {"classID": 1048, "schoolID": "2248000", "subject": [{"current": {"type": "SUBJECT", "status": "REGULAR", "shortName": "ENG", "longName": "Englisch", "displayName": "ENG"}, "removed": null}], "location": [{"current": {"type": "ROOM", "status": "REGULAR", "shortName": "106", "longName": "106 -1 Etage -", "displayName": "106"}, "removed": null}], "teacher": [{"current": {"type": "TEACHER", "status": "REGULAR", "shortName": "DHEL", "longName": "Dhel", "displayName": "DHEL"}, "removed": null}], "cellState": "REGULAR", "date": "2025-03-27", "start": "2025-03-27T09:45", "end": "2025-03-27T11:15", "type": "NORMAL_TEACHING_PERIOD"}, {"classID": 1048, "schoolID": "2248000", "subject": [{"current": {"type": "SUBJECT", "status": "REGULAR", "shortName": "M LF6 KON", "longName": "M LF6 KON", "displayName": "M LF6 KON"}, "removed": null}], "location": [{"current": {"type": "ROOM", "status": "REGULAR", "shortName": "106", "longName": "106 -1 Etage -", "displayName": "106"}, "removed": null}], "teacher": [{"current": {"type": "TEACHER", "status": "REGULAR", "shortName": "KLAU", "longName": "Klausner", "displayName": "KLAU"}, "removed": null}], "cellState": "REGULAR", "date": "2025-03-27", "start": "2025-03-27T11:45", "end": "2025-03-27T13:15", "type": "NORMAL_TEACHING_PERIOD"}, {"classID": 1042, "schoolID": "2248000", "subject": [{"current": {"type": "SUBJECT", "status": "REGULAR", "shortName": "LF8_NWI", "longName": "Lernfeld 8 - Die Planung einer Bauma\u00dfnahme im Bestand durchf\u00fchren", "displayName": "LF8_NWI"}, "removed": null}], "location": [{"current": {"type": "ROOM", "status": "REGULAR", "shortName": "E05", "longName": "E05 Erdetage", "displayName": "E05"}, "removed": null}], "teacher": [{"current": {"type": "TEACHER", "status": "REGULAR", "shortName": "VOSS", "longName": "Voss", "displayName": "VOSS"}, "removed": null}], "cellState": "REGULAR", "date": "2025-03-28", "start": "2025-03-28T08:00", "end": "2025-03-28T11:15", "type": "NORMAL_TEACHING_PERIOD"}, {"classID": 1051, "schoolID": "2248000", "subject": [{"current": {"type": "SUBJECT", "status": "REGULAR", "shortName": "Karrieretag", "longName": "Karrieretag", "displayName": "Karrieretag"}, "removed": null}], "location": [{"current": {"type": "ROOM", "status": "REGULAR", "shortName": "Aula", "longName": "Aula", "displayName": "Aula"}, "removed": null}], "teacher": [{"current": {"type": "TEACHER", "status": "REGULAR", "shortName": "GROE", "longName": "Groer", "displayName": "GROE"}, "removed": null}], "cellState": "REGULAR", "date": "2025-03-28", "start": "2025-03-28T08:00", "end": "2025-03-28T11:15", "type": "NORMAL_TEACHING_PERIOD"}, {"classID": 1051, "schoolID": "2248000", "subject": [{"current": {"type": "SUBJECT", "status": "REGULAR", "shortName": "Karrieretag", "longName": "Karrieretag", "displayName": "Karrieretag"}, "removed": null}], "location": [{"current": {"type": "ROOM", "status": "REGULAR", "shortName": "Aula", "longName": "Aula", "displayName": "Aula"}, "removed": null}], "teacher": [{"current": {"type": "TEACHER", "status": "REGULAR", "shortName": "GROE", "longName": "Groer", "displayName": "GROE"}, "removed": null}], "cellState": "REGULAR", "date": "2025-03-28", "start": "2025-03-28T11:45", "end": "2025-03-28T15:00", "type": "NORMAL_TEACHING_PERIOD"}, {"classID": 1045, "schoolID": "2248000", "subject": [{"current": {"type": "SUBJECT", "status": "REGULAR", "shortName": "M LF7 AUT", "longName": "Automatisierungstechnik", "displayName": "M LF7 AUT"}, "removed": null}], "location": [{"current": {"type": "ROOM", "status": "REGULAR", "shortName": "E04", "longName": "E04 Erdetage", "displayName": "E04"}, "removed": null}], "teacher": [{"current": {"type": "TEACHER", "status": "REGULAR", "shortName": "LUET", "longName": "L\u00fctzen", "displayName": "LUET"}, "removed": null}], "cellState": "REGULAR", "date": "2025-03-28", "start": "2025-03-28T09:45", "end": "2025-03-28T11:15", "type": "NORMAL_TEACHING_PERIOD"}, {"classID": 1045, "schoolID": "2248000", "subject": [{"current": {"type": "SUBJECT", "status": "REGULAR", "shortName": "M LF7 AUT", "longName": "Automatisierungstechnik", "displayName": "M LF7 AUT"}, "removed": null}], "location": [{"current": {"type": "ROOM", "status": "REGULAR", "shortName": "E04", "longName": "E04 Erdetage", "displayName": "E04"}, "removed": null}], "teacher": [{"current": {"type": "TEACHER", "status": "REGULAR", "shortName": "LUET", "longName": "L\u00fctzen", "displayName": "LUET"}, "removed": null}], "cellState": "REGULAR", "date": "2025-03-28", "start": "2025-03-28T11:45", "end": "2025-03-28T13:15", "type": "NORMAL_TEACHING_PERIOD"}, {"classID": 1048, "schoolID": "2248000", "subject": [{"current": {"type": "SUBJECT", "status": "REGULAR", "shortName": "Karrieretag", "longName": "Karrieretag", "displayName": "Karrieretag"}, "removed": null}], "location": [{"current": {"type": "ROOM", "status": "REGULAR", "shortName": "Aula", "longName": "Aula", "displayName": "Aula"}, "removed": null}], "teacher": [{"current": {"type": "TEACHER", "status": "REGULAR", "shortName": "GROE", "longName": "Groer", "displayName": "GROE"}, "removed": null}], "cellState": "REGULAR", "date": "2025-03-28", "start": "2025-03-28T08:00", "end": "2025-03-28T11:15", "type": "NORMAL_TEACHING_PERIOD"}, {"classID": 1048, "schoolID": "2248000", "subject": [{"current": {"type": "SUBJECT", "status": "REGULAR", "shortName": "Karrieretag", "longName": "Karrieretag", "displayName": "Karrieretag"}, "removed": null}], "location": [{"current": {"type": "ROOM", "status": "REGULAR", "shortName": "Aula", "longName": "Aula", "displayName": "Aula"}, "removed": null}], "teacher": [{"current": {"type": "TEACHER", "status": "REGULAR", "shortName": "GROE", "longName": "Groer", "displayName": "GROE"}, "removed": null}], "cellState": "REGULAR", "date": "2025-03-28", "start": "2025-03-28T11:45", "end": "2025-03-28T15:00", "type": "NORMAL_TEACHING_PERIOD"}]