[{"classID": 61, "schoolID": "2363200", "subject": [{"current": {"type": "SUBJECT", "status": "REGULAR", "shortName": "1E1", "longName": "Leistungsfach Englisch", "displayName": "1E1"}, "removed": null}], "location": [{"current": {"type": "ROOM", "status": "REGULAR", "shortName": "206", "longName": "Klassenraum", "displayName": "206"}, "removed": null}], "teacher": [{"current": {"type": "TEACHER", "status": "REGULAR", "shortName": "Mac", "longName": "Macek", "displayName": "Mac"}, "removed": null}], "cellState": "REGULAR", "date": "2025-05-19", "start": "2025-05-19T08:15", "end": "2025-05-19T09:45", "type": "NORMAL_TEACHING_PERIOD"}, {"classID": 61, "schoolID": "2363200", "subject": [{"current": {"type": "SUBJECT", "status": "REGULAR", "shortName": "1e2", "longName": "1e2", "displayName": "1e2"}, "removed": null}], "location": [{"current": {"type": "ROOM", "status": "REGULAR", "shortName": "207", "longName": "Klassenraum", "displayName": "207"}, "removed": null}], "teacher": [{"current": {"type": "TEACHER", "status": "REGULAR", "shortName": "Kin", "longName": "Kindler", "displayName": "Kin"}, "removed": null}], "cellState": "REGULAR", "date": "2025-05-19", "start": "2025-05-19T08:15", "end": "2025-05-19T09:45", "type": "NORMAL_TEACHING_PERIOD"}, {"classID": 61, "schoolID": "2363200", "subject": [{"current": {"type": "SUBJECT", "status": "REGULAR", "shortName": "1D1", "longName": "1D1", "displayName": "1D1"}, "removed": null}], "location": [{"current": {"type": "ROOM", "status": "REGULAR", "shortName": "206", "longName": "Klassenraum", "displayName": "206"}, "removed": null}], "teacher": [{"current": {"type": "TEACHER", "status": "REGULAR", "shortName": "Obe", "longName": "Obermayer", "displayName": "Obe"}, "removed": null}], "cellState": "REGULAR", "date": "2025-05-19", "start": "2025-05-19T10:00", "end": "2025-05-19T11:30", "type": "NORMAL_TEACHING_PERIOD"}, {"classID": 61, "schoolID": "2363200", "subject": [{"current": {"type": "SUBJECT", "status": "REGULAR", "shortName": "1D2", "longName": "1D2", "displayName": "1D2"}, "removed": null}], "location": [{"current": {"type": "ROOM", "status": "REGULAR", "shortName": "208", "longName": "Klassenraum", "displayName": "208"}, "removed": null}], "teacher": [{"current": {"type": "TEACHER", "status": "REGULAR", "shortName": "Bra", "longName": "Braun", "displayName": "Bra"}, "removed": null}], "cellState": "REGULAR", "date": "2025-05-19", "start": "2025-05-19T10:00", "end": "2025-05-19T11:30", "type": "NORMAL_TEACHING_PERIOD"}, {"classID": 61, "schoolID": "2363200", "subject": [{"current": {"type": "SUBJECT", "status": "REGULAR", "shortName": "1WR1", "longName": "Leistungsfach Wirtschaft und Recht", "displayName": "1WR1"}, "removed": null}], "location": [{"current": {"type": "ROOM", "status": "ADDED", "shortName": "207", "longName": "Klassenraum", "displayName": "207"}, "removed": {"type": "ROOM", "status": "REMOVED", "shortName": "212", "longName": "Klassenraum", "displayName": "212"}}], "teacher": [{"current": {"type": "TEACHER", "status": "REGULAR", "shortName": "Seg", "longName": "Seger", "displayName": "Seg"}, "removed": null}], "cellState": "CHANGED", "date": "2025-05-19", "start": "2025-05-19T11:45", "end": "2025-05-19T13:15", "type": "NORMAL_TEACHING_PERIOD"}, {"classID": 61, "schoolID": "2363200", "subject": [{"current": {"type": "SUBJECT", "status": "REGULAR", "shortName": "1geo1", "longName": "1geo1", "displayName": "1geo1"}, "removed": null}], "location": [{"current": {"type": "ROOM", "status": "REGULAR", "shortName": "213", "longName": "Klassenraum", "displayName": "213"}, "removed": null}], "teacher": [{"current": {"type": "TEACHER", "status": "REGULAR", "shortName": "Sca", "longName": "Schmidt", "displayName": "Sca"}, "removed": null}], "cellState": "REGULAR", "date": "2025-05-19", "start": "2025-05-19T11:45", "end": "2025-05-19T13:15", "type": "NORMAL_TEACHING_PERIOD"}, {"classID": 61, "schoolID": "2363200", "subject": [{"current": {"type": "SUBJECT", "status": "REGULAR", "shortName": "1aif1", "longName": "1aif1", "displayName": "1aif1"}, "removed": null}], "location": [{"current": {"type": "ROOM", "status": "REGULAR", "shortName": "214", "longName": "214", "displayName": "214"}, "removed": null}], "teacher": [{"current": {"type": "TEACHER", "status": "ADDED", "shortName": "Unt", "longName": "WebUntis", "displayName": "Unt"}, "removed": {"type": "TEACHER", "status": "REMOVED", "shortName": "Seg", "longName": "Seger", "displayName": "Seg"}}], "cellState": "CHANGED", "date": "2025-05-19", "start": "2025-05-19T13:30", "end": "2025-05-19T15:00", "type": "NORMAL_TEACHING_PERIOD"}, {"classID": 61, "schoolID": "2363200", "subject": [{"current": {"type": "SUBJECT", "status": "REGULAR", "shortName": "1c1", "longName": "1c1", "displayName": "1c1"}, "removed": null}], "location": [{"current": {"type": "ROOM", "status": "REGULAR", "shortName": "E12", "longName": "Chemiesaal", "displayName": "E12"}, "removed": null}], "teacher": [{"current": {"type": "TEACHER", "status": "REGULAR", "shortName": "Heu", "longName": "Heum\u00fcller", "displayName": "Heu"}, "removed": null}], "cellState": "REGULAR", "date": "2025-05-19", "start": "2025-05-19T13:30", "end": "2025-05-19T15:00", "type": "NORMAL_TEACHING_PERIOD"}, {"classID": 55, "schoolID": "2363200", "subject": [{"current": {"type": "SUBJECT", "status": "REGULAR", "shortName": "F", "longName": "Franz\u00f6sisch", "displayName": "F"}, "removed": null}], "location": [{"current": {"type": "ROOM", "status": "REGULAR", "shortName": "227", "longName": "Klassenraum", "displayName": "227"}, "removed": null}], "teacher": [{"current": {"type": "TEACHER", "status": "REGULAR", "shortName": "Bra", "longName": "Braun", "displayName": "Bra"}, "removed": null}], "cellState": "ADDITIONAL", "date": "2025-05-19", "start": "2025-05-19T08:15", "end": "2025-05-19T09:00", "type": "ADDITIONAL_PERIOD"}, {"classID": 55, "schoolID": "2363200", "subject": [{"current": {"type": "SUBJECT", "status": "REGULAR", "shortName": "F", "longName": "Franz\u00f6sisch", "displayName": "F"}, "removed": null}], "location": [{"current": {"type": "ROOM", "status": "REGULAR", "shortName": "227", "longName": "Klassenraum", "displayName": "227"}, "removed": null}], "teacher": [{"current": {"type": "TEACHER", "status": "REGULAR", "shortName": "Sei", "longName": "Seidel", "displayName": "Sei"}, "removed": null}], "cellState": "ADDITIONAL", "date": "2025-05-19", "start": "2025-05-19T09:00", "end": "2025-05-19T09:45", "type": "ADDITIONAL_PERIOD"}, {"classID": 55, "schoolID": "2363200", "subject": [{"current": {"type": "SUBJECT", "status": "REGULAR", "shortName": "K", "longName": "Kath. Rel.", "displayName": "K"}, "removed": null}], "location": [{"current": {"type": "ROOM", "status": "ADDED", "shortName": "207", "longName": "Klassenraum", "displayName": "207"}, "removed": {"type": "ROOM", "status": "REMOVED", "shortName": "205", "longName": "Klassenraum", "displayName": "205"}}], "teacher": [{"current": {"type": "TEACHER", "status": "REGULAR", "shortName": "Rig", "longName": "Ring", "displayName": "Rig"}, "removed": null}], "cellState": "CHANGED", "date": "2025-05-19", "start": "2025-05-19T10:00", "end": "2025-05-19T10:45", "type": "NORMAL_TEACHING_PERIOD"}, {"classID": 55, "schoolID": "2363200", "subject": [{"current": {"type": "SUBJECT", "status": "REGULAR", "shortName": "Eth", "longName": "Ethik", "displayName": "Eth"}, "removed": null}], "location": [{"current": {"type": "ROOM", "status": "REGULAR", "shortName": "227", "longName": "Klassenraum", "displayName": "227"}, "removed": null}], "teacher": [{"current": {"type": "TEACHER", "status": "REGULAR", "shortName": "Sei", "longName": "Seidel", "displayName": "Sei"}, "removed": null}], "cellState": "REGULAR", "date": "2025-05-19", "start": "2025-05-19T10:00", "end": "2025-05-19T10:45", "type": "NORMAL_TEACHING_PERIOD"}, {"classID": 55, "schoolID": "2363200", "subject": [{"current": {"type": "SUBJECT", "status": "REGULAR", "shortName": "M", "longName": "Mathematik", "displayName": "M"}, "removed": null}], "location": [{"current": {"type": "ROOM", "status": "REGULAR", "shortName": "227", "longName": "Klassenraum", "displayName": "227"}, "removed": null}], "teacher": [{"current": {"type": "TEACHER", "status": "REGULAR", "shortName": "Bar", "longName": "Barry", "displayName": "Bar"}, "removed": null}], "cellState": "REGULAR", "date": "2025-05-19", "start": "2025-05-19T10:45", "end": "2025-05-19T12:30", "type": "NORMAL_TEACHING_PERIOD"}, {"classID": 55, "schoolID": "2363200", "subject": [{"current": {"type": "SUBJECT", "status": "REGULAR", "shortName": "C", "longName": "Chemie", "displayName": "C"}, "removed": null}], "location": [{"current": {"type": "ROOM", "status": "REGULAR", "shortName": "E12", "longName": "Chemiesaal", "displayName": "E12"}, "removed": null}], "teacher": [{"current": {"type": "TEACHER", "status": "REGULAR", "shortName": "Heu", "longName": "Heum\u00fcller", "displayName": "Heu"}, "removed": null}], "cellState": "REGULAR", "date": "2025-05-19", "start": "2025-05-19T12:30", "end": "2025-05-19T13:15", "type": "NORMAL_TEACHING_PERIOD"}, {"classID": 55, "schoolID": "2363200", "subject": [{"current": {"type": "SUBJECT", "status": "REGULAR", "shortName": "Geo", "longName": "Geographie", "displayName": "Geo"}, "removed": null}], "location": [{"current": {"type": "ROOM", "status": "REGULAR", "shortName": "227", "longName": "Klassenraum", "displayName": "227"}, "removed": null}], "teacher": [{"current": {"type": "TEACHER", "status": "REGULAR", "shortName": "Sca", "longName": "Schmidt", "displayName": "Sca"}, "removed": null}], "cellState": "REGULAR", "date": "2025-05-19", "start": "2025-05-19T13:30", "end": "2025-05-19T14:15", "type": "NORMAL_TEACHING_PERIOD"}, {"classID": 58, "schoolID": "2363200", "subject": [{"current": {"type": "SUBJECT", "status": "REGULAR", "shortName": "M", "longName": "Mathematik", "displayName": "M"}, "removed": null}], "location": [{"current": {"type": "ROOM", "status": "REGULAR", "shortName": "231", "longName": "Klassenraum", "displayName": "231"}, "removed": null}], "teacher": [{"current": {"type": "TEACHER", "status": "REGULAR", "shortName": "Bar", "longName": "Barry", "displayName": "Bar"}, "removed": null}], "cellState": "REGULAR", "date": "2025-05-19", "start": "2025-05-19T08:15", "end": "2025-05-19T09:45", "type": "NORMAL_TEACHING_PERIOD"}, {"classID": 58, "schoolID": "2363200", "subject": [{"current": {"type": "SUBJECT", "status": "REGULAR", "shortName": "Eth", "longName": "Ethik", "displayName": "Eth"}, "removed": null}], "location": [{"current": {"type": "ROOM", "status": "REGULAR", "shortName": "231", "longName": "Klassenraum", "displayName": "231"}, "removed": null}], "teacher": [{"current": {"type": "TEACHER", "status": "REGULAR", "shortName": "Wan", "longName": "Wanninger", "displayName": "Wan"}, "removed": null}], "cellState": "REGULAR", "date": "2025-05-19", "start": "2025-05-19T10:00", "end": "2025-05-19T10:45", "type": "NORMAL_TEACHING_PERIOD"}, {"classID": 58, "schoolID": "2363200", "subject": [{"current": {"type": "SUBJECT", "status": "REGULAR", "shortName": "PuG", "longName": "PuG", "displayName": "PuG"}, "removed": null}], "location": [{"current": {"type": "ROOM", "status": "REGULAR", "shortName": "231", "longName": "Klassenraum", "displayName": "231"}, "removed": null}], "teacher": [{"current": {"type": "TEACHER", "status": "REGULAR", "shortName": "Wan", "longName": "Wanninger", "displayName": "Wan"}, "removed": null}], "cellState": "REGULAR", "date": "2025-05-19", "start": "2025-05-19T10:45", "end": "2025-05-19T11:30", "type": "NORMAL_TEACHING_PERIOD"}, {"classID": 58, "schoolID": "2363200", "subject": [{"current": {"type": "SUBJECT", "status": "REGULAR", "shortName": "G", "longName": "Geschichte", "displayName": "G"}, "removed": null}], "location": [{"current": {"type": "ROOM", "status": "REGULAR", "shortName": "231", "longName": "Klassenraum", "displayName": "231"}, "removed": null}], "teacher": [{"current": {"type": "TEACHER", "status": "REGULAR", "shortName": "Wec", "longName": "Wecker", "displayName": "Wec"}, "removed": null}], "cellState": "REGULAR", "date": "2025-05-19", "start": "2025-05-19T11:45", "end": "2025-05-19T13:15", "type": "NORMAL_TEACHING_PERIOD"}, {"classID": 67, "schoolID": "2363200", "subject": [{"current": {"type": "SUBJECT", "status": "REGULAR", "shortName": "D", "longName": "Deutsch", "displayName": "D"}, "removed": null}], "location": [{"current": {"type": "ROOM", "status": "REGULAR", "shortName": "203", "longName": "Klassenraum", "displayName": "203"}, "removed": null}], "teacher": [{"current": {"type": "TEACHER", "status": "REGULAR", "shortName": "Sca", "longName": "Schmidt", "displayName": "Sca"}, "removed": null}], "cellState": "REGULAR", "date": "2025-05-19", "start": "2025-05-19T08:15", "end": "2025-05-19T09:45", "type": "NORMAL_TEACHING_PERIOD"}, {"classID": 67, "schoolID": "2363200", "subject": [{"current": {"type": "SUBJECT", "status": "REGULAR", "shortName": "Geo", "longName": "Geographie", "displayName": "Geo"}, "removed": null}], "location": [{"current": {"type": "ROOM", "status": "REGULAR", "shortName": "203", "longName": "Klassenraum", "displayName": "203"}, "removed": null}], "teacher": [{"current": {"type": "TEACHER", "status": "REGULAR", "shortName": "Sca", "longName": "Schmidt", "displayName": "Sca"}, "removed": null}], "cellState": "REGULAR", "date": "2025-05-19", "start": "2025-05-19T10:00", "end": "2025-05-19T10:45", "type": "NORMAL_TEACHING_PERIOD"}, {"classID": 67, "schoolID": "2363200", "subject": [{"current": {"type": "SUBJECT", "status": "REGULAR", "shortName": "PuG", "longName": "PuG", "displayName": "PuG"}, "removed": null}], "location": [{"current": {"type": "ROOM", "status": "REGULAR", "shortName": "203", "longName": "Klassenraum", "displayName": "203"}, "removed": null}], "teacher": [{"current": {"type": "TEACHER", "status": "REGULAR", "shortName": "Kin", "longName": "Kindler", "displayName": "Kin"}, "removed": null}], "cellState": "REGULAR", "date": "2025-05-19", "start": "2025-05-19T10:45", "end": "2025-05-19T11:30", "type": "NORMAL_TEACHING_PERIOD"}, {"classID": 67, "schoolID": "2363200", "subject": [{"current": {"type": "SUBJECT", "status": "REGULAR", "shortName": "C", "longName": "Chemie", "displayName": "C"}, "removed": null}], "location": [{"current": {"type": "ROOM", "status": "REGULAR", "shortName": "E12", "longName": "Chemiesaal", "displayName": "E12"}, "removed": null}], "teacher": [{"current": {"type": "TEACHER", "status": "REGULAR", "shortName": "Heu", "longName": "Heum\u00fcller", "displayName": "Heu"}, "removed": null}], "cellState": "REGULAR", "date": "2025-05-19", "start": "2025-05-19T11:45", "end": "2025-05-19T12:30", "type": "NORMAL_TEACHING_PERIOD"}, {"classID": 67, "schoolID": "2363200", "subject": [{"current": {"type": "SUBJECT", "status": "REGULAR", "shortName": "M", "longName": "Mathematik", "displayName": "M"}, "removed": null}], "location": [{"current": {"type": "ROOM", "status": "REGULAR", "shortName": "203", "longName": "Klassenraum", "displayName": "203"}, "removed": null}], "teacher": [{"current": {"type": "TEACHER", "status": "REGULAR", "shortName": "Bar", "longName": "Barry", "displayName": "Bar"}, "removed": null}], "cellState": "REGULAR", "date": "2025-05-19", "start": "2025-05-19T12:30", "end": "2025-05-19T14:15", "type": "NORMAL_TEACHING_PERIOD"}, {"classID": 70, "schoolID": "2363200", "subject": [{"current": {"type": "SUBJECT", "status": "REGULAR", "shortName": "C", "longName": "Chemie", "displayName": "C"}, "removed": null}], "location": [{"current": {"type": "ROOM", "status": "REGULAR", "shortName": "E12", "longName": "Chemiesaal", "displayName": "E12"}, "removed": null}], "teacher": [{"current": {"type": "TEACHER", "status": "REGULAR", "shortName": "Heu", "longName": "Heum\u00fcller", "displayName": "Heu"}, "removed": null}], "cellState": "REGULAR", "date": "2025-05-19", "start": "2025-05-19T09:00", "end": "2025-05-19T10:45", "type": "NORMAL_TEACHING_PERIOD"}, {"classID": 70, "schoolID": "2363200", "subject": [{"current": {"type": "SUBJECT", "status": "REGULAR", "shortName": "D", "longName": "Deutsch", "displayName": "D"}, "removed": null}], "location": [{"current": {"type": "ROOM", "status": "REGULAR", "shortName": "204", "longName": "Klassenraum", "displayName": "204"}, "removed": null}], "teacher": [{"current": {"type": "TEACHER", "status": "REGULAR", "shortName": "Sei", "longName": "Seidel", "displayName": "Sei"}, "removed": null}], "cellState": "CHANGED", "date": "2025-05-19", "start": "2025-05-19T10:45", "end": "2025-05-19T11:30", "type": "ADDITIONAL_PERIOD"}, {"classID": 70, "schoolID": "2363200", "subject": [{"current": {"type": "SUBJECT", "status": "REGULAR", "shortName": "D", "longName": "Deutsch", "displayName": "D"}, "removed": null}], "location": [{"current": {"type": "ROOM", "status": "REGULAR", "shortName": "204", "longName": "Klassenraum", "displayName": "204"}, "removed": null}], "teacher": [{"current": {"type": "TEACHER", "status": "REGULAR", "shortName": "Sei", "longName": "Seidel", "displayName": "Sei"}, "removed": null}], "cellState": "REGULAR", "date": "2025-05-19", "start": "2025-05-19T11:45", "end": "2025-05-19T13:15", "type": "NORMAL_TEACHING_PERIOD"}, {"classID": 61, "schoolID": "2363200", "subject": [{"current": {"type": "SUBJECT", "status": "REGULAR", "shortName": "1f1", "longName": "1f1", "displayName": "1f1"}, "removed": null}], "location": [{"current": {"type": "ROOM", "status": "REGULAR", "shortName": "208", "longName": "Klassenraum", "displayName": "208"}, "removed": null}], "teacher": [{"current": {"type": "TEACHER", "status": "REGULAR", "shortName": "Bra", "longName": "Braun", "displayName": "Bra"}, "removed": null}], "cellState": "REGULAR", "date": "2025-05-20", "start": "2025-05-20T08:15", "end": "2025-05-20T09:45", "type": "NORMAL_TEACHING_PERIOD"}, {"classID": 61, "schoolID": "2363200", "subject": [{"current": {"type": "SUBJECT", "status": "REGULAR", "shortName": "1f2", "longName": "1f2", "displayName": "1f2"}, "removed": null}], "location": [{"current": {"type": "ROOM", "status": "REGULAR", "shortName": "207", "longName": "Klassenraum", "displayName": "207"}, "removed": null}], "teacher": [{"current": {"type": "TEACHER", "status": "REGULAR", "shortName": "Sei", "longName": "Seidel", "displayName": "Sei"}, "removed": null}], "cellState": "REGULAR", "date": "2025-05-20", "start": "2025-05-20T08:15", "end": "2025-05-20T09:45", "type": "NORMAL_TEACHING_PERIOD"}, {"classID": 61, "schoolID": "2363200", "subject": [{"current": {"type": "SUBJECT", "status": "REGULAR", "shortName": "1l1", "longName": "1l1", "displayName": "1l1"}, "removed": null}], "location": [{"current": {"type": "ROOM", "status": "REGULAR", "shortName": "230", "longName": "Klassenraum", "displayName": "230"}, "removed": null}], "teacher": [{"current": {"type": "TEACHER", "status": "REGULAR", "shortName": "Kin", "longName": "Kindler", "displayName": "Kin"}, "removed": null}], "cellState": "REGULAR", "date": "2025-05-20", "start": "2025-05-20T08:15", "end": "2025-05-20T09:45", "type": "NORMAL_TEACHING_PERIOD"}, {"classID": 61, "schoolID": "2363200", "subject": [{"current": {"type": "SUBJECT", "status": "REGULAR", "shortName": "1pug1", "longName": "1pug1", "displayName": "1pug1"}, "removed": null}], "location": [{"current": {"type": "ROOM", "status": "REGULAR", "shortName": "207", "longName": "Klassenraum", "displayName": "207"}, "removed": null}], "teacher": [{"current": {"type": "TEACHER", "status": "REGULAR", "shortName": "Rig", "longName": "Ring", "displayName": "Rig"}, "removed": null}], "cellState": "REGULAR", "date": "2025-05-20", "start": "2025-05-20T10:00", "end": "2025-05-20T11:30", "type": "NORMAL_TEACHING_PERIOD"}, {"classID": 61, "schoolID": "2363200", "subject": [{"current": {"type": "SUBJECT", "status": "REGULAR", "shortName": "1pug2", "longName": "1pug2", "displayName": "1pug2"}, "removed": null}], "location": [{"current": {"type": "ROOM", "status": "REGULAR", "shortName": "208", "longName": "Klassenraum", "displayName": "208"}, "removed": null}], "teacher": [{"current": {"type": "TEACHER", "status": "REGULAR", "shortName": "Wec", "longName": "Wecker", "displayName": "Wec"}, "removed": null}], "cellState": "REGULAR", "date": "2025-05-20", "start": "2025-05-20T10:00", "end": "2025-05-20T11:30", "type": "NORMAL_TEACHING_PERIOD"}, {"classID": 61, "schoolID": "2363200", "subject": [{"current": {"type": "SUBJECT", "status": "REGULAR", "shortName": "1E1", "longName": "Leistungsfach Englisch", "displayName": "1E1"}, "removed": null}], "location": [{"current": {"type": "ROOM", "status": "ADDED", "shortName": "205", "longName": "Klassenraum", "displayName": "205"}, "removed": {"type": "ROOM", "status": "REMOVED", "shortName": "206", "longName": "Klassenraum", "displayName": "206"}}], "teacher": [{"current": {"type": "TEACHER", "status": "REGULAR", "shortName": "Mac", "longName": "Macek", "displayName": "Mac"}, "removed": null}], "cellState": "CHANGED", "date": "2025-05-20", "start": "2025-05-20T11:45", "end": "2025-05-20T12:30", "type": "NORMAL_TEACHING_PERIOD"}, {"classID": 61, "schoolID": "2363200", "subject": [{"current": {"type": "SUBJECT", "status": "REGULAR", "shortName": "1e2", "longName": "1e2", "displayName": "1e2"}, "removed": null}], "location": [{"current": {"type": "ROOM", "status": "REGULAR", "shortName": "207", "longName": "Klassenraum", "displayName": "207"}, "removed": null}], "teacher": [{"current": {"type": "TEACHER", "status": "REGULAR", "shortName": "Kin", "longName": "Kindler", "displayName": "Kin"}, "removed": null}], "cellState": "REGULAR", "date": "2025-05-20", "start": "2025-05-20T11:45", "end": "2025-05-20T12:30", "type": "NORMAL_TEACHING_PERIOD"}, {"classID": 61, "schoolID": "2363200", "subject": [{"current": {"type": "SUBJECT", "status": "REGULAR", "shortName": "1B1", "longName": "Leistungsfach Biologie", "displayName": "1B1"}, "removed": null}], "location": [{"current": {"type": "ROOM", "status": "REGULAR", "shortName": "E12", "longName": "Chemiesaal", "displayName": "E12"}, "removed": null}], "teacher": [{"current": {"type": "TEACHER", "status": "REGULAR", "shortName": "Wag", "longName": "Wagner", "displayName": "Wag"}, "removed": null}], "cellState": "REGULAR", "date": "2025-05-20", "start": "2025-05-20T13:30", "end": "2025-05-20T15:00", "type": "NORMAL_TEACHING_PERIOD"}, {"classID": 61, "schoolID": "2363200", "subject": [{"current": {"type": "SUBJECT", "status": "REGULAR", "shortName": "1b2", "longName": "1b2", "displayName": "1b2"}, "removed": null}], "location": [{"current": {"type": "ROOM", "status": "REGULAR", "shortName": "E05", "longName": "Biologiesaal1", "displayName": "E05"}, "removed": null}], "teacher": [{"current": {"type": "TEACHER", "status": "REGULAR", "shortName": "Heu", "longName": "Heum\u00fcller", "displayName": "Heu"}, "removed": null}], "cellState": "REGULAR", "date": "2025-05-20", "start": "2025-05-20T13:30", "end": "2025-05-20T15:00", "type": "NORMAL_TEACHING_PERIOD"}, {"classID": 55, "schoolID": "2363200", "subject": [{"current": {"type": "SUBJECT", "status": "REGULAR", "shortName": "Ph", "longName": "Physik", "displayName": "Ph"}, "removed": null}], "location": [{"current": {"type": "ROOM", "status": "REGULAR", "shortName": "E13", "longName": "Physik\u00fcbungsraum", "displayName": "E13"}, "removed": null}], "teacher": [{"current": {"type": "TEACHER", "status": "REGULAR", "shortName": "B\u00e4s", "longName": "B\u00e4\u00dfler", "displayName": "B\u00e4s"}, "removed": null}], "cellState": "REGULAR", "date": "2025-05-20", "start": "2025-05-20T08:15", "end": "2025-05-20T09:45", "type": "NORMAL_TEACHING_PERIOD"}, {"classID": 55, "schoolID": "2363200", "subject": [{"current": {"type": "SUBJECT", "status": "REGULAR", "shortName": "F_1", "longName": "F_1", "displayName": "F_1"}, "removed": null}], "location": [{"current": {"type": "ROOM", "status": "REGULAR", "shortName": "227", "longName": "Klassenraum", "displayName": "227"}, "removed": null}], "teacher": [{"current": {"type": "TEACHER", "status": "REGULAR", "shortName": "Bra", "longName": "Braun", "displayName": "Bra"}, "removed": null}], "cellState": "REGULAR", "date": "2025-05-20", "start": "2025-05-20T10:00", "end": "2025-05-20T11:30", "type": "NORMAL_TEACHING_PERIOD"}, {"classID": 55, "schoolID": "2363200", "subject": [{"current": {"type": "SUBJECT", "status": "REGULAR", "shortName": "L_1", "longName": "L_1", "displayName": "L_1"}, "removed": null}], "location": [{"current": {"type": "ROOM", "status": "REGULAR", "shortName": "230", "longName": "Klassenraum", "displayName": "230"}, "removed": null}], "teacher": [{"current": {"type": "TEACHER", "status": "REGULAR", "shortName": "Obe", "longName": "Obermayer", "displayName": "Obe"}, "removed": null}], "cellState": "REGULAR", "date": "2025-05-20", "start": "2025-05-20T10:00", "end": "2025-05-20T11:30", "type": "NORMAL_TEACHING_PERIOD"}, {"classID": 55, "schoolID": "2363200", "subject": [{"current": {"type": "SUBJECT", "status": "REGULAR", "shortName": "PuG", "longName": "PuG", "displayName": "PuG"}, "removed": null}], "location": [{"current": {"type": "ROOM", "status": "REGULAR", "shortName": "227", "longName": "Klassenraum", "displayName": "227"}, "removed": null}], "teacher": [{"current": {"type": "TEACHER", "status": "REGULAR", "shortName": "Wec", "longName": "Wecker", "displayName": "Wec"}, "removed": null}], "cellState": "REGULAR", "date": "2025-05-20", "start": "2025-05-20T11:45", "end": "2025-05-20T12:30", "type": "NORMAL_TEACHING_PERIOD"}, {"classID": 55, "schoolID": "2363200", "subject": [{"current": {"type": "SUBJECT", "status": "REGULAR", "shortName": "D", "longName": "Deutsch", "displayName": "D"}, "removed": null}], "location": [{"current": {"type": "ROOM", "status": "REGULAR", "shortName": "227", "longName": "Klassenraum", "displayName": "227"}, "removed": null}], "teacher": [{"current": {"type": "TEACHER", "status": "REGULAR", "shortName": "Mac", "longName": "Macek", "displayName": "Mac"}, "removed": null}], "cellState": "REGULAR", "date": "2025-05-20", "start": "2025-05-20T13:30", "end": "2025-05-20T15:00", "type": "NORMAL_TEACHING_PERIOD"}, {"classID": 55, "schoolID": "2363200", "subject": [{"current": {"type": "SUBJECT", "status": "REGULAR", "shortName": "M-EU", "longName": "Mathemat. Erg\u00e4nzungsunt.", "displayName": "M-EU"}, "removed": null}], "location": [{"current": {"type": "ROOM", "status": "REGULAR", "shortName": "227", "longName": "Klassenraum", "displayName": "227"}, "removed": null}], "teacher": [{"current": {"type": "TEACHER", "status": "REGULAR", "shortName": "Spr", "longName": "Springfeld", "displayName": "Spr"}, "removed": null}], "cellState": "REGULAR", "date": "2025-05-20", "start": "2025-05-20T15:15", "end": "2025-05-20T16:00", "type": "NORMAL_TEACHING_PERIOD"}, {"classID": 58, "schoolID": "2363200", "subject": [{"current": {"type": "SUBJECT", "status": "REGULAR", "shortName": "D", "longName": "Deutsch", "displayName": "D"}, "removed": null}], "location": [{"current": {"type": "ROOM", "status": "REGULAR", "shortName": "231", "longName": "Klassenraum", "displayName": "231"}, "removed": null}], "teacher": [{"current": {"type": "TEACHER", "status": "REGULAR", "shortName": "Sca", "longName": "Schmidt", "displayName": "Sca"}, "removed": null}], "cellState": "REGULAR", "date": "2025-05-20", "start": "2025-05-20T08:15", "end": "2025-05-20T09:45", "type": "NORMAL_TEACHING_PERIOD"}, {"classID": 58, "schoolID": "2363200", "subject": [{"current": {"type": "SUBJECT", "status": "REGULAR", "shortName": "F_1", "longName": "F_1", "displayName": "F_1"}, "removed": null}], "location": [{"current": {"type": "ROOM", "status": "ADDED", "shortName": "227", "longName": "Klassenraum", "displayName": "227"}, "removed": {"type": "ROOM", "status": "REMOVED", "shortName": "231", "longName": "Klassenraum", "displayName": "231"}}], "teacher": [{"current": {"type": "TEACHER", "status": "ADDED", "shortName": "Bra", "longName": "Braun", "displayName": "Bra"}, "removed": {"type": "TEACHER", "status": "REMOVED", "shortName": "Nau", "longName": "Naudin", "displayName": "Nau"}}], "cellState": "CHANGED", "date": "2025-05-20", "start": "2025-05-20T10:00", "end": "2025-05-20T11:30", "type": "NORMAL_TEACHING_PERIOD"}, {"classID": 58, "schoolID": "2363200", "subject": [{"current": {"type": "SUBJECT", "status": "REGULAR", "shortName": "L_1", "longName": "L_1", "displayName": "L_1"}, "removed": null}], "location": [{"current": {"type": "ROOM", "status": "REGULAR", "shortName": "230", "longName": "Klassenraum", "displayName": "230"}, "removed": null}], "teacher": [{"current": {"type": "TEACHER", "status": "REGULAR", "shortName": "Obe", "longName": "Obermayer", "displayName": "Obe"}, "removed": null}], "cellState": "REGULAR", "date": "2025-05-20", "start": "2025-05-20T10:00", "end": "2025-05-20T11:30", "type": "NORMAL_TEACHING_PERIOD"}, {"classID": 58, "schoolID": "2363200", "subject": [{"current": {"type": "SUBJECT", "status": "REGULAR", "shortName": "M", "longName": "Mathematik", "displayName": "M"}, "removed": null}], "location": [{"current": {"type": "ROOM", "status": "REGULAR", "shortName": "231", "longName": "Klassenraum", "displayName": "231"}, "removed": null}], "teacher": [{"current": {"type": "TEACHER", "status": "REGULAR", "shortName": "Spr", "longName": "Springfeld", "displayName": "Spr"}, "removed": null}], "cellState": "REGULAR", "date": "2025-05-20", "start": "2025-05-20T11:45", "end": "2025-05-20T12:30", "type": "NORMAL_TEACHING_PERIOD"}, {"classID": 58, "schoolID": "2363200", "subject": [{"current": {"type": "SUBJECT", "status": "REGULAR", "shortName": "E", "longName": "Englisch", "displayName": "E"}, "removed": null}], "location": [{"current": {"type": "ROOM", "status": "REGULAR", "shortName": "231", "longName": "Klassenraum", "displayName": "231"}, "removed": null}], "teacher": [{"current": {"type": "TEACHER", "status": "REGULAR", "shortName": "Kin", "longName": "Kindler", "displayName": "Kin"}, "removed": null}], "cellState": "REGULAR", "date": "2025-05-20", "start": "2025-05-20T13:30", "end": "2025-05-20T15:00", "type": "NORMAL_TEACHING_PERIOD"}, {"classID": 58, "schoolID": "2363200", "subject": [{"current": {"type": "SUBJECT", "status": "REGULAR", "shortName": "M-EU", "longName": "Mathemat. Erg\u00e4nzungsunt.", "displayName": "M-EU"}, "removed": null}], "location": [{"current": {"type": "ROOM", "status": "REGULAR", "shortName": "227", "longName": "Klassenraum", "displayName": "227"}, "removed": null}], "teacher": [{"current": {"type": "TEACHER", "status": "REGULAR", "shortName": "Spr", "longName": "Springfeld", "displayName": "Spr"}, "removed": null}], "cellState": "REGULAR", "date": "2025-05-20", "start": "2025-05-20T15:15", "end": "2025-05-20T16:00", "type": "NORMAL_TEACHING_PERIOD"}, {"classID": 67, "schoolID": "2363200", "subject": [{"current": {"type": "SUBJECT", "status": "REGULAR", "shortName": "DDaz", "longName": "Deutsch F\u00f6rderunterricht DaZ", "displayName": "DDaz"}, "removed": null}], "location": [{"current": {"type": "ROOM", "status": "REGULAR", "shortName": "231", "longName": "Klassenraum", "displayName": "231"}, "removed": null}], "teacher": [{"current": {"type": "TEACHER", "status": "REGULAR", "shortName": "Sei", "longName": "Seidel", "displayName": "Sei"}, "removed": null}], "cellState": "REGULAR", "date": "2025-05-20", "start": "2025-05-20T07:30", "end": "2025-05-20T08:15", "type": "NORMAL_TEACHING_PERIOD"}, {"classID": 67, "schoolID": "2363200", "subject": [{"current": {"type": "SUBJECT", "status": "REGULAR", "shortName": "M", "longName": "Mathematik", "displayName": "M"}, "removed": null}], "location": [{"current": {"type": "ROOM", "status": "REGULAR", "shortName": "203", "longName": "Klassenraum", "displayName": "203"}, "removed": null}], "teacher": [{"current": {"type": "TEACHER", "status": "REGULAR", "shortName": "Bar", "longName": "Barry", "displayName": "Bar"}, "removed": null}], "cellState": "REGULAR", "date": "2025-05-20", "start": "2025-05-20T08:15", "end": "2025-05-20T09:45", "type": "NORMAL_TEACHING_PERIOD"}, {"classID": 67, "schoolID": "2363200", "subject": [{"current": {"type": "SUBJECT", "status": "REGULAR", "shortName": "D", "longName": "Deutsch", "displayName": "D"}, "removed": null}], "location": [{"current": {"type": "ROOM", "status": "REGULAR", "shortName": "203", "longName": "Klassenraum", "displayName": "203"}, "removed": null}], "teacher": [{"current": {"type": "TEACHER", "status": "REGULAR", "shortName": "Sca", "longName": "Schmidt", "displayName": "Sca"}, "removed": null}], "cellState": "REGULAR", "date": "2025-05-20", "start": "2025-05-20T10:00", "end": "2025-05-20T10:45", "type": "NORMAL_TEACHING_PERIOD"}, {"classID": 67, "schoolID": "2363200", "subject": [{"current": {"type": "SUBJECT", "status": "REGULAR", "shortName": "E", "longName": "Englisch", "displayName": "E"}, "removed": null}], "location": [{"current": {"type": "ROOM", "status": "REGULAR", "shortName": "203", "longName": "Klassenraum", "displayName": "203"}, "removed": null}], "teacher": [{"current": {"type": "TEACHER", "status": "REGULAR", "shortName": "Wan", "longName": "Wanninger", "displayName": "Wan"}, "removed": null}], "cellState": "REGULAR", "date": "2025-05-20", "start": "2025-05-20T10:45", "end": "2025-05-20T12:30", "type": "NORMAL_TEACHING_PERIOD"}, {"classID": 67, "schoolID": "2363200", "subject": [{"current": {"type": "SUBJECT", "status": "REGULAR", "shortName": "M-EU", "longName": "Mathemat. Erg\u00e4nzungsunt.", "displayName": "M-EU"}, "removed": null}], "location": [{"current": {"type": "ROOM", "status": "REGULAR", "shortName": "203", "longName": "Klassenraum", "displayName": "203"}, "removed": null}], "teacher": [{"current": {"type": "TEACHER", "status": "REGULAR", "shortName": "Kop", "longName": "Koppen", "displayName": "Kop"}, "removed": null}], "cellState": "REGULAR", "date": "2025-05-20", "start": "2025-05-20T12:30", "end": "2025-05-20T13:15", "type": "NORMAL_TEACHING_PERIOD"}, {"classID": 70, "schoolID": "2363200", "subject": [{"current": {"type": "SUBJECT", "status": "REGULAR", "shortName": "DDaz", "longName": "Deutsch F\u00f6rderunterricht DaZ", "displayName": "DDaz"}, "removed": null}], "location": [{"current": {"type": "ROOM", "status": "REGULAR", "shortName": "231", "longName": "Klassenraum", "displayName": "231"}, "removed": null}], "teacher": [{"current": {"type": "TEACHER", "status": "REGULAR", "shortName": "Sei", "longName": "Seidel", "displayName": "Sei"}, "removed": null}], "cellState": "REGULAR", "date": "2025-05-20", "start": "2025-05-20T07:30", "end": "2025-05-20T08:15", "type": "NORMAL_TEACHING_PERIOD"}, {"classID": 70, "schoolID": "2363200", "subject": [{"current": {"type": "SUBJECT", "status": "REGULAR", "shortName": "M", "longName": "Mathematik", "displayName": "M"}, "removed": null}], "location": [{"current": {"type": "ROOM", "status": "REGULAR", "shortName": "204", "longName": "Klassenraum", "displayName": "204"}, "removed": null}], "teacher": [{"current": {"type": "TEACHER", "status": "REGULAR", "shortName": "Neu", "longName": "Neumann", "displayName": "Neu"}, "removed": null}], "cellState": "REGULAR", "date": "2025-05-20", "start": "2025-05-20T08:15", "end": "2025-05-20T09:45", "type": "NORMAL_TEACHING_PERIOD"}, {"classID": 70, "schoolID": "2363200", "subject": [{"current": {"type": "SUBJECT", "status": "REGULAR", "shortName": "D", "longName": "Deutsch", "displayName": "D"}, "removed": null}], "location": [{"current": {"type": "ROOM", "status": "REGULAR", "shortName": "204", "longName": "Klassenraum", "displayName": "204"}, "removed": null}], "teacher": [{"current": {"type": "TEACHER", "status": "REGULAR", "shortName": "Sei", "longName": "Seidel", "displayName": "Sei"}, "removed": null}], "cellState": "REGULAR", "date": "2025-05-20", "start": "2025-05-20T10:00", "end": "2025-05-20T10:45", "type": "NORMAL_TEACHING_PERIOD"}, {"classID": 70, "schoolID": "2363200", "subject": [{"current": {"type": "SUBJECT", "status": "REGULAR", "shortName": "E", "longName": "Englisch", "displayName": "E"}, "removed": null}], "location": [{"current": {"type": "ROOM", "status": "REGULAR", "shortName": "204", "longName": "Klassenraum", "displayName": "204"}, "removed": null}], "teacher": [{"current": {"type": "TEACHER", "status": "ADDED", "shortName": "Kin", "longName": "Kindler", "displayName": "Kin"}, "removed": {"type": "TEACHER", "status": "REMOVED", "shortName": "Hin", "longName": "Hinterholzer", "displayName": "Hin"}}], "cellState": "CHANGED", "date": "2025-05-20", "start": "2025-05-20T10:45", "end": "2025-05-20T11:30", "type": "NORMAL_TEACHING_PERIOD"}, {"classID": 70, "schoolID": "2363200", "subject": [{"current": {"type": "SUBJECT", "status": "REGULAR", "shortName": "E", "longName": "Englisch", "displayName": "E"}, "removed": null}], "location": [{"current": {"type": "ROOM", "status": "REGULAR", "shortName": "204", "longName": "Klassenraum", "displayName": "204"}, "removed": null}], "teacher": [{"current": {"type": "TEACHER", "status": "ADDED", "shortName": "Bra", "longName": "Braun", "displayName": "Bra"}, "removed": {"type": "TEACHER", "status": "REMOVED", "shortName": "Hin", "longName": "Hinterholzer", "displayName": "Hin"}}], "cellState": "CHANGED", "date": "2025-05-20", "start": "2025-05-20T11:45", "end": "2025-05-20T12:30", "type": "NORMAL_TEACHING_PERIOD"}, {"classID": 70, "schoolID": "2363200", "subject": [{"current": {"type": "SUBJECT", "status": "REGULAR", "shortName": "M-EU", "longName": "Mathemat. Erg\u00e4nzungsunt.", "displayName": "M-EU"}, "removed": null}], "location": [{"current": {"type": "ROOM", "status": "REGULAR", "shortName": "203", "longName": "Klassenraum", "displayName": "203"}, "removed": null}], "teacher": [{"current": {"type": "TEACHER", "status": "REGULAR", "shortName": "Kop", "longName": "Koppen", "displayName": "Kop"}, "removed": null}], "cellState": "REGULAR", "date": "2025-05-20", "start": "2025-05-20T12:30", "end": "2025-05-20T13:15", "type": "NORMAL_TEACHING_PERIOD"}, {"classID": 61, "schoolID": "2363200", "subject": [{"current": {"type": "SUBJECT", "status": "REGULAR", "shortName": "1ph1", "longName": "1ph1", "displayName": "1ph1"}, "removed": null}], "location": [{"current": {"type": "ROOM", "status": "REGULAR", "shortName": "E13", "longName": "Physik\u00fcbungsraum", "displayName": "E13"}, "removed": null}], "teacher": [{"current": {"type": "TEACHER", "status": "REGULAR", "shortName": "Spr", "longName": "Springfeld", "displayName": "Spr"}, "removed": null}], "cellState": "REGULAR", "date": "2025-05-21", "start": "2025-05-21T08:15", "end": "2025-05-21T09:45", "type": "NORMAL_TEACHING_PERIOD"}, {"classID": 61, "schoolID": "2363200", "subject": [{"current": {"type": "SUBJECT", "status": "REGULAR", "shortName": "1eth2", "longName": "1eth2", "displayName": "1eth2"}, "removed": null}], "location": [{"current": {"type": "ROOM", "status": "ADDED", "shortName": "205", "longName": "Klassenraum", "displayName": "205"}, "removed": {"type": "ROOM", "status": "REMOVED", "shortName": "208", "longName": "Klassenraum", "displayName": "208"}}], "teacher": [{"current": {"type": "TEACHER", "status": "REGULAR", "shortName": "Wan", "longName": "Wanninger", "displayName": "Wan"}, "removed": null}], "cellState": "CHANGED", "date": "2025-05-21", "start": "2025-05-21T10:00", "end": "2025-05-21T11:30", "type": "NORMAL_TEACHING_PERIOD"}, {"classID": 61, "schoolID": "2363200", "subject": [{"current": {"type": "SUBJECT", "status": "REGULAR", "shortName": "1eth1", "longName": "1eth1", "displayName": "1eth1"}, "removed": null}], "location": [{"current": {"type": "ROOM", "status": "REGULAR", "shortName": "207", "longName": "Klassenraum", "displayName": "207"}, "removed": null}], "teacher": [{"current": {"type": "TEACHER", "status": "REGULAR", "shortName": "Sei", "longName": "Seidel", "displayName": "Sei"}, "removed": null}], "cellState": "REGULAR", "date": "2025-05-21", "start": "2025-05-21T10:00", "end": "2025-05-21T11:30", "type": "NORMAL_TEACHING_PERIOD"}, {"classID": 61, "schoolID": "2363200", "subject": [{"current": {"type": "SUBJECT", "status": "REGULAR", "shortName": "1k1", "longName": "1k1", "displayName": "1k1"}, "removed": null}], "location": [{"current": {"type": "ROOM", "status": "REGULAR", "shortName": "206", "longName": "Klassenraum", "displayName": "206"}, "removed": null}], "teacher": [{"current": {"type": "TEACHER", "status": "REGULAR", "shortName": "Hin", "longName": "Hinterholzer", "displayName": "Hin"}, "removed": null}], "cellState": "REGULAR", "date": "2025-05-21", "start": "2025-05-21T10:45", "end": "2025-05-21T11:30", "type": "NORMAL_TEACHING_PERIOD"}, {"classID": 61, "schoolID": "2363200", "subject": [{"current": {"type": "SUBJECT", "status": "REGULAR", "shortName": "1M2", "longName": "1M2", "displayName": "1M2"}, "removed": null}], "location": [{"current": {"type": "ROOM", "status": "ADDED", "shortName": "213", "longName": "Klassenraum", "displayName": "213"}, "removed": {"type": "ROOM", "status": "REMOVED", "shortName": "212", "longName": "Klassenraum", "displayName": "212"}}], "teacher": [{"current": {"type": "TEACHER", "status": "ADDED", "shortName": "B\u00e4s", "longName": "B\u00e4\u00dfler", "displayName": "B\u00e4s"}, "removed": {"type": "TEACHER", "status": "REMOVED", "shortName": "Sta", "longName": "Stadler", "displayName": "Sta"}}], "cellState": "CHANGED", "date": "2025-05-21", "start": "2025-05-21T11:45", "end": "2025-05-21T12:30", "type": "NORMAL_TEACHING_PERIOD"}, {"classID": 61, "schoolID": "2363200", "subject": [{"current": {"type": "SUBJECT", "status": "REGULAR", "shortName": "1M1", "longName": "1M1", "displayName": "1M1"}, "removed": null}], "location": [{"current": {"type": "ROOM", "status": "REGULAR", "shortName": "213", "longName": "Klassenraum", "displayName": "213"}, "removed": null}], "teacher": [{"current": {"type": "TEACHER", "status": "REGULAR", "shortName": "B\u00e4s", "longName": "B\u00e4\u00dfler", "displayName": "B\u00e4s"}, "removed": null}], "cellState": "REGULAR", "date": "2025-05-21", "start": "2025-05-21T11:45", "end": "2025-05-21T13:15", "type": "NORMAL_TEACHING_PERIOD"}, {"classID": 61, "schoolID": "2363200", "subject": [{"current": {"type": "SUBJECT", "status": "REGULAR", "shortName": "1M2", "longName": "1M2", "displayName": "1M2"}, "removed": null}], "location": [{"current": {"type": "ROOM", "status": "REGULAR", "shortName": "212", "longName": "Klassenraum", "displayName": "212"}, "removed": null}], "teacher": [{"current": {"type": "TEACHER", "status": "REGULAR", "shortName": "Sta", "longName": "Stadler", "displayName": "Sta"}, "removed": null}], "cellState": "REGULAR", "date": "2025-05-21", "start": "2025-05-21T12:30", "end": "2025-05-21T13:15", "type": "NORMAL_TEACHING_PERIOD"}, {"classID": 61, "schoolID": "2363200", "subject": [{"current": {"type": "SUBJECT", "status": "REGULAR", "shortName": "1WGeo", "longName": "1WGeo", "displayName": "1WGeo"}, "removed": null}], "location": [{"current": {"type": "ROOM", "status": "REGULAR", "shortName": "213", "longName": "Klassenraum", "displayName": "213"}, "removed": null}], "teacher": [{"current": {"type": "TEACHER", "status": "REGULAR", "shortName": "Wun", "longName": "Wunsch", "displayName": "Wun"}, "removed": null}], "cellState": "REGULAR", "date": "2025-05-21", "start": "2025-05-21T13:30", "end": "2025-05-21T15:00", "type": "NORMAL_TEACHING_PERIOD"}, {"classID": 61, "schoolID": "2363200", "subject": [{"current": {"type": "SUBJECT", "status": "REGULAR", "shortName": "1WPH", "longName": "1WPH", "displayName": "1WPH"}, "removed": null}], "location": [{"current": {"type": "ROOM", "status": "REGULAR", "shortName": "E13", "longName": "Physik\u00fcbungsraum", "displayName": "E13"}, "removed": null}], "teacher": [{"current": {"type": "TEACHER", "status": "REGULAR", "shortName": "Spr", "longName": "Springfeld", "displayName": "Spr"}, "removed": null}], "cellState": "REGULAR", "date": "2025-05-21", "start": "2025-05-21T13:30", "end": "2025-05-21T15:00", "type": "NORMAL_TEACHING_PERIOD"}, {"classID": 61, "schoolID": "2363200", "subject": [{"current": {"type": "SUBJECT", "status": "REGULAR", "shortName": "1WWR", "longName": "1WWR", "displayName": "1WWR"}, "removed": null}], "location": [{"current": {"type": "ROOM", "status": "REGULAR", "shortName": "212", "longName": "Klassenraum", "displayName": "212"}, "removed": null}], "teacher": [{"current": {"type": "TEACHER", "status": "REGULAR", "shortName": "Seg", "longName": "Seger", "displayName": "Seg"}, "removed": null}], "cellState": "REGULAR", "date": "2025-05-21", "start": "2025-05-21T13:30", "end": "2025-05-21T15:00", "type": "NORMAL_TEACHING_PERIOD"}, {"classID": 61, "schoolID": "2363200", "subject": [{"current": {"type": "SUBJECT", "status": "REGULAR", "shortName": "1pho1", "longName": "1pho1", "displayName": "1pho1"}, "removed": null}], "location": [{"current": {"type": "ROOM", "status": "REGULAR", "shortName": "206", "longName": "Klassenraum", "displayName": "206"}, "removed": null}], "teacher": [{"current": {"type": "TEACHER", "status": "REGULAR", "shortName": "Obe", "longName": "Obermayer", "displayName": "Obe"}, "removed": null}], "cellState": "REGULAR", "date": "2025-05-21", "start": "2025-05-21T15:15", "end": "2025-05-21T16:45", "type": "NORMAL_TEACHING_PERIOD"}, {"classID": 55, "schoolID": "2363200", "subject": [{"current": {"type": "SUBJECT", "status": "REGULAR", "shortName": "DDaz", "longName": "Deutsch F\u00f6rderunterricht DaZ", "displayName": "DDaz"}, "removed": null}], "location": [{"current": {"type": "ROOM", "status": "REGULAR", "shortName": "231", "longName": "Klassenraum", "displayName": "231"}, "removed": null}], "teacher": [{"current": {"type": "TEACHER", "status": "REGULAR", "shortName": "Sei", "longName": "Seidel", "displayName": "Sei"}, "removed": null}], "cellState": "REGULAR", "date": "2025-05-21", "start": "2025-05-21T07:30", "end": "2025-05-21T08:15", "type": "NORMAL_TEACHING_PERIOD"}, {"classID": 55, "schoolID": "2363200", "subject": [{"current": {"type": "SUBJECT", "status": "REGULAR", "shortName": "D-Prf.", "longName": "D-Prf.", "displayName": "D-Prf."}, "removed": null}], "location": [{"current": {"type": "ROOM", "status": "REGULAR", "shortName": "227", "longName": "Klassenraum", "displayName": "227"}, "removed": null}], "teacher": [{"current": {"type": "TEACHER", "status": "REGULAR", "shortName": "Sei", "longName": "Seidel", "displayName": "Sei"}, "removed": null}], "cellState": "REGULAR", "date": "2025-05-21", "start": "2025-05-21T08:15", "end": "2025-05-21T09:00", "type": "NORMAL_TEACHING_PERIOD"}, {"classID": 55, "schoolID": "2363200", "subject": [{"current": {"type": "SUBJECT", "status": "REGULAR", "shortName": "G", "longName": "Geschichte", "displayName": "G"}, "removed": null}], "location": [{"current": {"type": "ROOM", "status": "REGULAR", "shortName": "232", "longName": "Klassenraum", "displayName": "232"}, "removed": null}], "teacher": [{"current": {"type": "TEACHER", "status": "REGULAR", "shortName": "Wec", "longName": "Wecker", "displayName": "Wec"}, "removed": null}], "cellState": "REGULAR", "date": "2025-05-21", "start": "2025-05-21T09:00", "end": "2025-05-21T10:45", "type": "NORMAL_TEACHING_PERIOD"}, {"classID": 55, "schoolID": "2363200", "subject": [{"current": {"type": "SUBJECT", "status": "REGULAR", "shortName": "B", "longName": "Biologie", "displayName": "B"}, "removed": null}], "location": [{"current": {"type": "ROOM", "status": "REGULAR", "shortName": "E05", "longName": "Biologiesaal1", "displayName": "E05"}, "removed": null}], "teacher": [{"current": {"type": "TEACHER", "status": "REGULAR", "shortName": "Heu", "longName": "Heum\u00fcller", "displayName": "Heu"}, "removed": null}], "cellState": "REGULAR", "date": "2025-05-21", "start": "2025-05-21T10:45", "end": "2025-05-21T11:30", "type": "NORMAL_TEACHING_PERIOD"}, {"classID": 55, "schoolID": "2363200", "subject": [{"current": {"type": "SUBJECT", "status": "REGULAR", "shortName": "WR", "longName": "Wirtschaft / Recht", "displayName": "WR"}, "removed": null}], "location": [{"current": {"type": "ROOM", "status": "REGULAR", "shortName": "227", "longName": "Klassenraum", "displayName": "227"}, "removed": null}], "teacher": [{"current": {"type": "TEACHER", "status": "REGULAR", "shortName": "Wun", "longName": "Wunsch", "displayName": "Wun"}, "removed": null}], "cellState": "REGULAR", "date": "2025-05-21", "start": "2025-05-21T11:45", "end": "2025-05-21T12:30", "type": "NORMAL_TEACHING_PERIOD"}, {"classID": 55, "schoolID": "2363200", "subject": [{"current": {"type": "SUBJECT", "status": "REGULAR", "shortName": "M", "longName": "Mathematik", "displayName": "M"}, "removed": null}], "location": [{"current": {"type": "ROOM", "status": "REGULAR", "shortName": "227", "longName": "Klassenraum", "displayName": "227"}, "removed": null}], "teacher": [{"current": {"type": "TEACHER", "status": "REGULAR", "shortName": "Spr", "longName": "Springfeld", "displayName": "Spr"}, "removed": null}], "cellState": "REGULAR", "date": "2025-05-21", "start": "2025-05-21T12:30", "end": "2025-05-21T13:15", "type": "NORMAL_TEACHING_PERIOD"}, {"classID": 55, "schoolID": "2363200", "subject": [{"current": {"type": "SUBJECT", "status": "REGULAR", "shortName": "F_1", "longName": "F_1", "displayName": "F_1"}, "removed": null}], "location": [{"current": {"type": "ROOM", "status": "REGULAR", "shortName": "227", "longName": "Klassenraum", "displayName": "227"}, "removed": null}], "teacher": [{"current": {"type": "TEACHER", "status": "REGULAR", "shortName": "Bra", "longName": "Braun", "displayName": "Bra"}, "removed": null}], "cellState": "REGULAR", "date": "2025-05-21", "start": "2025-05-21T13:30", "end": "2025-05-21T15:00", "type": "NORMAL_TEACHING_PERIOD"}, {"classID": 55, "schoolID": "2363200", "subject": [{"current": {"type": "SUBJECT", "status": "REGULAR", "shortName": "L_1", "longName": "L_1", "displayName": "L_1"}, "removed": null}], "location": [{"current": {"type": "ROOM", "status": "REGULAR", "shortName": "230", "longName": "Klassenraum", "displayName": "230"}, "removed": null}], "teacher": [{"current": {"type": "TEACHER", "status": "REGULAR", "shortName": "Obe", "longName": "Obermayer", "displayName": "Obe"}, "removed": null}], "cellState": "REGULAR", "date": "2025-05-21", "start": "2025-05-21T13:30", "end": "2025-05-21T15:00", "type": "NORMAL_TEACHING_PERIOD"}, {"classID": 58, "schoolID": "2363200", "subject": [{"current": {"type": "SUBJECT", "status": "REGULAR", "shortName": "DDaz", "longName": "Deutsch F\u00f6rderunterricht DaZ", "displayName": "DDaz"}, "removed": null}], "location": [{"current": {"type": "ROOM", "status": "REGULAR", "shortName": "231", "longName": "Klassenraum", "displayName": "231"}, "removed": null}], "teacher": [{"current": {"type": "TEACHER", "status": "REGULAR", "shortName": "Sei", "longName": "Seidel", "displayName": "Sei"}, "removed": null}], "cellState": "REGULAR", "date": "2025-05-21", "start": "2025-05-21T07:30", "end": "2025-05-21T08:15", "type": "NORMAL_TEACHING_PERIOD"}, {"classID": 58, "schoolID": "2363200", "subject": [{"current": {"type": "SUBJECT", "status": "REGULAR", "shortName": "C", "longName": "Chemie", "displayName": "C"}, "removed": null}], "location": [{"current": {"type": "ROOM", "status": "REGULAR", "shortName": "E12", "longName": "Chemiesaal", "displayName": "E12"}, "removed": null}], "teacher": [{"current": {"type": "TEACHER", "status": "REGULAR", "shortName": "Heu", "longName": "Heum\u00fcller", "displayName": "Heu"}, "removed": null}], "cellState": "REGULAR", "date": "2025-05-21", "start": "2025-05-21T08:15", "end": "2025-05-21T09:00", "type": "NORMAL_TEACHING_PERIOD"}, {"classID": 58, "schoolID": "2363200", "subject": [{"current": {"type": "SUBJECT", "status": "REGULAR", "shortName": "B", "longName": "Biologie", "displayName": "B"}, "removed": null}], "location": [{"current": {"type": "ROOM", "status": "REGULAR", "shortName": "E05", "longName": "Biologiesaal1", "displayName": "E05"}, "removed": null}], "teacher": [{"current": {"type": "TEACHER", "status": "REGULAR", "shortName": "Heu", "longName": "Heum\u00fcller", "displayName": "Heu"}, "removed": null}], "cellState": "REGULAR", "date": "2025-05-21", "start": "2025-05-21T09:00", "end": "2025-05-21T10:45", "type": "NORMAL_TEACHING_PERIOD"}, {"classID": 58, "schoolID": "2363200", "subject": [{"current": {"type": "SUBJECT", "status": "REGULAR", "shortName": "M", "longName": "Mathematik", "displayName": "M"}, "removed": null}], "location": [{"current": {"type": "ROOM", "status": "REGULAR", "shortName": "231", "longName": "Klassenraum", "displayName": "231"}, "removed": null}], "teacher": [{"current": {"type": "TEACHER", "status": "REGULAR", "shortName": "Bar", "longName": "Barry", "displayName": "Bar"}, "removed": null}], "cellState": "REGULAR", "date": "2025-05-21", "start": "2025-05-21T10:45", "end": "2025-05-21T12:30", "type": "NORMAL_TEACHING_PERIOD"}, {"classID": 58, "schoolID": "2363200", "subject": [{"current": {"type": "SUBJECT", "status": "REGULAR", "shortName": "Ph", "longName": "Physik", "displayName": "Ph"}, "removed": null}], "location": [{"current": {"type": "ROOM", "status": "REGULAR", "shortName": "E13", "longName": "Physik\u00fcbungsraum", "displayName": "E13"}, "removed": null}], "teacher": [{"current": {"type": "TEACHER", "status": "REGULAR", "shortName": "Bar", "longName": "Barry", "displayName": "Bar"}, "removed": null}], "cellState": "REGULAR", "date": "2025-05-21", "start": "2025-05-21T12:30", "end": "2025-05-21T13:15", "type": "NORMAL_TEACHING_PERIOD"}, {"classID": 58, "schoolID": "2363200", "subject": [{"current": {"type": "SUBJECT", "status": "REGULAR", "shortName": "F_1", "longName": "F_1", "displayName": "F_1"}, "removed": null}], "location": [{"current": {"type": "ROOM", "status": "ADDED", "shortName": "227", "longName": "Klassenraum", "displayName": "227"}, "removed": {"type": "ROOM", "status": "REMOVED", "shortName": "231", "longName": "Klassenraum", "displayName": "231"}}], "teacher": [{"current": {"type": "TEACHER", "status": "ADDED", "shortName": "Bra", "longName": "Braun", "displayName": "Bra"}, "removed": {"type": "TEACHER", "status": "REMOVED", "shortName": "Nau", "longName": "Naudin", "displayName": "Nau"}}], "cellState": "CHANGED", "date": "2025-05-21", "start": "2025-05-21T13:30", "end": "2025-05-21T15:00", "type": "NORMAL_TEACHING_PERIOD"}, {"classID": 58, "schoolID": "2363200", "subject": [{"current": {"type": "SUBJECT", "status": "REGULAR", "shortName": "L_1", "longName": "L_1", "displayName": "L_1"}, "removed": null}], "location": [{"current": {"type": "ROOM", "status": "REGULAR", "shortName": "230", "longName": "Klassenraum", "displayName": "230"}, "removed": null}], "teacher": [{"current": {"type": "TEACHER", "status": "REGULAR", "shortName": "Obe", "longName": "Obermayer", "displayName": "Obe"}, "removed": null}], "cellState": "REGULAR", "date": "2025-05-21", "start": "2025-05-21T13:30", "end": "2025-05-21T15:00", "type": "NORMAL_TEACHING_PERIOD"}, {"classID": 67, "schoolID": "2363200", "subject": [{"current": {"type": "SUBJECT", "status": "REGULAR", "shortName": "E", "longName": "Englisch", "displayName": "E"}, "removed": null}], "location": [{"current": {"type": "ROOM", "status": "REGULAR", "shortName": "203", "longName": "Klassenraum", "displayName": "203"}, "removed": null}], "teacher": [{"current": {"type": "TEACHER", "status": "REGULAR", "shortName": "Wan", "longName": "Wanninger", "displayName": "Wan"}, "removed": null}], "cellState": "REGULAR", "date": "2025-05-21", "start": "2025-05-21T08:15", "end": "2025-05-21T09:00", "type": "NORMAL_TEACHING_PERIOD"}, {"classID": 67, "schoolID": "2363200", "subject": [{"current": {"type": "SUBJECT", "status": "REGULAR", "shortName": "M", "longName": "Mathematik", "displayName": "M"}, "removed": null}], "location": [{"current": {"type": "ROOM", "status": "REGULAR", "shortName": "203", "longName": "Klassenraum", "displayName": "203"}, "removed": null}], "teacher": [{"current": {"type": "TEACHER", "status": "REGULAR", "shortName": "Bar", "longName": "Barry", "displayName": "Bar"}, "removed": null}], "cellState": "REGULAR", "date": "2025-05-21", "start": "2025-05-21T09:00", "end": "2025-05-21T10:45", "type": "NORMAL_TEACHING_PERIOD"}, {"classID": 67, "schoolID": "2363200", "subject": [{"current": {"type": "SUBJECT", "status": "REGULAR", "shortName": "G", "longName": "Geschichte", "displayName": "G"}, "removed": null}], "location": [{"current": {"type": "ROOM", "status": "REGULAR", "shortName": "203", "longName": "Klassenraum", "displayName": "203"}, "removed": null}], "teacher": [{"current": {"type": "TEACHER", "status": "REGULAR", "shortName": "Wec", "longName": "Wecker", "displayName": "Wec"}, "removed": null}], "cellState": "REGULAR", "date": "2025-05-21", "start": "2025-05-21T10:45", "end": "2025-05-21T12:30", "type": "NORMAL_TEACHING_PERIOD"}, {"classID": 67, "schoolID": "2363200", "subject": [{"current": {"type": "SUBJECT", "status": "REGULAR", "shortName": "E", "longName": "Englisch", "displayName": "E"}, "removed": null}], "location": [{"current": {"type": "ROOM", "status": "REGULAR", "shortName": "203", "longName": "Klassenraum", "displayName": "203"}, "removed": null}], "teacher": [{"current": {"type": "TEACHER", "status": "REGULAR", "shortName": "Wan", "longName": "Wanninger", "displayName": "Wan"}, "removed": null}], "cellState": "REGULAR", "date": "2025-05-21", "start": "2025-05-21T12:30", "end": "2025-05-21T13:15", "type": "NORMAL_TEACHING_PERIOD"}, {"classID": 67, "schoolID": "2363200", "subject": [{"current": {"type": "SUBJECT", "status": "REGULAR", "shortName": "SmwWU", "longName": "Sport Wahlunterricht koedukativ", "displayName": "SmwWU"}, "removed": null}], "location": [{"current": {"type": "ROOM", "status": "REGULAR", "shortName": "SH1", "longName": "Schwimmhalle", "displayName": "SH1"}, "removed": null}], "teacher": [{"current": {"type": "TEACHER", "status": "REGULAR", "shortName": "Sei", "longName": "Seidel", "displayName": "Sei"}, "removed": null}], "cellState": "REGULAR", "date": "2025-05-21", "start": "2025-05-21T13:30", "end": "2025-05-21T15:00", "type": "NORMAL_TEACHING_PERIOD"}, {"classID": 70, "schoolID": "2363200", "subject": [{"current": {"type": "SUBJECT", "status": "REGULAR", "shortName": "G", "longName": "Geschichte", "displayName": "G"}, "removed": null}], "location": [{"current": {"type": "ROOM", "status": "REGULAR", "shortName": "204", "longName": "Klassenraum", "displayName": "204"}, "removed": null}], "teacher": [{"current": {"type": "TEACHER", "status": "REGULAR", "shortName": "Rig", "longName": "Ring", "displayName": "Rig"}, "removed": null}], "cellState": "REGULAR", "date": "2025-05-21", "start": "2025-05-21T10:00", "end": "2025-05-21T11:30", "type": "NORMAL_TEACHING_PERIOD"}, {"classID": 70, "schoolID": "2363200", "subject": [{"current": {"type": "SUBJECT", "status": "REGULAR", "shortName": "D", "longName": "Deutsch", "displayName": "D"}, "removed": null}], "location": [{"current": {"type": "ROOM", "status": "REGULAR", "shortName": "204", "longName": "Klassenraum", "displayName": "204"}, "removed": null}], "teacher": [{"current": {"type": "TEACHER", "status": "REGULAR", "shortName": "Sei", "longName": "Seidel", "displayName": "Sei"}, "removed": null}], "cellState": "REGULAR", "date": "2025-05-21", "start": "2025-05-21T11:45", "end": "2025-05-21T13:15", "type": "NORMAL_TEACHING_PERIOD"}, {"classID": 70, "schoolID": "2363200", "subject": [{"current": {"type": "SUBJECT", "status": "REGULAR", "shortName": "SmwWU", "longName": "Sport Wahlunterricht koedukativ", "displayName": "SmwWU"}, "removed": null}], "location": [{"current": {"type": "ROOM", "status": "REGULAR", "shortName": "SH1", "longName": "Schwimmhalle", "displayName": "SH1"}, "removed": null}], "teacher": [{"current": {"type": "TEACHER", "status": "REGULAR", "shortName": "Sei", "longName": "Seidel", "displayName": "Sei"}, "removed": null}], "cellState": "REGULAR", "date": "2025-05-21", "start": "2025-05-21T13:30", "end": "2025-05-21T15:00", "type": "NORMAL_TEACHING_PERIOD"}, {"classID": 61, "schoolID": "2363200", "subject": [{"current": {"type": "SUBJECT", "status": "REGULAR", "shortName": "1D1", "longName": "1D1", "displayName": "1D1"}, "removed": null}], "location": [{"current": {"type": "ROOM", "status": "ADDED", "shortName": "232", "longName": "Klassenraum", "displayName": "232"}, "removed": {"type": "ROOM", "status": "REMOVED", "shortName": "206", "longName": "Klassenraum", "displayName": "206"}}], "teacher": [{"current": {"type": "TEACHER", "status": "REGULAR", "shortName": "Obe", "longName": "Obermayer", "displayName": "Obe"}, "removed": null}], "cellState": "CHANGED", "date": "2025-05-22", "start": "2025-05-22T08:15", "end": "2025-05-22T09:45", "type": "NORMAL_TEACHING_PERIOD"}, {"classID": 61, "schoolID": "2363200", "subject": [{"current": {"type": "SUBJECT", "status": "REGULAR", "shortName": "1D2", "longName": "1D2", "displayName": "1D2"}, "removed": null}], "location": [{"current": {"type": "ROOM", "status": "REGULAR", "shortName": "208", "longName": "Klassenraum", "displayName": "208"}, "removed": null}], "teacher": [{"current": {"type": "TEACHER", "status": "REGULAR", "shortName": "Bra", "longName": "Braun", "displayName": "Bra"}, "removed": null}], "cellState": "REGULAR", "date": "2025-05-22", "start": "2025-05-22T08:15", "end": "2025-05-22T09:45", "type": "NORMAL_TEACHING_PERIOD"}, {"classID": 61, "schoolID": "2363200", "subject": [{"current": {"type": "SUBJECT", "status": "REGULAR", "shortName": "1f1", "longName": "1f1", "displayName": "1f1"}, "removed": null}], "location": [{"current": {"type": "ROOM", "status": "REGULAR", "shortName": "208", "longName": "Klassenraum", "displayName": "208"}, "removed": null}], "teacher": [{"current": {"type": "TEACHER", "status": "REGULAR", "shortName": "Bra", "longName": "Braun", "displayName": "Bra"}, "removed": null}], "cellState": "REGULAR", "date": "2025-05-22", "start": "2025-05-22T10:00", "end": "2025-05-22T11:30", "type": "NORMAL_TEACHING_PERIOD"}, {"classID": 61, "schoolID": "2363200", "subject": [{"current": {"type": "SUBJECT", "status": "REGULAR", "shortName": "1f2", "longName": "1f2", "displayName": "1f2"}, "removed": null}], "location": [{"current": {"type": "ROOM", "status": "REGULAR", "shortName": "207", "longName": "Klassenraum", "displayName": "207"}, "removed": null}], "teacher": [{"current": {"type": "TEACHER", "status": "REGULAR", "shortName": "Sei", "longName": "Seidel", "displayName": "Sei"}, "removed": null}], "cellState": "REGULAR", "date": "2025-05-22", "start": "2025-05-22T10:00", "end": "2025-05-22T11:30", "type": "NORMAL_TEACHING_PERIOD"}, {"classID": 61, "schoolID": "2363200", "subject": [{"current": {"type": "SUBJECT", "status": "REGULAR", "shortName": "1l1", "longName": "1l1", "displayName": "1l1"}, "removed": null}], "location": [{"current": {"type": "ROOM", "status": "REGULAR", "shortName": "230", "longName": "Klassenraum", "displayName": "230"}, "removed": null}], "teacher": [{"current": {"type": "TEACHER", "status": "REGULAR", "shortName": "Kin", "longName": "Kindler", "displayName": "Kin"}, "removed": null}], "cellState": "REGULAR", "date": "2025-05-22", "start": "2025-05-22T10:00", "end": "2025-05-22T11:30", "type": "NORMAL_TEACHING_PERIOD"}, {"classID": 61, "schoolID": "2363200", "subject": [{"current": {"type": "SUBJECT", "status": "REGULAR", "shortName": "1E1", "longName": "Leistungsfach Englisch", "displayName": "1E1"}, "removed": null}], "location": [{"current": {"type": "ROOM", "status": "ADDED", "shortName": "232", "longName": "Klassenraum", "displayName": "232"}, "removed": {"type": "ROOM", "status": "REMOVED", "shortName": "206", "longName": "Klassenraum", "displayName": "206"}}], "teacher": [{"current": {"type": "TEACHER", "status": "REGULAR", "shortName": "Mac", "longName": "Macek", "displayName": "Mac"}, "removed": null}], "cellState": "CHANGED", "date": "2025-05-22", "start": "2025-05-22T11:45", "end": "2025-05-22T13:15", "type": "NORMAL_TEACHING_PERIOD"}, {"classID": 61, "schoolID": "2363200", "subject": [{"current": {"type": "SUBJECT", "status": "REGULAR", "shortName": "1B1", "longName": "Leistungsfach Biologie", "displayName": "1B1"}, "removed": null}], "location": [{"current": {"type": "ROOM", "status": "REGULAR", "shortName": "E12", "longName": "Chemiesaal", "displayName": "E12"}, "removed": null}], "teacher": [{"current": {"type": "TEACHER", "status": "REGULAR", "shortName": "Wag", "longName": "Wagner", "displayName": "Wag"}, "removed": null}], "cellState": "REGULAR", "date": "2025-05-22", "start": "2025-05-22T11:45", "end": "2025-05-22T13:15", "type": "NORMAL_TEACHING_PERIOD"}, {"classID": 61, "schoolID": "2363200", "subject": [{"current": {"type": "SUBJECT", "status": "REGULAR", "shortName": "1WR1", "longName": "Leistungsfach Wirtschaft und Recht", "displayName": "1WR1"}, "removed": null}], "location": [{"current": {"type": "ROOM", "status": "REGULAR", "shortName": "212", "longName": "Klassenraum", "displayName": "212"}, "removed": null}], "teacher": [{"current": {"type": "TEACHER", "status": "REGULAR", "shortName": "Seg", "longName": "Seger", "displayName": "Seg"}, "removed": null}], "cellState": "REGULAR", "date": "2025-05-22", "start": "2025-05-22T11:45", "end": "2025-05-22T13:15", "type": "NORMAL_TEACHING_PERIOD"}, {"classID": 61, "schoolID": "2363200", "subject": [{"current": {"type": "SUBJECT", "status": "REGULAR", "shortName": "1eko1", "longName": "1eko1", "displayName": "1eko1"}, "removed": null}], "location": [{"current": {"type": "ROOM", "status": "REGULAR", "shortName": "208", "longName": "Klassenraum", "displayName": "208"}, "removed": null}], "teacher": [{"current": {"type": "TEACHER", "status": "REGULAR", "shortName": "Smz", "longName": "Schmeltzer", "displayName": "Smz"}, "removed": null}], "cellState": "REGULAR", "date": "2025-05-22", "start": "2025-05-22T13:30", "end": "2025-05-22T15:00", "type": "NORMAL_TEACHING_PERIOD"}, {"classID": 61, "schoolID": "2363200", "subject": [{"current": {"type": "SUBJECT", "status": "REGULAR", "shortName": "1ku1", "longName": "1ku1", "displayName": "1ku1"}, "removed": null}], "location": [{"current": {"type": "ROOM", "status": "REGULAR", "shortName": "205", "longName": "Klassenraum", "displayName": "205"}, "removed": null}], "teacher": [{"current": {"type": "TEACHER", "status": "REGULAR", "shortName": "Pau", "longName": "Paulus", "displayName": "Pau"}, "removed": null}], "cellState": "REGULAR", "date": "2025-05-22", "start": "2025-05-22T13:30", "end": "2025-05-22T15:00", "type": "NORMAL_TEACHING_PERIOD"}, {"classID": 55, "schoolID": "2363200", "subject": [{"current": {"type": "SUBJECT", "status": "REGULAR", "shortName": "D", "longName": "Deutsch", "displayName": "D"}, "removed": null}], "location": [{"current": {"type": "ROOM", "status": "REGULAR", "shortName": "227", "longName": "Klassenraum", "displayName": "227"}, "removed": null}], "teacher": [{"current": {"type": "TEACHER", "status": "REGULAR", "shortName": "Mac", "longName": "Macek", "displayName": "Mac"}, "removed": null}], "cellState": "REGULAR", "date": "2025-05-22", "start": "2025-05-22T09:00", "end": "2025-05-22T10:45", "type": "NORMAL_TEACHING_PERIOD"}, {"classID": 55, "schoolID": "2363200", "subject": [{"current": {"type": "SUBJECT", "status": "REGULAR", "shortName": "B", "longName": "Biologie", "displayName": "B"}, "removed": null}], "location": [{"current": {"type": "ROOM", "status": "REGULAR", "shortName": "E05", "longName": "Biologiesaal1", "displayName": "E05"}, "removed": null}], "teacher": [{"current": {"type": "TEACHER", "status": "REGULAR", "shortName": "Heu", "longName": "Heum\u00fcller", "displayName": "Heu"}, "removed": null}], "cellState": "REGULAR", "date": "2025-05-22", "start": "2025-05-22T10:45", "end": "2025-05-22T11:30", "type": "NORMAL_TEACHING_PERIOD"}, {"classID": 55, "schoolID": "2363200", "subject": [{"current": {"type": "SUBJECT", "status": "REGULAR", "shortName": "F_1", "longName": "F_1", "displayName": "F_1"}, "removed": null}], "location": [{"current": {"type": "ROOM", "status": "REGULAR", "shortName": "227", "longName": "Klassenraum", "displayName": "227"}, "removed": null}], "teacher": [{"current": {"type": "TEACHER", "status": "REGULAR", "shortName": "Bra", "longName": "Braun", "displayName": "Bra"}, "removed": null}], "cellState": "REGULAR", "date": "2025-05-22", "start": "2025-05-22T11:45", "end": "2025-05-22T13:15", "type": "NORMAL_TEACHING_PERIOD"}, {"classID": 55, "schoolID": "2363200", "subject": [{"current": {"type": "SUBJECT", "status": "REGULAR", "shortName": "L_1", "longName": "L_1", "displayName": "L_1"}, "removed": null}], "location": [{"current": {"type": "ROOM", "status": "REGULAR", "shortName": "230", "longName": "Klassenraum", "displayName": "230"}, "removed": null}], "teacher": [{"current": {"type": "TEACHER", "status": "REGULAR", "shortName": "Obe", "longName": "Obermayer", "displayName": "Obe"}, "removed": null}], "cellState": "REGULAR", "date": "2025-05-22", "start": "2025-05-22T11:45", "end": "2025-05-22T13:15", "type": "NORMAL_TEACHING_PERIOD"}, {"classID": 55, "schoolID": "2363200", "subject": [{"current": {"type": "SUBJECT", "status": "REGULAR", "shortName": "M", "longName": "Mathematik", "displayName": "M"}, "removed": null}], "location": [{"current": {"type": "ROOM", "status": "REGULAR", "shortName": "227", "longName": "Klassenraum", "displayName": "227"}, "removed": null}], "teacher": [{"current": {"type": "TEACHER", "status": "REGULAR", "shortName": "Bar", "longName": "Barry", "displayName": "Bar"}, "removed": null}], "cellState": "REGULAR", "date": "2025-05-22", "start": "2025-05-22T13:30", "end": "2025-05-22T15:00", "type": "NORMAL_TEACHING_PERIOD"}, {"classID": 55, "schoolID": "2363200", "subject": [{"current": {"type": "SUBJECT", "status": "REGULAR", "shortName": "Ku-WU", "longName": "Kunst Wahlunt.", "displayName": "Ku-WU"}, "removed": null}], "location": "", "teacher": [{"current": {"type": "TEACHER", "status": "REGULAR", "shortName": "Pau", "longName": "Paulus", "displayName": "Pau"}, "removed": null}], "cellState": "REGULAR", "date": "2025-05-22", "start": "2025-05-22T15:15", "end": "2025-05-22T16:45", "type": "NORMAL_TEACHING_PERIOD"}, {"classID": 58, "schoolID": "2363200", "subject": [{"current": {"type": "SUBJECT", "status": "REGULAR", "shortName": "C", "longName": "Chemie", "displayName": "C"}, "removed": null}], "location": [{"current": {"type": "ROOM", "status": "REGULAR", "shortName": "E12", "longName": "Chemiesaal", "displayName": "E12"}, "removed": null}], "teacher": [{"current": {"type": "TEACHER", "status": "REGULAR", "shortName": "Heu", "longName": "Heum\u00fcller", "displayName": "Heu"}, "removed": null}], "cellState": "REGULAR", "date": "2025-05-22", "start": "2025-05-22T09:00", "end": "2025-05-22T09:45", "type": "NORMAL_TEACHING_PERIOD"}, {"classID": 58, "schoolID": "2363200", "subject": [{"current": {"type": "SUBJECT", "status": "REGULAR", "shortName": "Ph", "longName": "Physik", "displayName": "Ph"}, "removed": null}], "location": [{"current": {"type": "ROOM", "status": "REGULAR", "shortName": "E13", "longName": "Physik\u00fcbungsraum", "displayName": "E13"}, "removed": null}], "teacher": [{"current": {"type": "TEACHER", "status": "REGULAR", "shortName": "Bar", "longName": "Barry", "displayName": "Bar"}, "removed": null}], "cellState": "REGULAR", "date": "2025-05-22", "start": "2025-05-22T10:00", "end": "2025-05-22T10:45", "type": "NORMAL_TEACHING_PERIOD"}, {"classID": 58, "schoolID": "2363200", "subject": [{"current": {"type": "SUBJECT", "status": "REGULAR", "shortName": "D-Prf.", "longName": "D-Prf.", "displayName": "D-Prf."}, "removed": null}], "location": [{"current": {"type": "ROOM", "status": "REGULAR", "shortName": "231", "longName": "Klassenraum", "displayName": "231"}, "removed": null}], "teacher": [{"current": {"type": "TEACHER", "status": "REGULAR", "shortName": "Sca", "longName": "Schmidt", "displayName": "Sca"}, "removed": null}], "cellState": "REGULAR", "date": "2025-05-22", "start": "2025-05-22T10:45", "end": "2025-05-22T11:30", "type": "NORMAL_TEACHING_PERIOD"}, {"classID": 58, "schoolID": "2363200", "subject": [{"current": {"type": "SUBJECT", "status": "REGULAR", "shortName": "F_1", "longName": "F_1", "displayName": "F_1"}, "removed": null}], "location": [{"current": {"type": "ROOM", "status": "ADDED", "shortName": "227", "longName": "Klassenraum", "displayName": "227"}, "removed": {"type": "ROOM", "status": "REMOVED", "shortName": "231", "longName": "Klassenraum", "displayName": "231"}}], "teacher": [{"current": {"type": "TEACHER", "status": "ADDED", "shortName": "Bra", "longName": "Braun", "displayName": "Bra"}, "removed": {"type": "TEACHER", "status": "REMOVED", "shortName": "Nau", "longName": "Naudin", "displayName": "Nau"}}], "cellState": "CHANGED", "date": "2025-05-22", "start": "2025-05-22T11:45", "end": "2025-05-22T13:15", "type": "NORMAL_TEACHING_PERIOD"}, {"classID": 58, "schoolID": "2363200", "subject": [{"current": {"type": "SUBJECT", "status": "REGULAR", "shortName": "L_1", "longName": "L_1", "displayName": "L_1"}, "removed": null}], "location": [{"current": {"type": "ROOM", "status": "REGULAR", "shortName": "230", "longName": "Klassenraum", "displayName": "230"}, "removed": null}], "teacher": [{"current": {"type": "TEACHER", "status": "REGULAR", "shortName": "Obe", "longName": "Obermayer", "displayName": "Obe"}, "removed": null}], "cellState": "REGULAR", "date": "2025-05-22", "start": "2025-05-22T11:45", "end": "2025-05-22T13:15", "type": "NORMAL_TEACHING_PERIOD"}, {"classID": 58, "schoolID": "2363200", "subject": [{"current": {"type": "SUBJECT", "status": "REGULAR", "shortName": "D", "longName": "Deutsch", "displayName": "D"}, "removed": null}], "location": [{"current": {"type": "ROOM", "status": "REGULAR", "shortName": "231", "longName": "Klassenraum", "displayName": "231"}, "removed": null}], "teacher": [{"current": {"type": "TEACHER", "status": "REGULAR", "shortName": "Sca", "longName": "Schmidt", "displayName": "Sca"}, "removed": null}], "cellState": "REGULAR", "date": "2025-05-22", "start": "2025-05-22T13:30", "end": "2025-05-22T15:00", "type": "NORMAL_TEACHING_PERIOD"}, {"classID": 58, "schoolID": "2363200", "subject": [{"current": {"type": "SUBJECT", "status": "REGULAR", "shortName": "Ku-WU", "longName": "Kunst Wahlunt.", "displayName": "Ku-WU"}, "removed": null}], "location": "", "teacher": [{"current": {"type": "TEACHER", "status": "REGULAR", "shortName": "Pau", "longName": "Paulus", "displayName": "Pau"}, "removed": null}], "cellState": "REGULAR", "date": "2025-05-22", "start": "2025-05-22T15:15", "end": "2025-05-22T16:45", "type": "NORMAL_TEACHING_PERIOD"}, {"classID": 67, "schoolID": "2363200", "subject": [{"current": {"type": "SUBJECT", "status": "REGULAR", "shortName": "D", "longName": "Deutsch", "displayName": "D"}, "removed": null}], "location": [{"current": {"type": "ROOM", "status": "REGULAR", "shortName": "203", "longName": "Klassenraum", "displayName": "203"}, "removed": null}], "teacher": [{"current": {"type": "TEACHER", "status": "REGULAR", "shortName": "Sca", "longName": "Schmidt", "displayName": "Sca"}, "removed": null}], "cellState": "REGULAR", "date": "2025-05-22", "start": "2025-05-22T08:15", "end": "2025-05-22T09:45", "type": "NORMAL_TEACHING_PERIOD"}, {"classID": 67, "schoolID": "2363200", "subject": [{"current": {"type": "SUBJECT", "status": "REGULAR", "shortName": "B", "longName": "Biologie", "displayName": "B"}, "removed": null}], "location": [{"current": {"type": "ROOM", "status": "REGULAR", "shortName": "E05", "longName": "Biologiesaal1", "displayName": "E05"}, "removed": null}], "teacher": [{"current": {"type": "TEACHER", "status": "REGULAR", "shortName": "Wun", "longName": "Wunsch", "displayName": "Wun"}, "removed": null}], "cellState": "REGULAR", "date": "2025-05-22", "start": "2025-05-22T10:00", "end": "2025-05-22T10:45", "type": "NORMAL_TEACHING_PERIOD"}, {"classID": 67, "schoolID": "2363200", "subject": [{"current": {"type": "SUBJECT", "status": "REGULAR", "shortName": "Ph", "longName": "Physik", "displayName": "Ph"}, "removed": null}], "location": [{"current": {"type": "ROOM", "status": "REGULAR", "shortName": "E13", "longName": "Physik\u00fcbungsraum", "displayName": "E13"}, "removed": null}], "teacher": [{"current": {"type": "TEACHER", "status": "REGULAR", "shortName": "Bar", "longName": "Barry", "displayName": "Bar"}, "removed": null}], "cellState": "REGULAR", "date": "2025-05-22", "start": "2025-05-22T10:45", "end": "2025-05-22T12:30", "type": "NORMAL_TEACHING_PERIOD"}, {"classID": 70, "schoolID": "2363200", "subject": [{"current": {"type": "SUBJECT", "status": "REGULAR", "shortName": "M", "longName": "Mathematik", "displayName": "M"}, "removed": null}], "location": [{"current": {"type": "ROOM", "status": "REGULAR", "shortName": "204", "longName": "Klassenraum", "displayName": "204"}, "removed": null}], "teacher": [{"current": {"type": "TEACHER", "status": "REGULAR", "shortName": "Neu", "longName": "Neumann", "displayName": "Neu"}, "removed": null}], "cellState": "REGULAR", "date": "2025-05-22", "start": "2025-05-22T08:15", "end": "2025-05-22T09:45", "type": "NORMAL_TEACHING_PERIOD"}, {"classID": 70, "schoolID": "2363200", "subject": [{"current": {"type": "SUBJECT", "status": "REGULAR", "shortName": "Geo", "longName": "Geographie", "displayName": "Geo"}, "removed": null}], "location": [{"current": {"type": "ROOM", "status": "REGULAR", "shortName": "204", "longName": "Klassenraum", "displayName": "204"}, "removed": null}], "teacher": [{"current": {"type": "TEACHER", "status": "REGULAR", "shortName": "Sca", "longName": "Schmidt", "displayName": "Sca"}, "removed": null}], "cellState": "REGULAR", "date": "2025-05-22", "start": "2025-05-22T10:00", "end": "2025-05-22T10:45", "type": "NORMAL_TEACHING_PERIOD"}, {"classID": 70, "schoolID": "2363200", "subject": [{"current": {"type": "SUBJECT", "status": "REGULAR", "shortName": "B", "longName": "Biologie", "displayName": "B"}, "removed": null}], "location": [{"current": {"type": "ROOM", "status": "REGULAR", "shortName": "204", "longName": "Klassenraum", "displayName": "204"}, "removed": null}], "teacher": [{"current": {"type": "TEACHER", "status": "ADDED", "shortName": "Mac", "longName": "Macek", "displayName": "Mac"}, "removed": {"type": "TEACHER", "status": "REMOVED", "shortName": "Wun", "longName": "Wunsch", "displayName": "Wun"}}], "cellState": "CHANGED", "date": "2025-05-22", "start": "2025-05-22T10:45", "end": "2025-05-22T11:30", "type": "NORMAL_TEACHING_PERIOD"}, {"classID": 70, "schoolID": "2363200", "subject": [{"current": {"type": "SUBJECT", "status": "REGULAR", "shortName": "D", "longName": "Deutsch", "displayName": "D"}, "removed": null}], "location": [{"current": {"type": "ROOM", "status": "REGULAR", "shortName": "204", "longName": "Klassenraum", "displayName": "204"}, "removed": null}], "teacher": [{"current": {"type": "TEACHER", "status": "REGULAR", "shortName": "Sei", "longName": "Seidel", "displayName": "Sei"}, "removed": null}], "cellState": "REGULAR", "date": "2025-05-22", "start": "2025-05-22T11:45", "end": "2025-05-22T13:15", "type": "NORMAL_TEACHING_PERIOD"}, {"classID": 61, "schoolID": "2363200", "subject": [{"current": {"type": "SUBJECT", "status": "REGULAR", "shortName": "1c1", "longName": "1c1", "displayName": "1c1"}, "removed": null}], "location": [{"current": {"type": "ROOM", "status": "REGULAR", "shortName": "E12", "longName": "Chemiesaal", "displayName": "E12"}, "removed": null}], "teacher": [{"current": {"type": "TEACHER", "status": "REGULAR", "shortName": "Heu", "longName": "Heum\u00fcller", "displayName": "Heu"}, "removed": null}], "cellState": "REGULAR", "date": "2025-05-23", "start": "2025-05-23T08:15", "end": "2025-05-23T09:00", "type": "NORMAL_TEACHING_PERIOD"}, {"classID": 61, "schoolID": "2363200", "subject": [{"current": {"type": "SUBJECT", "status": "REGULAR", "shortName": "1M2", "longName": "1M2", "displayName": "1M2"}, "removed": null}], "location": [{"current": {"type": "ROOM", "status": "ADDED", "shortName": "213", "longName": "Klassenraum", "displayName": "213"}, "removed": {"type": "ROOM", "status": "REMOVED", "shortName": "212", "longName": "Klassenraum", "displayName": "212"}}], "teacher": [{"current": {"type": "TEACHER", "status": "ADDED", "shortName": "B\u00e4s", "longName": "B\u00e4\u00dfler", "displayName": "B\u00e4s"}, "removed": {"type": "TEACHER", "status": "REMOVED", "shortName": "Sta", "longName": "Stadler", "displayName": "Sta"}}], "cellState": "CHANGED", "date": "2025-05-23", "start": "2025-05-23T09:00", "end": "2025-05-23T09:45", "type": "NORMAL_TEACHING_PERIOD"}, {"classID": 61, "schoolID": "2363200", "subject": [{"current": {"type": "SUBJECT", "status": "REGULAR", "shortName": "1M1", "longName": "1M1", "displayName": "1M1"}, "removed": null}], "location": [{"current": {"type": "ROOM", "status": "REGULAR", "shortName": "213", "longName": "Klassenraum", "displayName": "213"}, "removed": null}], "teacher": [{"current": {"type": "TEACHER", "status": "REGULAR", "shortName": "B\u00e4s", "longName": "B\u00e4\u00dfler", "displayName": "B\u00e4s"}, "removed": null}], "cellState": "REGULAR", "date": "2025-05-23", "start": "2025-05-23T09:00", "end": "2025-05-23T10:45", "type": "NORMAL_TEACHING_PERIOD"}, {"classID": 61, "schoolID": "2363200", "subject": [{"current": {"type": "SUBJECT", "status": "REGULAR", "shortName": "1M2", "longName": "1M2", "displayName": "1M2"}, "removed": null}], "location": [{"current": {"type": "ROOM", "status": "REGULAR", "shortName": "212", "longName": "Klassenraum", "displayName": "212"}, "removed": null}], "teacher": [{"current": {"type": "TEACHER", "status": "REGULAR", "shortName": "Sta", "longName": "Stadler", "displayName": "Sta"}, "removed": null}], "cellState": "REGULAR", "date": "2025-05-23", "start": "2025-05-23T10:00", "end": "2025-05-23T10:45", "type": "NORMAL_TEACHING_PERIOD"}, {"classID": 61, "schoolID": "2363200", "subject": [{"current": {"type": "SUBJECT", "status": "REGULAR", "shortName": "1g1", "longName": "1g1", "displayName": "1g1"}, "removed": null}], "location": [{"current": {"type": "ROOM", "status": "REGULAR", "shortName": "207", "longName": "Klassenraum", "displayName": "207"}, "removed": null}], "teacher": [{"current": {"type": "TEACHER", "status": "REGULAR", "shortName": "Rig", "longName": "Ring", "displayName": "Rig"}, "removed": null}], "cellState": "REGULAR", "date": "2025-05-23", "start": "2025-05-23T10:45", "end": "2025-05-23T12:30", "type": "NORMAL_TEACHING_PERIOD"}, {"classID": 61, "schoolID": "2363200", "subject": [{"current": {"type": "SUBJECT", "status": "REGULAR", "shortName": "1g2", "longName": "1g2", "displayName": "1g2"}, "removed": null}], "location": [{"current": {"type": "ROOM", "status": "REGULAR", "shortName": "208", "longName": "Klassenraum", "displayName": "208"}, "removed": null}], "teacher": [{"current": {"type": "TEACHER", "status": "REGULAR", "shortName": "Wec", "longName": "Wecker", "displayName": "Wec"}, "removed": null}], "cellState": "REGULAR", "date": "2025-05-23", "start": "2025-05-23T10:45", "end": "2025-05-23T12:30", "type": "NORMAL_TEACHING_PERIOD"}, {"classID": 61, "schoolID": "2363200", "subject": [{"current": {"type": "SUBJECT", "status": "REGULAR", "shortName": "1B1", "longName": "Leistungsfach Biologie", "displayName": "1B1"}, "removed": null}], "location": [{"current": {"type": "ROOM", "status": "REGULAR", "shortName": "E12", "longName": "Chemiesaal", "displayName": "E12"}, "removed": null}], "teacher": [{"current": {"type": "TEACHER", "status": "REGULAR", "shortName": "Wag", "longName": "Wagner", "displayName": "Wag"}, "removed": null}], "cellState": "REGULAR", "date": "2025-05-23", "start": "2025-05-23T12:30", "end": "2025-05-23T13:15", "type": "NORMAL_TEACHING_PERIOD"}, {"classID": 61, "schoolID": "2363200", "subject": [{"current": {"type": "SUBJECT", "status": "REGULAR", "shortName": "1b2", "longName": "1b2", "displayName": "1b2"}, "removed": null}], "location": [{"current": {"type": "ROOM", "status": "REGULAR", "shortName": "E05", "longName": "Biologiesaal1", "displayName": "E05"}, "removed": null}], "teacher": [{"current": {"type": "TEACHER", "status": "REGULAR", "shortName": "Heu", "longName": "Heum\u00fcller", "displayName": "Heu"}, "removed": null}], "cellState": "REGULAR", "date": "2025-05-23", "start": "2025-05-23T12:30", "end": "2025-05-23T13:15", "type": "NORMAL_TEACHING_PERIOD"}, {"classID": 61, "schoolID": "2363200", "subject": [{"current": {"type": "SUBJECT", "status": "REGULAR", "shortName": "1ph1", "longName": "1ph1", "displayName": "1ph1"}, "removed": null}], "location": [{"current": {"type": "ROOM", "status": "REGULAR", "shortName": "E13", "longName": "Physik\u00fcbungsraum", "displayName": "E13"}, "removed": null}], "teacher": [{"current": {"type": "TEACHER", "status": "REGULAR", "shortName": "Spr", "longName": "Springfeld", "displayName": "Spr"}, "removed": null}], "cellState": "REGULAR", "date": "2025-05-23", "start": "2025-05-23T13:30", "end": "2025-05-23T14:15", "type": "NORMAL_TEACHING_PERIOD"}, {"classID": 55, "schoolID": "2363200", "subject": [{"current": {"type": "SUBJECT", "status": "REGULAR", "shortName": "Ph-EU", "longName": "Physik Erg\u00e4nzungsunt.", "displayName": "Ph-EU"}, "removed": null}], "location": [{"current": {"type": "ROOM", "status": "REGULAR", "shortName": "E15", "longName": "Physiksaal", "displayName": "E15"}, "removed": null}], "teacher": [{"current": {"type": "TEACHER", "status": "REGULAR", "shortName": "Spr", "longName": "Springfeld", "displayName": "Spr"}, "removed": null}], "cellState": "REGULAR", "date": "2025-05-23", "start": "2025-05-23T08:15", "end": "2025-05-23T09:00", "type": "NORMAL_TEACHING_PERIOD"}, {"classID": 55, "schoolID": "2363200", "subject": [{"current": {"type": "SUBJECT", "status": "REGULAR", "shortName": "C", "longName": "Chemie", "displayName": "C"}, "removed": null}], "location": [{"current": {"type": "ROOM", "status": "REGULAR", "shortName": "E12", "longName": "Chemiesaal", "displayName": "E12"}, "removed": null}], "teacher": [{"current": {"type": "TEACHER", "status": "REGULAR", "shortName": "Heu", "longName": "Heum\u00fcller", "displayName": "Heu"}, "removed": null}], "cellState": "REGULAR", "date": "2025-05-23", "start": "2025-05-23T09:00", "end": "2025-05-23T10:45", "type": "NORMAL_TEACHING_PERIOD"}, {"classID": 55, "schoolID": "2363200", "subject": [{"current": {"type": "SUBJECT", "status": "REGULAR", "shortName": "M", "longName": "Mathematik", "displayName": "M"}, "removed": null}], "location": [{"current": {"type": "ROOM", "status": "REGULAR", "shortName": "227", "longName": "Klassenraum", "displayName": "227"}, "removed": null}], "teacher": [{"current": {"type": "TEACHER", "status": "REGULAR", "shortName": "Spr", "longName": "Springfeld", "displayName": "Spr"}, "removed": null}], "cellState": "REGULAR", "date": "2025-05-23", "start": "2025-05-23T10:45", "end": "2025-05-23T11:30", "type": "NORMAL_TEACHING_PERIOD"}, {"classID": 55, "schoolID": "2363200", "subject": [{"current": {"type": "SUBJECT", "status": "REGULAR", "shortName": "Ph", "longName": "Physik", "displayName": "Ph"}, "removed": null}], "location": [{"current": {"type": "ROOM", "status": "REGULAR", "shortName": "227", "longName": "Klassenraum", "displayName": "227"}, "removed": null}], "teacher": [{"current": {"type": "TEACHER", "status": "REGULAR", "shortName": "B\u00e4s", "longName": "B\u00e4\u00dfler", "displayName": "B\u00e4s"}, "removed": null}], "cellState": "CHANGED", "date": "2025-05-23", "start": "2025-05-23T11:45", "end": "2025-05-23T12:30", "type": "ADDITIONAL_PERIOD"}, {"classID": 55, "schoolID": "2363200", "subject": [{"current": {"type": "SUBJECT", "status": "REGULAR", "shortName": "Ph", "longName": "Physik", "displayName": "Ph"}, "removed": null}], "location": [{"current": {"type": "ROOM", "status": "REGULAR", "shortName": "227", "longName": "Klassenraum", "displayName": "227"}, "removed": null}], "teacher": [{"current": {"type": "TEACHER", "status": "REGULAR", "shortName": "B\u00e4s", "longName": "B\u00e4\u00dfler", "displayName": "B\u00e4s"}, "removed": null}], "cellState": "ADDITIONAL", "date": "2025-05-23", "start": "2025-05-23T12:30", "end": "2025-05-23T13:15", "type": "ADDITIONAL_PERIOD"}, {"classID": 58, "schoolID": "2363200", "subject": [{"current": {"type": "SUBJECT", "status": "REGULAR", "shortName": "Ph-EU", "longName": "Physik Erg\u00e4nzungsunt.", "displayName": "Ph-EU"}, "removed": null}], "location": [{"current": {"type": "ROOM", "status": "REGULAR", "shortName": "E15", "longName": "Physiksaal", "displayName": "E15"}, "removed": null}], "teacher": [{"current": {"type": "TEACHER", "status": "REGULAR", "shortName": "Spr", "longName": "Springfeld", "displayName": "Spr"}, "removed": null}], "cellState": "REGULAR", "date": "2025-05-23", "start": "2025-05-23T08:15", "end": "2025-05-23T09:00", "type": "NORMAL_TEACHING_PERIOD"}, {"classID": 58, "schoolID": "2363200", "subject": [{"current": {"type": "SUBJECT", "status": "REGULAR", "shortName": "E", "longName": "Englisch", "displayName": "E"}, "removed": null}], "location": [{"current": {"type": "ROOM", "status": "REGULAR", "shortName": "231", "longName": "Klassenraum", "displayName": "231"}, "removed": null}], "teacher": [{"current": {"type": "TEACHER", "status": "REGULAR", "shortName": "Kin", "longName": "Kindler", "displayName": "Kin"}, "removed": null}], "cellState": "REGULAR", "date": "2025-05-23", "start": "2025-05-23T09:00", "end": "2025-05-23T10:45", "type": "NORMAL_TEACHING_PERIOD"}, {"classID": 58, "schoolID": "2363200", "subject": [{"current": {"type": "SUBJECT", "status": "REGULAR", "shortName": "Geo", "longName": "Geographie", "displayName": "Geo"}, "removed": null}], "location": [{"current": {"type": "ROOM", "status": "REGULAR", "shortName": "231", "longName": "Klassenraum", "displayName": "231"}, "removed": null}], "teacher": [{"current": {"type": "TEACHER", "status": "REGULAR", "shortName": "Sca", "longName": "Schmidt", "displayName": "Sca"}, "removed": null}], "cellState": "REGULAR", "date": "2025-05-23", "start": "2025-05-23T10:45", "end": "2025-05-23T11:30", "type": "NORMAL_TEACHING_PERIOD"}, {"classID": 58, "schoolID": "2363200", "subject": [{"current": {"type": "SUBJECT", "status": "REGULAR", "shortName": "M", "longName": "Mathematik", "displayName": "M"}, "removed": null}], "location": [{"current": {"type": "ROOM", "status": "REGULAR", "shortName": "231", "longName": "Klassenraum", "displayName": "231"}, "removed": null}], "teacher": [{"current": {"type": "TEACHER", "status": "REGULAR", "shortName": "Spr", "longName": "Springfeld", "displayName": "Spr"}, "removed": null}], "cellState": "REGULAR", "date": "2025-05-23", "start": "2025-05-23T11:45", "end": "2025-05-23T12:30", "type": "NORMAL_TEACHING_PERIOD"}, {"classID": 58, "schoolID": "2363200", "subject": [{"current": {"type": "SUBJECT", "status": "REGULAR", "shortName": "M", "longName": "Mathematik", "displayName": "M"}, "removed": null}], "location": [{"current": {"type": "ROOM", "status": "REGULAR", "shortName": "231", "longName": "Klassenraum", "displayName": "231"}, "removed": null}], "teacher": [{"current": {"type": "TEACHER", "status": "ADDED", "shortName": "Spr", "longName": "Springfeld", "displayName": "Spr"}, "removed": {"type": "TEACHER", "status": "REMOVED", "shortName": "Bar", "longName": "Barry", "displayName": "Bar"}}], "cellState": "ADDITIONAL", "date": "2025-05-23", "start": "2025-05-23T12:30", "end": "2025-05-23T13:15", "type": "ADDITIONAL_PERIOD"}, {"classID": 67, "schoolID": "2363200", "subject": [{"current": {"type": "SUBJECT", "status": "REGULAR", "shortName": "E-EU", "longName": "Engl.Erg\u00e4nzungsunt", "displayName": "E-EU"}, "removed": null}], "location": [{"current": {"type": "ROOM", "status": "REGULAR", "shortName": "203", "longName": "Klassenraum", "displayName": "203"}, "removed": null}], "teacher": [{"current": {"type": "TEACHER", "status": "REGULAR", "shortName": "Wan", "longName": "Wanninger", "displayName": "Wan"}, "removed": null}], "cellState": "REGULAR", "date": "2025-05-23", "start": "2025-05-23T08:15", "end": "2025-05-23T09:00", "type": "NORMAL_TEACHING_PERIOD"}, {"classID": 67, "schoolID": "2363200", "subject": [{"current": {"type": "SUBJECT", "status": "REGULAR", "shortName": "D", "longName": "Deutsch", "displayName": "D"}, "removed": null}], "location": [{"current": {"type": "ROOM", "status": "REGULAR", "shortName": "203", "longName": "Klassenraum", "displayName": "203"}, "removed": null}], "teacher": [{"current": {"type": "TEACHER", "status": "REGULAR", "shortName": "Sca", "longName": "Schmidt", "displayName": "Sca"}, "removed": null}], "cellState": "ADDITIONAL", "date": "2025-05-23", "start": "2025-05-23T09:00", "end": "2025-05-23T10:45", "type": "ADDITIONAL_PERIOD"}, {"classID": 67, "schoolID": "2363200", "subject": [{"current": {"type": "SUBJECT", "status": "REGULAR", "shortName": "C", "longName": "Chemie", "displayName": "C"}, "removed": null}], "location": [{"current": {"type": "ROOM", "status": "REGULAR", "shortName": "E12", "longName": "Chemiesaal", "displayName": "E12"}, "removed": null}], "teacher": [{"current": {"type": "TEACHER", "status": "REGULAR", "shortName": "Heu", "longName": "Heum\u00fcller", "displayName": "Heu"}, "removed": null}], "cellState": "REGULAR", "date": "2025-05-23", "start": "2025-05-23T10:45", "end": "2025-05-23T11:30", "type": "NORMAL_TEACHING_PERIOD"}, {"classID": 67, "schoolID": "2363200", "subject": [{"current": {"type": "SUBJECT", "status": "REGULAR", "shortName": "E", "longName": "Englisch", "displayName": "E"}, "removed": null}], "location": [{"current": {"type": "ROOM", "status": "REGULAR", "shortName": "203", "longName": "Klassenraum", "displayName": "203"}, "removed": null}], "teacher": [{"current": {"type": "TEACHER", "status": "REGULAR", "shortName": "Wan", "longName": "Wanninger", "displayName": "Wan"}, "removed": null}], "cellState": "ADDITIONAL", "date": "2025-05-23", "start": "2025-05-23T11:45", "end": "2025-05-23T13:15", "type": "ADDITIONAL_PERIOD"}, {"classID": 70, "schoolID": "2363200", "subject": [{"current": {"type": "SUBJECT", "status": "REGULAR", "shortName": "PuG", "longName": "PuG", "displayName": "PuG"}, "removed": null}], "location": [{"current": {"type": "ROOM", "status": "REGULAR", "shortName": "204", "longName": "Klassenraum", "displayName": "204"}, "removed": null}], "teacher": [{"current": {"type": "TEACHER", "status": "REGULAR", "shortName": "Kin", "longName": "Kindler", "displayName": "Kin"}, "removed": null}], "cellState": "REGULAR", "date": "2025-05-23", "start": "2025-05-23T08:15", "end": "2025-05-23T09:00", "type": "NORMAL_TEACHING_PERIOD"}, {"classID": 70, "schoolID": "2363200", "subject": [{"current": {"type": "SUBJECT", "status": "REGULAR", "shortName": "G", "longName": "Geschichte", "displayName": "G"}, "removed": null}], "location": [{"current": {"type": "ROOM", "status": "REGULAR", "shortName": "204", "longName": "Klassenraum", "displayName": "204"}, "removed": null}], "teacher": [{"current": {"type": "TEACHER", "status": "REGULAR", "shortName": "Rig", "longName": "Ring", "displayName": "Rig"}, "removed": null}], "cellState": "ADDITIONAL", "date": "2025-05-23", "start": "2025-05-23T09:00", "end": "2025-05-23T09:45", "type": "ADDITIONAL_PERIOD"}, {"classID": 70, "schoolID": "2363200", "subject": [{"current": {"type": "SUBJECT", "status": "REGULAR", "shortName": "M", "longName": "Mathematik", "displayName": "M"}, "removed": null}], "location": [{"current": {"type": "ROOM", "status": "REGULAR", "shortName": "204", "longName": "Klassenraum", "displayName": "204"}, "removed": null}], "teacher": [{"current": {"type": "TEACHER", "status": "REGULAR", "shortName": "Neu", "longName": "Neumann", "displayName": "Neu"}, "removed": null}], "cellState": "REGULAR", "date": "2025-05-23", "start": "2025-05-23T10:00", "end": "2025-05-23T11:30", "type": "NORMAL_TEACHING_PERIOD"}, {"classID": 70, "schoolID": "2363200", "subject": [{"current": {"type": "SUBJECT", "status": "REGULAR", "shortName": "Ph", "longName": "Physik", "displayName": "Ph"}, "removed": null}], "location": [{"current": {"type": "ROOM", "status": "REGULAR", "shortName": "E13", "longName": "Physik\u00fcbungsraum", "displayName": "E13"}, "removed": null}], "teacher": [{"current": {"type": "TEACHER", "status": "REGULAR", "shortName": "Neu", "longName": "Neumann", "displayName": "Neu"}, "removed": null}], "cellState": "REGULAR", "date": "2025-05-23", "start": "2025-05-23T11:45", "end": "2025-05-23T13:15", "type": "NORMAL_TEACHING_PERIOD"}]