[{"classID": 7186, "schoolID": "4248700", "subject": "", "location": "", "teacher": "", "cellState": "CHANGED", "date": "2025-06-16", "start": "2025-06-16T00:00", "end": "2025-06-16T23:59", "type": "EVENT"}, {"classID": 7189, "schoolID": "4248700", "subject": "", "location": "", "teacher": "", "cellState": "CHANGED", "date": "2025-06-16", "start": "2025-06-16T00:00", "end": "2025-06-16T23:59", "type": "EVENT"}, {"classID": 6962, "schoolID": "4248700", "subject": "", "location": "", "teacher": "", "cellState": "CHANGED", "date": "2025-06-16", "start": "2025-06-16T00:00", "end": "2025-06-16T23:59", "type": "EVENT"}, {"classID": 6971, "schoolID": "4248700", "subject": "", "location": "", "teacher": "", "cellState": "CHANGED", "date": "2025-06-16", "start": "2025-06-16T00:00", "end": "2025-06-16T23:59", "type": "EVENT"}, {"classID": 6977, "schoolID": "4248700", "subject": "", "location": "", "teacher": "", "cellState": "CHANGED", "date": "2025-06-16", "start": "2025-06-16T00:00", "end": "2025-06-16T23:59", "type": "EVENT"}, {"classID": 7010, "schoolID": "4248700", "subject": "", "location": "", "teacher": "", "cellState": "CHANGED", "date": "2025-06-16", "start": "2025-06-16T00:00", "end": "2025-06-16T23:59", "type": "EVENT"}, {"classID": 7013, "schoolID": "4248700", "subject": "", "location": "", "teacher": "", "cellState": "CHANGED", "date": "2025-06-16", "start": "2025-06-16T00:00", "end": "2025-06-16T23:59", "type": "EVENT"}, {"classID": 7016, "schoolID": "4248700", "subject": "", "location": "", "teacher": "", "cellState": "CHANGED", "date": "2025-06-16", "start": "2025-06-16T00:00", "end": "2025-06-16T23:59", "type": "EVENT"}, {"classID": 7019, "schoolID": "4248700", "subject": "", "location": "", "teacher": "", "cellState": "CHANGED", "date": "2025-06-16", "start": "2025-06-16T00:00", "end": "2025-06-16T23:59", "type": "EVENT"}, {"classID": 7091, "schoolID": "4248700", "subject": "", "location": "", "teacher": "", "cellState": "CHANGED", "date": "2025-06-16", "start": "2025-06-16T00:00", "end": "2025-06-16T23:59", "type": "EVENT"}, {"classID": 7022, "schoolID": "4248700", "subject": "", "location": "", "teacher": "", "cellState": "CHANGED", "date": "2025-06-16", "start": "2025-06-16T00:00", "end": "2025-06-16T23:59", "type": "EVENT"}, {"classID": 7025, "schoolID": "4248700", "subject": "", "location": "", "teacher": "", "cellState": "CHANGED", "date": "2025-06-16", "start": "2025-06-16T00:00", "end": "2025-06-16T23:59", "type": "EVENT"}, {"classID": 7028, "schoolID": "4248700", "subject": "", "location": "", "teacher": "", "cellState": "CHANGED", "date": "2025-06-16", "start": "2025-06-16T00:00", "end": "2025-06-16T23:59", "type": "EVENT"}, {"classID": 7031, "schoolID": "4248700", "subject": "", "location": "", "teacher": "", "cellState": "CHANGED", "date": "2025-06-16", "start": "2025-06-16T00:00", "end": "2025-06-16T23:59", "type": "EVENT"}, {"classID": 7034, "schoolID": "4248700", "subject": "", "location": "", "teacher": "", "cellState": "CHANGED", "date": "2025-06-16", "start": "2025-06-16T00:00", "end": "2025-06-16T23:59", "type": "EVENT"}, {"classID": 7037, "schoolID": "4248700", "subject": "", "location": "", "teacher": "", "cellState": "CHANGED", "date": "2025-06-16", "start": "2025-06-16T00:00", "end": "2025-06-16T23:59", "type": "EVENT"}, {"classID": 7040, "schoolID": "4248700", "subject": "", "location": "", "teacher": "", "cellState": "CHANGED", "date": "2025-06-16", "start": "2025-06-16T00:00", "end": "2025-06-16T23:59", "type": "EVENT"}, {"classID": 7043, "schoolID": "4248700", "subject": "", "location": "", "teacher": "", "cellState": "CHANGED", "date": "2025-06-16", "start": "2025-06-16T00:00", "end": "2025-06-16T23:59", "type": "EVENT"}, {"classID": 7046, "schoolID": "4248700", "subject": "", "location": "", "teacher": "", "cellState": "CHANGED", "date": "2025-06-16", "start": "2025-06-16T00:00", "end": "2025-06-16T23:59", "type": "EVENT"}, {"classID": 7049, "schoolID": "4248700", "subject": "", "location": "", "teacher": "", "cellState": "CHANGED", "date": "2025-06-16", "start": "2025-06-16T00:00", "end": "2025-06-16T23:59", "type": "EVENT"}, {"classID": 7052, "schoolID": "4248700", "subject": "", "location": "", "teacher": "", "cellState": "CHANGED", "date": "2025-06-16", "start": "2025-06-16T00:00", "end": "2025-06-16T23:59", "type": "EVENT"}, {"classID": 7055, "schoolID": "4248700", "subject": "", "location": "", "teacher": "", "cellState": "CHANGED", "date": "2025-06-16", "start": "2025-06-16T00:00", "end": "2025-06-16T23:59", "type": "EVENT"}, {"classID": 7058, "schoolID": "4248700", "subject": "", "location": "", "teacher": "", "cellState": "CHANGED", "date": "2025-06-16", "start": "2025-06-16T00:00", "end": "2025-06-16T23:59", "type": "EVENT"}, {"classID": 7061, "schoolID": "4248700", "subject": "", "location": "", "teacher": "", "cellState": "CHANGED", "date": "2025-06-16", "start": "2025-06-16T00:00", "end": "2025-06-16T23:59", "type": "EVENT"}, {"classID": 7064, "schoolID": "4248700", "subject": "", "location": "", "teacher": "", "cellState": "CHANGED", "date": "2025-06-16", "start": "2025-06-16T00:00", "end": "2025-06-16T23:59", "type": "EVENT"}, {"classID": 7088, "schoolID": "4248700", "subject": "", "location": "", "teacher": "", "cellState": "CHANGED", "date": "2025-06-16", "start": "2025-06-16T00:00", "end": "2025-06-16T23:59", "type": "EVENT"}, {"classID": 7067, "schoolID": "4248700", "subject": "", "location": "", "teacher": "", "cellState": "CHANGED", "date": "2025-06-16", "start": "2025-06-16T00:00", "end": "2025-06-16T23:59", "type": "EVENT"}, {"classID": 7070, "schoolID": "4248700", "subject": "", "location": "", "teacher": "", "cellState": "CHANGED", "date": "2025-06-16", "start": "2025-06-16T00:00", "end": "2025-06-16T23:59", "type": "EVENT"}, {"classID": 7073, "schoolID": "4248700", "subject": "", "location": "", "teacher": "", "cellState": "CHANGED", "date": "2025-06-16", "start": "2025-06-16T00:00", "end": "2025-06-16T23:59", "type": "EVENT"}, {"classID": 7076, "schoolID": "4248700", "subject": "", "location": "", "teacher": "", "cellState": "CHANGED", "date": "2025-06-16", "start": "2025-06-16T00:00", "end": "2025-06-16T23:59", "type": "EVENT"}, {"classID": 7079, "schoolID": "4248700", "subject": "", "location": "", "teacher": "", "cellState": "CHANGED", "date": "2025-06-16", "start": "2025-06-16T00:00", "end": "2025-06-16T23:59", "type": "EVENT"}, {"classID": 7082, "schoolID": "4248700", "subject": "", "location": "", "teacher": "", "cellState": "CHANGED", "date": "2025-06-16", "start": "2025-06-16T00:00", "end": "2025-06-16T23:59", "type": "EVENT"}, {"classID": 7085, "schoolID": "4248700", "subject": "", "location": "", "teacher": "", "cellState": "CHANGED", "date": "2025-06-16", "start": "2025-06-16T00:00", "end": "2025-06-16T23:59", "type": "EVENT"}, {"classID": 7186, "schoolID": "4248700", "subject": "", "location": "", "teacher": "", "cellState": "CHANGED", "date": "2025-06-17", "start": "2025-06-17T00:00", "end": "2025-06-17T23:59", "type": "EVENT"}, {"classID": 7189, "schoolID": "4248700", "subject": "", "location": "", "teacher": "", "cellState": "CHANGED", "date": "2025-06-17", "start": "2025-06-17T00:00", "end": "2025-06-17T23:59", "type": "EVENT"}, {"classID": 6962, "schoolID": "4248700", "subject": "", "location": "", "teacher": "", "cellState": "CHANGED", "date": "2025-06-17", "start": "2025-06-17T00:00", "end": "2025-06-17T23:59", "type": "EVENT"}, {"classID": 6971, "schoolID": "4248700", "subject": "", "location": "", "teacher": "", "cellState": "CHANGED", "date": "2025-06-17", "start": "2025-06-17T00:00", "end": "2025-06-17T23:59", "type": "EVENT"}, {"classID": 6977, "schoolID": "4248700", "subject": "", "location": "", "teacher": "", "cellState": "CHANGED", "date": "2025-06-17", "start": "2025-06-17T00:00", "end": "2025-06-17T23:59", "type": "EVENT"}, {"classID": 7010, "schoolID": "4248700", "subject": "", "location": "", "teacher": "", "cellState": "CHANGED", "date": "2025-06-17", "start": "2025-06-17T00:00", "end": "2025-06-17T23:59", "type": "EVENT"}, {"classID": 7013, "schoolID": "4248700", "subject": "", "location": "", "teacher": "", "cellState": "CHANGED", "date": "2025-06-17", "start": "2025-06-17T00:00", "end": "2025-06-17T23:59", "type": "EVENT"}, {"classID": 7016, "schoolID": "4248700", "subject": "", "location": "", "teacher": "", "cellState": "CHANGED", "date": "2025-06-17", "start": "2025-06-17T00:00", "end": "2025-06-17T23:59", "type": "EVENT"}, {"classID": 7019, "schoolID": "4248700", "subject": "", "location": "", "teacher": "", "cellState": "CHANGED", "date": "2025-06-17", "start": "2025-06-17T00:00", "end": "2025-06-17T23:59", "type": "EVENT"}, {"classID": 7091, "schoolID": "4248700", "subject": "", "location": "", "teacher": "", "cellState": "CHANGED", "date": "2025-06-17", "start": "2025-06-17T00:00", "end": "2025-06-17T23:59", "type": "EVENT"}, {"classID": 7022, "schoolID": "4248700", "subject": "", "location": "", "teacher": "", "cellState": "CHANGED", "date": "2025-06-17", "start": "2025-06-17T00:00", "end": "2025-06-17T23:59", "type": "EVENT"}, {"classID": 7025, "schoolID": "4248700", "subject": "", "location": "", "teacher": "", "cellState": "CHANGED", "date": "2025-06-17", "start": "2025-06-17T00:00", "end": "2025-06-17T23:59", "type": "EVENT"}, {"classID": 7028, "schoolID": "4248700", "subject": "", "location": "", "teacher": "", "cellState": "CHANGED", "date": "2025-06-17", "start": "2025-06-17T00:00", "end": "2025-06-17T23:59", "type": "EVENT"}, {"classID": 7031, "schoolID": "4248700", "subject": "", "location": "", "teacher": "", "cellState": "CHANGED", "date": "2025-06-17", "start": "2025-06-17T00:00", "end": "2025-06-17T23:59", "type": "EVENT"}, {"classID": 7034, "schoolID": "4248700", "subject": "", "location": "", "teacher": "", "cellState": "CHANGED", "date": "2025-06-17", "start": "2025-06-17T00:00", "end": "2025-06-17T23:59", "type": "EVENT"}, {"classID": 7037, "schoolID": "4248700", "subject": "", "location": "", "teacher": "", "cellState": "CHANGED", "date": "2025-06-17", "start": "2025-06-17T00:00", "end": "2025-06-17T23:59", "type": "EVENT"}, {"classID": 7040, "schoolID": "4248700", "subject": "", "location": "", "teacher": "", "cellState": "CHANGED", "date": "2025-06-17", "start": "2025-06-17T00:00", "end": "2025-06-17T23:59", "type": "EVENT"}, {"classID": 7043, "schoolID": "4248700", "subject": "", "location": "", "teacher": "", "cellState": "CHANGED", "date": "2025-06-17", "start": "2025-06-17T00:00", "end": "2025-06-17T23:59", "type": "EVENT"}, {"classID": 7046, "schoolID": "4248700", "subject": "", "location": "", "teacher": "", "cellState": "CHANGED", "date": "2025-06-17", "start": "2025-06-17T00:00", "end": "2025-06-17T23:59", "type": "EVENT"}, {"classID": 7049, "schoolID": "4248700", "subject": "", "location": "", "teacher": "", "cellState": "CHANGED", "date": "2025-06-17", "start": "2025-06-17T00:00", "end": "2025-06-17T23:59", "type": "EVENT"}, {"classID": 7052, "schoolID": "4248700", "subject": "", "location": "", "teacher": "", "cellState": "CHANGED", "date": "2025-06-17", "start": "2025-06-17T00:00", "end": "2025-06-17T23:59", "type": "EVENT"}, {"classID": 7055, "schoolID": "4248700", "subject": "", "location": "", "teacher": "", "cellState": "CHANGED", "date": "2025-06-17", "start": "2025-06-17T00:00", "end": "2025-06-17T23:59", "type": "EVENT"}, {"classID": 7058, "schoolID": "4248700", "subject": "", "location": "", "teacher": "", "cellState": "CHANGED", "date": "2025-06-17", "start": "2025-06-17T00:00", "end": "2025-06-17T23:59", "type": "EVENT"}, {"classID": 7061, "schoolID": "4248700", "subject": "", "location": "", "teacher": "", "cellState": "CHANGED", "date": "2025-06-17", "start": "2025-06-17T00:00", "end": "2025-06-17T23:59", "type": "EVENT"}, {"classID": 7064, "schoolID": "4248700", "subject": "", "location": "", "teacher": "", "cellState": "CHANGED", "date": "2025-06-17", "start": "2025-06-17T00:00", "end": "2025-06-17T23:59", "type": "EVENT"}, {"classID": 7088, "schoolID": "4248700", "subject": "", "location": "", "teacher": "", "cellState": "CHANGED", "date": "2025-06-17", "start": "2025-06-17T00:00", "end": "2025-06-17T23:59", "type": "EVENT"}, {"classID": 7067, "schoolID": "4248700", "subject": "", "location": "", "teacher": "", "cellState": "CHANGED", "date": "2025-06-17", "start": "2025-06-17T00:00", "end": "2025-06-17T23:59", "type": "EVENT"}, {"classID": 7070, "schoolID": "4248700", "subject": "", "location": "", "teacher": "", "cellState": "CHANGED", "date": "2025-06-17", "start": "2025-06-17T00:00", "end": "2025-06-17T23:59", "type": "EVENT"}, {"classID": 7073, "schoolID": "4248700", "subject": "", "location": "", "teacher": "", "cellState": "CHANGED", "date": "2025-06-17", "start": "2025-06-17T00:00", "end": "2025-06-17T23:59", "type": "EVENT"}, {"classID": 7076, "schoolID": "4248700", "subject": "", "location": "", "teacher": "", "cellState": "CHANGED", "date": "2025-06-17", "start": "2025-06-17T00:00", "end": "2025-06-17T23:59", "type": "EVENT"}, {"classID": 7079, "schoolID": "4248700", "subject": "", "location": "", "teacher": "", "cellState": "CHANGED", "date": "2025-06-17", "start": "2025-06-17T00:00", "end": "2025-06-17T23:59", "type": "EVENT"}, {"classID": 7082, "schoolID": "4248700", "subject": "", "location": "", "teacher": "", "cellState": "CHANGED", "date": "2025-06-17", "start": "2025-06-17T00:00", "end": "2025-06-17T23:59", "type": "EVENT"}, {"classID": 7085, "schoolID": "4248700", "subject": "", "location": "", "teacher": "", "cellState": "CHANGED", "date": "2025-06-17", "start": "2025-06-17T00:00", "end": "2025-06-17T23:59", "type": "EVENT"}, {"classID": 7186, "schoolID": "4248700", "subject": "", "location": "", "teacher": "", "cellState": "CHANGED", "date": "2025-06-18", "start": "2025-06-18T00:00", "end": "2025-06-18T23:59", "type": "EVENT"}, {"classID": 7189, "schoolID": "4248700", "subject": "", "location": "", "teacher": "", "cellState": "CHANGED", "date": "2025-06-18", "start": "2025-06-18T00:00", "end": "2025-06-18T23:59", "type": "EVENT"}, {"classID": 6962, "schoolID": "4248700", "subject": "", "location": "", "teacher": "", "cellState": "CHANGED", "date": "2025-06-18", "start": "2025-06-18T00:00", "end": "2025-06-18T23:59", "type": "EVENT"}, {"classID": 6971, "schoolID": "4248700", "subject": "", "location": "", "teacher": "", "cellState": "CHANGED", "date": "2025-06-18", "start": "2025-06-18T00:00", "end": "2025-06-18T23:59", "type": "EVENT"}, {"classID": 6977, "schoolID": "4248700", "subject": "", "location": "", "teacher": "", "cellState": "CHANGED", "date": "2025-06-18", "start": "2025-06-18T00:00", "end": "2025-06-18T23:59", "type": "EVENT"}, {"classID": 7010, "schoolID": "4248700", "subject": "", "location": "", "teacher": "", "cellState": "CHANGED", "date": "2025-06-18", "start": "2025-06-18T00:00", "end": "2025-06-18T23:59", "type": "EVENT"}, {"classID": 7013, "schoolID": "4248700", "subject": "", "location": "", "teacher": "", "cellState": "CHANGED", "date": "2025-06-18", "start": "2025-06-18T00:00", "end": "2025-06-18T23:59", "type": "EVENT"}, {"classID": 7016, "schoolID": "4248700", "subject": "", "location": "", "teacher": "", "cellState": "CHANGED", "date": "2025-06-18", "start": "2025-06-18T00:00", "end": "2025-06-18T23:59", "type": "EVENT"}, {"classID": 7019, "schoolID": "4248700", "subject": "", "location": "", "teacher": "", "cellState": "CHANGED", "date": "2025-06-18", "start": "2025-06-18T00:00", "end": "2025-06-18T23:59", "type": "EVENT"}, {"classID": 7091, "schoolID": "4248700", "subject": "", "location": "", "teacher": "", "cellState": "CHANGED", "date": "2025-06-18", "start": "2025-06-18T00:00", "end": "2025-06-18T23:59", "type": "EVENT"}, {"classID": 7022, "schoolID": "4248700", "subject": "", "location": "", "teacher": "", "cellState": "CHANGED", "date": "2025-06-18", "start": "2025-06-18T00:00", "end": "2025-06-18T23:59", "type": "EVENT"}, {"classID": 7025, "schoolID": "4248700", "subject": "", "location": "", "teacher": "", "cellState": "CHANGED", "date": "2025-06-18", "start": "2025-06-18T00:00", "end": "2025-06-18T23:59", "type": "EVENT"}, {"classID": 7028, "schoolID": "4248700", "subject": "", "location": "", "teacher": "", "cellState": "CHANGED", "date": "2025-06-18", "start": "2025-06-18T00:00", "end": "2025-06-18T23:59", "type": "EVENT"}, {"classID": 7031, "schoolID": "4248700", "subject": "", "location": "", "teacher": "", "cellState": "CHANGED", "date": "2025-06-18", "start": "2025-06-18T00:00", "end": "2025-06-18T23:59", "type": "EVENT"}, {"classID": 7034, "schoolID": "4248700", "subject": "", "location": "", "teacher": "", "cellState": "CHANGED", "date": "2025-06-18", "start": "2025-06-18T00:00", "end": "2025-06-18T23:59", "type": "EVENT"}, {"classID": 7037, "schoolID": "4248700", "subject": "", "location": "", "teacher": "", "cellState": "CHANGED", "date": "2025-06-18", "start": "2025-06-18T00:00", "end": "2025-06-18T23:59", "type": "EVENT"}, {"classID": 7040, "schoolID": "4248700", "subject": "", "location": "", "teacher": "", "cellState": "CHANGED", "date": "2025-06-18", "start": "2025-06-18T00:00", "end": "2025-06-18T23:59", "type": "EVENT"}, {"classID": 7043, "schoolID": "4248700", "subject": "", "location": "", "teacher": "", "cellState": "CHANGED", "date": "2025-06-18", "start": "2025-06-18T00:00", "end": "2025-06-18T23:59", "type": "EVENT"}, {"classID": 7046, "schoolID": "4248700", "subject": "", "location": "", "teacher": "", "cellState": "CHANGED", "date": "2025-06-18", "start": "2025-06-18T00:00", "end": "2025-06-18T23:59", "type": "EVENT"}, {"classID": 7049, "schoolID": "4248700", "subject": "", "location": "", "teacher": "", "cellState": "CHANGED", "date": "2025-06-18", "start": "2025-06-18T00:00", "end": "2025-06-18T23:59", "type": "EVENT"}, {"classID": 7052, "schoolID": "4248700", "subject": "", "location": "", "teacher": "", "cellState": "CHANGED", "date": "2025-06-18", "start": "2025-06-18T00:00", "end": "2025-06-18T23:59", "type": "EVENT"}, {"classID": 7055, "schoolID": "4248700", "subject": "", "location": "", "teacher": "", "cellState": "CHANGED", "date": "2025-06-18", "start": "2025-06-18T00:00", "end": "2025-06-18T23:59", "type": "EVENT"}, {"classID": 7058, "schoolID": "4248700", "subject": "", "location": "", "teacher": "", "cellState": "CHANGED", "date": "2025-06-18", "start": "2025-06-18T00:00", "end": "2025-06-18T23:59", "type": "EVENT"}, {"classID": 7061, "schoolID": "4248700", "subject": "", "location": "", "teacher": "", "cellState": "CHANGED", "date": "2025-06-18", "start": "2025-06-18T00:00", "end": "2025-06-18T23:59", "type": "EVENT"}, {"classID": 7064, "schoolID": "4248700", "subject": "", "location": "", "teacher": "", "cellState": "CHANGED", "date": "2025-06-18", "start": "2025-06-18T00:00", "end": "2025-06-18T23:59", "type": "EVENT"}, {"classID": 7088, "schoolID": "4248700", "subject": "", "location": "", "teacher": "", "cellState": "CHANGED", "date": "2025-06-18", "start": "2025-06-18T00:00", "end": "2025-06-18T23:59", "type": "EVENT"}, {"classID": 7067, "schoolID": "4248700", "subject": "", "location": "", "teacher": "", "cellState": "CHANGED", "date": "2025-06-18", "start": "2025-06-18T00:00", "end": "2025-06-18T23:59", "type": "EVENT"}, {"classID": 7070, "schoolID": "4248700", "subject": "", "location": "", "teacher": "", "cellState": "CHANGED", "date": "2025-06-18", "start": "2025-06-18T00:00", "end": "2025-06-18T23:59", "type": "EVENT"}, {"classID": 7073, "schoolID": "4248700", "subject": "", "location": "", "teacher": "", "cellState": "CHANGED", "date": "2025-06-18", "start": "2025-06-18T00:00", "end": "2025-06-18T23:59", "type": "EVENT"}, {"classID": 7076, "schoolID": "4248700", "subject": "", "location": "", "teacher": "", "cellState": "CHANGED", "date": "2025-06-18", "start": "2025-06-18T00:00", "end": "2025-06-18T23:59", "type": "EVENT"}, {"classID": 7079, "schoolID": "4248700", "subject": "", "location": "", "teacher": "", "cellState": "CHANGED", "date": "2025-06-18", "start": "2025-06-18T00:00", "end": "2025-06-18T23:59", "type": "EVENT"}, {"classID": 7082, "schoolID": "4248700", "subject": "", "location": "", "teacher": "", "cellState": "CHANGED", "date": "2025-06-18", "start": "2025-06-18T00:00", "end": "2025-06-18T23:59", "type": "EVENT"}, {"classID": 7085, "schoolID": "4248700", "subject": "", "location": "", "teacher": "", "cellState": "CHANGED", "date": "2025-06-18", "start": "2025-06-18T00:00", "end": "2025-06-18T23:59", "type": "EVENT"}, {"classID": 7186, "schoolID": "4248700", "subject": "", "location": "", "teacher": "", "cellState": "CHANGED", "date": "2025-06-19", "start": "2025-06-19T00:00", "end": "2025-06-19T23:59", "type": "EVENT"}, {"classID": 7189, "schoolID": "4248700", "subject": "", "location": "", "teacher": "", "cellState": "CHANGED", "date": "2025-06-19", "start": "2025-06-19T00:00", "end": "2025-06-19T23:59", "type": "EVENT"}, {"classID": 6962, "schoolID": "4248700", "subject": "", "location": "", "teacher": "", "cellState": "CHANGED", "date": "2025-06-19", "start": "2025-06-19T00:00", "end": "2025-06-19T23:59", "type": "EVENT"}, {"classID": 6971, "schoolID": "4248700", "subject": "", "location": "", "teacher": "", "cellState": "CHANGED", "date": "2025-06-19", "start": "2025-06-19T00:00", "end": "2025-06-19T23:59", "type": "EVENT"}, {"classID": 6977, "schoolID": "4248700", "subject": "", "location": "", "teacher": "", "cellState": "CHANGED", "date": "2025-06-19", "start": "2025-06-19T00:00", "end": "2025-06-19T23:59", "type": "EVENT"}, {"classID": 7010, "schoolID": "4248700", "subject": "", "location": "", "teacher": "", "cellState": "CHANGED", "date": "2025-06-19", "start": "2025-06-19T00:00", "end": "2025-06-19T23:59", "type": "EVENT"}, {"classID": 7013, "schoolID": "4248700", "subject": "", "location": "", "teacher": "", "cellState": "CHANGED", "date": "2025-06-19", "start": "2025-06-19T00:00", "end": "2025-06-19T23:59", "type": "EVENT"}, {"classID": 7016, "schoolID": "4248700", "subject": "", "location": "", "teacher": "", "cellState": "CHANGED", "date": "2025-06-19", "start": "2025-06-19T00:00", "end": "2025-06-19T23:59", "type": "EVENT"}, {"classID": 7019, "schoolID": "4248700", "subject": "", "location": "", "teacher": "", "cellState": "CHANGED", "date": "2025-06-19", "start": "2025-06-19T00:00", "end": "2025-06-19T23:59", "type": "EVENT"}, {"classID": 7091, "schoolID": "4248700", "subject": "", "location": "", "teacher": "", "cellState": "CHANGED", "date": "2025-06-19", "start": "2025-06-19T00:00", "end": "2025-06-19T23:59", "type": "EVENT"}, {"classID": 7022, "schoolID": "4248700", "subject": "", "location": "", "teacher": "", "cellState": "CHANGED", "date": "2025-06-19", "start": "2025-06-19T00:00", "end": "2025-06-19T23:59", "type": "EVENT"}, {"classID": 7025, "schoolID": "4248700", "subject": "", "location": "", "teacher": "", "cellState": "CHANGED", "date": "2025-06-19", "start": "2025-06-19T00:00", "end": "2025-06-19T23:59", "type": "EVENT"}, {"classID": 7028, "schoolID": "4248700", "subject": "", "location": "", "teacher": "", "cellState": "CHANGED", "date": "2025-06-19", "start": "2025-06-19T00:00", "end": "2025-06-19T23:59", "type": "EVENT"}, {"classID": 7031, "schoolID": "4248700", "subject": "", "location": "", "teacher": "", "cellState": "CHANGED", "date": "2025-06-19", "start": "2025-06-19T00:00", "end": "2025-06-19T23:59", "type": "EVENT"}, {"classID": 7034, "schoolID": "4248700", "subject": "", "location": "", "teacher": "", "cellState": "CHANGED", "date": "2025-06-19", "start": "2025-06-19T00:00", "end": "2025-06-19T23:59", "type": "EVENT"}, {"classID": 7037, "schoolID": "4248700", "subject": "", "location": "", "teacher": "", "cellState": "CHANGED", "date": "2025-06-19", "start": "2025-06-19T00:00", "end": "2025-06-19T23:59", "type": "EVENT"}, {"classID": 7040, "schoolID": "4248700", "subject": "", "location": "", "teacher": "", "cellState": "CHANGED", "date": "2025-06-19", "start": "2025-06-19T00:00", "end": "2025-06-19T23:59", "type": "EVENT"}, {"classID": 7043, "schoolID": "4248700", "subject": "", "location": "", "teacher": "", "cellState": "CHANGED", "date": "2025-06-19", "start": "2025-06-19T00:00", "end": "2025-06-19T23:59", "type": "EVENT"}, {"classID": 7046, "schoolID": "4248700", "subject": "", "location": "", "teacher": "", "cellState": "CHANGED", "date": "2025-06-19", "start": "2025-06-19T00:00", "end": "2025-06-19T23:59", "type": "EVENT"}, {"classID": 7049, "schoolID": "4248700", "subject": "", "location": "", "teacher": "", "cellState": "CHANGED", "date": "2025-06-19", "start": "2025-06-19T00:00", "end": "2025-06-19T23:59", "type": "EVENT"}, {"classID": 7052, "schoolID": "4248700", "subject": "", "location": "", "teacher": "", "cellState": "CHANGED", "date": "2025-06-19", "start": "2025-06-19T00:00", "end": "2025-06-19T23:59", "type": "EVENT"}, {"classID": 7055, "schoolID": "4248700", "subject": "", "location": "", "teacher": "", "cellState": "CHANGED", "date": "2025-06-19", "start": "2025-06-19T00:00", "end": "2025-06-19T23:59", "type": "EVENT"}, {"classID": 7058, "schoolID": "4248700", "subject": "", "location": "", "teacher": "", "cellState": "CHANGED", "date": "2025-06-19", "start": "2025-06-19T00:00", "end": "2025-06-19T23:59", "type": "EVENT"}, {"classID": 7061, "schoolID": "4248700", "subject": "", "location": "", "teacher": "", "cellState": "CHANGED", "date": "2025-06-19", "start": "2025-06-19T00:00", "end": "2025-06-19T23:59", "type": "EVENT"}, {"classID": 7064, "schoolID": "4248700", "subject": "", "location": "", "teacher": "", "cellState": "CHANGED", "date": "2025-06-19", "start": "2025-06-19T00:00", "end": "2025-06-19T23:59", "type": "EVENT"}, {"classID": 7088, "schoolID": "4248700", "subject": "", "location": "", "teacher": "", "cellState": "CHANGED", "date": "2025-06-19", "start": "2025-06-19T00:00", "end": "2025-06-19T23:59", "type": "EVENT"}, {"classID": 7067, "schoolID": "4248700", "subject": "", "location": "", "teacher": "", "cellState": "CHANGED", "date": "2025-06-19", "start": "2025-06-19T00:00", "end": "2025-06-19T23:59", "type": "EVENT"}, {"classID": 7070, "schoolID": "4248700", "subject": "", "location": "", "teacher": "", "cellState": "CHANGED", "date": "2025-06-19", "start": "2025-06-19T00:00", "end": "2025-06-19T23:59", "type": "EVENT"}, {"classID": 7073, "schoolID": "4248700", "subject": "", "location": "", "teacher": "", "cellState": "CHANGED", "date": "2025-06-19", "start": "2025-06-19T00:00", "end": "2025-06-19T23:59", "type": "EVENT"}, {"classID": 7076, "schoolID": "4248700", "subject": "", "location": "", "teacher": "", "cellState": "CHANGED", "date": "2025-06-19", "start": "2025-06-19T00:00", "end": "2025-06-19T23:59", "type": "EVENT"}, {"classID": 7079, "schoolID": "4248700", "subject": "", "location": "", "teacher": "", "cellState": "CHANGED", "date": "2025-06-19", "start": "2025-06-19T00:00", "end": "2025-06-19T23:59", "type": "EVENT"}, {"classID": 7082, "schoolID": "4248700", "subject": "", "location": "", "teacher": "", "cellState": "CHANGED", "date": "2025-06-19", "start": "2025-06-19T00:00", "end": "2025-06-19T23:59", "type": "EVENT"}, {"classID": 7085, "schoolID": "4248700", "subject": "", "location": "", "teacher": "", "cellState": "CHANGED", "date": "2025-06-19", "start": "2025-06-19T00:00", "end": "2025-06-19T23:59", "type": "EVENT"}, {"classID": 7186, "schoolID": "4248700", "subject": "", "location": "", "teacher": "", "cellState": "CHANGED", "date": "2025-06-20", "start": "2025-06-20T00:00", "end": "2025-06-20T23:59", "type": "EVENT"}, {"classID": 7189, "schoolID": "4248700", "subject": "", "location": "", "teacher": "", "cellState": "CHANGED", "date": "2025-06-20", "start": "2025-06-20T00:00", "end": "2025-06-20T23:59", "type": "EVENT"}, {"classID": 6962, "schoolID": "4248700", "subject": "", "location": "", "teacher": "", "cellState": "CHANGED", "date": "2025-06-20", "start": "2025-06-20T00:00", "end": "2025-06-20T23:59", "type": "EVENT"}, {"classID": 6971, "schoolID": "4248700", "subject": "", "location": "", "teacher": "", "cellState": "CHANGED", "date": "2025-06-20", "start": "2025-06-20T00:00", "end": "2025-06-20T23:59", "type": "EVENT"}, {"classID": 6977, "schoolID": "4248700", "subject": "", "location": "", "teacher": "", "cellState": "CHANGED", "date": "2025-06-20", "start": "2025-06-20T00:00", "end": "2025-06-20T23:59", "type": "EVENT"}, {"classID": 7010, "schoolID": "4248700", "subject": "", "location": "", "teacher": "", "cellState": "CHANGED", "date": "2025-06-20", "start": "2025-06-20T00:00", "end": "2025-06-20T23:59", "type": "EVENT"}, {"classID": 7013, "schoolID": "4248700", "subject": "", "location": "", "teacher": "", "cellState": "CHANGED", "date": "2025-06-20", "start": "2025-06-20T00:00", "end": "2025-06-20T23:59", "type": "EVENT"}, {"classID": 7016, "schoolID": "4248700", "subject": "", "location": "", "teacher": "", "cellState": "CHANGED", "date": "2025-06-20", "start": "2025-06-20T00:00", "end": "2025-06-20T23:59", "type": "EVENT"}, {"classID": 7019, "schoolID": "4248700", "subject": "", "location": "", "teacher": "", "cellState": "CHANGED", "date": "2025-06-20", "start": "2025-06-20T00:00", "end": "2025-06-20T23:59", "type": "EVENT"}, {"classID": 7091, "schoolID": "4248700", "subject": "", "location": "", "teacher": "", "cellState": "CHANGED", "date": "2025-06-20", "start": "2025-06-20T00:00", "end": "2025-06-20T23:59", "type": "EVENT"}, {"classID": 7022, "schoolID": "4248700", "subject": "", "location": "", "teacher": "", "cellState": "CHANGED", "date": "2025-06-20", "start": "2025-06-20T00:00", "end": "2025-06-20T23:59", "type": "EVENT"}, {"classID": 7025, "schoolID": "4248700", "subject": "", "location": "", "teacher": "", "cellState": "CHANGED", "date": "2025-06-20", "start": "2025-06-20T00:00", "end": "2025-06-20T23:59", "type": "EVENT"}, {"classID": 7028, "schoolID": "4248700", "subject": "", "location": "", "teacher": "", "cellState": "CHANGED", "date": "2025-06-20", "start": "2025-06-20T00:00", "end": "2025-06-20T23:59", "type": "EVENT"}, {"classID": 7031, "schoolID": "4248700", "subject": "", "location": "", "teacher": "", "cellState": "CHANGED", "date": "2025-06-20", "start": "2025-06-20T00:00", "end": "2025-06-20T23:59", "type": "EVENT"}, {"classID": 7034, "schoolID": "4248700", "subject": "", "location": "", "teacher": "", "cellState": "CHANGED", "date": "2025-06-20", "start": "2025-06-20T00:00", "end": "2025-06-20T23:59", "type": "EVENT"}, {"classID": 7037, "schoolID": "4248700", "subject": "", "location": "", "teacher": "", "cellState": "CHANGED", "date": "2025-06-20", "start": "2025-06-20T00:00", "end": "2025-06-20T23:59", "type": "EVENT"}, {"classID": 7040, "schoolID": "4248700", "subject": "", "location": "", "teacher": "", "cellState": "CHANGED", "date": "2025-06-20", "start": "2025-06-20T00:00", "end": "2025-06-20T23:59", "type": "EVENT"}, {"classID": 7043, "schoolID": "4248700", "subject": "", "location": "", "teacher": "", "cellState": "CHANGED", "date": "2025-06-20", "start": "2025-06-20T00:00", "end": "2025-06-20T23:59", "type": "EVENT"}, {"classID": 7046, "schoolID": "4248700", "subject": "", "location": "", "teacher": "", "cellState": "CHANGED", "date": "2025-06-20", "start": "2025-06-20T00:00", "end": "2025-06-20T23:59", "type": "EVENT"}, {"classID": 7049, "schoolID": "4248700", "subject": "", "location": "", "teacher": "", "cellState": "CHANGED", "date": "2025-06-20", "start": "2025-06-20T00:00", "end": "2025-06-20T23:59", "type": "EVENT"}, {"classID": 7052, "schoolID": "4248700", "subject": "", "location": "", "teacher": "", "cellState": "CHANGED", "date": "2025-06-20", "start": "2025-06-20T00:00", "end": "2025-06-20T23:59", "type": "EVENT"}, {"classID": 7055, "schoolID": "4248700", "subject": "", "location": "", "teacher": "", "cellState": "CHANGED", "date": "2025-06-20", "start": "2025-06-20T00:00", "end": "2025-06-20T23:59", "type": "EVENT"}, {"classID": 7058, "schoolID": "4248700", "subject": "", "location": "", "teacher": "", "cellState": "CHANGED", "date": "2025-06-20", "start": "2025-06-20T00:00", "end": "2025-06-20T23:59", "type": "EVENT"}, {"classID": 7061, "schoolID": "4248700", "subject": "", "location": "", "teacher": "", "cellState": "CHANGED", "date": "2025-06-20", "start": "2025-06-20T00:00", "end": "2025-06-20T23:59", "type": "EVENT"}, {"classID": 7064, "schoolID": "4248700", "subject": "", "location": "", "teacher": "", "cellState": "CHANGED", "date": "2025-06-20", "start": "2025-06-20T00:00", "end": "2025-06-20T23:59", "type": "EVENT"}, {"classID": 7088, "schoolID": "4248700", "subject": "", "location": "", "teacher": "", "cellState": "CHANGED", "date": "2025-06-20", "start": "2025-06-20T00:00", "end": "2025-06-20T23:59", "type": "EVENT"}, {"classID": 7067, "schoolID": "4248700", "subject": "", "location": "", "teacher": "", "cellState": "CHANGED", "date": "2025-06-20", "start": "2025-06-20T00:00", "end": "2025-06-20T23:59", "type": "EVENT"}, {"classID": 7070, "schoolID": "4248700", "subject": "", "location": "", "teacher": "", "cellState": "CHANGED", "date": "2025-06-20", "start": "2025-06-20T00:00", "end": "2025-06-20T23:59", "type": "EVENT"}, {"classID": 7073, "schoolID": "4248700", "subject": "", "location": "", "teacher": "", "cellState": "CHANGED", "date": "2025-06-20", "start": "2025-06-20T00:00", "end": "2025-06-20T23:59", "type": "EVENT"}, {"classID": 7076, "schoolID": "4248700", "subject": "", "location": "", "teacher": "", "cellState": "CHANGED", "date": "2025-06-20", "start": "2025-06-20T00:00", "end": "2025-06-20T23:59", "type": "EVENT"}, {"classID": 7079, "schoolID": "4248700", "subject": "", "location": "", "teacher": "", "cellState": "CHANGED", "date": "2025-06-20", "start": "2025-06-20T00:00", "end": "2025-06-20T23:59", "type": "EVENT"}, {"classID": 7082, "schoolID": "4248700", "subject": "", "location": "", "teacher": "", "cellState": "CHANGED", "date": "2025-06-20", "start": "2025-06-20T00:00", "end": "2025-06-20T23:59", "type": "EVENT"}, {"classID": 7085, "schoolID": "4248700", "subject": "", "location": "", "teacher": "", "cellState": "CHANGED", "date": "2025-06-20", "start": "2025-06-20T00:00", "end": "2025-06-20T23:59", "type": "EVENT"}]