[{"classID": 44, "schoolID": "2422100", "subject": "", "location": "", "teacher": "", "cellState": "ADDITIONAL", "date": "2025-06-16", "start": "2025-06-16T07:55", "end": "2025-06-16T13:35", "type": "EVENT"}, {"classID": 47, "schoolID": "2422100", "subject": "", "location": "", "teacher": "", "cellState": "ADDITIONAL", "date": "2025-06-16", "start": "2025-06-16T07:55", "end": "2025-06-16T13:35", "type": "EVENT"}, {"classID": 26, "schoolID": "2422100", "subject": "", "location": "", "teacher": "", "cellState": "ADDITIONAL", "date": "2025-06-16", "start": "2025-06-16T07:55", "end": "2025-06-16T13:35", "type": "EVENT"}, {"classID": 29, "schoolID": "2422100", "subject": "", "location": "", "teacher": "", "cellState": "ADDITIONAL", "date": "2025-06-16", "start": "2025-06-16T07:55", "end": "2025-06-16T13:35", "type": "EVENT"}, {"classID": 32, "schoolID": "2422100", "subject": "", "location": "", "teacher": "", "cellState": "ADDITIONAL", "date": "2025-06-16", "start": "2025-06-16T07:55", "end": "2025-06-16T13:35", "type": "EVENT"}, {"classID": 35, "schoolID": "2422100", "subject": "", "location": "", "teacher": "", "cellState": "ADDITIONAL", "date": "2025-06-16", "start": "2025-06-16T07:55", "end": "2025-06-16T13:35", "type": "EVENT"}, {"classID": 38, "schoolID": "2422100", "subject": "", "location": "", "teacher": "", "cellState": "ADDITIONAL", "date": "2025-06-16", "start": "2025-06-16T07:55", "end": "2025-06-16T13:35", "type": "EVENT"}, {"classID": 41, "schoolID": "2422100", "subject": "", "location": "", "teacher": "", "cellState": "ADDITIONAL", "date": "2025-06-16", "start": "2025-06-16T07:55", "end": "2025-06-16T13:35", "type": "EVENT"}, {"classID": 44, "schoolID": "2422100", "subject": "", "location": "", "teacher": "", "cellState": "ADDITIONAL", "date": "2025-06-17", "start": "2025-06-17T07:55", "end": "2025-06-17T14:30", "type": "EVENT"}, {"classID": 47, "schoolID": "2422100", "subject": "", "location": "", "teacher": "", "cellState": "ADDITIONAL", "date": "2025-06-17", "start": "2025-06-17T07:55", "end": "2025-06-17T14:30", "type": "EVENT"}, {"classID": 26, "schoolID": "2422100", "subject": "", "location": "", "teacher": "", "cellState": "ADDITIONAL", "date": "2025-06-17", "start": "2025-06-17T07:55", "end": "2025-06-17T14:30", "type": "EVENT"}, {"classID": 29, "schoolID": "2422100", "subject": "", "location": "", "teacher": "", "cellState": "ADDITIONAL", "date": "2025-06-17", "start": "2025-06-17T07:55", "end": "2025-06-17T14:30", "type": "EVENT"}, {"classID": 32, "schoolID": "2422100", "subject": "", "location": "", "teacher": "", "cellState": "ADDITIONAL", "date": "2025-06-17", "start": "2025-06-17T07:55", "end": "2025-06-17T14:30", "type": "EVENT"}, {"classID": 35, "schoolID": "2422100", "subject": "", "location": "", "teacher": "", "cellState": "ADDITIONAL", "date": "2025-06-17", "start": "2025-06-17T07:55", "end": "2025-06-17T14:30", "type": "EVENT"}, {"classID": 38, "schoolID": "2422100", "subject": "", "location": "", "teacher": "", "cellState": "ADDITIONAL", "date": "2025-06-17", "start": "2025-06-17T07:55", "end": "2025-06-17T14:30", "type": "EVENT"}, {"classID": 41, "schoolID": "2422100", "subject": "", "location": "", "teacher": "", "cellState": "ADDITIONAL", "date": "2025-06-17", "start": "2025-06-17T07:55", "end": "2025-06-17T14:30", "type": "EVENT"}, {"classID": 44, "schoolID": "2422100", "subject": "", "location": "", "teacher": "", "cellState": "ADDITIONAL", "date": "2025-06-18", "start": "2025-06-18T07:55", "end": "2025-06-18T13:35", "type": "EVENT"}, {"classID": 47, "schoolID": "2422100", "subject": "", "location": "", "teacher": "", "cellState": "ADDITIONAL", "date": "2025-06-18", "start": "2025-06-18T07:55", "end": "2025-06-18T13:35", "type": "EVENT"}, {"classID": 26, "schoolID": "2422100", "subject": "", "location": "", "teacher": "", "cellState": "ADDITIONAL", "date": "2025-06-18", "start": "2025-06-18T07:55", "end": "2025-06-18T13:35", "type": "EVENT"}, {"classID": 29, "schoolID": "2422100", "subject": "", "location": "", "teacher": "", "cellState": "ADDITIONAL", "date": "2025-06-18", "start": "2025-06-18T07:55", "end": "2025-06-18T13:35", "type": "EVENT"}, {"classID": 32, "schoolID": "2422100", "subject": "", "location": "", "teacher": "", "cellState": "ADDITIONAL", "date": "2025-06-18", "start": "2025-06-18T07:55", "end": "2025-06-18T13:35", "type": "EVENT"}, {"classID": 35, "schoolID": "2422100", "subject": "", "location": "", "teacher": "", "cellState": "ADDITIONAL", "date": "2025-06-18", "start": "2025-06-18T07:55", "end": "2025-06-18T13:35", "type": "EVENT"}, {"classID": 38, "schoolID": "2422100", "subject": "", "location": "", "teacher": "", "cellState": "ADDITIONAL", "date": "2025-06-18", "start": "2025-06-18T07:55", "end": "2025-06-18T13:35", "type": "EVENT"}, {"classID": 41, "schoolID": "2422100", "subject": "", "location": "", "teacher": "", "cellState": "ADDITIONAL", "date": "2025-06-18", "start": "2025-06-18T07:55", "end": "2025-06-18T13:35", "type": "EVENT"}, {"classID": 44, "schoolID": "2422100", "subject": "", "location": "", "teacher": "", "cellState": "ADDITIONAL", "date": "2025-06-19", "start": "2025-06-19T07:55", "end": "2025-06-19T14:30", "type": "EVENT"}, {"classID": 47, "schoolID": "2422100", "subject": "", "location": "", "teacher": "", "cellState": "ADDITIONAL", "date": "2025-06-19", "start": "2025-06-19T07:55", "end": "2025-06-19T14:30", "type": "EVENT"}, {"classID": 26, "schoolID": "2422100", "subject": "", "location": "", "teacher": "", "cellState": "ADDITIONAL", "date": "2025-06-19", "start": "2025-06-19T07:55", "end": "2025-06-19T14:30", "type": "EVENT"}, {"classID": 29, "schoolID": "2422100", "subject": "", "location": "", "teacher": "", "cellState": "ADDITIONAL", "date": "2025-06-19", "start": "2025-06-19T07:55", "end": "2025-06-19T14:30", "type": "EVENT"}, {"classID": 32, "schoolID": "2422100", "subject": "", "location": "", "teacher": "", "cellState": "ADDITIONAL", "date": "2025-06-19", "start": "2025-06-19T07:55", "end": "2025-06-19T14:30", "type": "EVENT"}, {"classID": 35, "schoolID": "2422100", "subject": "", "location": "", "teacher": "", "cellState": "ADDITIONAL", "date": "2025-06-19", "start": "2025-06-19T07:55", "end": "2025-06-19T14:30", "type": "EVENT"}, {"classID": 38, "schoolID": "2422100", "subject": "", "location": "", "teacher": "", "cellState": "ADDITIONAL", "date": "2025-06-19", "start": "2025-06-19T07:55", "end": "2025-06-19T14:30", "type": "EVENT"}, {"classID": 41, "schoolID": "2422100", "subject": "", "location": "", "teacher": "", "cellState": "ADDITIONAL", "date": "2025-06-19", "start": "2025-06-19T07:55", "end": "2025-06-19T14:30", "type": "EVENT"}, {"classID": 44, "schoolID": "2422100", "subject": [{"current": {"type": "SUBJECT", "status": "REGULAR", "shortName": "Ku", "longName": "Kunst", "displayName": "Ku"}, "removed": null}], "location": [{"current": {"type": "ROOM", "status": "REGULAR", "shortName": "306", "longName": "Kunst", "displayName": "306"}, "removed": null}], "teacher": [{"current": {"type": "TEACHER", "status": "REGULAR", "shortName": "BieGab", "longName": "Biehl", "displayName": "BieGab"}, "removed": null}], "cellState": "REGULAR", "date": "2025-06-20", "start": "2025-06-20T07:55", "end": "2025-06-20T08:40", "type": "NORMAL_TEACHING_PERIOD"}, {"classID": 44, "schoolID": "2422100", "subject": [{"current": {"type": "SUBJECT", "status": "REGULAR", "shortName": "LER", "longName": "Lebensgestaltung-Ethik-Religionskunde", "displayName": "LER"}, "removed": null}], "location": [{"current": {"type": "ROOM", "status": "REGULAR", "shortName": "303", "longName": "Geografie/LER", "displayName": "303"}, "removed": null}], "teacher": [{"current": {"type": "TEACHER", "status": "REGULAR", "shortName": "DebJen", "longName": "Debler", "displayName": "DebJen"}, "removed": null}], "cellState": "ADDITIONAL", "date": "2025-06-20", "start": "2025-06-20T08:45", "end": "2025-06-20T09:30", "type": "ADDITIONAL_PERIOD"}, {"classID": 44, "schoolID": "2422100", "subject": [{"current": {"type": "SUBJECT", "status": "REGULAR", "shortName": "Bio", "longName": "Biologie", "displayName": "Bio"}, "removed": null}], "location": [{"current": {"type": "ROOM", "status": "REGULAR", "shortName": "309", "longName": "Biologie", "displayName": "309"}, "removed": null}], "teacher": [{"current": {"type": "TEACHER", "status": "REGULAR", "shortName": "SteKat", "longName": "Steinborn", "displayName": "SteKat"}, "removed": null}], "cellState": "REGULAR", "date": "2025-06-20", "start": "2025-06-20T09:50", "end": "2025-06-20T10:35", "type": "NORMAL_TEACHING_PERIOD"}, {"classID": 44, "schoolID": "2422100", "subject": [{"current": {"type": "SUBJECT", "status": "REGULAR", "shortName": "Info", "longName": "Informatik", "displayName": "Info"}, "removed": null}], "location": [{"current": {"type": "ROOM", "status": "REGULAR", "shortName": "203", "longName": "Informatik", "displayName": "203"}, "removed": null}], "teacher": [{"current": {"type": "TEACHER", "status": "REGULAR", "shortName": "Kn\u00f6And", "longName": "Kn\u00f6fel", "displayName": "Kn\u00f6And"}, "removed": null}], "cellState": "REGULAR", "date": "2025-06-20", "start": "2025-06-20T10:45", "end": "2025-06-20T11:30", "type": "NORMAL_TEACHING_PERIOD"}, {"classID": 44, "schoolID": "2422100", "subject": [{"current": {"type": "SUBJECT", "status": "REGULAR", "shortName": "Ch", "longName": "Chemie", "displayName": "Ch"}, "removed": null}], "location": [{"current": {"type": "ROOM", "status": "REGULAR", "shortName": "212", "longName": "Chemie", "displayName": "212"}, "removed": null}], "teacher": [{"current": {"type": "TEACHER", "status": "REGULAR", "shortName": "JunKer", "longName": "Jungnickel", "displayName": "JunKer"}, "removed": null}], "cellState": "REGULAR", "date": "2025-06-20", "start": "2025-06-20T11:40", "end": "2025-06-20T12:25", "type": "NORMAL_TEACHING_PERIOD"}, {"classID": 44, "schoolID": "2422100", "subject": [{"current": {"type": "SUBJECT", "status": "REGULAR", "shortName": "SP Ju", "longName": "Sport Jungen", "displayName": "SP Ju"}, "removed": null}], "location": [{"current": {"type": "ROOM", "status": "REGULAR", "shortName": "TH-J", "longName": "Turnhalle 1", "displayName": "TH-J"}, "removed": null}], "teacher": [{"current": {"type": "TEACHER", "status": "REGULAR", "shortName": "DebJen", "longName": "Debler", "displayName": "DebJen"}, "removed": null}], "cellState": "REGULAR", "date": "2025-06-20", "start": "2025-06-20T12:50", "end": "2025-06-20T13:35", "type": "NORMAL_TEACHING_PERIOD"}, {"classID": 44, "schoolID": "2422100", "subject": [{"current": {"type": "SUBJECT", "status": "REGULAR", "shortName": "SP M\u00e4", "longName": "Sport M\u00e4dchen", "displayName": "SP M\u00e4"}, "removed": null}], "location": [{"current": {"type": "ROOM", "status": "REGULAR", "shortName": "TH-M", "longName": "Turnhalle 2", "displayName": "TH-M"}, "removed": null}], "teacher": [{"current": {"type": "TEACHER", "status": "REGULAR", "shortName": "FilAnz", "longName": "Filipenko - Khrenova", "displayName": "FilAnz"}, "removed": null}], "cellState": "REGULAR", "date": "2025-06-20", "start": "2025-06-20T12:50", "end": "2025-06-20T13:35", "type": "NORMAL_TEACHING_PERIOD"}, {"classID": 47, "schoolID": "2422100", "subject": [{"current": {"type": "SUBJECT", "status": "REGULAR", "shortName": "Mu", "longName": "Musik", "displayName": "Mu"}, "removed": null}], "location": [{"current": {"type": "ROOM", "status": "REGULAR", "shortName": "305", "longName": "Geschichte / Mathematik / Musik / NAT", "displayName": "305"}, "removed": null}], "teacher": [{"current": {"type": "TEACHER", "status": "REGULAR", "shortName": "SchHol", "longName": "Scharf", "displayName": "SchHol"}, "removed": null}], "cellState": "REGULAR", "date": "2025-06-20", "start": "2025-06-20T07:55", "end": "2025-06-20T08:40", "type": "NORMAL_TEACHING_PERIOD"}, {"classID": 47, "schoolID": "2422100", "subject": [{"current": {"type": "SUBJECT", "status": "REGULAR", "shortName": "D", "longName": "Deutsch", "displayName": "D"}, "removed": null}], "location": [{"current": {"type": "ROOM", "status": "REGULAR", "shortName": "307", "longName": "Russisch / Deutsch", "displayName": "307"}, "removed": null}], "teacher": [{"current": {"type": "TEACHER", "status": "REGULAR", "shortName": "LisDor", "longName": "Lischka", "displayName": "LisDor"}, "removed": null}], "cellState": "REGULAR", "date": "2025-06-20", "start": "2025-06-20T08:45", "end": "2025-06-20T09:30", "type": "NORMAL_TEACHING_PERIOD"}, {"classID": 47, "schoolID": "2422100", "subject": [{"current": {"type": "SUBJECT", "status": "REGULAR", "shortName": "G", "longName": "Geschichte", "displayName": "G"}, "removed": null}], "location": [{"current": {"type": "ROOM", "status": "REGULAR", "shortName": "305", "longName": "Geschichte / Mathematik / Musik / NAT", "displayName": "305"}, "removed": null}], "teacher": [{"current": {"type": "TEACHER", "status": "REGULAR", "shortName": "SchHol", "longName": "Scharf", "displayName": "SchHol"}, "removed": null}], "cellState": "REGULAR", "date": "2025-06-20", "start": "2025-06-20T09:50", "end": "2025-06-20T10:35", "type": "NORMAL_TEACHING_PERIOD"}, {"classID": 47, "schoolID": "2422100", "subject": [{"current": {"type": "SUBJECT", "status": "REGULAR", "shortName": "Ch", "longName": "Chemie", "displayName": "Ch"}, "removed": null}], "location": [{"current": {"type": "ROOM", "status": "REGULAR", "shortName": "212", "longName": "Chemie", "displayName": "212"}, "removed": null}], "teacher": [{"current": {"type": "TEACHER", "status": "REGULAR", "shortName": "JunKer", "longName": "Jungnickel", "displayName": "JunKer"}, "removed": null}], "cellState": "REGULAR", "date": "2025-06-20", "start": "2025-06-20T10:45", "end": "2025-06-20T11:30", "type": "NORMAL_TEACHING_PERIOD"}, {"classID": 47, "schoolID": "2422100", "subject": [{"current": {"type": "SUBJECT", "status": "REGULAR", "shortName": "Info", "longName": "Informatik", "displayName": "Info"}, "removed": null}], "location": [{"current": {"type": "ROOM", "status": "REGULAR", "shortName": "203", "longName": "Informatik", "displayName": "203"}, "removed": null}], "teacher": [{"current": {"type": "TEACHER", "status": "REGULAR", "shortName": "Kn\u00f6And", "longName": "Kn\u00f6fel", "displayName": "Kn\u00f6And"}, "removed": null}], "cellState": "REGULAR", "date": "2025-06-20", "start": "2025-06-20T11:40", "end": "2025-06-20T12:25", "type": "NORMAL_TEACHING_PERIOD"}, {"classID": 47, "schoolID": "2422100", "subject": [{"current": {"type": "SUBJECT", "status": "REGULAR", "shortName": "SP Ju", "longName": "Sport Jungen", "displayName": "SP Ju"}, "removed": null}], "location": [{"current": {"type": "ROOM", "status": "REGULAR", "shortName": "TH-J", "longName": "Turnhalle 1", "displayName": "TH-J"}, "removed": null}], "teacher": [{"current": {"type": "TEACHER", "status": "REGULAR", "shortName": "DebJen", "longName": "Debler", "displayName": "DebJen"}, "removed": null}], "cellState": "REGULAR", "date": "2025-06-20", "start": "2025-06-20T12:50", "end": "2025-06-20T13:35", "type": "NORMAL_TEACHING_PERIOD"}, {"classID": 47, "schoolID": "2422100", "subject": [{"current": {"type": "SUBJECT", "status": "REGULAR", "shortName": "SP M\u00e4", "longName": "Sport M\u00e4dchen", "displayName": "SP M\u00e4"}, "removed": null}], "location": [{"current": {"type": "ROOM", "status": "REGULAR", "shortName": "TH-M", "longName": "Turnhalle 2", "displayName": "TH-M"}, "removed": null}], "teacher": [{"current": {"type": "TEACHER", "status": "REGULAR", "shortName": "FilAnz", "longName": "Filipenko - Khrenova", "displayName": "FilAnz"}, "removed": null}], "cellState": "REGULAR", "date": "2025-06-20", "start": "2025-06-20T12:50", "end": "2025-06-20T13:35", "type": "NORMAL_TEACHING_PERIOD"}, {"classID": 26, "schoolID": "2422100", "subject": [{"current": {"type": "SUBJECT", "status": "REGULAR", "shortName": "LER", "longName": "Lebensgestaltung-Ethik-Religionskunde", "displayName": "LER"}, "removed": null}], "location": [{"current": {"type": "ROOM", "status": "REGULAR", "shortName": "201", "longName": "LER", "displayName": "201"}, "removed": null}], "teacher": [{"current": {"type": "TEACHER", "status": "REGULAR", "shortName": "DebJen", "longName": "Debler", "displayName": "DebJen"}, "removed": null}], "cellState": "REGULAR", "date": "2025-06-20", "start": "2025-06-20T07:55", "end": "2025-06-20T08:40", "type": "NORMAL_TEACHING_PERIOD"}, {"classID": 26, "schoolID": "2422100", "subject": [{"current": {"type": "SUBJECT", "status": "REGULAR", "shortName": "G", "longName": "Geschichte", "displayName": "G"}, "removed": null}], "location": [{"current": {"type": "ROOM", "status": "REGULAR", "shortName": "305", "longName": "Geschichte / Mathematik / Musik / NAT", "displayName": "305"}, "removed": null}], "teacher": [{"current": {"type": "TEACHER", "status": "REGULAR", "shortName": "SchHol", "longName": "Scharf", "displayName": "SchHol"}, "removed": null}], "cellState": "REGULAR", "date": "2025-06-20", "start": "2025-06-20T08:45", "end": "2025-06-20T09:30", "type": "NORMAL_TEACHING_PERIOD"}, {"classID": 26, "schoolID": "2422100", "subject": [{"current": {"type": "SUBJECT", "status": "REGULAR", "shortName": "Eng", "longName": "Englisch", "displayName": "Eng"}, "removed": null}], "location": [{"current": {"type": "ROOM", "status": "ADDED", "shortName": "205", "longName": "Englisch", "displayName": "205"}, "removed": {"type": "ROOM", "status": "REMOVED", "shortName": "303", "longName": "Geografie/LER", "displayName": "303"}}], "teacher": [{"current": {"type": "TEACHER", "status": "REGULAR", "shortName": "GanAnn", "longName": "Gang", "displayName": "GanAnn"}, "removed": null}], "cellState": "CHANGED", "date": "2025-06-20", "start": "2025-06-20T09:50", "end": "2025-06-20T10:35", "type": "ADDITIONAL_PERIOD"}, {"classID": 26, "schoolID": "2422100", "subject": [{"current": {"type": "SUBJECT", "status": "REGULAR", "shortName": "SP Ju", "longName": "Sport Jungen", "displayName": "SP Ju"}, "removed": null}], "location": [{"current": {"type": "ROOM", "status": "REGULAR", "shortName": "TH-J", "longName": "Turnhalle 1", "displayName": "TH-J"}, "removed": null}], "teacher": [{"current": {"type": "TEACHER", "status": "REGULAR", "shortName": "DebJen", "longName": "Debler", "displayName": "DebJen"}, "removed": null}], "cellState": "REGULAR", "date": "2025-06-20", "start": "2025-06-20T10:45", "end": "2025-06-20T12:25", "type": "NORMAL_TEACHING_PERIOD"}, {"classID": 26, "schoolID": "2422100", "subject": [{"current": {"type": "SUBJECT", "status": "REGULAR", "shortName": "SP M\u00e4", "longName": "Sport M\u00e4dchen", "displayName": "SP M\u00e4"}, "removed": null}], "location": [{"current": {"type": "ROOM", "status": "REGULAR", "shortName": "TH-M", "longName": "Turnhalle 2", "displayName": "TH-M"}, "removed": null}], "teacher": [{"current": {"type": "TEACHER", "status": "REGULAR", "shortName": "FilAnz", "longName": "Filipenko - Khrenova", "displayName": "FilAnz"}, "removed": null}], "cellState": "REGULAR", "date": "2025-06-20", "start": "2025-06-20T10:45", "end": "2025-06-20T12:25", "type": "NORMAL_TEACHING_PERIOD"}, {"classID": 26, "schoolID": "2422100", "subject": [{"current": {"type": "SUBJECT", "status": "REGULAR", "shortName": "Info", "longName": "Informatik", "displayName": "Info"}, "removed": null}], "location": [{"current": {"type": "ROOM", "status": "REGULAR", "shortName": "203", "longName": "Informatik", "displayName": "203"}, "removed": null}], "teacher": [{"current": {"type": "TEACHER", "status": "REGULAR", "shortName": "Kn\u00f6And", "longName": "Kn\u00f6fel", "displayName": "Kn\u00f6And"}, "removed": null}], "cellState": "REGULAR", "date": "2025-06-20", "start": "2025-06-20T12:50", "end": "2025-06-20T13:35", "type": "NORMAL_TEACHING_PERIOD"}, {"classID": 29, "schoolID": "2422100", "subject": [{"current": {"type": "SUBJECT", "status": "REGULAR", "shortName": "Eng", "longName": "Englisch", "displayName": "Eng"}, "removed": null}], "location": [{"current": {"type": "ROOM", "status": "REGULAR", "shortName": "112", "longName": "Mathematik", "displayName": "112"}, "removed": null}], "teacher": [{"current": {"type": "TEACHER", "status": "REGULAR", "shortName": "SliAna", "longName": "Sliwinski", "displayName": "SliAna"}, "removed": null}], "cellState": "REGULAR", "date": "2025-06-20", "start": "2025-06-20T07:55", "end": "2025-06-20T08:40", "type": "NORMAL_TEACHING_PERIOD"}, {"classID": 29, "schoolID": "2422100", "subject": [{"current": {"type": "SUBJECT", "status": "REGULAR", "shortName": "D", "longName": "Deutsch", "displayName": "D"}, "removed": null}], "location": [{"current": {"type": "ROOM", "status": "REGULAR", "shortName": "306", "longName": "Kunst", "displayName": "306"}, "removed": null}], "teacher": [{"current": {"type": "TEACHER", "status": "REGULAR", "shortName": "BieGab", "longName": "Biehl", "displayName": "BieGab"}, "removed": null}], "cellState": "REGULAR", "date": "2025-06-20", "start": "2025-06-20T08:45", "end": "2025-06-20T09:30", "type": "NORMAL_TEACHING_PERIOD"}, {"classID": 29, "schoolID": "2422100", "subject": [{"current": {"type": "SUBJECT", "status": "REGULAR", "shortName": "Eng", "longName": "Englisch", "displayName": "Eng"}, "removed": null}], "location": [{"current": {"type": "ROOM", "status": "REGULAR", "shortName": "112", "longName": "Mathematik", "displayName": "112"}, "removed": null}], "teacher": [{"current": {"type": "TEACHER", "status": "REGULAR", "shortName": "SliAna", "longName": "Sliwinski", "displayName": "SliAna"}, "removed": null}], "cellState": "REGULAR", "date": "2025-06-20", "start": "2025-06-20T09:50", "end": "2025-06-20T10:35", "type": "NORMAL_TEACHING_PERIOD"}, {"classID": 29, "schoolID": "2422100", "subject": [{"current": {"type": "SUBJECT", "status": "REGULAR", "shortName": "SP Ju", "longName": "Sport Jungen", "displayName": "SP Ju"}, "removed": null}], "location": [{"current": {"type": "ROOM", "status": "REGULAR", "shortName": "TH-J", "longName": "Turnhalle 1", "displayName": "TH-J"}, "removed": null}], "teacher": [{"current": {"type": "TEACHER", "status": "REGULAR", "shortName": "DebJen", "longName": "Debler", "displayName": "DebJen"}, "removed": null}], "cellState": "REGULAR", "date": "2025-06-20", "start": "2025-06-20T10:45", "end": "2025-06-20T12:25", "type": "NORMAL_TEACHING_PERIOD"}, {"classID": 29, "schoolID": "2422100", "subject": [{"current": {"type": "SUBJECT", "status": "REGULAR", "shortName": "SP M\u00e4", "longName": "Sport M\u00e4dchen", "displayName": "SP M\u00e4"}, "removed": null}], "location": [{"current": {"type": "ROOM", "status": "REGULAR", "shortName": "TH-M", "longName": "Turnhalle 2", "displayName": "TH-M"}, "removed": null}], "teacher": [{"current": {"type": "TEACHER", "status": "REGULAR", "shortName": "FilAnz", "longName": "Filipenko - Khrenova", "displayName": "FilAnz"}, "removed": null}], "cellState": "REGULAR", "date": "2025-06-20", "start": "2025-06-20T10:45", "end": "2025-06-20T12:25", "type": "NORMAL_TEACHING_PERIOD"}, {"classID": 29, "schoolID": "2422100", "subject": [{"current": {"type": "SUBJECT", "status": "REGULAR", "shortName": "Ch", "longName": "Chemie", "displayName": "Ch"}, "removed": null}], "location": [{"current": {"type": "ROOM", "status": "REGULAR", "shortName": "212", "longName": "Chemie", "displayName": "212"}, "removed": null}], "teacher": [{"current": {"type": "TEACHER", "status": "REGULAR", "shortName": "JunKer", "longName": "Jungnickel", "displayName": "JunKer"}, "removed": null}], "cellState": "REGULAR", "date": "2025-06-20", "start": "2025-06-20T12:50", "end": "2025-06-20T13:35", "type": "NORMAL_TEACHING_PERIOD"}, {"classID": 32, "schoolID": "2422100", "subject": [{"current": {"type": "SUBJECT", "status": "REGULAR", "shortName": "Info", "longName": "Informatik", "displayName": "Info"}, "removed": null}], "location": [{"current": {"type": "ROOM", "status": "ADDED", "shortName": "203", "longName": "Informatik", "displayName": "203"}, "removed": {"type": "ROOM", "status": "REMOVED", "shortName": "004", "longName": "WAT", "displayName": "004"}}], "teacher": [{"current": {"type": "TEACHER", "status": "REGULAR", "shortName": "Kn\u00f6And", "longName": "Kn\u00f6fel", "displayName": "Kn\u00f6And"}, "removed": null}], "cellState": "CHANGED", "date": "2025-06-20", "start": "2025-06-20T07:55", "end": "2025-06-20T08:40", "type": "ADDITIONAL_PERIOD"}, {"classID": 32, "schoolID": "2422100", "subject": [{"current": {"type": "SUBJECT", "status": "REGULAR", "shortName": "PH", "longName": "Physik", "displayName": "PH"}, "removed": null}], "location": [{"current": {"type": "ROOM", "status": "REGULAR", "shortName": "114", "longName": "Physik/Mathematik/Astronomie", "displayName": "114"}, "removed": null}], "teacher": [{"current": {"type": "TEACHER", "status": "REGULAR", "shortName": "StaSab", "longName": "Stahn", "displayName": "StaSab"}, "removed": null}], "cellState": "REGULAR", "date": "2025-06-20", "start": "2025-06-20T08:45", "end": "2025-06-20T09:30", "type": "NORMAL_TEACHING_PERIOD"}, {"classID": 32, "schoolID": "2422100", "subject": "", "location": [{"current": {"type": "ROOM", "status": "ADDED", "shortName": "201", "longName": "LER", "displayName": "201"}, "removed": null}], "teacher": "", "cellState": "CHANGED", "date": "2025-06-20", "start": "2025-06-20T09:50", "end": "2025-06-20T10:35", "type": "EVENT"}, {"classID": 32, "schoolID": "2422100", "subject": "", "location": [{"current": {"type": "ROOM", "status": "ADDED", "shortName": "201", "longName": "LER", "displayName": "201"}, "removed": null}], "teacher": "", "cellState": "CHANGED", "date": "2025-06-20", "start": "2025-06-20T10:45", "end": "2025-06-20T11:30", "type": "EVENT"}, {"classID": 32, "schoolID": "2422100", "subject": [{"current": {"type": "SUBJECT", "status": "REGULAR", "shortName": "SP_SMA", "longName": "Schwerpunkt Mathematik", "displayName": "SP_SMA"}, "removed": null}], "location": [{"current": {"type": "ROOM", "status": "ADDED", "shortName": "305", "longName": "Geschichte / Mathematik / Musik / NAT", "displayName": "305"}, "removed": {"type": "ROOM", "status": "REMOVED", "shortName": "004", "longName": "WAT", "displayName": "004"}}], "teacher": [{"current": {"type": "TEACHER", "status": "REGULAR", "shortName": "SchHol", "longName": "Scharf", "displayName": "SchHol"}, "removed": null}], "cellState": "CHANGED", "date": "2025-06-20", "start": "2025-06-20T11:40", "end": "2025-06-20T12:25", "type": "ADDITIONAL_PERIOD"}, {"classID": 32, "schoolID": "2422100", "subject": [{"current": {"type": "SUBJECT", "status": "REGULAR", "shortName": "NAT", "longName": "Naturwissenschaft", "displayName": "NAT"}, "removed": null}], "location": [{"current": {"type": "ROOM", "status": "REGULAR", "shortName": "309", "longName": "Biologie", "displayName": "309"}, "removed": null}], "teacher": [{"current": {"type": "TEACHER", "status": "REGULAR", "shortName": "SteKat", "longName": "Steinborn", "displayName": "SteKat"}, "removed": null}], "cellState": "REGULAR", "date": "2025-06-20", "start": "2025-06-20T11:40", "end": "2025-06-20T12:25", "type": "NORMAL_TEACHING_PERIOD"}, {"classID": 32, "schoolID": "2422100", "subject": [{"current": {"type": "SUBJECT", "status": "REGULAR", "shortName": "Ru", "longName": "Russisch", "displayName": "Ru"}, "removed": null}], "location": [{"current": {"type": "ROOM", "status": "REGULAR", "shortName": "307", "longName": "Russisch / Deutsch", "displayName": "307"}, "removed": null}], "teacher": [{"current": {"type": "TEACHER", "status": "REGULAR", "shortName": "LisDor", "longName": "Lischka", "displayName": "LisDor"}, "removed": null}], "cellState": "REGULAR", "date": "2025-06-20", "start": "2025-06-20T11:40", "end": "2025-06-20T12:25", "type": "NORMAL_TEACHING_PERIOD"}, {"classID": 32, "schoolID": "2422100", "subject": [{"current": {"type": "SUBJECT", "status": "REGULAR", "shortName": "Ku", "longName": "Kunst", "displayName": "Ku"}, "removed": null}], "location": [{"current": {"type": "ROOM", "status": "REGULAR", "shortName": "306", "longName": "Kunst", "displayName": "306"}, "removed": null}], "teacher": [{"current": {"type": "TEACHER", "status": "REGULAR", "shortName": "BieGab", "longName": "Biehl", "displayName": "BieGab"}, "removed": null}], "cellState": "REGULAR", "date": "2025-06-20", "start": "2025-06-20T12:50", "end": "2025-06-20T13:35", "type": "NORMAL_TEACHING_PERIOD"}, {"classID": 35, "schoolID": "2422100", "subject": "", "location": [{"current": {"type": "ROOM", "status": "ADDED", "shortName": "205", "longName": "Englisch", "displayName": "205"}, "removed": null}], "teacher": "", "cellState": "CHANGED", "date": "2025-06-20", "start": "2025-06-20T07:55", "end": "2025-06-20T09:30", "type": "EVENT"}, {"classID": 35, "schoolID": "2422100", "subject": [{"current": {"type": "SUBJECT", "status": "REGULAR", "shortName": "Ch", "longName": "Chemie", "displayName": "Ch"}, "removed": null}], "location": [{"current": {"type": "ROOM", "status": "REGULAR", "shortName": "212", "longName": "Chemie", "displayName": "212"}, "removed": null}], "teacher": [{"current": {"type": "TEACHER", "status": "REGULAR", "shortName": "JunKer", "longName": "Jungnickel", "displayName": "JunKer"}, "removed": null}], "cellState": "REGULAR", "date": "2025-06-20", "start": "2025-06-20T09:50", "end": "2025-06-20T10:35", "type": "NORMAL_TEACHING_PERIOD"}, {"classID": 35, "schoolID": "2422100", "subject": [{"current": {"type": "SUBJECT", "status": "REGULAR", "shortName": "Eng", "longName": "Englisch", "displayName": "Eng"}, "removed": null}], "location": [{"current": {"type": "ROOM", "status": "REGULAR", "shortName": "306", "longName": "Kunst", "displayName": "306"}, "removed": null}], "teacher": [{"current": {"type": "TEACHER", "status": "REGULAR", "shortName": "BieGab", "longName": "Biehl", "displayName": "BieGab"}, "removed": null}], "cellState": "REGULAR", "date": "2025-06-20", "start": "2025-06-20T10:45", "end": "2025-06-20T11:30", "type": "NORMAL_TEACHING_PERIOD"}, {"classID": 35, "schoolID": "2422100", "subject": [{"current": {"type": "SUBJECT", "status": "REGULAR", "shortName": "SP_SMA", "longName": "Schwerpunkt Mathematik", "displayName": "SP_SMA"}, "removed": null}], "location": [{"current": {"type": "ROOM", "status": "ADDED", "shortName": "305", "longName": "Geschichte / Mathematik / Musik / NAT", "displayName": "305"}, "removed": {"type": "ROOM", "status": "REMOVED", "shortName": "004", "longName": "WAT", "displayName": "004"}}], "teacher": [{"current": {"type": "TEACHER", "status": "REGULAR", "shortName": "SchHol", "longName": "Scharf", "displayName": "SchHol"}, "removed": null}], "cellState": "CHANGED", "date": "2025-06-20", "start": "2025-06-20T11:40", "end": "2025-06-20T12:25", "type": "ADDITIONAL_PERIOD"}, {"classID": 35, "schoolID": "2422100", "subject": [{"current": {"type": "SUBJECT", "status": "REGULAR", "shortName": "NAT", "longName": "Naturwissenschaft", "displayName": "NAT"}, "removed": null}], "location": [{"current": {"type": "ROOM", "status": "REGULAR", "shortName": "309", "longName": "Biologie", "displayName": "309"}, "removed": null}], "teacher": [{"current": {"type": "TEACHER", "status": "REGULAR", "shortName": "SteKat", "longName": "Steinborn", "displayName": "SteKat"}, "removed": null}], "cellState": "REGULAR", "date": "2025-06-20", "start": "2025-06-20T11:40", "end": "2025-06-20T12:25", "type": "NORMAL_TEACHING_PERIOD"}, {"classID": 35, "schoolID": "2422100", "subject": [{"current": {"type": "SUBJECT", "status": "REGULAR", "shortName": "Ru", "longName": "Russisch", "displayName": "Ru"}, "removed": null}], "location": [{"current": {"type": "ROOM", "status": "REGULAR", "shortName": "307", "longName": "Russisch / Deutsch", "displayName": "307"}, "removed": null}], "teacher": [{"current": {"type": "TEACHER", "status": "REGULAR", "shortName": "LisDor", "longName": "Lischka", "displayName": "LisDor"}, "removed": null}], "cellState": "REGULAR", "date": "2025-06-20", "start": "2025-06-20T11:40", "end": "2025-06-20T12:25", "type": "NORMAL_TEACHING_PERIOD"}, {"classID": 35, "schoolID": "2422100", "subject": [{"current": {"type": "SUBJECT", "status": "REGULAR", "shortName": "Bio", "longName": "Biologie", "displayName": "Bio"}, "removed": null}], "location": [{"current": {"type": "ROOM", "status": "REGULAR", "shortName": "309", "longName": "Biologie", "displayName": "309"}, "removed": null}], "teacher": [{"current": {"type": "TEACHER", "status": "REGULAR", "shortName": "SteKat", "longName": "Steinborn", "displayName": "SteKat"}, "removed": null}], "cellState": "REGULAR", "date": "2025-06-20", "start": "2025-06-20T12:50", "end": "2025-06-20T13:35", "type": "NORMAL_TEACHING_PERIOD"}, {"classID": 38, "schoolID": "2422100", "subject": [{"current": {"type": "SUBJECT", "status": "REGULAR", "shortName": "Ma", "longName": "Mathematik", "displayName": "Ma"}, "removed": null}], "location": [{"current": {"type": "ROOM", "status": "REGULAR", "shortName": "114", "longName": "Physik/Mathematik/Astronomie", "displayName": "114"}, "removed": null}], "teacher": [{"current": {"type": "TEACHER", "status": "REGULAR", "shortName": "StaSab", "longName": "Stahn", "displayName": "StaSab"}, "removed": null}], "cellState": "REGULAR", "date": "2025-06-20", "start": "2025-06-20T07:55", "end": "2025-06-20T08:40", "type": "NORMAL_TEACHING_PERIOD"}, {"classID": 38, "schoolID": "2422100", "subject": [{"current": {"type": "SUBJECT", "status": "REGULAR", "shortName": "Eng", "longName": "Englisch", "displayName": "Eng"}, "removed": null}], "location": [{"current": {"type": "ROOM", "status": "ADDED", "shortName": "201", "longName": "LER", "displayName": "201"}, "removed": {"type": "ROOM", "status": "REMOVED", "shortName": "004", "longName": "WAT", "displayName": "004"}}], "teacher": [{"current": {"type": "TEACHER", "status": "REGULAR", "shortName": "GanAnn", "longName": "Gang", "displayName": "GanAnn"}, "removed": null}], "cellState": "CHANGED", "date": "2025-06-20", "start": "2025-06-20T08:45", "end": "2025-06-20T09:30", "type": "ADDITIONAL_PERIOD"}, {"classID": 38, "schoolID": "2422100", "subject": [{"current": {"type": "SUBJECT", "status": "REGULAR", "shortName": "SP_SDE", "longName": "Schwerpunkt Deutsch", "displayName": "SP_SDE"}, "removed": null}], "location": [{"current": {"type": "ROOM", "status": "REGULAR", "shortName": "004", "longName": "WAT", "displayName": "004"}, "removed": null}], "teacher": [{"current": {"type": "TEACHER", "status": "REGULAR", "shortName": "BieGab", "longName": "Biehl", "displayName": "BieGab"}, "removed": null}], "cellState": "ADDITIONAL", "date": "2025-06-20", "start": "2025-06-20T09:50", "end": "2025-06-20T10:35", "type": "ADDITIONAL_PERIOD"}, {"classID": 38, "schoolID": "2422100", "subject": [{"current": {"type": "SUBJECT", "status": "REGULAR", "shortName": "NAT", "longName": "Naturwissenschaft", "displayName": "NAT"}, "removed": null}], "location": [{"current": {"type": "ROOM", "status": "REGULAR", "shortName": "114", "longName": "Physik/Mathematik/Astronomie", "displayName": "114"}, "removed": null}], "teacher": [{"current": {"type": "TEACHER", "status": "REGULAR", "shortName": "StaSab", "longName": "Stahn", "displayName": "StaSab"}, "removed": null}], "cellState": "REGULAR", "date": "2025-06-20", "start": "2025-06-20T09:50", "end": "2025-06-20T11:30", "type": "NORMAL_TEACHING_PERIOD"}, {"classID": 38, "schoolID": "2422100", "subject": [{"current": {"type": "SUBJECT", "status": "REGULAR", "shortName": "Ru", "longName": "Russisch", "displayName": "Ru"}, "removed": null}], "location": [{"current": {"type": "ROOM", "status": "REGULAR", "shortName": "307", "longName": "Russisch / Deutsch", "displayName": "307"}, "removed": null}], "teacher": [{"current": {"type": "TEACHER", "status": "REGULAR", "shortName": "LisDor", "longName": "Lischka", "displayName": "LisDor"}, "removed": null}], "cellState": "REGULAR", "date": "2025-06-20", "start": "2025-06-20T09:50", "end": "2025-06-20T11:30", "type": "NORMAL_TEACHING_PERIOD"}, {"classID": 38, "schoolID": "2422100", "subject": [{"current": {"type": "SUBJECT", "status": "REGULAR", "shortName": "SP_SMA", "longName": "Schwerpunkt Mathematik", "displayName": "SP_SMA"}, "removed": null}], "location": [{"current": {"type": "ROOM", "status": "ADDED", "shortName": "305", "longName": "Geschichte / Mathematik / Musik / NAT", "displayName": "305"}, "removed": {"type": "ROOM", "status": "REMOVED", "shortName": "004", "longName": "WAT", "displayName": "004"}}], "teacher": [{"current": {"type": "TEACHER", "status": "REGULAR", "shortName": "SchHol", "longName": "Scharf", "displayName": "SchHol"}, "removed": null}], "cellState": "CHANGED", "date": "2025-06-20", "start": "2025-06-20T10:45", "end": "2025-06-20T11:30", "type": "ADDITIONAL_PERIOD"}, {"classID": 38, "schoolID": "2422100", "subject": [{"current": {"type": "SUBJECT", "status": "REGULAR", "shortName": "PH", "longName": "Physik", "displayName": "PH"}, "removed": null}], "location": [{"current": {"type": "ROOM", "status": "REGULAR", "shortName": "114", "longName": "Physik/Mathematik/Astronomie", "displayName": "114"}, "removed": null}], "teacher": [{"current": {"type": "TEACHER", "status": "REGULAR", "shortName": "StaSab", "longName": "Stahn", "displayName": "StaSab"}, "removed": null}], "cellState": "REGULAR", "date": "2025-06-20", "start": "2025-06-20T11:40", "end": "2025-06-20T12:25", "type": "NORMAL_TEACHING_PERIOD"}, {"classID": 38, "schoolID": "2422100", "subject": [{"current": {"type": "SUBJECT", "status": "REGULAR", "shortName": "Eng", "longName": "Englisch", "displayName": "Eng"}, "removed": null}], "location": [{"current": {"type": "ROOM", "status": "REGULAR", "shortName": "205", "longName": "Englisch", "displayName": "205"}, "removed": null}], "teacher": [{"current": {"type": "TEACHER", "status": "REGULAR", "shortName": "GanAnn", "longName": "Gang", "displayName": "GanAnn"}, "removed": null}], "cellState": "REGULAR", "date": "2025-06-20", "start": "2025-06-20T12:50", "end": "2025-06-20T13:35", "type": "NORMAL_TEACHING_PERIOD"}, {"classID": 41, "schoolID": "2422100", "subject": [{"current": {"type": "SUBJECT", "status": "REGULAR", "shortName": "D", "longName": "Deutsch", "displayName": "D"}, "removed": null}], "location": [{"current": {"type": "ROOM", "status": "REGULAR", "shortName": "307", "longName": "Russisch / Deutsch", "displayName": "307"}, "removed": null}], "teacher": [{"current": {"type": "TEACHER", "status": "REGULAR", "shortName": "LisDor", "longName": "Lischka", "displayName": "LisDor"}, "removed": null}], "cellState": "REGULAR", "date": "2025-06-20", "start": "2025-06-20T07:55", "end": "2025-06-20T08:40", "type": "NORMAL_TEACHING_PERIOD"}, {"classID": 41, "schoolID": "2422100", "subject": [{"current": {"type": "SUBJECT", "status": "REGULAR", "shortName": "Bio", "longName": "Biologie", "displayName": "Bio"}, "removed": null}], "location": [{"current": {"type": "ROOM", "status": "REGULAR", "shortName": "309", "longName": "Biologie", "displayName": "309"}, "removed": null}], "teacher": [{"current": {"type": "TEACHER", "status": "REGULAR", "shortName": "SteKat", "longName": "Steinborn", "displayName": "SteKat"}, "removed": null}], "cellState": "REGULAR", "date": "2025-06-20", "start": "2025-06-20T08:45", "end": "2025-06-20T09:30", "type": "NORMAL_TEACHING_PERIOD"}, {"classID": 41, "schoolID": "2422100", "subject": [{"current": {"type": "SUBJECT", "status": "REGULAR", "shortName": "SP_SDE", "longName": "Schwerpunkt Deutsch", "displayName": "SP_SDE"}, "removed": null}], "location": [{"current": {"type": "ROOM", "status": "REGULAR", "shortName": "004", "longName": "WAT", "displayName": "004"}, "removed": null}], "teacher": [{"current": {"type": "TEACHER", "status": "REGULAR", "shortName": "BieGab", "longName": "Biehl", "displayName": "BieGab"}, "removed": null}], "cellState": "ADDITIONAL", "date": "2025-06-20", "start": "2025-06-20T09:50", "end": "2025-06-20T10:35", "type": "ADDITIONAL_PERIOD"}, {"classID": 41, "schoolID": "2422100", "subject": [{"current": {"type": "SUBJECT", "status": "REGULAR", "shortName": "NAT", "longName": "Naturwissenschaft", "displayName": "NAT"}, "removed": null}], "location": [{"current": {"type": "ROOM", "status": "REGULAR", "shortName": "114", "longName": "Physik/Mathematik/Astronomie", "displayName": "114"}, "removed": null}], "teacher": [{"current": {"type": "TEACHER", "status": "REGULAR", "shortName": "StaSab", "longName": "Stahn", "displayName": "StaSab"}, "removed": null}], "cellState": "REGULAR", "date": "2025-06-20", "start": "2025-06-20T09:50", "end": "2025-06-20T11:30", "type": "NORMAL_TEACHING_PERIOD"}, {"classID": 41, "schoolID": "2422100", "subject": [{"current": {"type": "SUBJECT", "status": "REGULAR", "shortName": "Ru", "longName": "Russisch", "displayName": "Ru"}, "removed": null}], "location": [{"current": {"type": "ROOM", "status": "REGULAR", "shortName": "307", "longName": "Russisch / Deutsch", "displayName": "307"}, "removed": null}], "teacher": [{"current": {"type": "TEACHER", "status": "REGULAR", "shortName": "LisDor", "longName": "Lischka", "displayName": "LisDor"}, "removed": null}], "cellState": "REGULAR", "date": "2025-06-20", "start": "2025-06-20T09:50", "end": "2025-06-20T11:30", "type": "NORMAL_TEACHING_PERIOD"}, {"classID": 41, "schoolID": "2422100", "subject": [{"current": {"type": "SUBJECT", "status": "REGULAR", "shortName": "SP_SMA", "longName": "Schwerpunkt Mathematik", "displayName": "SP_SMA"}, "removed": null}], "location": [{"current": {"type": "ROOM", "status": "ADDED", "shortName": "305", "longName": "Geschichte / Mathematik / Musik / NAT", "displayName": "305"}, "removed": {"type": "ROOM", "status": "REMOVED", "shortName": "004", "longName": "WAT", "displayName": "004"}}], "teacher": [{"current": {"type": "TEACHER", "status": "REGULAR", "shortName": "SchHol", "longName": "Scharf", "displayName": "SchHol"}, "removed": null}], "cellState": "CHANGED", "date": "2025-06-20", "start": "2025-06-20T10:45", "end": "2025-06-20T11:30", "type": "ADDITIONAL_PERIOD"}, {"classID": 41, "schoolID": "2422100", "subject": [{"current": {"type": "SUBJECT", "status": "REGULAR", "shortName": "Eng", "longName": "Englisch", "displayName": "Eng"}, "removed": null}], "location": [{"current": {"type": "ROOM", "status": "REGULAR", "shortName": "205", "longName": "Englisch", "displayName": "205"}, "removed": null}], "teacher": [{"current": {"type": "TEACHER", "status": "REGULAR", "shortName": "GanAnn", "longName": "Gang", "displayName": "GanAnn"}, "removed": null}], "cellState": "REGULAR", "date": "2025-06-20", "start": "2025-06-20T11:40", "end": "2025-06-20T12:25", "type": "NORMAL_TEACHING_PERIOD"}, {"classID": 41, "schoolID": "2422100", "subject": [{"current": {"type": "SUBJECT", "status": "REGULAR", "shortName": "WATo", "longName": "Wirtschaft-Arbeit-Technik", "displayName": "WATo"}, "removed": null}], "location": [{"current": {"type": "ROOM", "status": "ADDED", "shortName": "307", "longName": "Russisch / Deutsch", "displayName": "307"}, "removed": {"type": "ROOM", "status": "REMOVED", "shortName": "004", "longName": "WAT", "displayName": "004"}}], "teacher": [{"current": {"type": "TEACHER", "status": "ADDED", "shortName": "LisDor", "longName": "Lischka", "displayName": "LisDor"}, "removed": {"type": "TEACHER", "status": "REMOVED", "shortName": "KurVol", "longName": "Kurze", "displayName": "KurVol"}}], "cellState": "CHANGED", "date": "2025-06-20", "start": "2025-06-20T12:50", "end": "2025-06-20T13:35", "type": "NORMAL_TEACHING_PERIOD"}]