[{"classID": 11408, "schoolID": "2324600", "subject": "", "location": "", "teacher": "", "cellState": "CHANGED", "date": "2025-06-16", "start": "2025-06-16T00:00", "end": "2025-06-16T23:59", "type": "EVENT"}, {"classID": 11413, "schoolID": "2324600", "subject": "", "location": "", "teacher": "", "cellState": "CHANGED", "date": "2025-06-16", "start": "2025-06-16T00:00", "end": "2025-06-16T23:59", "type": "EVENT"}, {"classID": 11418, "schoolID": "2324600", "subject": "", "location": "", "teacher": "", "cellState": "CHANGED", "date": "2025-06-16", "start": "2025-06-16T00:00", "end": "2025-06-16T23:59", "type": "EVENT"}, {"classID": 11423, "schoolID": "2324600", "subject": "", "location": "", "teacher": "", "cellState": "CHANGED", "date": "2025-06-16", "start": "2025-06-16T00:00", "end": "2025-06-16T23:59", "type": "EVENT"}, {"classID": 11428, "schoolID": "2324600", "subject": "", "location": "", "teacher": "", "cellState": "CHANGED", "date": "2025-06-16", "start": "2025-06-16T00:00", "end": "2025-06-16T23:59", "type": "EVENT"}, {"classID": 11433, "schoolID": "2324600", "subject": "", "location": "", "teacher": "", "cellState": "CHANGED", "date": "2025-06-16", "start": "2025-06-16T00:00", "end": "2025-06-16T23:59", "type": "EVENT"}, {"classID": 11438, "schoolID": "2324600", "subject": "", "location": "", "teacher": "", "cellState": "CHANGED", "date": "2025-06-16", "start": "2025-06-16T00:00", "end": "2025-06-16T23:59", "type": "EVENT"}, {"classID": 11408, "schoolID": "2324600", "subject": "", "location": "", "teacher": "", "cellState": "CHANGED", "date": "2025-06-17", "start": "2025-06-17T00:00", "end": "2025-06-17T23:59", "type": "EVENT"}, {"classID": 11413, "schoolID": "2324600", "subject": "", "location": "", "teacher": "", "cellState": "CHANGED", "date": "2025-06-17", "start": "2025-06-17T00:00", "end": "2025-06-17T23:59", "type": "EVENT"}, {"classID": 11418, "schoolID": "2324600", "subject": "", "location": "", "teacher": "", "cellState": "CHANGED", "date": "2025-06-17", "start": "2025-06-17T00:00", "end": "2025-06-17T23:59", "type": "EVENT"}, {"classID": 11423, "schoolID": "2324600", "subject": "", "location": "", "teacher": "", "cellState": "CHANGED", "date": "2025-06-17", "start": "2025-06-17T00:00", "end": "2025-06-17T23:59", "type": "EVENT"}, {"classID": 11428, "schoolID": "2324600", "subject": "", "location": "", "teacher": "", "cellState": "CHANGED", "date": "2025-06-17", "start": "2025-06-17T00:00", "end": "2025-06-17T23:59", "type": "EVENT"}, {"classID": 11433, "schoolID": "2324600", "subject": "", "location": "", "teacher": "", "cellState": "CHANGED", "date": "2025-06-17", "start": "2025-06-17T00:00", "end": "2025-06-17T23:59", "type": "EVENT"}, {"classID": 11438, "schoolID": "2324600", "subject": "", "location": "", "teacher": "", "cellState": "CHANGED", "date": "2025-06-17", "start": "2025-06-17T00:00", "end": "2025-06-17T23:59", "type": "EVENT"}, {"classID": 11408, "schoolID": "2324600", "subject": "", "location": "", "teacher": "", "cellState": "CHANGED", "date": "2025-06-18", "start": "2025-06-18T00:00", "end": "2025-06-18T23:59", "type": "EVENT"}, {"classID": 11413, "schoolID": "2324600", "subject": "", "location": "", "teacher": "", "cellState": "CHANGED", "date": "2025-06-18", "start": "2025-06-18T00:00", "end": "2025-06-18T23:59", "type": "EVENT"}, {"classID": 11418, "schoolID": "2324600", "subject": "", "location": "", "teacher": "", "cellState": "CHANGED", "date": "2025-06-18", "start": "2025-06-18T00:00", "end": "2025-06-18T23:59", "type": "EVENT"}, {"classID": 11423, "schoolID": "2324600", "subject": "", "location": "", "teacher": "", "cellState": "CHANGED", "date": "2025-06-18", "start": "2025-06-18T00:00", "end": "2025-06-18T23:59", "type": "EVENT"}, {"classID": 11428, "schoolID": "2324600", "subject": "", "location": "", "teacher": "", "cellState": "CHANGED", "date": "2025-06-18", "start": "2025-06-18T00:00", "end": "2025-06-18T23:59", "type": "EVENT"}, {"classID": 11433, "schoolID": "2324600", "subject": "", "location": "", "teacher": "", "cellState": "CHANGED", "date": "2025-06-18", "start": "2025-06-18T00:00", "end": "2025-06-18T23:59", "type": "EVENT"}, {"classID": 11438, "schoolID": "2324600", "subject": "", "location": "", "teacher": "", "cellState": "CHANGED", "date": "2025-06-18", "start": "2025-06-18T00:00", "end": "2025-06-18T23:59", "type": "EVENT"}, {"classID": 11408, "schoolID": "2324600", "subject": "", "location": "", "teacher": "", "cellState": "CHANGED", "date": "2025-06-19", "start": "2025-06-19T00:00", "end": "2025-06-19T23:59", "type": "EVENT"}, {"classID": 11413, "schoolID": "2324600", "subject": "", "location": "", "teacher": "", "cellState": "CHANGED", "date": "2025-06-19", "start": "2025-06-19T00:00", "end": "2025-06-19T23:59", "type": "EVENT"}, {"classID": 11418, "schoolID": "2324600", "subject": "", "location": "", "teacher": "", "cellState": "CHANGED", "date": "2025-06-19", "start": "2025-06-19T00:00", "end": "2025-06-19T23:59", "type": "EVENT"}, {"classID": 11423, "schoolID": "2324600", "subject": "", "location": "", "teacher": "", "cellState": "CHANGED", "date": "2025-06-19", "start": "2025-06-19T00:00", "end": "2025-06-19T23:59", "type": "EVENT"}, {"classID": 11428, "schoolID": "2324600", "subject": "", "location": "", "teacher": "", "cellState": "CHANGED", "date": "2025-06-19", "start": "2025-06-19T00:00", "end": "2025-06-19T23:59", "type": "EVENT"}, {"classID": 11433, "schoolID": "2324600", "subject": "", "location": "", "teacher": "", "cellState": "CHANGED", "date": "2025-06-19", "start": "2025-06-19T00:00", "end": "2025-06-19T23:59", "type": "EVENT"}, {"classID": 11438, "schoolID": "2324600", "subject": "", "location": "", "teacher": "", "cellState": "CHANGED", "date": "2025-06-19", "start": "2025-06-19T00:00", "end": "2025-06-19T23:59", "type": "EVENT"}, {"classID": 11408, "schoolID": "2324600", "subject": "", "location": "", "teacher": "", "cellState": "CHANGED", "date": "2025-06-20", "start": "2025-06-20T00:00", "end": "2025-06-20T23:59", "type": "EVENT"}, {"classID": 11413, "schoolID": "2324600", "subject": "", "location": "", "teacher": "", "cellState": "CHANGED", "date": "2025-06-20", "start": "2025-06-20T00:00", "end": "2025-06-20T23:59", "type": "EVENT"}, {"classID": 11418, "schoolID": "2324600", "subject": "", "location": "", "teacher": "", "cellState": "CHANGED", "date": "2025-06-20", "start": "2025-06-20T00:00", "end": "2025-06-20T23:59", "type": "EVENT"}, {"classID": 11423, "schoolID": "2324600", "subject": "", "location": "", "teacher": "", "cellState": "CHANGED", "date": "2025-06-20", "start": "2025-06-20T00:00", "end": "2025-06-20T23:59", "type": "EVENT"}, {"classID": 11428, "schoolID": "2324600", "subject": "", "location": "", "teacher": "", "cellState": "CHANGED", "date": "2025-06-20", "start": "2025-06-20T00:00", "end": "2025-06-20T23:59", "type": "EVENT"}, {"classID": 11433, "schoolID": "2324600", "subject": "", "location": "", "teacher": "", "cellState": "CHANGED", "date": "2025-06-20", "start": "2025-06-20T00:00", "end": "2025-06-20T23:59", "type": "EVENT"}, {"classID": 11438, "schoolID": "2324600", "subject": "", "location": "", "teacher": "", "cellState": "CHANGED", "date": "2025-06-20", "start": "2025-06-20T00:00", "end": "2025-06-20T23:59", "type": "EVENT"}]