[{"classID": 1117, "schoolID": "2248000", "subject": [{"current": {"type": "SUBJECT", "status": "REGULAR", "shortName": "ELK", "longName": "Elektronik", "displayName": "ELK"}, "removed": null}], "location": [{"current": {"type": "ROOM", "status": "REGULAR", "shortName": "109", "longName": "109 -1 Etage -", "displayName": "109"}, "removed": null}], "teacher": [{"current": {"type": "TEACHER", "status": "REGULAR", "shortName": "LORB", "longName": "Lorbeer", "displayName": "LORB"}, "removed": null}], "cellState": "REGULAR", "date": "2025-06-16", "start": "2025-06-16T18:00", "end": "2025-06-16T21:15", "type": "EXAM"}, {"classID": 1123, "schoolID": "2248000", "subject": [{"current": {"type": "SUBJECT", "status": "REGULAR", "shortName": "ESY -REG", "longName": "ESY Grundlagen", "displayName": "ESY -REG"}, "removed": null}], "location": [{"current": {"type": "ROOM", "status": "REGULAR", "shortName": "106", "longName": "106 -1 Etage -", "displayName": "106"}, "removed": null}], "teacher": [{"current": {"type": "TEACHER", "status": "REGULAR", "shortName": "SZIL", "longName": "Szillus", "displayName": "SZIL"}, "removed": null}], "cellState": "REGULAR", "date": "2025-06-16", "start": "2025-06-16T18:00", "end": "2025-06-16T21:15", "type": "NORMAL_TEACHING_PERIOD"}, {"classID": 1126, "schoolID": "2248000", "subject": [{"current": {"type": "SUBJECT", "status": "REGULAR", "shortName": "AUT", "longName": "Automatisierungstechnik (E)", "displayName": "AUT"}, "removed": null}], "location": [{"current": {"type": "ROOM", "status": "REGULAR", "shortName": "107", "longName": "107 -1 Etage -", "displayName": "107"}, "removed": null}], "teacher": [{"current": {"type": "TEACHER", "status": "REGULAR", "shortName": "KOSS", "longName": "Kossow", "displayName": "KOSS"}, "removed": null}], "cellState": "REGULAR", "date": "2025-06-16", "start": "2025-06-16T18:00", "end": "2025-06-16T21:15", "type": "NORMAL_TEACHING_PERIOD"}, {"classID": 1132, "schoolID": "2248000", "subject": [{"current": {"type": "SUBJECT", "status": "REGULAR", "shortName": "BWI", "longName": "BWI", "displayName": "BWI"}, "removed": null}], "location": [{"current": {"type": "ROOM", "status": "REGULAR", "shortName": "104", "longName": "104 -1 Etage -", "displayName": "104"}, "removed": null}], "teacher": [{"current": {"type": "TEACHER", "status": "REGULAR", "shortName": "LIPP", "longName": "Lipphardt", "displayName": "LIPP"}, "removed": null}], "cellState": "REGULAR", "date": "2025-06-16", "start": "2025-06-16T18:00", "end": "2025-06-16T21:15", "type": "NORMAL_TEACHING_PERIOD"}, {"classID": 1129, "schoolID": "2248000", "subject": [{"current": {"type": "SUBJECT", "status": "REGULAR", "shortName": "LF2_BWI", "longName": "LF2_BWI", "displayName": "LF2_BWI"}, "removed": null}], "location": [{"current": {"type": "ROOM", "status": "REGULAR", "shortName": "108", "longName": "108 -1 Etage -", "displayName": "108"}, "removed": null}], "teacher": [{"current": {"type": "TEACHER", "status": "REGULAR", "shortName": "BRAU", "longName": "Brandt", "displayName": "BRAU"}, "removed": null}], "cellState": "REGULAR", "date": "2025-06-16", "start": "2025-06-16T18:00", "end": "2025-06-16T21:15", "type": "NORMAL_TEACHING_PERIOD"}, {"classID": 1114, "schoolID": "2248000", "subject": [{"current": {"type": "SUBJECT", "status": "REGULAR", "shortName": "KON", "longName": "Konstruktion", "displayName": "KON"}, "removed": null}], "location": [{"current": {"type": "ROOM", "status": "REGULAR", "shortName": "E04", "longName": "E04 Erdetage", "displayName": "E04"}, "removed": null}], "teacher": [{"current": {"type": "TEACHER", "status": "REGULAR", "shortName": "MEYE", "longName": "Meyer-Well\u00dfow", "displayName": "MEYE"}, "removed": null}], "cellState": "REGULAR", "date": "2025-06-16", "start": "2025-06-16T18:00", "end": "2025-06-16T21:15", "type": "NORMAL_TEACHING_PERIOD"}, {"classID": 1120, "schoolID": "2248000", "subject": [{"current": {"type": "SUBJECT", "status": "REGULAR", "shortName": "AUT -M", "longName": "Automatisierungstechnik (M)", "displayName": "AUT -M"}, "removed": null}], "location": [{"current": {"type": "ROOM", "status": "REGULAR", "shortName": "E06", "longName": "E06 Erdetage", "displayName": "E06"}, "removed": null}], "teacher": [{"current": {"type": "TEACHER", "status": "REGULAR", "shortName": "LUET", "longName": "L\u00fctzen", "displayName": "LUET"}, "removed": null}], "cellState": "REGULAR", "date": "2025-06-16", "start": "2025-06-16T18:00", "end": "2025-06-16T21:15", "type": "NORMAL_TEACHING_PERIOD"}, {"classID": 1102, "schoolID": "2248000", "subject": [{"current": {"type": "SUBJECT", "status": "REGULAR", "shortName": "MAT", "longName": "Mathematik", "displayName": "MAT"}, "removed": null}], "location": [{"current": {"type": "ROOM", "status": "REGULAR", "shortName": "E05", "longName": "E05 Erdetage", "displayName": "E05"}, "removed": null}], "teacher": [{"current": {"type": "TEACHER", "status": "REGULAR", "shortName": "ROHN", "longName": "Rohlfs", "displayName": "ROHN"}, "removed": null}], "cellState": "REGULAR", "date": "2025-06-16", "start": "2025-06-16T08:00", "end": "2025-06-16T09:30", "type": "NORMAL_TEACHING_PERIOD"}, {"classID": 1102, "schoolID": "2248000", "subject": [{"current": {"type": "SUBJECT", "status": "REGULAR", "shortName": "LF3_BST", "longName": "Lernfeld 3 - Ein Kellergeschoss planen", "displayName": "LF3_BST"}, "removed": null}], "location": [{"current": {"type": "ROOM", "status": "REGULAR", "shortName": "E05", "longName": "E05 Erdetage", "displayName": "E05"}, "removed": null}], "teacher": [{"current": {"type": "TEACHER", "status": "REGULAR", "shortName": "ELBE", "longName": "Elberding", "displayName": "ELBE"}, "removed": null}], "cellState": "REGULAR", "date": "2025-06-16", "start": "2025-06-16T09:45", "end": "2025-06-16T11:15", "type": "NORMAL_TEACHING_PERIOD"}, {"classID": 1102, "schoolID": "2248000", "subject": [{"current": {"type": "SUBJECT", "status": "REGULAR", "shortName": "NWI -P", "longName": "Naturwissenschaften (Physik)", "displayName": "NWI -P"}, "removed": null}], "location": [{"current": {"type": "ROOM", "status": "REGULAR", "shortName": "E05", "longName": "E05 Erdetage", "displayName": "E05"}, "removed": null}], "teacher": [{"current": {"type": "TEACHER", "status": "REGULAR", "shortName": "WYPU", "longName": "Wyputta", "displayName": "WYPU"}, "removed": null}], "cellState": "REGULAR", "date": "2025-06-16", "start": "2025-06-16T11:45", "end": "2025-06-16T13:15", "type": "NORMAL_TEACHING_PERIOD"}, {"classID": 1102, "schoolID": "2248000", "subject": [{"current": {"type": "SUBJECT", "status": "REGULAR", "shortName": "LF3 Brandschutz", "longName": "LF3 Brandschutz", "displayName": "LF3 Brandschutz"}, "removed": null}], "location": [{"current": {"type": "ROOM", "status": "REGULAR", "shortName": "E05", "longName": "E05 Erdetage", "displayName": "E05"}, "removed": null}], "teacher": [{"current": {"type": "TEACHER", "status": "REGULAR", "shortName": "BRUH", "longName": "Bruhn", "displayName": "BRUH"}, "removed": null}], "cellState": "REGULAR", "date": "2025-06-16", "start": "2025-06-16T13:30", "end": "2025-06-16T15:00", "type": "NORMAL_TEACHING_PERIOD"}, {"classID": 1111, "schoolID": "2248000", "subject": [{"current": {"type": "SUBJECT", "status": "REGULAR", "shortName": "PRO -B", "longName": "Projektarbeit (B)", "displayName": "PRO -B"}, "removed": null}], "location": [{"current": {"type": "ROOM", "status": "REGULAR", "shortName": "A-H", "longName": "Au\u00dfer Haus", "displayName": "A-H"}, "removed": null}], "teacher": "", "cellState": "REGULAR", "date": "2025-06-16", "start": "2025-06-16T08:00", "end": "2025-06-16T11:15", "type": "NORMAL_TEACHING_PERIOD"}, {"classID": 1147, "schoolID": "2248000", "subject": [{"current": {"type": "SUBJECT", "status": "REGULAR", "shortName": "MAT", "longName": "Mathematik", "displayName": "MAT"}, "removed": null}], "location": [{"current": {"type": "ROOM", "status": "REGULAR", "shortName": "A-H", "longName": "Au\u00dfer Haus", "displayName": "A-H"}, "removed": null}], "teacher": [{"current": {"type": "TEACHER", "status": "REGULAR", "shortName": "FIND", "longName": "Findeisen", "displayName": "FIND"}, "removed": null}], "cellState": "REGULAR", "date": "2025-06-16", "start": "2025-06-16T08:00", "end": "2025-06-16T09:30", "type": "NORMAL_TEACHING_PERIOD"}, {"classID": 1147, "schoolID": "2248000", "subject": [{"current": {"type": "SUBJECT", "status": "REGULAR", "shortName": "LF3_BST", "longName": "Lernfeld 3 - Ein Kellergeschoss planen", "displayName": "LF3_BST"}, "removed": null}], "location": [{"current": {"type": "ROOM", "status": "REGULAR", "shortName": "E05", "longName": "E05 Erdetage", "displayName": "E05"}, "removed": null}], "teacher": [{"current": {"type": "TEACHER", "status": "REGULAR", "shortName": "ELBE", "longName": "Elberding", "displayName": "ELBE"}, "removed": null}], "cellState": "REGULAR", "date": "2025-06-16", "start": "2025-06-16T09:45", "end": "2025-06-16T11:15", "type": "NORMAL_TEACHING_PERIOD"}, {"classID": 1147, "schoolID": "2248000", "subject": [{"current": {"type": "SUBJECT", "status": "REGULAR", "shortName": "TKO DT", "longName": "TKO DT", "displayName": "TKO DT"}, "removed": null}], "location": [{"current": {"type": "ROOM", "status": "REGULAR", "shortName": "107", "longName": "107 -1 Etage -", "displayName": "107"}, "removed": null}], "teacher": [{"current": {"type": "TEACHER", "status": "REGULAR", "shortName": "SVOB", "longName": "Svoboda", "displayName": "SVOB"}, "removed": null}], "cellState": "REGULAR", "date": "2025-06-16", "start": "2025-06-16T11:45", "end": "2025-06-16T13:15", "type": "NORMAL_TEACHING_PERIOD"}, {"classID": 1147, "schoolID": "2248000", "subject": [{"current": {"type": "SUBJECT", "status": "REGULAR", "shortName": "TKO DT", "longName": "TKO DT", "displayName": "TKO DT"}, "removed": null}], "location": [{"current": {"type": "ROOM", "status": "REGULAR", "shortName": "A-H", "longName": "Au\u00dfer Haus", "displayName": "A-H"}, "removed": null}], "teacher": [{"current": {"type": "TEACHER", "status": "REGULAR", "shortName": "SVOB", "longName": "Svoboda", "displayName": "SVOB"}, "removed": null}], "cellState": "REGULAR", "date": "2025-06-16", "start": "2025-06-16T13:30", "end": "2025-06-16T15:00", "type": "NORMAL_TEACHING_PERIOD"}, {"classID": 1144, "schoolID": "2248000", "subject": [{"current": {"type": "SUBJECT", "status": "REGULAR", "shortName": "MAT", "longName": "Mathematik", "displayName": "MAT"}, "removed": null}], "location": [{"current": {"type": "ROOM", "status": "REGULAR", "shortName": "A-H", "longName": "Au\u00dfer Haus", "displayName": "A-H"}, "removed": null}], "teacher": [{"current": {"type": "TEACHER", "status": "REGULAR", "shortName": "FIND", "longName": "Findeisen", "displayName": "FIND"}, "removed": null}], "cellState": "REGULAR", "date": "2025-06-16", "start": "2025-06-16T08:00", "end": "2025-06-16T09:30", "type": "NORMAL_TEACHING_PERIOD"}, {"classID": 1144, "schoolID": "2248000", "subject": [{"current": {"type": "SUBJECT", "status": "REGULAR", "shortName": "QMA", "longName": "Qualit\u00e4tsmanagement", "displayName": "QMA"}, "removed": null}], "location": [{"current": {"type": "ROOM", "status": "REGULAR", "shortName": "109", "longName": "109 -1 Etage -", "displayName": "109"}, "removed": null}], "teacher": [{"current": {"type": "TEACHER", "status": "REGULAR", "shortName": "KREU", "longName": "Kreutz", "displayName": "KREU"}, "removed": null}], "cellState": "REGULAR", "date": "2025-06-16", "start": "2025-06-16T09:45", "end": "2025-06-16T11:15", "type": "NORMAL_TEACHING_PERIOD"}, {"classID": 1144, "schoolID": "2248000", "subject": [{"current": {"type": "SUBJECT", "status": "REGULAR", "shortName": "TKO DT", "longName": "TKO DT", "displayName": "TKO DT"}, "removed": null}], "location": [{"current": {"type": "ROOM", "status": "REGULAR", "shortName": "107", "longName": "107 -1 Etage -", "displayName": "107"}, "removed": null}], "teacher": [{"current": {"type": "TEACHER", "status": "REGULAR", "shortName": "SVOB", "longName": "Svoboda", "displayName": "SVOB"}, "removed": null}], "cellState": "REGULAR", "date": "2025-06-16", "start": "2025-06-16T11:45", "end": "2025-06-16T13:15", "type": "NORMAL_TEACHING_PERIOD"}, {"classID": 1144, "schoolID": "2248000", "subject": [{"current": {"type": "SUBJECT", "status": "REGULAR", "shortName": "TKO DT", "longName": "TKO DT", "displayName": "TKO DT"}, "removed": null}], "location": [{"current": {"type": "ROOM", "status": "REGULAR", "shortName": "A-H", "longName": "Au\u00dfer Haus", "displayName": "A-H"}, "removed": null}], "teacher": [{"current": {"type": "TEACHER", "status": "REGULAR", "shortName": "SVOB", "longName": "Svoboda", "displayName": "SVOB"}, "removed": null}], "cellState": "REGULAR", "date": "2025-06-16", "start": "2025-06-16T13:30", "end": "2025-06-16T15:00", "type": "NORMAL_TEACHING_PERIOD"}, {"classID": 1135, "schoolID": "2248000", "subject": [{"current": {"type": "SUBJECT", "status": "REGULAR", "shortName": "MAT", "longName": "Mathematik", "displayName": "MAT"}, "removed": null}], "location": [{"current": {"type": "ROOM", "status": "REGULAR", "shortName": "A-H", "longName": "Au\u00dfer Haus", "displayName": "A-H"}, "removed": null}], "teacher": [{"current": {"type": "TEACHER", "status": "REGULAR", "shortName": "FIND", "longName": "Findeisen", "displayName": "FIND"}, "removed": null}], "cellState": "REGULAR", "date": "2025-06-16", "start": "2025-06-16T08:00", "end": "2025-06-16T09:30", "type": "NORMAL_TEACHING_PERIOD"}, {"classID": 1135, "schoolID": "2248000", "subject": [{"current": {"type": "SUBJECT", "status": "REGULAR", "shortName": "LF3_Ergo", "longName": "LF3_Ergo", "displayName": "LF3_Ergo"}, "removed": null}], "location": [{"current": {"type": "ROOM", "status": "REGULAR", "shortName": "ABZ", "longName": "Ausbildungszentum", "displayName": "ABZ"}, "removed": null}], "teacher": [{"current": {"type": "TEACHER", "status": "REGULAR", "shortName": "BRUH", "longName": "Bruhn", "displayName": "BRUH"}, "removed": null}], "cellState": "REGULAR", "date": "2025-06-16", "start": "2025-06-16T09:45", "end": "2025-06-16T11:15", "type": "NORMAL_TEACHING_PERIOD"}, {"classID": 1135, "schoolID": "2248000", "subject": [{"current": {"type": "SUBJECT", "status": "REGULAR", "shortName": "TKO DT", "longName": "TKO DT", "displayName": "TKO DT"}, "removed": null}], "location": [{"current": {"type": "ROOM", "status": "REGULAR", "shortName": "107", "longName": "107 -1 Etage -", "displayName": "107"}, "removed": null}], "teacher": [{"current": {"type": "TEACHER", "status": "REGULAR", "shortName": "SVOB", "longName": "Svoboda", "displayName": "SVOB"}, "removed": null}], "cellState": "REGULAR", "date": "2025-06-16", "start": "2025-06-16T11:45", "end": "2025-06-16T13:15", "type": "NORMAL_TEACHING_PERIOD"}, {"classID": 1135, "schoolID": "2248000", "subject": [{"current": {"type": "SUBJECT", "status": "REGULAR", "shortName": "TKO DT", "longName": "TKO DT", "displayName": "TKO DT"}, "removed": null}], "location": [{"current": {"type": "ROOM", "status": "REGULAR", "shortName": "A-H", "longName": "Au\u00dfer Haus", "displayName": "A-H"}, "removed": null}], "teacher": [{"current": {"type": "TEACHER", "status": "REGULAR", "shortName": "SVOB", "longName": "Svoboda", "displayName": "SVOB"}, "removed": null}], "cellState": "REGULAR", "date": "2025-06-16", "start": "2025-06-16T13:30", "end": "2025-06-16T15:00", "type": "NORMAL_TEACHING_PERIOD"}, {"classID": 1099, "schoolID": "2248000", "subject": [{"current": {"type": "SUBJECT", "status": "REGULAR", "shortName": "TKO-E", "longName": "TKO-E", "displayName": "TKO-E"}, "removed": null}], "location": [{"current": {"type": "ROOM", "status": "REGULAR", "shortName": "109", "longName": "109 -1 Etage -", "displayName": "109"}, "removed": null}], "teacher": [{"current": {"type": "TEACHER", "status": "REGULAR", "shortName": "SVOB", "longName": "Svoboda", "displayName": "SVOB"}, "removed": null}], "cellState": "REGULAR", "date": "2025-06-16", "start": "2025-06-16T08:00", "end": "2025-06-16T09:30", "type": "NORMAL_TEACHING_PERIOD"}, {"classID": 1099, "schoolID": "2248000", "subject": [{"current": {"type": "SUBJECT", "status": "REGULAR", "shortName": "QMA", "longName": "Qualit\u00e4tsmanagement", "displayName": "QMA"}, "removed": null}], "location": [{"current": {"type": "ROOM", "status": "REGULAR", "shortName": "109", "longName": "109 -1 Etage -", "displayName": "109"}, "removed": null}], "teacher": [{"current": {"type": "TEACHER", "status": "REGULAR", "shortName": "KREU", "longName": "Kreutz", "displayName": "KREU"}, "removed": null}], "cellState": "REGULAR", "date": "2025-06-16", "start": "2025-06-16T09:45", "end": "2025-06-16T11:15", "type": "NORMAL_TEACHING_PERIOD"}, {"classID": 1099, "schoolID": "2248000", "subject": [{"current": {"type": "SUBJECT", "status": "REGULAR", "shortName": "NWI -C", "longName": "Naturwissenschaften (Chemie)", "displayName": "NWI -C"}, "removed": null}], "location": [{"current": {"type": "ROOM", "status": "REGULAR", "shortName": "109", "longName": "109 -1 Etage -", "displayName": "109"}, "removed": null}], "teacher": [{"current": {"type": "TEACHER", "status": "REGULAR", "shortName": "BRUH", "longName": "Bruhn", "displayName": "BRUH"}, "removed": null}], "cellState": "REGULAR", "date": "2025-06-16", "start": "2025-06-16T11:45", "end": "2025-06-16T13:15", "type": "NORMAL_TEACHING_PERIOD"}, {"classID": 1105, "schoolID": "2248000", "subject": [{"current": {"type": "SUBJECT", "status": "REGULAR", "shortName": "DEU", "longName": "Deutsch", "displayName": "DEU"}, "removed": null}], "location": [{"current": {"type": "ROOM", "status": "REGULAR", "shortName": "E04", "longName": "E04 Erdetage", "displayName": "E04"}, "removed": null}], "teacher": [{"current": {"type": "TEACHER", "status": "REGULAR", "shortName": "STOC", "longName": "Stockleben", "displayName": "STOC"}, "removed": null}], "cellState": "REGULAR", "date": "2025-06-16", "start": "2025-06-16T08:00", "end": "2025-06-16T09:30", "type": "NORMAL_TEACHING_PERIOD"}, {"classID": 1105, "schoolID": "2248000", "subject": [{"current": {"type": "SUBJECT", "status": "REGULAR", "shortName": "LF3_Ergo", "longName": "LF3_Ergo", "displayName": "LF3_Ergo"}, "removed": null}], "location": [{"current": {"type": "ROOM", "status": "REGULAR", "shortName": "ABZ", "longName": "Ausbildungszentum", "displayName": "ABZ"}, "removed": null}], "teacher": [{"current": {"type": "TEACHER", "status": "REGULAR", "shortName": "BRUH", "longName": "Bruhn", "displayName": "BRUH"}, "removed": null}], "cellState": "REGULAR", "date": "2025-06-16", "start": "2025-06-16T09:45", "end": "2025-06-16T11:15", "type": "NORMAL_TEACHING_PERIOD"}, {"classID": 1105, "schoolID": "2248000", "subject": [{"current": {"type": "SUBJECT", "status": "REGULAR", "shortName": "MAT", "longName": "Mathematik", "displayName": "MAT"}, "removed": null}], "location": [{"current": {"type": "ROOM", "status": "REGULAR", "shortName": "E04", "longName": "E04 Erdetage", "displayName": "E04"}, "removed": null}], "teacher": [{"current": {"type": "TEACHER", "status": "REGULAR", "shortName": "ROHL", "longName": "Rohlf", "displayName": "ROHL"}, "removed": null}], "cellState": "REGULAR", "date": "2025-06-16", "start": "2025-06-16T11:45", "end": "2025-06-16T13:15", "type": "NORMAL_TEACHING_PERIOD"}, {"classID": 1105, "schoolID": "2248000", "subject": [{"current": {"type": "SUBJECT", "status": "REGULAR", "shortName": "LF2 Vertrieb", "longName": "LF2 Vertrieb", "displayName": "LF2 Vertrieb"}, "removed": null}], "location": [{"current": {"type": "ROOM", "status": "REGULAR", "shortName": "E04", "longName": "E04 Erdetage", "displayName": "E04"}, "removed": null}], "teacher": [{"current": {"type": "TEACHER", "status": "REGULAR", "shortName": "SAEM", "longName": "S\u00e4mann", "displayName": "SAEM"}, "removed": null}], "cellState": "REGULAR", "date": "2025-06-16", "start": "2025-06-16T13:30", "end": "2025-06-16T15:00", "type": "NORMAL_TEACHING_PERIOD"}, {"classID": 1108, "schoolID": "2248000", "subject": [{"current": {"type": "SUBJECT", "status": "REGULAR", "shortName": "LF6 FTE", "longName": "LF6 FTE", "displayName": "LF6 FTE"}, "removed": null}], "location": [{"current": {"type": "ROOM", "status": "REGULAR", "shortName": "108", "longName": "108 -1 Etage -", "displayName": "108"}, "removed": null}], "teacher": [{"current": {"type": "TEACHER", "status": "REGULAR", "shortName": "WINK", "longName": "Winkler", "displayName": "WINK"}, "removed": null}], "cellState": "REGULAR", "date": "2025-06-16", "start": "2025-06-16T08:00", "end": "2025-06-16T09:30", "type": "NORMAL_TEACHING_PERIOD"}, {"classID": 1108, "schoolID": "2248000", "subject": [{"current": {"type": "SUBJECT", "status": "REGULAR", "shortName": "LF5 FTE", "longName": "LF5 FTE", "displayName": "LF5 FTE"}, "removed": null}], "location": [{"current": {"type": "ROOM", "status": "REGULAR", "shortName": "108", "longName": "108 -1 Etage -", "displayName": "108"}, "removed": null}], "teacher": [{"current": {"type": "TEACHER", "status": "REGULAR", "shortName": "WINK", "longName": "Winkler", "displayName": "WINK"}, "removed": null}], "cellState": "REGULAR", "date": "2025-06-16", "start": "2025-06-16T09:45", "end": "2025-06-16T11:15", "type": "NORMAL_TEACHING_PERIOD"}, {"classID": 1108, "schoolID": "2248000", "subject": [{"current": {"type": "SUBJECT", "status": "REGULAR", "shortName": "MAT", "longName": "Mathematik", "displayName": "MAT"}, "removed": null}], "location": [{"current": {"type": "ROOM", "status": "REGULAR", "shortName": "108", "longName": "108 -1 Etage -", "displayName": "108"}, "removed": null}], "teacher": [{"current": {"type": "TEACHER", "status": "REGULAR", "shortName": "ROHN", "longName": "Rohlfs", "displayName": "ROHN"}, "removed": null}], "cellState": "REGULAR", "date": "2025-06-16", "start": "2025-06-16T11:45", "end": "2025-06-16T13:15", "type": "NORMAL_TEACHING_PERIOD"}, {"classID": 1108, "schoolID": "2248000", "subject": [{"current": {"type": "SUBJECT", "status": "REGULAR", "shortName": "LF5 KON", "longName": "LF5 KON", "displayName": "LF5 KON"}, "removed": null}], "location": [{"current": {"type": "ROOM", "status": "REGULAR", "shortName": "108", "longName": "108 -1 Etage -", "displayName": "108"}, "removed": null}], "teacher": [{"current": {"type": "TEACHER", "status": "REGULAR", "shortName": "GROE", "longName": "Groer", "displayName": "GROE"}, "removed": null}], "cellState": "REGULAR", "date": "2025-06-16", "start": "2025-06-16T13:30", "end": "2025-06-16T15:00", "type": "NORMAL_TEACHING_PERIOD"}, {"classID": 1117, "schoolID": "2248000", "subject": [{"current": {"type": "SUBJECT", "status": "REGULAR", "shortName": "BWI-1", "longName": "Betriebswirtschaft-rechtliche Grundlagen", "displayName": "BWI-1"}, "removed": null}], "location": [{"current": {"type": "ROOM", "status": "REGULAR", "shortName": "109", "longName": "109 -1 Etage -", "displayName": "109"}, "removed": null}], "teacher": [{"current": {"type": "TEACHER", "status": "REGULAR", "shortName": "BRAU", "longName": "Brandt", "displayName": "BRAU"}, "removed": null}], "cellState": "REGULAR", "date": "2025-06-17", "start": "2025-06-17T18:00", "end": "2025-06-17T21:15", "type": "EXAM"}, {"classID": 1123, "schoolID": "2248000", "subject": [{"current": {"type": "SUBJECT", "status": "REGULAR", "shortName": "AUT -M", "longName": "Automatisierungstechnik (M)", "displayName": "AUT -M"}, "removed": null}], "location": [{"current": {"type": "ROOM", "status": "REGULAR", "shortName": "106", "longName": "106 -1 Etage -", "displayName": "106"}, "removed": null}], "teacher": [{"current": {"type": "TEACHER", "status": "REGULAR", "shortName": "IBRA", "longName": "Ibrahim", "displayName": "IBRA"}, "removed": null}], "cellState": "REGULAR", "date": "2025-06-17", "start": "2025-06-17T18:00", "end": "2025-06-17T21:15", "type": "NORMAL_TEACHING_PERIOD"}, {"classID": 1126, "schoolID": "2248000", "subject": [{"current": {"type": "SUBJECT", "status": "REGULAR", "shortName": "ESY -NET", "longName": "ESY Netzwerke", "displayName": "ESY -NET"}, "removed": null}], "location": [{"current": {"type": "ROOM", "status": "REGULAR", "shortName": "107", "longName": "107 -1 Etage -", "displayName": "107"}, "removed": null}], "teacher": [{"current": {"type": "TEACHER", "status": "REGULAR", "shortName": "KOSS", "longName": "Kossow", "displayName": "KOSS"}, "removed": null}], "cellState": "REGULAR", "date": "2025-06-17", "start": "2025-06-17T18:00", "end": "2025-06-17T21:15", "type": "NORMAL_TEACHING_PERIOD"}, {"classID": 1132, "schoolID": "2248000", "subject": [{"current": {"type": "SUBJECT", "status": "REGULAR", "shortName": "AUT -M", "longName": "Automatisierungstechnik (M)", "displayName": "AUT -M"}, "removed": null}], "location": [{"current": {"type": "ROOM", "status": "REGULAR", "shortName": "A-H", "longName": "Au\u00dfer Haus", "displayName": "A-H"}, "removed": null}], "teacher": [{"current": {"type": "TEACHER", "status": "REGULAR", "shortName": "KREU", "longName": "Kreutz", "displayName": "KREU"}, "removed": null}], "cellState": "REGULAR", "date": "2025-06-17", "start": "2025-06-17T18:00", "end": "2025-06-17T21:15", "type": "NORMAL_TEACHING_PERIOD"}, {"classID": 1129, "schoolID": "2248000", "subject": [{"current": {"type": "SUBJECT", "status": "REGULAR", "shortName": "LF3_Ergo", "longName": "LF3_Ergo", "displayName": "LF3_Ergo"}, "removed": null}], "location": [{"current": {"type": "ROOM", "status": "REGULAR", "shortName": "108", "longName": "108 -1 Etage -", "displayName": "108"}, "removed": null}], "teacher": [{"current": {"type": "TEACHER", "status": "REGULAR", "shortName": "MEYE", "longName": "Meyer-Well\u00dfow", "displayName": "MEYE"}, "removed": null}], "cellState": "REGULAR", "date": "2025-06-17", "start": "2025-06-17T18:00", "end": "2025-06-17T21:15", "type": "NORMAL_TEACHING_PERIOD"}, {"classID": 1114, "schoolID": "2248000", "subject": [{"current": {"type": "SUBJECT", "status": "REGULAR", "shortName": "FMA", "longName": "Fertigungsmaschinen", "displayName": "FMA"}, "removed": null}], "location": [{"current": {"type": "ROOM", "status": "REGULAR", "shortName": "E04", "longName": "E04 Erdetage", "displayName": "E04"}, "removed": null}], "teacher": [{"current": {"type": "TEACHER", "status": "REGULAR", "shortName": "BECH", "longName": "BECH", "displayName": "BECH"}, "removed": null}], "cellState": "REGULAR", "date": "2025-06-17", "start": "2025-06-17T18:00", "end": "2025-06-17T21:15", "type": "NORMAL_TEACHING_PERIOD"}, {"classID": 1120, "schoolID": "2248000", "subject": [{"current": {"type": "SUBJECT", "status": "REGULAR", "shortName": "FTE", "longName": "Fertigungstechnik", "displayName": "FTE"}, "removed": null}], "location": [{"current": {"type": "ROOM", "status": "REGULAR", "shortName": "E06", "longName": "E06 Erdetage", "displayName": "E06"}, "removed": null}], "teacher": [{"current": {"type": "TEACHER", "status": "REGULAR", "shortName": "FINZ", "longName": "Finzenhagen", "displayName": "FINZ"}, "removed": null}], "cellState": "REGULAR", "date": "2025-06-17", "start": "2025-06-17T18:00", "end": "2025-06-17T21:15", "type": "NORMAL_TEACHING_PERIOD"}, {"classID": 1102, "schoolID": "2248000", "subject": [{"current": {"type": "SUBJECT", "status": "REGULAR", "shortName": "LF3_BST", "longName": "Lernfeld 3 - Ein Kellergeschoss planen", "displayName": "LF3_BST"}, "removed": null}], "location": [{"current": {"type": "ROOM", "status": "REGULAR", "shortName": "E05", "longName": "E05 Erdetage", "displayName": "E05"}, "removed": null}], "teacher": [{"current": {"type": "TEACHER", "status": "REGULAR", "shortName": "ELBE", "longName": "Elberding", "displayName": "ELBE"}, "removed": null}], "cellState": "REGULAR", "date": "2025-06-17", "start": "2025-06-17T08:00", "end": "2025-06-17T09:30", "type": "NORMAL_TEACHING_PERIOD"}, {"classID": 1102, "schoolID": "2248000", "subject": [{"current": {"type": "SUBJECT", "status": "REGULAR", "shortName": "WPO", "longName": "Wirtschaft/Politik", "displayName": "WPO"}, "removed": null}], "location": [{"current": {"type": "ROOM", "status": "REGULAR", "shortName": "E05", "longName": "E05 Erdetage", "displayName": "E05"}, "removed": null}], "teacher": [{"current": {"type": "TEACHER", "status": "REGULAR", "shortName": "KROL", "longName": "Krol", "displayName": "KROL"}, "removed": null}], "cellState": "REGULAR", "date": "2025-06-17", "start": "2025-06-17T09:45", "end": "2025-06-17T11:15", "type": "NORMAL_TEACHING_PERIOD"}, {"classID": 1102, "schoolID": "2248000", "subject": [{"current": {"type": "SUBJECT", "status": "REGULAR", "shortName": "NWI -P", "longName": "Naturwissenschaften (Physik)", "displayName": "NWI -P"}, "removed": null}], "location": [{"current": {"type": "ROOM", "status": "REGULAR", "shortName": "A-H", "longName": "Au\u00dfer Haus", "displayName": "A-H"}, "removed": null}], "teacher": [{"current": {"type": "TEACHER", "status": "REGULAR", "shortName": "WYPU", "longName": "Wyputta", "displayName": "WYPU"}, "removed": null}], "cellState": "REGULAR", "date": "2025-06-17", "start": "2025-06-17T11:45", "end": "2025-06-17T13:15", "type": "NORMAL_TEACHING_PERIOD"}, {"classID": 1102, "schoolID": "2248000", "subject": [{"current": {"type": "SUBJECT", "status": "REGULAR", "shortName": "ENG", "longName": "Englisch", "displayName": "ENG"}, "removed": null}], "location": [{"current": {"type": "ROOM", "status": "REGULAR", "shortName": "A-H", "longName": "Au\u00dfer Haus", "displayName": "A-H"}, "removed": null}], "teacher": [{"current": {"type": "TEACHER", "status": "REGULAR", "shortName": "FISC", "longName": "Fischer", "displayName": "FISC"}, "removed": null}], "cellState": "REGULAR", "date": "2025-06-17", "start": "2025-06-17T13:30", "end": "2025-06-17T15:00", "type": "NORMAL_TEACHING_PERIOD"}, {"classID": 1111, "schoolID": "2248000", "subject": [{"current": {"type": "SUBJECT", "status": "REGULAR", "shortName": "LF5_HBK", "longName": "Lernfeld 5 - Ein Dach planen", "displayName": "LF5_HBK"}, "removed": null}], "location": [{"current": {"type": "ROOM", "status": "REGULAR", "shortName": "104", "longName": "104 -1 Etage -", "displayName": "104"}, "removed": null}], "teacher": [{"current": {"type": "TEACHER", "status": "REGULAR", "shortName": "ZETT", "longName": "Zett", "displayName": "ZETT"}, "removed": null}], "cellState": "REGULAR", "date": "2025-06-17", "start": "2025-06-17T08:00", "end": "2025-06-17T11:15", "type": "NORMAL_TEACHING_PERIOD"}, {"classID": 1111, "schoolID": "2248000", "subject": [{"current": {"type": "SUBJECT", "status": "REGULAR", "shortName": "LF6 BBE", "longName": "LF6 BBE", "displayName": "LF6 BBE"}, "removed": null}], "location": [{"current": {"type": "ROOM", "status": "REGULAR", "shortName": "104", "longName": "104 -1 Etage -", "displayName": "104"}, "removed": null}], "teacher": [{"current": {"type": "TEACHER", "status": "REGULAR", "shortName": "ALTW", "longName": "Altenburg", "displayName": "ALTW"}, "removed": null}], "cellState": "REGULAR", "date": "2025-06-17", "start": "2025-06-17T11:45", "end": "2025-06-17T13:15", "type": "NORMAL_TEACHING_PERIOD"}, {"classID": 1111, "schoolID": "2248000", "subject": [{"current": {"type": "SUBJECT", "status": "REGULAR", "shortName": "S-M", "longName": "St\u00fctzkurs Mathematik", "displayName": "S-M"}, "removed": null}], "location": [{"current": {"type": "ROOM", "status": "REGULAR", "shortName": "104", "longName": "104 -1 Etage -", "displayName": "104"}, "removed": null}], "teacher": [{"current": {"type": "TEACHER", "status": "REGULAR", "shortName": "VOSS", "longName": "Voss", "displayName": "VOSS"}, "removed": null}], "cellState": "REGULAR", "date": "2025-06-17", "start": "2025-06-17T13:30", "end": "2025-06-17T15:00", "type": "NORMAL_TEACHING_PERIOD"}, {"classID": 1111, "schoolID": "2248000", "subject": [{"current": {"type": "SUBJECT", "status": "REGULAR", "shortName": "LF9_HBK", "longName": "Lernfeld 9 - Die Planung eines Plusenergiehauses durchf\u00fchren", "displayName": "LF9_HBK"}, "removed": null}], "location": [{"current": {"type": "ROOM", "status": "REGULAR", "shortName": "A-H", "longName": "Au\u00dfer Haus", "displayName": "A-H"}, "removed": null}], "teacher": [{"current": {"type": "TEACHER", "status": "REGULAR", "shortName": "ZETT", "longName": "Zett", "displayName": "ZETT"}, "removed": null}], "cellState": "REGULAR", "date": "2025-06-17", "start": "2025-06-17T15:15", "end": "2025-06-17T16:45", "type": "NORMAL_TEACHING_PERIOD"}, {"classID": 1147, "schoolID": "2248000", "subject": [{"current": {"type": "SUBJECT", "status": "REGULAR", "shortName": "LF3_BST", "longName": "Lernfeld 3 - Ein Kellergeschoss planen", "displayName": "LF3_BST"}, "removed": null}], "location": [{"current": {"type": "ROOM", "status": "REGULAR", "shortName": "E05", "longName": "E05 Erdetage", "displayName": "E05"}, "removed": null}], "teacher": [{"current": {"type": "TEACHER", "status": "REGULAR", "shortName": "ELBE", "longName": "Elberding", "displayName": "ELBE"}, "removed": null}], "cellState": "REGULAR", "date": "2025-06-17", "start": "2025-06-17T08:00", "end": "2025-06-17T09:30", "type": "NORMAL_TEACHING_PERIOD"}, {"classID": 1147, "schoolID": "2248000", "subject": [{"current": {"type": "SUBJECT", "status": "REGULAR", "shortName": "MAT", "longName": "Mathematik", "displayName": "MAT"}, "removed": null}], "location": [{"current": {"type": "ROOM", "status": "REGULAR", "shortName": "107", "longName": "107 -1 Etage -", "displayName": "107"}, "removed": null}], "teacher": [{"current": {"type": "TEACHER", "status": "REGULAR", "shortName": "FIND", "longName": "Findeisen", "displayName": "FIND"}, "removed": null}], "cellState": "REGULAR", "date": "2025-06-17", "start": "2025-06-17T09:45", "end": "2025-06-17T11:15", "type": "NORMAL_TEACHING_PERIOD"}, {"classID": 1147, "schoolID": "2248000", "subject": [{"current": {"type": "SUBJECT", "status": "REGULAR", "shortName": "NWI -P", "longName": "Naturwissenschaften (Physik)", "displayName": "NWI -P"}, "removed": null}], "location": [{"current": {"type": "ROOM", "status": "REGULAR", "shortName": "107", "longName": "107 -1 Etage -", "displayName": "107"}, "removed": null}], "teacher": [{"current": {"type": "TEACHER", "status": "REGULAR", "shortName": "VOSS", "longName": "Voss", "displayName": "VOSS"}, "removed": null}], "cellState": "REGULAR", "date": "2025-06-17", "start": "2025-06-17T11:45", "end": "2025-06-17T13:15", "type": "NORMAL_TEACHING_PERIOD"}, {"classID": 1147, "schoolID": "2248000", "subject": [{"current": {"type": "SUBJECT", "status": "REGULAR", "shortName": "ENG", "longName": "Englisch", "displayName": "ENG"}, "removed": null}], "location": [{"current": {"type": "ROOM", "status": "REGULAR", "shortName": "107", "longName": "107 -1 Etage -", "displayName": "107"}, "removed": null}], "teacher": [{"current": {"type": "TEACHER", "status": "REGULAR", "shortName": "LEMK", "longName": "Lemke", "displayName": "LEMK"}, "removed": null}], "cellState": "REGULAR", "date": "2025-06-17", "start": "2025-06-17T13:30", "end": "2025-06-17T15:00", "type": "NORMAL_TEACHING_PERIOD"}, {"classID": 1144, "schoolID": "2248000", "subject": [{"current": {"type": "SUBJECT", "status": "REGULAR", "shortName": "PRM", "longName": "Projektmanagement", "displayName": "PRM"}, "removed": null}], "location": [{"current": {"type": "ROOM", "status": "REGULAR", "shortName": "A-H", "longName": "Au\u00dfer Haus", "displayName": "A-H"}, "removed": null}], "teacher": [{"current": {"type": "TEACHER", "status": "REGULAR", "shortName": "SVOB", "longName": "Svoboda", "displayName": "SVOB"}, "removed": null}], "cellState": "REGULAR", "date": "2025-06-17", "start": "2025-06-17T08:00", "end": "2025-06-17T09:30", "type": "NORMAL_TEACHING_PERIOD"}, {"classID": 1144, "schoolID": "2248000", "subject": [{"current": {"type": "SUBJECT", "status": "REGULAR", "shortName": "MAT", "longName": "Mathematik", "displayName": "MAT"}, "removed": null}], "location": [{"current": {"type": "ROOM", "status": "REGULAR", "shortName": "107", "longName": "107 -1 Etage -", "displayName": "107"}, "removed": null}], "teacher": [{"current": {"type": "TEACHER", "status": "REGULAR", "shortName": "FIND", "longName": "Findeisen", "displayName": "FIND"}, "removed": null}], "cellState": "REGULAR", "date": "2025-06-17", "start": "2025-06-17T09:45", "end": "2025-06-17T11:15", "type": "NORMAL_TEACHING_PERIOD"}, {"classID": 1144, "schoolID": "2248000", "subject": [{"current": {"type": "SUBJECT", "status": "REGULAR", "shortName": "NWI -P", "longName": "Naturwissenschaften (Physik)", "displayName": "NWI -P"}, "removed": null}], "location": [{"current": {"type": "ROOM", "status": "REGULAR", "shortName": "107", "longName": "107 -1 Etage -", "displayName": "107"}, "removed": null}], "teacher": [{"current": {"type": "TEACHER", "status": "REGULAR", "shortName": "VOSS", "longName": "Voss", "displayName": "VOSS"}, "removed": null}], "cellState": "REGULAR", "date": "2025-06-17", "start": "2025-06-17T11:45", "end": "2025-06-17T13:15", "type": "NORMAL_TEACHING_PERIOD"}, {"classID": 1144, "schoolID": "2248000", "subject": [{"current": {"type": "SUBJECT", "status": "REGULAR", "shortName": "ENG", "longName": "Englisch", "displayName": "ENG"}, "removed": null}], "location": [{"current": {"type": "ROOM", "status": "REGULAR", "shortName": "107", "longName": "107 -1 Etage -", "displayName": "107"}, "removed": null}], "teacher": [{"current": {"type": "TEACHER", "status": "REGULAR", "shortName": "LEMK", "longName": "Lemke", "displayName": "LEMK"}, "removed": null}], "cellState": "REGULAR", "date": "2025-06-17", "start": "2025-06-17T13:30", "end": "2025-06-17T15:00", "type": "NORMAL_TEACHING_PERIOD"}, {"classID": 1135, "schoolID": "2248000", "subject": [{"current": {"type": "SUBJECT", "status": "REGULAR", "shortName": "LF4 CAD", "longName": "LF4 CAD", "displayName": "LF4 CAD"}, "removed": null}], "location": [{"current": {"type": "ROOM", "status": "REGULAR", "shortName": "E04", "longName": "E04 Erdetage", "displayName": "E04"}, "removed": null}], "teacher": [{"current": {"type": "TEACHER", "status": "REGULAR", "shortName": "BECH", "longName": "BECH", "displayName": "BECH"}, "removed": null}], "cellState": "REGULAR", "date": "2025-06-17", "start": "2025-06-17T08:00", "end": "2025-06-17T09:30", "type": "NORMAL_TEACHING_PERIOD"}, {"classID": 1135, "schoolID": "2248000", "subject": [{"current": {"type": "SUBJECT", "status": "REGULAR", "shortName": "MAT", "longName": "Mathematik", "displayName": "MAT"}, "removed": null}], "location": [{"current": {"type": "ROOM", "status": "REGULAR", "shortName": "107", "longName": "107 -1 Etage -", "displayName": "107"}, "removed": null}], "teacher": [{"current": {"type": "TEACHER", "status": "REGULAR", "shortName": "FIND", "longName": "Findeisen", "displayName": "FIND"}, "removed": null}], "cellState": "REGULAR", "date": "2025-06-17", "start": "2025-06-17T09:45", "end": "2025-06-17T11:15", "type": "NORMAL_TEACHING_PERIOD"}, {"classID": 1135, "schoolID": "2248000", "subject": [{"current": {"type": "SUBJECT", "status": "REGULAR", "shortName": "NWI -P", "longName": "Naturwissenschaften (Physik)", "displayName": "NWI -P"}, "removed": null}], "location": [{"current": {"type": "ROOM", "status": "REGULAR", "shortName": "107", "longName": "107 -1 Etage -", "displayName": "107"}, "removed": null}], "teacher": [{"current": {"type": "TEACHER", "status": "REGULAR", "shortName": "VOSS", "longName": "Voss", "displayName": "VOSS"}, "removed": null}], "cellState": "REGULAR", "date": "2025-06-17", "start": "2025-06-17T11:45", "end": "2025-06-17T13:15", "type": "NORMAL_TEACHING_PERIOD"}, {"classID": 1135, "schoolID": "2248000", "subject": [{"current": {"type": "SUBJECT", "status": "REGULAR", "shortName": "ENG", "longName": "Englisch", "displayName": "ENG"}, "removed": null}], "location": [{"current": {"type": "ROOM", "status": "REGULAR", "shortName": "107", "longName": "107 -1 Etage -", "displayName": "107"}, "removed": null}], "teacher": [{"current": {"type": "TEACHER", "status": "REGULAR", "shortName": "LEMK", "longName": "Lemke", "displayName": "LEMK"}, "removed": null}], "cellState": "REGULAR", "date": "2025-06-17", "start": "2025-06-17T13:30", "end": "2025-06-17T15:00", "type": "NORMAL_TEACHING_PERIOD"}, {"classID": 1099, "schoolID": "2248000", "subject": [{"current": {"type": "SUBJECT", "status": "REGULAR", "shortName": "ELT", "longName": "Elektrotechnik", "displayName": "ELT"}, "removed": null}], "location": [{"current": {"type": "ROOM", "status": "REGULAR", "shortName": "109", "longName": "109 -1 Etage -", "displayName": "109"}, "removed": null}], "teacher": [{"current": {"type": "TEACHER", "status": "REGULAR", "shortName": "SAMM", "longName": "Samm", "displayName": "SAMM"}, "removed": null}], "cellState": "REGULAR", "date": "2025-06-17", "start": "2025-06-17T08:00", "end": "2025-06-17T09:30", "type": "NORMAL_TEACHING_PERIOD"}, {"classID": 1099, "schoolID": "2248000", "subject": [{"current": {"type": "SUBJECT", "status": "REGULAR", "shortName": "PRM", "longName": "Projektmanagement", "displayName": "PRM"}, "removed": null}], "location": [{"current": {"type": "ROOM", "status": "REGULAR", "shortName": "A-H", "longName": "Au\u00dfer Haus", "displayName": "A-H"}, "removed": null}], "teacher": [{"current": {"type": "TEACHER", "status": "REGULAR", "shortName": "SVOB", "longName": "Svoboda", "displayName": "SVOB"}, "removed": null}], "cellState": "REGULAR", "date": "2025-06-17", "start": "2025-06-17T08:00", "end": "2025-06-17T09:30", "type": "NORMAL_TEACHING_PERIOD"}, {"classID": 1099, "schoolID": "2248000", "subject": [{"current": {"type": "SUBJECT", "status": "REGULAR", "shortName": "WPO", "longName": "Wirtschaft/Politik", "displayName": "WPO"}, "removed": null}], "location": [{"current": {"type": "ROOM", "status": "REGULAR", "shortName": "109", "longName": "109 -1 Etage -", "displayName": "109"}, "removed": null}], "teacher": [{"current": {"type": "TEACHER", "status": "REGULAR", "shortName": "ZABE", "longName": "Zabel", "displayName": "ZABE"}, "removed": null}], "cellState": "REGULAR", "date": "2025-06-17", "start": "2025-06-17T09:45", "end": "2025-06-17T11:15", "type": "NORMAL_TEACHING_PERIOD"}, {"classID": 1099, "schoolID": "2248000", "subject": [{"current": {"type": "SUBJECT", "status": "REGULAR", "shortName": "ELK", "longName": "Elektronik", "displayName": "ELK"}, "removed": null}], "location": [{"current": {"type": "ROOM", "status": "ADDED", "shortName": "109", "longName": "109 -1 Etage -", "displayName": "109"}, "removed": {"type": "ROOM", "status": "REMOVED", "shortName": "106", "longName": "106 -1 Etage -", "displayName": "106"}}], "teacher": [{"current": {"type": "TEACHER", "status": "REGULAR", "shortName": "KOSS", "longName": "Kossow", "displayName": "KOSS"}, "removed": null}], "cellState": "CHANGED", "date": "2025-06-17", "start": "2025-06-17T11:45", "end": "2025-06-17T13:15", "type": "EXAM"}, {"classID": 1105, "schoolID": "2248000", "subject": [{"current": {"type": "SUBJECT", "status": "REGULAR", "shortName": "LF4 CAD", "longName": "LF4 CAD", "displayName": "LF4 CAD"}, "removed": null}], "location": [{"current": {"type": "ROOM", "status": "REGULAR", "shortName": "E04", "longName": "E04 Erdetage", "displayName": "E04"}, "removed": null}], "teacher": [{"current": {"type": "TEACHER", "status": "REGULAR", "shortName": "BECH", "longName": "BECH", "displayName": "BECH"}, "removed": null}], "cellState": "REGULAR", "date": "2025-06-17", "start": "2025-06-17T08:00", "end": "2025-06-17T09:30", "type": "NORMAL_TEACHING_PERIOD"}, {"classID": 1105, "schoolID": "2248000", "subject": [{"current": {"type": "SUBJECT", "status": "REGULAR", "shortName": "MAT", "longName": "Mathematik", "displayName": "MAT"}, "removed": null}], "location": [{"current": {"type": "ROOM", "status": "REGULAR", "shortName": "E04", "longName": "E04 Erdetage", "displayName": "E04"}, "removed": null}], "teacher": [{"current": {"type": "TEACHER", "status": "REGULAR", "shortName": "ROHL", "longName": "Rohlf", "displayName": "ROHL"}, "removed": null}], "cellState": "REGULAR", "date": "2025-06-17", "start": "2025-06-17T09:45", "end": "2025-06-17T11:15", "type": "NORMAL_TEACHING_PERIOD"}, {"classID": 1105, "schoolID": "2248000", "subject": [{"current": {"type": "SUBJECT", "status": "REGULAR", "shortName": "ENG", "longName": "Englisch", "displayName": "ENG"}, "removed": null}], "location": [{"current": {"type": "ROOM", "status": "REGULAR", "shortName": "E04", "longName": "E04 Erdetage", "displayName": "E04"}, "removed": null}], "teacher": [{"current": {"type": "TEACHER", "status": "REGULAR", "shortName": "LEMK", "longName": "Lemke", "displayName": "LEMK"}, "removed": null}], "cellState": "REGULAR", "date": "2025-06-17", "start": "2025-06-17T11:45", "end": "2025-06-17T13:15", "type": "NORMAL_TEACHING_PERIOD"}, {"classID": 1105, "schoolID": "2248000", "subject": [{"current": {"type": "SUBJECT", "status": "REGULAR", "shortName": "LF1 AUT", "longName": "LF1 AUT", "displayName": "LF1 AUT"}, "removed": null}], "location": [{"current": {"type": "ROOM", "status": "REGULAR", "shortName": "E04", "longName": "E04 Erdetage", "displayName": "E04"}, "removed": null}], "teacher": [{"current": {"type": "TEACHER", "status": "REGULAR", "shortName": "LUET", "longName": "L\u00fctzen", "displayName": "LUET"}, "removed": null}], "cellState": "REGULAR", "date": "2025-06-17", "start": "2025-06-17T13:30", "end": "2025-06-17T15:00", "type": "NORMAL_TEACHING_PERIOD"}, {"classID": 1105, "schoolID": "2248000", "subject": [{"current": {"type": "SUBJECT", "status": "REGULAR", "shortName": "S-M", "longName": "St\u00fctzkurs Mathematik", "displayName": "S-M"}, "removed": null}], "location": [{"current": {"type": "ROOM", "status": "REGULAR", "shortName": "E04", "longName": "E04 Erdetage", "displayName": "E04"}, "removed": null}], "teacher": [{"current": {"type": "TEACHER", "status": "REGULAR", "shortName": "VOSS", "longName": "Voss", "displayName": "VOSS"}, "removed": null}], "cellState": "REGULAR", "date": "2025-06-17", "start": "2025-06-17T15:15", "end": "2025-06-17T16:45", "type": "NORMAL_TEACHING_PERIOD"}, {"classID": 1108, "schoolID": "2248000", "subject": [{"current": {"type": "SUBJECT", "status": "REGULAR", "shortName": "LF8 US", "longName": "LF8 US", "displayName": "LF8 US"}, "removed": null}], "location": [{"current": {"type": "ROOM", "status": "REGULAR", "shortName": "108", "longName": "108 -1 Etage -", "displayName": "108"}, "removed": null}], "teacher": [{"current": {"type": "TEACHER", "status": "REGULAR", "shortName": "BRUH", "longName": "Bruhn", "displayName": "BRUH"}, "removed": null}], "cellState": "REGULAR", "date": "2025-06-17", "start": "2025-06-17T08:00", "end": "2025-06-17T11:15", "type": "NORMAL_TEACHING_PERIOD"}, {"classID": 1108, "schoolID": "2248000", "subject": [{"current": {"type": "SUBJECT", "status": "REGULAR", "shortName": "LF7 AUTO", "longName": "LF7 AUTO", "displayName": "LF7 AUTO"}, "removed": null}], "location": [{"current": {"type": "ROOM", "status": "REGULAR", "shortName": "102", "longName": "102 -1 Etage -", "displayName": "102"}, "removed": null}], "teacher": [{"current": {"type": "TEACHER", "status": "REGULAR", "shortName": "LENS", "longName": "Lensch-Franzen", "displayName": "LENS"}, "removed": null}], "cellState": "REGULAR", "date": "2025-06-17", "start": "2025-06-17T08:00", "end": "2025-06-17T09:30", "type": "NORMAL_TEACHING_PERIOD"}, {"classID": 1108, "schoolID": "2248000", "subject": [{"current": {"type": "SUBJECT", "status": "REGULAR", "shortName": "LF7 KON", "longName": "LF7 KON", "displayName": "LF7 KON"}, "removed": null}], "location": [{"current": {"type": "ROOM", "status": "REGULAR", "shortName": "102", "longName": "102 -1 Etage -", "displayName": "102"}, "removed": null}], "teacher": [{"current": {"type": "TEACHER", "status": "REGULAR", "shortName": "LENS", "longName": "Lensch-Franzen", "displayName": "LENS"}, "removed": null}], "cellState": "REGULAR", "date": "2025-06-17", "start": "2025-06-17T09:45", "end": "2025-06-17T11:15", "type": "NORMAL_TEACHING_PERIOD"}, {"classID": 1108, "schoolID": "2248000", "subject": [{"current": {"type": "SUBJECT", "status": "REGULAR", "shortName": "LF8 US", "longName": "LF8 US", "displayName": "LF8 US"}, "removed": null}], "location": [{"current": {"type": "ROOM", "status": "REGULAR", "shortName": "108", "longName": "108 -1 Etage -", "displayName": "108"}, "removed": null}], "teacher": [{"current": {"type": "TEACHER", "status": "REGULAR", "shortName": "BRUH", "longName": "Bruhn", "displayName": "BRUH"}, "removed": null}], "cellState": "REGULAR", "date": "2025-06-17", "start": "2025-06-17T11:45", "end": "2025-06-17T15:00", "type": "NORMAL_TEACHING_PERIOD"}, {"classID": 1108, "schoolID": "2248000", "subject": [{"current": {"type": "SUBJECT", "status": "REGULAR", "shortName": "LF7 AUTO", "longName": "LF7 AUTO", "displayName": "LF7 AUTO"}, "removed": null}], "location": [{"current": {"type": "ROOM", "status": "REGULAR", "shortName": "102", "longName": "102 -1 Etage -", "displayName": "102"}, "removed": null}], "teacher": [{"current": {"type": "TEACHER", "status": "REGULAR", "shortName": "LENS", "longName": "Lensch-Franzen", "displayName": "LENS"}, "removed": null}], "cellState": "REGULAR", "date": "2025-06-17", "start": "2025-06-17T11:45", "end": "2025-06-17T13:15", "type": "NORMAL_TEACHING_PERIOD"}, {"classID": 1108, "schoolID": "2248000", "subject": [{"current": {"type": "SUBJECT", "status": "REGULAR", "shortName": "LF7 KON", "longName": "LF7 KON", "displayName": "LF7 KON"}, "removed": null}], "location": [{"current": {"type": "ROOM", "status": "REGULAR", "shortName": "102", "longName": "102 -1 Etage -", "displayName": "102"}, "removed": null}], "teacher": [{"current": {"type": "TEACHER", "status": "REGULAR", "shortName": "LENS", "longName": "Lensch-Franzen", "displayName": "LENS"}, "removed": null}], "cellState": "REGULAR", "date": "2025-06-17", "start": "2025-06-17T13:30", "end": "2025-06-17T15:00", "type": "NORMAL_TEACHING_PERIOD"}, {"classID": 1102, "schoolID": "2248000", "subject": [{"current": {"type": "SUBJECT", "status": "REGULAR", "shortName": "LF2_BST", "longName": "Lernfeld 2 - Ein Bauwerk gr\u00fcnden", "displayName": "LF2_BST"}, "removed": null}], "location": [{"current": {"type": "ROOM", "status": "REGULAR", "shortName": "E05", "longName": "E05 Erdetage", "displayName": "E05"}, "removed": null}], "teacher": [{"current": {"type": "TEACHER", "status": "REGULAR", "shortName": "JANS", "longName": "Jan\u00dfen", "displayName": "JANS"}, "removed": null}], "cellState": "REGULAR", "date": "2025-06-18", "start": "2025-06-18T08:00", "end": "2025-06-18T09:30", "type": "NORMAL_TEACHING_PERIOD"}, {"classID": 1102, "schoolID": "2248000", "subject": [{"current": {"type": "SUBJECT", "status": "REGULAR", "shortName": "LF3_BST", "longName": "Lernfeld 3 - Ein Kellergeschoss planen", "displayName": "LF3_BST"}, "removed": null}], "location": [{"current": {"type": "ROOM", "status": "REGULAR", "shortName": "E06", "longName": "E06 Erdetage", "displayName": "E06"}, "removed": null}], "teacher": [{"current": {"type": "TEACHER", "status": "REGULAR", "shortName": "BRUH", "longName": "Bruhn", "displayName": "BRUH"}, "removed": null}], "cellState": "REGULAR", "date": "2025-06-18", "start": "2025-06-18T09:45", "end": "2025-06-18T11:15", "type": "NORMAL_TEACHING_PERIOD"}, {"classID": 1102, "schoolID": "2248000", "subject": [{"current": {"type": "SUBJECT", "status": "REGULAR", "shortName": "LF1_CAD-B", "longName": "CAD", "displayName": "LF1_CAD-B"}, "removed": null}], "location": [{"current": {"type": "ROOM", "status": "REGULAR", "shortName": "E05", "longName": "E05 Erdetage", "displayName": "E05"}, "removed": null}], "teacher": [{"current": {"type": "TEACHER", "status": "REGULAR", "shortName": "ELBE", "longName": "Elberding", "displayName": "ELBE"}, "removed": null}], "cellState": "REGULAR", "date": "2025-06-18", "start": "2025-06-18T11:45", "end": "2025-06-18T13:15", "type": "NORMAL_TEACHING_PERIOD"}, {"classID": 1102, "schoolID": "2248000", "subject": [{"current": {"type": "SUBJECT", "status": "REGULAR", "shortName": "BWI", "longName": "BWI", "displayName": "BWI"}, "removed": null}], "location": [{"current": {"type": "ROOM", "status": "REGULAR", "shortName": "E05", "longName": "E05 Erdetage", "displayName": "E05"}, "removed": null}], "teacher": [{"current": {"type": "TEACHER", "status": "REGULAR", "shortName": "SAEM", "longName": "S\u00e4mann", "displayName": "SAEM"}, "removed": null}], "cellState": "REGULAR", "date": "2025-06-18", "start": "2025-06-18T13:30", "end": "2025-06-18T15:00", "type": "NORMAL_TEACHING_PERIOD"}, {"classID": 1111, "schoolID": "2248000", "subject": [{"current": {"type": "SUBJECT", "status": "REGULAR", "shortName": "LF1_SBB", "longName": "Lernfeld 1 - Ein Grundst\u00fcck erschlie\u00dfen", "displayName": "LF1_SBB"}, "removed": null}], "location": [{"current": {"type": "ROOM", "status": "REGULAR", "shortName": "104", "longName": "104 -1 Etage -", "displayName": "104"}, "removed": null}], "teacher": [{"current": {"type": "TEACHER", "status": "REGULAR", "shortName": "ELBE", "longName": "Elberding", "displayName": "ELBE"}, "removed": null}], "cellState": "REGULAR", "date": "2025-06-18", "start": "2025-06-18T08:00", "end": "2025-06-18T09:30", "type": "NORMAL_TEACHING_PERIOD"}, {"classID": 1111, "schoolID": "2248000", "subject": [{"current": {"type": "SUBJECT", "status": "REGULAR", "shortName": "LF7_BST", "longName": "LF7_BST", "displayName": "LF7_BST"}, "removed": null}], "location": [{"current": {"type": "ROOM", "status": "REGULAR", "shortName": "104", "longName": "104 -1 Etage -", "displayName": "104"}, "removed": null}], "teacher": [{"current": {"type": "TEACHER", "status": "REGULAR", "shortName": "JANS", "longName": "Jan\u00dfen", "displayName": "JANS"}, "removed": null}], "cellState": "REGULAR", "date": "2025-06-18", "start": "2025-06-18T09:45", "end": "2025-06-18T11:15", "type": "NORMAL_TEACHING_PERIOD"}, {"classID": 1111, "schoolID": "2248000", "subject": [{"current": {"type": "SUBJECT", "status": "REGULAR", "shortName": "DEU", "longName": "Deutsch", "displayName": "DEU"}, "removed": null}], "location": [{"current": {"type": "ROOM", "status": "REGULAR", "shortName": "104", "longName": "104 -1 Etage -", "displayName": "104"}, "removed": null}], "teacher": [{"current": {"type": "TEACHER", "status": "REGULAR", "shortName": "JAGD", "longName": "Jagdmann", "displayName": "JAGD"}, "removed": null}], "cellState": "REGULAR", "date": "2025-06-18", "start": "2025-06-18T11:45", "end": "2025-06-18T13:15", "type": "NORMAL_TEACHING_PERIOD"}, {"classID": 1111, "schoolID": "2248000", "subject": [{"current": {"type": "SUBJECT", "status": "REGULAR", "shortName": "LF1_SBB", "longName": "Lernfeld 1 - Ein Grundst\u00fcck erschlie\u00dfen", "displayName": "LF1_SBB"}, "removed": null}], "location": [{"current": {"type": "ROOM", "status": "REGULAR", "shortName": "104", "longName": "104 -1 Etage -", "displayName": "104"}, "removed": null}], "teacher": [{"current": {"type": "TEACHER", "status": "REGULAR", "shortName": "ELBE", "longName": "Elberding", "displayName": "ELBE"}, "removed": null}], "cellState": "REGULAR", "date": "2025-06-18", "start": "2025-06-18T13:30", "end": "2025-06-18T15:00", "type": "NORMAL_TEACHING_PERIOD"}, {"classID": 1099, "schoolID": "2248000", "subject": [{"current": {"type": "SUBJECT", "status": "REGULAR", "shortName": "MAT", "longName": "Mathematik", "displayName": "MAT"}, "removed": null}], "location": [{"current": {"type": "ROOM", "status": "REGULAR", "shortName": "109", "longName": "109 -1 Etage -", "displayName": "109"}, "removed": null}], "teacher": [{"current": {"type": "TEACHER", "status": "REGULAR", "shortName": "IBRA", "longName": "Ibrahim", "displayName": "IBRA"}, "removed": null}], "cellState": "REGULAR", "date": "2025-06-18", "start": "2025-06-18T08:00", "end": "2025-06-18T09:30", "type": "NORMAL_TEACHING_PERIOD"}, {"classID": 1099, "schoolID": "2248000", "subject": [{"current": {"type": "SUBJECT", "status": "REGULAR", "shortName": "AUT", "longName": "Automatisierungstechnik (E)", "displayName": "AUT"}, "removed": null}], "location": [{"current": {"type": "ROOM", "status": "REGULAR", "shortName": "109", "longName": "109 -1 Etage -", "displayName": "109"}, "removed": null}], "teacher": [{"current": {"type": "TEACHER", "status": "REGULAR", "shortName": "KOSS", "longName": "Kossow", "displayName": "KOSS"}, "removed": null}], "cellState": "REGULAR", "date": "2025-06-18", "start": "2025-06-18T09:45", "end": "2025-06-18T11:15", "type": "NORMAL_TEACHING_PERIOD"}, {"classID": 1099, "schoolID": "2248000", "subject": [{"current": {"type": "SUBJECT", "status": "REGULAR", "shortName": "BWI-3", "longName": "Betriebswirtschaft- Verm\u00f6gensverteilung", "displayName": "BWI-3"}, "removed": null}], "location": [{"current": {"type": "ROOM", "status": "REGULAR", "shortName": "109", "longName": "109 -1 Etage -", "displayName": "109"}, "removed": null}], "teacher": [{"current": {"type": "TEACHER", "status": "REGULAR", "shortName": "BOYS", "longName": "Boysen", "displayName": "BOYS"}, "removed": null}], "cellState": "REGULAR", "date": "2025-06-18", "start": "2025-06-18T11:45", "end": "2025-06-18T13:15", "type": "NORMAL_TEACHING_PERIOD"}, {"classID": 1099, "schoolID": "2248000", "subject": [{"current": {"type": "SUBJECT", "status": "REGULAR", "shortName": "KON CAD", "longName": "KON CAD", "displayName": "KON CAD"}, "removed": null}], "location": [{"current": {"type": "ROOM", "status": "REGULAR", "shortName": "109", "longName": "109 -1 Etage -", "displayName": "109"}, "removed": null}], "teacher": [{"current": {"type": "TEACHER", "status": "REGULAR", "shortName": "BECH", "longName": "BECH", "displayName": "BECH"}, "removed": null}], "cellState": "REGULAR", "date": "2025-06-18", "start": "2025-06-18T13:30", "end": "2025-06-18T15:00", "type": "NORMAL_TEACHING_PERIOD"}, {"classID": 1105, "schoolID": "2248000", "subject": [{"current": {"type": "SUBJECT", "status": "REGULAR", "shortName": "TKO -M", "longName": "Technische Kommunikation (M)", "displayName": "TKO -M"}, "removed": null}], "location": [{"current": {"type": "ROOM", "status": "REGULAR", "shortName": "E04", "longName": "E04 Erdetage", "displayName": "E04"}, "removed": null}], "teacher": [{"current": {"type": "TEACHER", "status": "REGULAR", "shortName": "SVOB", "longName": "Svoboda", "displayName": "SVOB"}, "removed": null}], "cellState": "REGULAR", "date": "2025-06-18", "start": "2025-06-18T08:00", "end": "2025-06-18T09:30", "type": "NORMAL_TEACHING_PERIOD"}, {"classID": 1105, "schoolID": "2248000", "subject": [{"current": {"type": "SUBJECT", "status": "REGULAR", "shortName": "MLF6 TME", "longName": "Lernfeld 6 Technische Mechanik", "displayName": "MLF6 TME"}, "removed": null}], "location": [{"current": {"type": "ROOM", "status": "REGULAR", "shortName": "E04", "longName": "E04 Erdetage", "displayName": "E04"}, "removed": null}], "teacher": [{"current": {"type": "TEACHER", "status": "REGULAR", "shortName": "KUCH", "longName": "Kuchcinski", "displayName": "KUCH"}, "removed": null}], "cellState": "REGULAR", "date": "2025-06-18", "start": "2025-06-18T09:45", "end": "2025-06-18T11:15", "type": "NORMAL_TEACHING_PERIOD"}, {"classID": 1105, "schoolID": "2248000", "subject": [{"current": {"type": "SUBJECT", "status": "REGULAR", "shortName": "MLF6 TME", "longName": "Lernfeld 6 Technische Mechanik", "displayName": "MLF6 TME"}, "removed": null}], "location": [{"current": {"type": "ROOM", "status": "REGULAR", "shortName": "E04", "longName": "E04 Erdetage", "displayName": "E04"}, "removed": null}], "teacher": [{"current": {"type": "TEACHER", "status": "REGULAR", "shortName": "KUCH", "longName": "Kuchcinski", "displayName": "KUCH"}, "removed": null}], "cellState": "REGULAR", "date": "2025-06-18", "start": "2025-06-18T11:45", "end": "2025-06-18T13:15", "type": "NORMAL_TEACHING_PERIOD"}, {"classID": 1105, "schoolID": "2248000", "subject": [{"current": {"type": "SUBJECT", "status": "REGULAR", "shortName": "TKO -M", "longName": "Technische Kommunikation (M)", "displayName": "TKO -M"}, "removed": null}], "location": [{"current": {"type": "ROOM", "status": "REGULAR", "shortName": "A-H", "longName": "Au\u00dfer Haus", "displayName": "A-H"}, "removed": null}], "teacher": [{"current": {"type": "TEACHER", "status": "REGULAR", "shortName": "SVOB", "longName": "Svoboda", "displayName": "SVOB"}, "removed": null}], "cellState": "REGULAR", "date": "2025-06-18", "start": "2025-06-18T13:30", "end": "2025-06-18T15:00", "type": "NORMAL_TEACHING_PERIOD"}, {"classID": 1108, "schoolID": "2248000", "subject": [{"current": {"type": "SUBJECT", "status": "REGULAR", "shortName": "PRO -M", "longName": "Projektarbeit (M)", "displayName": "PRO -M"}, "removed": null}], "location": [{"current": {"type": "ROOM", "status": "REGULAR", "shortName": "A-H", "longName": "Au\u00dfer Haus", "displayName": "A-H"}, "removed": null}], "teacher": "", "cellState": "REGULAR", "date": "2025-06-18", "start": "2025-06-18T08:00", "end": "2025-06-18T11:15", "type": "NORMAL_TEACHING_PERIOD"}, {"classID": 1117, "schoolID": "2248000", "subject": [{"current": {"type": "SUBJECT", "status": "REGULAR", "shortName": "MAT", "longName": "Mathematik", "displayName": "MAT"}, "removed": null}], "location": [{"current": {"type": "ROOM", "status": "REGULAR", "shortName": "E04", "longName": "E04 Erdetage", "displayName": "E04"}, "removed": null}], "teacher": [{"current": {"type": "TEACHER", "status": "REGULAR", "shortName": "WOLF", "longName": "Wolf", "displayName": "WOLF"}, "removed": null}], "cellState": "REGULAR", "date": "2025-06-19", "start": "2025-06-19T18:00", "end": "2025-06-19T21:15", "type": "NORMAL_TEACHING_PERIOD"}, {"classID": 1123, "schoolID": "2248000", "subject": [{"current": {"type": "SUBJECT", "status": "REGULAR", "shortName": "EAE", "longName": "Energie- und Antriebselektronik", "displayName": "EAE"}, "removed": null}], "location": [{"current": {"type": "ROOM", "status": "REGULAR", "shortName": "106", "longName": "106 -1 Etage -", "displayName": "106"}, "removed": null}], "teacher": [{"current": {"type": "TEACHER", "status": "REGULAR", "shortName": "SZIL", "longName": "Szillus", "displayName": "SZIL"}, "removed": null}], "cellState": "REGULAR", "date": "2025-06-19", "start": "2025-06-19T18:00", "end": "2025-06-19T21:15", "type": "NORMAL_TEACHING_PERIOD"}, {"classID": 1126, "schoolID": "2248000", "subject": [{"current": {"type": "SUBJECT", "status": "REGULAR", "shortName": "EAE", "longName": "Energie- und Antriebselektronik", "displayName": "EAE"}, "removed": null}], "location": "", "teacher": [{"current": {"type": "TEACHER", "status": "REGULAR", "shortName": "FRIC", "longName": "Fricke", "displayName": "FRIC"}, "removed": null}], "cellState": "REGULAR", "date": "2025-06-19", "start": "2025-06-19T18:00", "end": "2025-06-19T21:15", "type": "NORMAL_TEACHING_PERIOD"}, {"classID": 1132, "schoolID": "2248000", "subject": [{"current": {"type": "SUBJECT", "status": "REGULAR", "shortName": "LF2 NWI", "longName": "LF2 NWI", "displayName": "LF2 NWI"}, "removed": null}], "location": [{"current": {"type": "ROOM", "status": "REGULAR", "shortName": "104", "longName": "104 -1 Etage -", "displayName": "104"}, "removed": null}], "teacher": [{"current": {"type": "TEACHER", "status": "REGULAR", "shortName": "VOSS", "longName": "Voss", "displayName": "VOSS"}, "removed": null}], "cellState": "REGULAR", "date": "2025-06-19", "start": "2025-06-19T18:00", "end": "2025-06-19T21:15", "type": "NORMAL_TEACHING_PERIOD"}, {"classID": 1129, "schoolID": "2248000", "subject": [{"current": {"type": "SUBJECT", "status": "REGULAR", "shortName": "MAT", "longName": "Mathematik", "displayName": "MAT"}, "removed": null}], "location": [{"current": {"type": "ROOM", "status": "REGULAR", "shortName": "E04", "longName": "E04 Erdetage", "displayName": "E04"}, "removed": null}], "teacher": [{"current": {"type": "TEACHER", "status": "REGULAR", "shortName": "WOLF", "longName": "Wolf", "displayName": "WOLF"}, "removed": null}], "cellState": "REGULAR", "date": "2025-06-19", "start": "2025-06-19T18:00", "end": "2025-06-19T21:15", "type": "NORMAL_TEACHING_PERIOD"}, {"classID": 1114, "schoolID": "2248000", "subject": [{"current": {"type": "SUBJECT", "status": "REGULAR", "shortName": "AUT -M", "longName": "Automatisierungstechnik (M)", "displayName": "AUT -M"}, "removed": null}], "location": [{"current": {"type": "ROOM", "status": "REGULAR", "shortName": "E05", "longName": "E05 Erdetage", "displayName": "E05"}, "removed": null}], "teacher": [{"current": {"type": "TEACHER", "status": "REGULAR", "shortName": "LUET", "longName": "L\u00fctzen", "displayName": "LUET"}, "removed": null}], "cellState": "REGULAR", "date": "2025-06-19", "start": "2025-06-19T18:00", "end": "2025-06-19T21:15", "type": "NORMAL_TEACHING_PERIOD"}, {"classID": 1120, "schoolID": "2248000", "subject": [{"current": {"type": "SUBJECT", "status": "REGULAR", "shortName": "FTE", "longName": "Fertigungstechnik", "displayName": "FTE"}, "removed": null}], "location": [{"current": {"type": "ROOM", "status": "REGULAR", "shortName": "E06", "longName": "E06 Erdetage", "displayName": "E06"}, "removed": null}], "teacher": [{"current": {"type": "TEACHER", "status": "REGULAR", "shortName": "GROE", "longName": "Groer", "displayName": "GROE"}, "removed": null}], "cellState": "REGULAR", "date": "2025-06-19", "start": "2025-06-19T18:00", "end": "2025-06-19T21:15", "type": "NORMAL_TEACHING_PERIOD"}, {"classID": 1102, "schoolID": "2248000", "subject": [{"current": {"type": "SUBJECT", "status": "REGULAR", "shortName": "TKO -B", "longName": "Technische Kommunikation (B)", "displayName": "TKO -B"}, "removed": null}], "location": [{"current": {"type": "ROOM", "status": "REGULAR", "shortName": "E05", "longName": "E05 Erdetage", "displayName": "E05"}, "removed": null}], "teacher": [{"current": {"type": "TEACHER", "status": "REGULAR", "shortName": "SVOB", "longName": "Svoboda", "displayName": "SVOB"}, "removed": null}], "cellState": "REGULAR", "date": "2025-06-19", "start": "2025-06-19T08:00", "end": "2025-06-19T09:30", "type": "NORMAL_TEACHING_PERIOD"}, {"classID": 1102, "schoolID": "2248000", "subject": [{"current": {"type": "SUBJECT", "status": "REGULAR", "shortName": "DEU", "longName": "Deutsch", "displayName": "DEU"}, "removed": null}], "location": [{"current": {"type": "ROOM", "status": "REGULAR", "shortName": "E05", "longName": "E05 Erdetage", "displayName": "E05"}, "removed": null}], "teacher": [{"current": {"type": "TEACHER", "status": "REGULAR", "shortName": "FALC", "longName": "Falck", "displayName": "FALC"}, "removed": null}], "cellState": "REGULAR", "date": "2025-06-19", "start": "2025-06-19T09:45", "end": "2025-06-19T11:15", "type": "NORMAL_TEACHING_PERIOD"}, {"classID": 1102, "schoolID": "2248000", "subject": [{"current": {"type": "SUBJECT", "status": "REGULAR", "shortName": "LF6 BBE", "longName": "LF6 BBE", "displayName": "LF6 BBE"}, "removed": null}], "location": [{"current": {"type": "ROOM", "status": "REGULAR", "shortName": "E05", "longName": "E05 Erdetage", "displayName": "E05"}, "removed": null}], "teacher": [{"current": {"type": "TEACHER", "status": "REGULAR", "shortName": "ALTW", "longName": "Altenburg", "displayName": "ALTW"}, "removed": null}], "cellState": "REGULAR", "date": "2025-06-19", "start": "2025-06-19T11:45", "end": "2025-06-19T13:15", "type": "NORMAL_TEACHING_PERIOD"}, {"classID": 1102, "schoolID": "2248000", "subject": [{"current": {"type": "SUBJECT", "status": "REGULAR", "shortName": "LF2_BKO", "longName": "Lernfeld 2 - Ein Bauwerk gr\u00fcnden", "displayName": "LF2_BKO"}, "removed": null}], "location": [{"current": {"type": "ROOM", "status": "REGULAR", "shortName": "E05", "longName": "E05 Erdetage", "displayName": "E05"}, "removed": null}], "teacher": [{"current": {"type": "TEACHER", "status": "REGULAR", "shortName": "ELBE", "longName": "Elberding", "displayName": "ELBE"}, "removed": null}], "cellState": "REGULAR", "date": "2025-06-19", "start": "2025-06-19T13:30", "end": "2025-06-19T15:00", "type": "NORMAL_TEACHING_PERIOD"}, {"classID": 1111, "schoolID": "2248000", "subject": [{"current": {"type": "SUBJECT", "status": "REGULAR", "shortName": "EXK", "longName": "Exkursion", "displayName": "EXK"}, "removed": null}], "location": "", "teacher": [{"current": {"type": "TEACHER", "status": "REGULAR", "shortName": "JANS", "longName": "Jan\u00dfen", "displayName": "JANS"}, "removed": null}], "cellState": "REGULAR", "date": "2025-06-19", "start": "2025-06-19T08:00", "end": "2025-06-19T11:15", "type": "NORMAL_TEACHING_PERIOD"}, {"classID": 1111, "schoolID": "2248000", "subject": [{"current": {"type": "SUBJECT", "status": "REGULAR", "shortName": "EXK", "longName": "Exkursion", "displayName": "EXK"}, "removed": null}], "location": "", "teacher": [{"current": {"type": "TEACHER", "status": "REGULAR", "shortName": "JANS", "longName": "Jan\u00dfen", "displayName": "JANS"}, "removed": null}], "cellState": "REGULAR", "date": "2025-06-19", "start": "2025-06-19T11:45", "end": "2025-06-19T15:00", "type": "NORMAL_TEACHING_PERIOD"}, {"classID": 1099, "schoolID": "2248000", "subject": [{"current": {"type": "SUBJECT", "status": "REGULAR", "shortName": "MAT", "longName": "Mathematik", "displayName": "MAT"}, "removed": null}], "location": [{"current": {"type": "ROOM", "status": "REGULAR", "shortName": "109", "longName": "109 -1 Etage -", "displayName": "109"}, "removed": null}], "teacher": [{"current": {"type": "TEACHER", "status": "REGULAR", "shortName": "IBRA", "longName": "Ibrahim", "displayName": "IBRA"}, "removed": null}], "cellState": "REGULAR", "date": "2025-06-19", "start": "2025-06-19T08:00", "end": "2025-06-19T09:30", "type": "NORMAL_TEACHING_PERIOD"}, {"classID": 1099, "schoolID": "2248000", "subject": [{"current": {"type": "SUBJECT", "status": "REGULAR", "shortName": "ENG", "longName": "Englisch", "displayName": "ENG"}, "removed": null}], "location": [{"current": {"type": "ROOM", "status": "REGULAR", "shortName": "109", "longName": "109 -1 Etage -", "displayName": "109"}, "removed": null}], "teacher": [{"current": {"type": "TEACHER", "status": "REGULAR", "shortName": "LEPC", "longName": "Lepczynski", "displayName": "LEPC"}, "removed": null}], "cellState": "REGULAR", "date": "2025-06-19", "start": "2025-06-19T09:45", "end": "2025-06-19T11:15", "type": "EXAM"}, {"classID": 1099, "schoolID": "2248000", "subject": [{"current": {"type": "SUBJECT", "status": "REGULAR", "shortName": "ELK", "longName": "Elektronik", "displayName": "ELK"}, "removed": null}], "location": [{"current": {"type": "ROOM", "status": "REGULAR", "shortName": "109", "longName": "109 -1 Etage -", "displayName": "109"}, "removed": null}], "teacher": [{"current": {"type": "TEACHER", "status": "REGULAR", "shortName": "KOSS", "longName": "Kossow", "displayName": "KOSS"}, "removed": null}], "cellState": "REGULAR", "date": "2025-06-19", "start": "2025-06-19T11:45", "end": "2025-06-19T13:15", "type": "NORMAL_TEACHING_PERIOD"}, {"classID": 1099, "schoolID": "2248000", "subject": [{"current": {"type": "SUBJECT", "status": "REGULAR", "shortName": "ELT", "longName": "Elektrotechnik", "displayName": "ELT"}, "removed": null}], "location": [{"current": {"type": "ROOM", "status": "REGULAR", "shortName": "109", "longName": "109 -1 Etage -", "displayName": "109"}, "removed": null}], "teacher": [{"current": {"type": "TEACHER", "status": "REGULAR", "shortName": "SAMM", "longName": "Samm", "displayName": "SAMM"}, "removed": null}], "cellState": "REGULAR", "date": "2025-06-19", "start": "2025-06-19T13:30", "end": "2025-06-19T15:00", "type": "NORMAL_TEACHING_PERIOD"}, {"classID": 1105, "schoolID": "2248000", "subject": [{"current": {"type": "SUBJECT", "status": "REGULAR", "shortName": "WPO", "longName": "Wirtschaft/Politik", "displayName": "WPO"}, "removed": null}], "location": [{"current": {"type": "ROOM", "status": "REGULAR", "shortName": "E04", "longName": "E04 Erdetage", "displayName": "E04"}, "removed": null}], "teacher": [{"current": {"type": "TEACHER", "status": "REGULAR", "shortName": "ZABE", "longName": "Zabel", "displayName": "ZABE"}, "removed": null}], "cellState": "REGULAR", "date": "2025-06-19", "start": "2025-06-19T08:00", "end": "2025-06-19T09:30", "type": "NORMAL_TEACHING_PERIOD"}, {"classID": 1105, "schoolID": "2248000", "subject": [{"current": {"type": "SUBJECT", "status": "REGULAR", "shortName": "LF6 WET", "longName": "LF6 WET", "displayName": "LF6 WET"}, "removed": null}], "location": [{"current": {"type": "ROOM", "status": "REGULAR", "shortName": "E04", "longName": "E04 Erdetage", "displayName": "E04"}, "removed": null}], "teacher": [{"current": {"type": "TEACHER", "status": "REGULAR", "shortName": "LAMM", "longName": "Lammers", "displayName": "LAMM"}, "removed": null}], "cellState": "REGULAR", "date": "2025-06-19", "start": "2025-06-19T09:45", "end": "2025-06-19T11:15", "type": "NORMAL_TEACHING_PERIOD"}, {"classID": 1105, "schoolID": "2248000", "subject": [{"current": {"type": "SUBJECT", "status": "REGULAR", "shortName": "NWI -C", "longName": "Naturwissenschaften (Chemie)", "displayName": "NWI -C"}, "removed": null}], "location": [{"current": {"type": "ROOM", "status": "REGULAR", "shortName": "E04", "longName": "E04 Erdetage", "displayName": "E04"}, "removed": null}], "teacher": [{"current": {"type": "TEACHER", "status": "REGULAR", "shortName": "ZUHA", "longName": "Zuhayra", "displayName": "ZUHA"}, "removed": null}], "cellState": "REGULAR", "date": "2025-06-19", "start": "2025-06-19T11:45", "end": "2025-06-19T13:15", "type": "NORMAL_TEACHING_PERIOD"}, {"classID": 1108, "schoolID": "2248000", "subject": [{"current": {"type": "SUBJECT", "status": "REGULAR", "shortName": "S-E", "longName": "St\u00fctzkurs Englisch", "displayName": "S-E"}, "removed": null}], "location": [{"current": {"type": "ROOM", "status": "REGULAR", "shortName": "108", "longName": "108 -1 Etage -", "displayName": "108"}, "removed": null}], "teacher": [{"current": {"type": "TEACHER", "status": "REGULAR", "shortName": "SAGI", "longName": "Sagitz", "displayName": "SAGI"}, "removed": null}], "cellState": "REGULAR", "date": "2025-06-19", "start": "2025-06-19T08:00", "end": "2025-06-19T09:30", "type": "NORMAL_TEACHING_PERIOD"}, {"classID": 1108, "schoolID": "2248000", "subject": [{"current": {"type": "SUBJECT", "status": "REGULAR", "shortName": "ENG", "longName": "Englisch", "displayName": "ENG"}, "removed": null}], "location": [{"current": {"type": "ROOM", "status": "REGULAR", "shortName": "108", "longName": "108 -1 Etage -", "displayName": "108"}, "removed": null}], "teacher": [{"current": {"type": "TEACHER", "status": "REGULAR", "shortName": "DHEL", "longName": "Dhel", "displayName": "DHEL"}, "removed": null}], "cellState": "REGULAR", "date": "2025-06-19", "start": "2025-06-19T09:45", "end": "2025-06-19T11:15", "type": "NORMAL_TEACHING_PERIOD"}, {"classID": 1108, "schoolID": "2248000", "subject": [{"current": {"type": "SUBJECT", "status": "REGULAR", "shortName": "LF6 KON", "longName": "LF6 KON", "displayName": "LF6 KON"}, "removed": null}], "location": [{"current": {"type": "ROOM", "status": "REGULAR", "shortName": "108", "longName": "108 -1 Etage -", "displayName": "108"}, "removed": null}], "teacher": [{"current": {"type": "TEACHER", "status": "REGULAR", "shortName": "GROE", "longName": "Groer", "displayName": "GROE"}, "removed": null}], "cellState": "REGULAR", "date": "2025-06-19", "start": "2025-06-19T11:45", "end": "2025-06-19T13:15", "type": "NORMAL_TEACHING_PERIOD"}, {"classID": 1108, "schoolID": "2248000", "subject": [{"current": {"type": "SUBJECT", "status": "REGULAR", "shortName": "LF8 QMA", "longName": "LF8 QMA", "displayName": "LF8 QMA"}, "removed": null}], "location": [{"current": {"type": "ROOM", "status": "REGULAR", "shortName": "108", "longName": "108 -1 Etage -", "displayName": "108"}, "removed": null}], "teacher": [{"current": {"type": "TEACHER", "status": "REGULAR", "shortName": "KREU", "longName": "Kreutz", "displayName": "KREU"}, "removed": null}], "cellState": "REGULAR", "date": "2025-06-19", "start": "2025-06-19T13:30", "end": "2025-06-19T15:00", "type": "NORMAL_TEACHING_PERIOD"}, {"classID": 1111, "schoolID": "2248000", "subject": [{"current": {"type": "SUBJECT", "status": "REGULAR", "shortName": "ENG", "longName": "Englisch", "displayName": "ENG"}, "removed": null}], "location": [{"current": {"type": "ROOM", "status": "REGULAR", "shortName": "A-H", "longName": "Au\u00dfer Haus", "displayName": "A-H"}, "removed": null}], "teacher": [{"current": {"type": "TEACHER", "status": "REGULAR", "shortName": "BAAL", "longName": "van Baal", "displayName": "BAAL"}, "removed": null}], "cellState": "REGULAR", "date": "2025-06-20", "start": "2025-06-20T08:00", "end": "2025-06-20T09:30", "type": "NORMAL_TEACHING_PERIOD"}, {"classID": 1111, "schoolID": "2248000", "subject": [{"current": {"type": "SUBJECT", "status": "REGULAR", "shortName": "LF6 BBE", "longName": "LF6 BBE", "displayName": "LF6 BBE"}, "removed": null}], "location": [{"current": {"type": "ROOM", "status": "REGULAR", "shortName": "104", "longName": "104 -1 Etage -", "displayName": "104"}, "removed": null}], "teacher": [{"current": {"type": "TEACHER", "status": "REGULAR", "shortName": "ALTW", "longName": "Altenburg", "displayName": "ALTW"}, "removed": null}], "cellState": "REGULAR", "date": "2025-06-20", "start": "2025-06-20T09:45", "end": "2025-06-20T11:15", "type": "NORMAL_TEACHING_PERIOD"}, {"classID": 1111, "schoolID": "2248000", "subject": [{"current": {"type": "SUBJECT", "status": "REGULAR", "shortName": "MAT", "longName": "Mathematik", "displayName": "MAT"}, "removed": null}], "location": [{"current": {"type": "ROOM", "status": "REGULAR", "shortName": "104", "longName": "104 -1 Etage -", "displayName": "104"}, "removed": null}], "teacher": [{"current": {"type": "TEACHER", "status": "REGULAR", "shortName": "PETC", "longName": "Petersen", "displayName": "PETC"}, "removed": null}], "cellState": "REGULAR", "date": "2025-06-20", "start": "2025-06-20T11:45", "end": "2025-06-20T13:15", "type": "NORMAL_TEACHING_PERIOD"}, {"classID": 1099, "schoolID": "2248000", "subject": [{"current": {"type": "SUBJECT", "status": "REGULAR", "shortName": "S-M", "longName": "St\u00fctzkurs Mathematik", "displayName": "S-M"}, "removed": null}], "location": [{"current": {"type": "ROOM", "status": "REGULAR", "shortName": "109", "longName": "109 -1 Etage -", "displayName": "109"}, "removed": null}], "teacher": [{"current": {"type": "TEACHER", "status": "REGULAR", "shortName": "VOSS", "longName": "Voss", "displayName": "VOSS"}, "removed": null}], "cellState": "REGULAR", "date": "2025-06-20", "start": "2025-06-20T08:00", "end": "2025-06-20T09:30", "type": "NORMAL_TEACHING_PERIOD"}, {"classID": 1099, "schoolID": "2248000", "subject": [{"current": {"type": "SUBJECT", "status": "REGULAR", "shortName": "ELT", "longName": "Elektrotechnik", "displayName": "ELT"}, "removed": null}], "location": [{"current": {"type": "ROOM", "status": "REGULAR", "shortName": "109", "longName": "109 -1 Etage -", "displayName": "109"}, "removed": null}], "teacher": [{"current": {"type": "TEACHER", "status": "REGULAR", "shortName": "SAMM", "longName": "Samm", "displayName": "SAMM"}, "removed": null}], "cellState": "REGULAR", "date": "2025-06-20", "start": "2025-06-20T09:45", "end": "2025-06-20T11:15", "type": "NORMAL_TEACHING_PERIOD"}, {"classID": 1099, "schoolID": "2248000", "subject": [{"current": {"type": "SUBJECT", "status": "REGULAR", "shortName": "DEU", "longName": "Deutsch", "displayName": "DEU"}, "removed": null}], "location": [{"current": {"type": "ROOM", "status": "REGULAR", "shortName": "109", "longName": "109 -1 Etage -", "displayName": "109"}, "removed": null}], "teacher": [{"current": {"type": "TEACHER", "status": "REGULAR", "shortName": "HUEM", "longName": "Huemer", "displayName": "HUEM"}, "removed": null}], "cellState": "REGULAR", "date": "2025-06-20", "start": "2025-06-20T11:45", "end": "2025-06-20T13:15", "type": "NORMAL_TEACHING_PERIOD"}, {"classID": 1099, "schoolID": "2248000", "subject": [{"current": {"type": "SUBJECT", "status": "REGULAR", "shortName": "S-E", "longName": "St\u00fctzkurs Englisch", "displayName": "S-E"}, "removed": null}], "location": [{"current": {"type": "ROOM", "status": "REGULAR", "shortName": "109", "longName": "109 -1 Etage -", "displayName": "109"}, "removed": null}], "teacher": [{"current": {"type": "TEACHER", "status": "REGULAR", "shortName": "SAGI", "longName": "Sagitz", "displayName": "SAGI"}, "removed": null}], "cellState": "REGULAR", "date": "2025-06-20", "start": "2025-06-20T13:30", "end": "2025-06-20T15:00", "type": "NORMAL_TEACHING_PERIOD"}, {"classID": 1105, "schoolID": "2248000", "subject": [{"current": {"type": "SUBJECT", "status": "REGULAR", "shortName": "ENG", "longName": "Englisch", "displayName": "ENG"}, "removed": null}], "location": [{"current": {"type": "ROOM", "status": "REGULAR", "shortName": "E04", "longName": "E04 Erdetage", "displayName": "E04"}, "removed": null}], "teacher": [{"current": {"type": "TEACHER", "status": "REGULAR", "shortName": "LEMK", "longName": "Lemke", "displayName": "LEMK"}, "removed": null}], "cellState": "REGULAR", "date": "2025-06-20", "start": "2025-06-20T08:00", "end": "2025-06-20T09:30", "type": "NORMAL_TEACHING_PERIOD"}, {"classID": 1105, "schoolID": "2248000", "subject": [{"current": {"type": "SUBJECT", "status": "REGULAR", "shortName": "LF4 KON", "longName": "LF4 KON", "displayName": "LF4 KON"}, "removed": null}], "location": [{"current": {"type": "ROOM", "status": "REGULAR", "shortName": "E04", "longName": "E04 Erdetage", "displayName": "E04"}, "removed": null}], "teacher": [{"current": {"type": "TEACHER", "status": "REGULAR", "shortName": "GROE", "longName": "Groer", "displayName": "GROE"}, "removed": null}], "cellState": "REGULAR", "date": "2025-06-20", "start": "2025-06-20T09:45", "end": "2025-06-20T11:15", "type": "NORMAL_TEACHING_PERIOD"}, {"classID": 1105, "schoolID": "2248000", "subject": [{"current": {"type": "SUBJECT", "status": "REGULAR", "shortName": "LF2 BWI 3", "longName": "LF2 BWI 3", "displayName": "LF2 BWI 3"}, "removed": null}], "location": [{"current": {"type": "ROOM", "status": "REGULAR", "shortName": "E04", "longName": "E04 Erdetage", "displayName": "E04"}, "removed": null}], "teacher": [{"current": {"type": "TEACHER", "status": "REGULAR", "shortName": "BOYS", "longName": "Boysen", "displayName": "BOYS"}, "removed": null}], "cellState": "REGULAR", "date": "2025-06-20", "start": "2025-06-20T11:45", "end": "2025-06-20T13:15", "type": "NORMAL_TEACHING_PERIOD"}, {"classID": 1108, "schoolID": "2248000", "subject": [{"current": {"type": "SUBJECT", "status": "REGULAR", "shortName": "LF4 FMA", "longName": "LF4 FMA", "displayName": "LF4 FMA"}, "removed": null}], "location": [{"current": {"type": "ROOM", "status": "REGULAR", "shortName": "108", "longName": "108 -1 Etage -", "displayName": "108"}, "removed": null}], "teacher": [{"current": {"type": "TEACHER", "status": "REGULAR", "shortName": "BECH", "longName": "BECH", "displayName": "BECH"}, "removed": null}], "cellState": "REGULAR", "date": "2025-06-20", "start": "2025-06-20T08:00", "end": "2025-06-20T09:30", "type": "NORMAL_TEACHING_PERIOD"}, {"classID": 1108, "schoolID": "2248000", "subject": [{"current": {"type": "SUBJECT", "status": "REGULAR", "shortName": "DEU", "longName": "Deutsch", "displayName": "DEU"}, "removed": null}], "location": [{"current": {"type": "ROOM", "status": "REGULAR", "shortName": "108", "longName": "108 -1 Etage -", "displayName": "108"}, "removed": null}], "teacher": [{"current": {"type": "TEACHER", "status": "REGULAR", "shortName": "JAGD", "longName": "Jagdmann", "displayName": "JAGD"}, "removed": null}], "cellState": "REGULAR", "date": "2025-06-20", "start": "2025-06-20T09:45", "end": "2025-06-20T11:15", "type": "NORMAL_TEACHING_PERIOD"}, {"classID": 1108, "schoolID": "2248000", "subject": [{"current": {"type": "SUBJECT", "status": "REGULAR", "shortName": "LF4 FMA", "longName": "LF4 FMA", "displayName": "LF4 FMA"}, "removed": null}], "location": [{"current": {"type": "ROOM", "status": "REGULAR", "shortName": "108", "longName": "108 -1 Etage -", "displayName": "108"}, "removed": null}], "teacher": [{"current": {"type": "TEACHER", "status": "REGULAR", "shortName": "GROE", "longName": "Groer", "displayName": "GROE"}, "removed": null}], "cellState": "REGULAR", "date": "2025-06-20", "start": "2025-06-20T11:45", "end": "2025-06-20T13:15", "type": "NORMAL_TEACHING_PERIOD"}]