[{"classID": 35, "schoolID": "3891500", "subject": [{"current": {"type": "SUBJECT", "status": "REGULAR", "shortName": "D", "longName": "Deutsch", "displayName": "D"}, "removed": null}], "location": [{"current": {"type": "ROOM", "status": "REGULAR", "shortName": "1", "longName": "Klassenraum Klasse 1", "displayName": "1"}, "removed": null}], "teacher": "", "cellState": "REGULAR", "date": "2025-06-16", "start": "2025-06-16T08:00", "end": "2025-06-16T08:45", "type": "NORMAL_TEACHING_PERIOD"}, {"classID": 35, "schoolID": "3891500", "subject": [{"current": {"type": "SUBJECT", "status": "REGULAR", "shortName": "Ma", "longName": "Mathematik", "displayName": "Ma"}, "removed": null}], "location": [{"current": {"type": "ROOM", "status": "REGULAR", "shortName": "1", "longName": "Klassenraum Klasse 1", "displayName": "1"}, "removed": null}], "teacher": "", "cellState": "REGULAR", "date": "2025-06-16", "start": "2025-06-16T08:50", "end": "2025-06-16T09:35", "type": "NORMAL_TEACHING_PERIOD"}, {"classID": 35, "schoolID": "3891500", "subject": [{"current": {"type": "SUBJECT", "status": "REGULAR", "shortName": "E", "longName": "Englisch", "displayName": "E"}, "removed": null}], "location": [{"current": {"type": "ROOM", "status": "REGULAR", "shortName": "1", "longName": "Klassenraum Klasse 1", "displayName": "1"}, "removed": null}], "teacher": "", "cellState": "REGULAR", "date": "2025-06-16", "start": "2025-06-16T10:00", "end": "2025-06-16T10:45", "type": "NORMAL_TEACHING_PERIOD"}, {"classID": 35, "schoolID": "3891500", "subject": [{"current": {"type": "SUBJECT", "status": "REGULAR", "shortName": "Mu", "longName": "Musik", "displayName": "Mu"}, "removed": null}], "location": [{"current": {"type": "ROOM", "status": "REGULAR", "shortName": "AULA", "longName": "Aula", "displayName": "AULA"}, "removed": null}], "teacher": "", "cellState": "REGULAR", "date": "2025-06-16", "start": "2025-06-16T10:50", "end": "2025-06-16T11:35", "type": "NORMAL_TEACHING_PERIOD"}, {"classID": 35, "schoolID": "3891500", "subject": [{"current": {"type": "SUBJECT", "status": "REGULAR", "shortName": "Sp", "longName": "Sport", "displayName": "Sp"}, "removed": null}], "location": [{"current": {"type": "ROOM", "status": "REGULAR", "shortName": "SP", "longName": "Sporthalle", "displayName": "SP"}, "removed": null}], "teacher": "", "cellState": "REGULAR", "date": "2025-06-16", "start": "2025-06-16T11:55", "end": "2025-06-16T12:40", "type": "NORMAL_TEACHING_PERIOD"}, {"classID": 35, "schoolID": "3891500", "subject": [{"current": {"type": "SUBJECT", "status": "REGULAR", "shortName": "K S", "longName": "Kurzstunde", "displayName": "K S"}, "removed": null}], "location": [{"current": {"type": "ROOM", "status": "REGULAR", "shortName": "SP", "longName": "Sporthalle", "displayName": "SP"}, "removed": null}], "teacher": "", "cellState": "REGULAR", "date": "2025-06-16", "start": "2025-06-16T12:42", "end": "2025-06-16T13:00", "type": "NORMAL_TEACHING_PERIOD"}, {"classID": 35, "schoolID": "3891500", "subject": [{"current": {"type": "SUBJECT", "status": "REGULAR", "shortName": "Add", "longName": "Additive Sprachf\u00f6rderung", "displayName": "Add"}, "removed": null}], "location": "", "teacher": "", "cellState": "CHANGED", "date": "2025-06-16", "start": "2025-06-16T13:00", "end": "2025-06-16T13:45", "type": "NORMAL_TEACHING_PERIOD"}, {"classID": 32, "schoolID": "3891500", "subject": [{"current": {"type": "SUBJECT", "status": "REGULAR", "shortName": "KLSt", "longName": "Klassenlehrerstunden", "displayName": "KLSt"}, "removed": null}], "location": [{"current": {"type": "ROOM", "status": "REGULAR", "shortName": "2", "longName": "Klassenraum Klasse 2", "displayName": "2"}, "removed": null}], "teacher": "", "cellState": "REGULAR", "date": "2025-06-16", "start": "2025-06-16T08:00", "end": "2025-06-16T08:45", "type": "NORMAL_TEACHING_PERIOD"}, {"classID": 32, "schoolID": "3891500", "subject": [{"current": {"type": "SUBJECT", "status": "REGULAR", "shortName": "BKu", "longName": "Bildende Kunst", "displayName": "BKu"}, "removed": null}], "location": [{"current": {"type": "ROOM", "status": "REGULAR", "shortName": "KU", "longName": "Kunstraum", "displayName": "KU"}, "removed": null}], "teacher": "", "cellState": "REGULAR", "date": "2025-06-16", "start": "2025-06-16T08:50", "end": "2025-06-16T09:35", "type": "NORMAL_TEACHING_PERIOD"}, {"classID": 32, "schoolID": "3891500", "subject": [{"current": {"type": "SUBJECT", "status": "REGULAR", "shortName": "D", "longName": "Deutsch", "displayName": "D"}, "removed": null}], "location": [{"current": {"type": "ROOM", "status": "REGULAR", "shortName": "2", "longName": "Klassenraum Klasse 2", "displayName": "2"}, "removed": null}], "teacher": "", "cellState": "REGULAR", "date": "2025-06-16", "start": "2025-06-16T10:00", "end": "2025-06-16T10:45", "type": "NORMAL_TEACHING_PERIOD"}, {"classID": 32, "schoolID": "3891500", "subject": [{"current": {"type": "SUBJECT", "status": "REGULAR", "shortName": "JeKi", "longName": "Jedes Kind ein Instrument", "displayName": "JeKi"}, "removed": null}], "location": [{"current": {"type": "ROOM", "status": "REGULAR", "shortName": "MU", "longName": "Musikraum", "displayName": "MU"}, "removed": null}], "teacher": "", "cellState": "REGULAR", "date": "2025-06-16", "start": "2025-06-16T10:50", "end": "2025-06-16T11:35", "type": "NORMAL_TEACHING_PERIOD"}, {"classID": 32, "schoolID": "3891500", "subject": [{"current": {"type": "SUBJECT", "status": "REGULAR", "shortName": "Mu", "longName": "Musik", "displayName": "Mu"}, "removed": null}], "location": [{"current": {"type": "ROOM", "status": "REGULAR", "shortName": "2", "longName": "Klassenraum Klasse 2", "displayName": "2"}, "removed": null}], "teacher": "", "cellState": "REGULAR", "date": "2025-06-16", "start": "2025-06-16T10:50", "end": "2025-06-16T11:35", "type": "NORMAL_TEACHING_PERIOD"}, {"classID": 32, "schoolID": "3891500", "subject": [{"current": {"type": "SUBJECT", "status": "REGULAR", "shortName": "The", "longName": "Theater", "displayName": "The"}, "removed": null}], "location": [{"current": {"type": "ROOM", "status": "REGULAR", "shortName": "AULA", "longName": "Aula", "displayName": "AULA"}, "removed": null}], "teacher": "", "cellState": "REGULAR", "date": "2025-06-16", "start": "2025-06-16T11:55", "end": "2025-06-16T12:40", "type": "NORMAL_TEACHING_PERIOD"}, {"classID": 32, "schoolID": "3891500", "subject": [{"current": {"type": "SUBJECT", "status": "REGULAR", "shortName": "K S", "longName": "Kurzstunde", "displayName": "K S"}, "removed": null}], "location": [{"current": {"type": "ROOM", "status": "REGULAR", "shortName": "AULA", "longName": "Aula", "displayName": "AULA"}, "removed": null}], "teacher": "", "cellState": "REGULAR", "date": "2025-06-16", "start": "2025-06-16T12:42", "end": "2025-06-16T13:00", "type": "NORMAL_TEACHING_PERIOD"}, {"classID": 32, "schoolID": "3891500", "subject": [{"current": {"type": "SUBJECT", "status": "REGULAR", "shortName": "Add", "longName": "Additive Sprachf\u00f6rderung", "displayName": "Add"}, "removed": null}], "location": [{"current": {"type": "ROOM", "status": "REGULAR", "shortName": "F\u00d6 1", "longName": "F\u00f6rderraum 1", "displayName": "F\u00d6 1"}, "removed": null}], "teacher": "", "cellState": "REGULAR", "date": "2025-06-16", "start": "2025-06-16T13:00", "end": "2025-06-16T13:45", "type": "NORMAL_TEACHING_PERIOD"}, {"classID": 38, "schoolID": "3891500", "subject": [{"current": {"type": "SUBJECT", "status": "REGULAR", "shortName": "KLS", "longName": "Klassenlehrerstunde", "displayName": "KLS"}, "removed": null}], "location": [{"current": {"type": "ROOM", "status": "REGULAR", "shortName": "3", "longName": "Klassenraum Klasse 3", "displayName": "3"}, "removed": null}], "teacher": "", "cellState": "REGULAR", "date": "2025-06-16", "start": "2025-06-16T08:00", "end": "2025-06-16T08:45", "type": "NORMAL_TEACHING_PERIOD"}, {"classID": 38, "schoolID": "3891500", "subject": [{"current": {"type": "SUBJECT", "status": "REGULAR", "shortName": "Ma", "longName": "Mathematik", "displayName": "Ma"}, "removed": null}], "location": [{"current": {"type": "ROOM", "status": "REGULAR", "shortName": "3", "longName": "Klassenraum Klasse 3", "displayName": "3"}, "removed": null}], "teacher": "", "cellState": "REGULAR", "date": "2025-06-16", "start": "2025-06-16T08:50", "end": "2025-06-16T09:35", "type": "NORMAL_TEACHING_PERIOD"}, {"classID": 38, "schoolID": "3891500", "subject": [{"current": {"type": "SUBJECT", "status": "REGULAR", "shortName": "JeKi", "longName": "Jedes Kind ein Instrument", "displayName": "JeKi"}, "removed": null}], "location": [{"current": {"type": "ROOM", "status": "REGULAR", "shortName": "MU", "longName": "Musikraum", "displayName": "MU"}, "removed": null}], "teacher": "", "cellState": "REGULAR", "date": "2025-06-16", "start": "2025-06-16T10:00", "end": "2025-06-16T10:45", "type": "NORMAL_TEACHING_PERIOD"}, {"classID": 38, "schoolID": "3891500", "subject": [{"current": {"type": "SUBJECT", "status": "REGULAR", "shortName": "Mu", "longName": "Musik", "displayName": "Mu"}, "removed": null}], "location": [{"current": {"type": "ROOM", "status": "REGULAR", "shortName": "3", "longName": "Klassenraum Klasse 3", "displayName": "3"}, "removed": null}], "teacher": "", "cellState": "REGULAR", "date": "2025-06-16", "start": "2025-06-16T10:00", "end": "2025-06-16T10:45", "type": "NORMAL_TEACHING_PERIOD"}, {"classID": 38, "schoolID": "3891500", "subject": [{"current": {"type": "SUBJECT", "status": "REGULAR", "shortName": "Ma", "longName": "Mathematik", "displayName": "Ma"}, "removed": null}], "location": [{"current": {"type": "ROOM", "status": "REGULAR", "shortName": "3", "longName": "Klassenraum Klasse 3", "displayName": "3"}, "removed": null}], "teacher": "", "cellState": "REGULAR", "date": "2025-06-16", "start": "2025-06-16T10:50", "end": "2025-06-16T11:35", "type": "NORMAL_TEACHING_PERIOD"}, {"classID": 38, "schoolID": "3891500", "subject": [{"current": {"type": "SUBJECT", "status": "REGULAR", "shortName": "D", "longName": "Deutsch", "displayName": "D"}, "removed": null}], "location": [{"current": {"type": "ROOM", "status": "REGULAR", "shortName": "3", "longName": "Klassenraum Klasse 3", "displayName": "3"}, "removed": null}], "teacher": "", "cellState": "REGULAR", "date": "2025-06-16", "start": "2025-06-16T11:55", "end": "2025-06-16T12:40", "type": "NORMAL_TEACHING_PERIOD"}, {"classID": 38, "schoolID": "3891500", "subject": [{"current": {"type": "SUBJECT", "status": "REGULAR", "shortName": "K S", "longName": "Kurzstunde", "displayName": "K S"}, "removed": null}], "location": [{"current": {"type": "ROOM", "status": "REGULAR", "shortName": "3", "longName": "Klassenraum Klasse 3", "displayName": "3"}, "removed": null}], "teacher": "", "cellState": "REGULAR", "date": "2025-06-16", "start": "2025-06-16T12:42", "end": "2025-06-16T13:00", "type": "NORMAL_TEACHING_PERIOD"}, {"classID": 38, "schoolID": "3891500", "subject": [{"current": {"type": "SUBJECT", "status": "REGULAR", "shortName": "Add", "longName": "Additive Sprachf\u00f6rderung", "displayName": "Add"}, "removed": null}], "location": [{"current": {"type": "ROOM", "status": "REGULAR", "shortName": "PC", "longName": "Computerraum", "displayName": "PC"}, "removed": null}], "teacher": "", "cellState": "REGULAR", "date": "2025-06-16", "start": "2025-06-16T13:00", "end": "2025-06-16T13:45", "type": "NORMAL_TEACHING_PERIOD"}, {"classID": 41, "schoolID": "3891500", "subject": [{"current": {"type": "SUBJECT", "status": "REGULAR", "shortName": "Ma", "longName": "Mathematik", "displayName": "Ma"}, "removed": null}], "location": [{"current": {"type": "ROOM", "status": "REGULAR", "shortName": "4", "longName": "Klassenraum Klasse 4", "displayName": "4"}, "removed": null}], "teacher": "", "cellState": "REGULAR", "date": "2025-06-16", "start": "2025-06-16T08:00", "end": "2025-06-16T08:45", "type": "NORMAL_TEACHING_PERIOD"}, {"classID": 41, "schoolID": "3891500", "subject": [{"current": {"type": "SUBJECT", "status": "REGULAR", "shortName": "JeKi", "longName": "Jedes Kind ein Instrument", "displayName": "JeKi"}, "removed": null}], "location": [{"current": {"type": "ROOM", "status": "REGULAR", "shortName": "MU", "longName": "Musikraum", "displayName": "MU"}, "removed": null}], "teacher": "", "cellState": "REGULAR", "date": "2025-06-16", "start": "2025-06-16T08:50", "end": "2025-06-16T09:35", "type": "NORMAL_TEACHING_PERIOD"}, {"classID": 41, "schoolID": "3891500", "subject": [{"current": {"type": "SUBJECT", "status": "REGULAR", "shortName": "Mu", "longName": "Musik", "displayName": "Mu"}, "removed": null}], "location": [{"current": {"type": "ROOM", "status": "REGULAR", "shortName": "4", "longName": "Klassenraum Klasse 4", "displayName": "4"}, "removed": null}], "teacher": "", "cellState": "REGULAR", "date": "2025-06-16", "start": "2025-06-16T08:50", "end": "2025-06-16T09:35", "type": "NORMAL_TEACHING_PERIOD"}, {"classID": 41, "schoolID": "3891500", "subject": [{"current": {"type": "SUBJECT", "status": "REGULAR", "shortName": "KS", "longName": "Kurzstunde", "displayName": "KS"}, "removed": null}], "location": [{"current": {"type": "ROOM", "status": "REGULAR", "shortName": "4", "longName": "Klassenraum Klasse 4", "displayName": "4"}, "removed": null}], "teacher": "", "cellState": "REGULAR", "date": "2025-06-16", "start": "2025-06-16T10:00", "end": "2025-06-16T10:22", "type": "NORMAL_TEACHING_PERIOD"}, {"classID": 41, "schoolID": "3891500", "subject": [{"current": {"type": "SUBJECT", "status": "REGULAR", "shortName": "Bad", "longName": "Schwimmen", "displayName": "Bad"}, "removed": null}], "location": [{"current": {"type": "ROOM", "status": "REGULAR", "shortName": "BAD", "longName": "Schwimmbad", "displayName": "BAD"}, "removed": null}], "teacher": "", "cellState": "REGULAR", "date": "2025-06-16", "start": "2025-06-16T10:22", "end": "2025-06-16T11:35", "type": "NORMAL_TEACHING_PERIOD"}, {"classID": 41, "schoolID": "3891500", "subject": [{"current": {"type": "SUBJECT", "status": "REGULAR", "shortName": "Bad", "longName": "Schwimmen", "displayName": "Bad"}, "removed": null}], "location": [{"current": {"type": "ROOM", "status": "REGULAR", "shortName": "BAD", "longName": "Schwimmbad", "displayName": "BAD"}, "removed": null}], "teacher": "", "cellState": "REGULAR", "date": "2025-06-16", "start": "2025-06-16T11:55", "end": "2025-06-16T12:17", "type": "NORMAL_TEACHING_PERIOD"}, {"classID": 41, "schoolID": "3891500", "subject": [{"current": {"type": "SUBJECT", "status": "REGULAR", "shortName": "KLSt", "longName": "Klassenlehrerstunden", "displayName": "KLSt"}, "removed": null}], "location": [{"current": {"type": "ROOM", "status": "REGULAR", "shortName": "4", "longName": "Klassenraum Klasse 4", "displayName": "4"}, "removed": null}], "teacher": "", "cellState": "REGULAR", "date": "2025-06-16", "start": "2025-06-16T12:17", "end": "2025-06-16T12:40", "type": "NORMAL_TEACHING_PERIOD"}, {"classID": 41, "schoolID": "3891500", "subject": [{"current": {"type": "SUBJECT", "status": "REGULAR", "shortName": "KS", "longName": "Kurzstunde", "displayName": "KS"}, "removed": null}], "location": [{"current": {"type": "ROOM", "status": "REGULAR", "shortName": "4", "longName": "Klassenraum Klasse 4", "displayName": "4"}, "removed": null}], "teacher": "", "cellState": "REGULAR", "date": "2025-06-16", "start": "2025-06-16T12:42", "end": "2025-06-16T13:00", "type": "NORMAL_TEACHING_PERIOD"}, {"classID": 41, "schoolID": "3891500", "subject": [{"current": {"type": "SUBJECT", "status": "REGULAR", "shortName": "Add", "longName": "Additive Sprachf\u00f6rderung", "displayName": "Add"}, "removed": null}], "location": [{"current": {"type": "ROOM", "status": "REGULAR", "shortName": "F\u00d6 2", "longName": "F\u00f6rderraum 2", "displayName": "F\u00d6 2"}, "removed": null}], "teacher": "", "cellState": "REGULAR", "date": "2025-06-16", "start": "2025-06-16T13:00", "end": "2025-06-16T13:45", "type": "NORMAL_TEACHING_PERIOD"}, {"classID": 48, "schoolID": "3891500", "subject": [{"current": {"type": "SUBJECT", "status": "REGULAR", "shortName": "D", "longName": "Deutsch", "displayName": "D"}, "removed": null}], "location": [{"current": {"type": "ROOM", "status": "REGULAR", "shortName": "IVK", "longName": "Klassenraum IVK", "displayName": "IVK"}, "removed": null}], "teacher": "", "cellState": "REGULAR", "date": "2025-06-16", "start": "2025-06-16T08:00", "end": "2025-06-16T08:45", "type": "NORMAL_TEACHING_PERIOD"}, {"classID": 48, "schoolID": "3891500", "subject": [{"current": {"type": "SUBJECT", "status": "REGULAR", "shortName": "Sp", "longName": "Sport", "displayName": "Sp"}, "removed": null}], "location": [{"current": {"type": "ROOM", "status": "REGULAR", "shortName": "SP", "longName": "Sporthalle", "displayName": "SP"}, "removed": null}], "teacher": "", "cellState": "REGULAR", "date": "2025-06-16", "start": "2025-06-16T08:50", "end": "2025-06-16T09:35", "type": "NORMAL_TEACHING_PERIOD"}, {"classID": 48, "schoolID": "3891500", "subject": [{"current": {"type": "SUBJECT", "status": "REGULAR", "shortName": "D", "longName": "Deutsch", "displayName": "D"}, "removed": null}], "location": [{"current": {"type": "ROOM", "status": "REGULAR", "shortName": "IVK", "longName": "Klassenraum IVK", "displayName": "IVK"}, "removed": null}], "teacher": "", "cellState": "REGULAR", "date": "2025-06-16", "start": "2025-06-16T10:00", "end": "2025-06-16T10:45", "type": "NORMAL_TEACHING_PERIOD"}, {"classID": 48, "schoolID": "3891500", "subject": [{"current": {"type": "SUBJECT", "status": "REGULAR", "shortName": "Ma", "longName": "Mathematik", "displayName": "Ma"}, "removed": null}], "location": [{"current": {"type": "ROOM", "status": "REGULAR", "shortName": "IVK", "longName": "Klassenraum IVK", "displayName": "IVK"}, "removed": null}], "teacher": "", "cellState": "REGULAR", "date": "2025-06-16", "start": "2025-06-16T10:50", "end": "2025-06-16T11:35", "type": "NORMAL_TEACHING_PERIOD"}, {"classID": 48, "schoolID": "3891500", "subject": [{"current": {"type": "SUBJECT", "status": "REGULAR", "shortName": "D", "longName": "Deutsch", "displayName": "D"}, "removed": null}], "location": [{"current": {"type": "ROOM", "status": "REGULAR", "shortName": "IVK", "longName": "Klassenraum IVK", "displayName": "IVK"}, "removed": null}], "teacher": "", "cellState": "REGULAR", "date": "2025-06-16", "start": "2025-06-16T11:55", "end": "2025-06-16T12:40", "type": "NORMAL_TEACHING_PERIOD"}, {"classID": 48, "schoolID": "3891500", "subject": [{"current": {"type": "SUBJECT", "status": "REGULAR", "shortName": "K S", "longName": "Kurzstunde", "displayName": "K S"}, "removed": null}], "location": [{"current": {"type": "ROOM", "status": "REGULAR", "shortName": "IVK", "longName": "Klassenraum IVK", "displayName": "IVK"}, "removed": null}], "teacher": "", "cellState": "REGULAR", "date": "2025-06-16", "start": "2025-06-16T12:42", "end": "2025-06-16T13:00", "type": "NORMAL_TEACHING_PERIOD"}, {"classID": 47, "schoolID": "3891500", "subject": [{"current": {"type": "SUBJECT", "status": "REGULAR", "shortName": "VSK", "longName": "VSK Klassenleitung", "displayName": "VSK"}, "removed": null}], "location": [{"current": {"type": "ROOM", "status": "REGULAR", "shortName": "VSK", "longName": "Klassenraum der VSK", "displayName": "VSK"}, "removed": null}], "teacher": "", "cellState": "CHANGED", "date": "2025-06-16", "start": "2025-06-16T08:00", "end": "2025-06-16T08:45", "type": "NORMAL_TEACHING_PERIOD"}, {"classID": 47, "schoolID": "3891500", "subject": [{"current": {"type": "SUBJECT", "status": "REGULAR", "shortName": "VSK", "longName": "VSK Klassenleitung", "displayName": "VSK"}, "removed": null}], "location": [{"current": {"type": "ROOM", "status": "REGULAR", "shortName": "VSK", "longName": "Klassenraum der VSK", "displayName": "VSK"}, "removed": null}], "teacher": "", "cellState": "CHANGED", "date": "2025-06-16", "start": "2025-06-16T08:50", "end": "2025-06-16T09:35", "type": "NORMAL_TEACHING_PERIOD"}, {"classID": 47, "schoolID": "3891500", "subject": [{"current": {"type": "SUBJECT", "status": "REGULAR", "shortName": "VSK", "longName": "VSK Klassenleitung", "displayName": "VSK"}, "removed": null}], "location": [{"current": {"type": "ROOM", "status": "REGULAR", "shortName": "VSK", "longName": "Klassenraum der VSK", "displayName": "VSK"}, "removed": null}], "teacher": "", "cellState": "CHANGED", "date": "2025-06-16", "start": "2025-06-16T10:00", "end": "2025-06-16T10:45", "type": "NORMAL_TEACHING_PERIOD"}, {"classID": 47, "schoolID": "3891500", "subject": [{"current": {"type": "SUBJECT", "status": "REGULAR", "shortName": "VSK", "longName": "VSK Klassenleitung", "displayName": "VSK"}, "removed": null}], "location": [{"current": {"type": "ROOM", "status": "REGULAR", "shortName": "VSK", "longName": "Klassenraum der VSK", "displayName": "VSK"}, "removed": null}], "teacher": "", "cellState": "CHANGED", "date": "2025-06-16", "start": "2025-06-16T10:50", "end": "2025-06-16T11:35", "type": "NORMAL_TEACHING_PERIOD"}, {"classID": 47, "schoolID": "3891500", "subject": [{"current": {"type": "SUBJECT", "status": "REGULAR", "shortName": "MuV", "longName": "VSK Musik", "displayName": "MuV"}, "removed": null}], "location": [{"current": {"type": "ROOM", "status": "REGULAR", "shortName": "MU", "longName": "Musikraum", "displayName": "MU"}, "removed": null}], "teacher": "", "cellState": "CHANGED", "date": "2025-06-16", "start": "2025-06-16T11:55", "end": "2025-06-16T12:40", "type": "NORMAL_TEACHING_PERIOD"}, {"classID": 47, "schoolID": "3891500", "subject": [{"current": {"type": "SUBJECT", "status": "REGULAR", "shortName": "KSV", "longName": "VSK Kurzstunde", "displayName": "KSV"}, "removed": null}], "location": [{"current": {"type": "ROOM", "status": "REGULAR", "shortName": "MU", "longName": "Musikraum", "displayName": "MU"}, "removed": null}], "teacher": "", "cellState": "CHANGED", "date": "2025-06-16", "start": "2025-06-16T12:42", "end": "2025-06-16T13:00", "type": "NORMAL_TEACHING_PERIOD"}, {"classID": 35, "schoolID": "3891500", "subject": [{"current": {"type": "SUBJECT", "status": "REGULAR", "shortName": "Sach", "longName": "Sachunterricht", "displayName": "Sach"}, "removed": null}], "location": [{"current": {"type": "ROOM", "status": "REGULAR", "shortName": "1", "longName": "Klassenraum Klasse 1", "displayName": "1"}, "removed": null}], "teacher": "", "cellState": "REGULAR", "date": "2025-06-17", "start": "2025-06-17T08:00", "end": "2025-06-17T08:45", "type": "NORMAL_TEACHING_PERIOD"}, {"classID": 35, "schoolID": "3891500", "subject": [{"current": {"type": "SUBJECT", "status": "REGULAR", "shortName": "Mu", "longName": "Musik", "displayName": "Mu"}, "removed": null}], "location": [{"current": {"type": "ROOM", "status": "REGULAR", "shortName": "AULA", "longName": "Aula", "displayName": "AULA"}, "removed": null}], "teacher": "", "cellState": "REGULAR", "date": "2025-06-17", "start": "2025-06-17T08:50", "end": "2025-06-17T09:35", "type": "NORMAL_TEACHING_PERIOD"}, {"classID": 35, "schoolID": "3891500", "subject": [{"current": {"type": "SUBJECT", "status": "REGULAR", "shortName": "Ma", "longName": "Mathematik", "displayName": "Ma"}, "removed": null}], "location": [{"current": {"type": "ROOM", "status": "REGULAR", "shortName": "1", "longName": "Klassenraum Klasse 1", "displayName": "1"}, "removed": null}], "teacher": "", "cellState": "REGULAR", "date": "2025-06-17", "start": "2025-06-17T10:00", "end": "2025-06-17T10:45", "type": "NORMAL_TEACHING_PERIOD"}, {"classID": 35, "schoolID": "3891500", "subject": [{"current": {"type": "SUBJECT", "status": "REGULAR", "shortName": "D", "longName": "Deutsch", "displayName": "D"}, "removed": null}], "location": [{"current": {"type": "ROOM", "status": "REGULAR", "shortName": "1", "longName": "Klassenraum Klasse 1", "displayName": "1"}, "removed": null}], "teacher": "", "cellState": "REGULAR", "date": "2025-06-17", "start": "2025-06-17T10:50", "end": "2025-06-17T11:35", "type": "NORMAL_TEACHING_PERIOD"}, {"classID": 35, "schoolID": "3891500", "subject": [{"current": {"type": "SUBJECT", "status": "REGULAR", "shortName": "Rel", "longName": "Religion", "displayName": "Rel"}, "removed": null}], "location": [{"current": {"type": "ROOM", "status": "REGULAR", "shortName": "1", "longName": "Klassenraum Klasse 1", "displayName": "1"}, "removed": null}], "teacher": "", "cellState": "REGULAR", "date": "2025-06-17", "start": "2025-06-17T11:55", "end": "2025-06-17T12:40", "type": "NORMAL_TEACHING_PERIOD"}, {"classID": 35, "schoolID": "3891500", "subject": [{"current": {"type": "SUBJECT", "status": "REGULAR", "shortName": "K S", "longName": "Kurzstunde", "displayName": "K S"}, "removed": null}], "location": [{"current": {"type": "ROOM", "status": "REGULAR", "shortName": "1", "longName": "Klassenraum Klasse 1", "displayName": "1"}, "removed": null}], "teacher": "", "cellState": "REGULAR", "date": "2025-06-17", "start": "2025-06-17T12:42", "end": "2025-06-17T13:00", "type": "NORMAL_TEACHING_PERIOD"}, {"classID": 32, "schoolID": "3891500", "subject": [{"current": {"type": "SUBJECT", "status": "REGULAR", "shortName": "Ma", "longName": "Mathematik", "displayName": "Ma"}, "removed": null}], "location": [{"current": {"type": "ROOM", "status": "REGULAR", "shortName": "2", "longName": "Klassenraum Klasse 2", "displayName": "2"}, "removed": null}], "teacher": "", "cellState": "REGULAR", "date": "2025-06-17", "start": "2025-06-17T08:00", "end": "2025-06-17T09:35", "type": "NORMAL_TEACHING_PERIOD"}, {"classID": 32, "schoolID": "3891500", "subject": [{"current": {"type": "SUBJECT", "status": "REGULAR", "shortName": "Sach", "longName": "Sachunterricht", "displayName": "Sach"}, "removed": null}], "location": [{"current": {"type": "ROOM", "status": "REGULAR", "shortName": "2", "longName": "Klassenraum Klasse 2", "displayName": "2"}, "removed": null}], "teacher": "", "cellState": "REGULAR", "date": "2025-06-17", "start": "2025-06-17T10:00", "end": "2025-06-17T10:45", "type": "NORMAL_TEACHING_PERIOD"}, {"classID": 32, "schoolID": "3891500", "subject": [{"current": {"type": "SUBJECT", "status": "REGULAR", "shortName": "FsW", "longName": "F\u00f6rdern statt Wiederholen", "displayName": "FsW"}, "removed": null}], "location": "", "teacher": "", "cellState": "REGULAR", "date": "2025-06-17", "start": "2025-06-17T10:00", "end": "2025-06-17T10:45", "type": "NORMAL_TEACHING_PERIOD"}, {"classID": 32, "schoolID": "3891500", "subject": [{"current": {"type": "SUBJECT", "status": "REGULAR", "shortName": "D", "longName": "Deutsch", "displayName": "D"}, "removed": null}], "location": [{"current": {"type": "ROOM", "status": "REGULAR", "shortName": "2", "longName": "Klassenraum Klasse 2", "displayName": "2"}, "removed": null}], "teacher": "", "cellState": "REGULAR", "date": "2025-06-17", "start": "2025-06-17T10:50", "end": "2025-06-17T11:35", "type": "NORMAL_TEACHING_PERIOD"}, {"classID": 32, "schoolID": "3891500", "subject": [{"current": {"type": "SUBJECT", "status": "REGULAR", "shortName": "Sp", "longName": "Sport", "displayName": "Sp"}, "removed": null}], "location": [{"current": {"type": "ROOM", "status": "REGULAR", "shortName": "SP", "longName": "Sporthalle", "displayName": "SP"}, "removed": null}], "teacher": "", "cellState": "REGULAR", "date": "2025-06-17", "start": "2025-06-17T11:55", "end": "2025-06-17T12:40", "type": "NORMAL_TEACHING_PERIOD"}, {"classID": 32, "schoolID": "3891500", "subject": [{"current": {"type": "SUBJECT", "status": "REGULAR", "shortName": "K S", "longName": "Kurzstunde", "displayName": "K S"}, "removed": null}], "location": [{"current": {"type": "ROOM", "status": "REGULAR", "shortName": "SP", "longName": "Sporthalle", "displayName": "SP"}, "removed": null}], "teacher": "", "cellState": "REGULAR", "date": "2025-06-17", "start": "2025-06-17T12:42", "end": "2025-06-17T13:00", "type": "NORMAL_TEACHING_PERIOD"}, {"classID": 38, "schoolID": "3891500", "subject": [{"current": {"type": "SUBJECT", "status": "REGULAR", "shortName": "The", "longName": "Theater", "displayName": "The"}, "removed": null}], "location": [{"current": {"type": "ROOM", "status": "REGULAR", "shortName": "AULA", "longName": "Aula", "displayName": "AULA"}, "removed": null}], "teacher": "", "cellState": "REGULAR", "date": "2025-06-17", "start": "2025-06-17T08:00", "end": "2025-06-17T08:45", "type": "NORMAL_TEACHING_PERIOD"}, {"classID": 38, "schoolID": "3891500", "subject": [{"current": {"type": "SUBJECT", "status": "REGULAR", "shortName": "Sach", "longName": "Sachunterricht", "displayName": "Sach"}, "removed": null}], "location": [{"current": {"type": "ROOM", "status": "REGULAR", "shortName": "3", "longName": "Klassenraum Klasse 3", "displayName": "3"}, "removed": null}], "teacher": "", "cellState": "REGULAR", "date": "2025-06-17", "start": "2025-06-17T08:50", "end": "2025-06-17T09:35", "type": "NORMAL_TEACHING_PERIOD"}, {"classID": 38, "schoolID": "3891500", "subject": [{"current": {"type": "SUBJECT", "status": "REGULAR", "shortName": "E", "longName": "Englisch", "displayName": "E"}, "removed": null}], "location": [{"current": {"type": "ROOM", "status": "REGULAR", "shortName": "3", "longName": "Klassenraum Klasse 3", "displayName": "3"}, "removed": null}], "teacher": "", "cellState": "REGULAR", "date": "2025-06-17", "start": "2025-06-17T10:00", "end": "2025-06-17T10:45", "type": "NORMAL_TEACHING_PERIOD"}, {"classID": 38, "schoolID": "3891500", "subject": [{"current": {"type": "SUBJECT", "status": "REGULAR", "shortName": "Sp", "longName": "Sport", "displayName": "Sp"}, "removed": null}], "location": [{"current": {"type": "ROOM", "status": "REGULAR", "shortName": "SP", "longName": "Sporthalle", "displayName": "SP"}, "removed": null}], "teacher": "", "cellState": "REGULAR", "date": "2025-06-17", "start": "2025-06-17T10:50", "end": "2025-06-17T11:35", "type": "NORMAL_TEACHING_PERIOD"}, {"classID": 38, "schoolID": "3891500", "subject": [{"current": {"type": "SUBJECT", "status": "REGULAR", "shortName": "BKu", "longName": "Bildende Kunst", "displayName": "BKu"}, "removed": null}], "location": [{"current": {"type": "ROOM", "status": "REGULAR", "shortName": "KU", "longName": "Kunstraum", "displayName": "KU"}, "removed": null}], "teacher": "", "cellState": "REGULAR", "date": "2025-06-17", "start": "2025-06-17T11:55", "end": "2025-06-17T12:40", "type": "NORMAL_TEACHING_PERIOD"}, {"classID": 38, "schoolID": "3891500", "subject": [{"current": {"type": "SUBJECT", "status": "REGULAR", "shortName": "K S", "longName": "Kurzstunde", "displayName": "K S"}, "removed": null}], "location": [{"current": {"type": "ROOM", "status": "REGULAR", "shortName": "KU", "longName": "Kunstraum", "displayName": "KU"}, "removed": null}], "teacher": "", "cellState": "REGULAR", "date": "2025-06-17", "start": "2025-06-17T12:42", "end": "2025-06-17T13:00", "type": "NORMAL_TEACHING_PERIOD"}, {"classID": 41, "schoolID": "3891500", "subject": [{"current": {"type": "SUBJECT", "status": "REGULAR", "shortName": "D", "longName": "Deutsch", "displayName": "D"}, "removed": null}], "location": [{"current": {"type": "ROOM", "status": "REGULAR", "shortName": "4", "longName": "Klassenraum Klasse 4", "displayName": "4"}, "removed": null}], "teacher": "", "cellState": "REGULAR", "date": "2025-06-17", "start": "2025-06-17T08:00", "end": "2025-06-17T08:45", "type": "NORMAL_TEACHING_PERIOD"}, {"classID": 41, "schoolID": "3891500", "subject": [{"current": {"type": "SUBJECT", "status": "REGULAR", "shortName": "Ma", "longName": "Mathematik", "displayName": "Ma"}, "removed": null}], "location": [{"current": {"type": "ROOM", "status": "REGULAR", "shortName": "4", "longName": "Klassenraum Klasse 4", "displayName": "4"}, "removed": null}], "teacher": "", "cellState": "REGULAR", "date": "2025-06-17", "start": "2025-06-17T08:50", "end": "2025-06-17T09:35", "type": "NORMAL_TEACHING_PERIOD"}, {"classID": 41, "schoolID": "3891500", "subject": [{"current": {"type": "SUBJECT", "status": "REGULAR", "shortName": "Mu", "longName": "Musik", "displayName": "Mu"}, "removed": null}], "location": [{"current": {"type": "ROOM", "status": "REGULAR", "shortName": "MU", "longName": "Musikraum", "displayName": "MU"}, "removed": null}], "teacher": "", "cellState": "REGULAR", "date": "2025-06-17", "start": "2025-06-17T10:00", "end": "2025-06-17T10:45", "type": "NORMAL_TEACHING_PERIOD"}, {"classID": 41, "schoolID": "3891500", "subject": [{"current": {"type": "SUBJECT", "status": "REGULAR", "shortName": "D", "longName": "Deutsch", "displayName": "D"}, "removed": null}], "location": [{"current": {"type": "ROOM", "status": "REGULAR", "shortName": "4", "longName": "Klassenraum Klasse 4", "displayName": "4"}, "removed": null}], "teacher": "", "cellState": "REGULAR", "date": "2025-06-17", "start": "2025-06-17T10:50", "end": "2025-06-17T11:35", "type": "NORMAL_TEACHING_PERIOD"}, {"classID": 41, "schoolID": "3891500", "subject": [{"current": {"type": "SUBJECT", "status": "REGULAR", "shortName": "Sach", "longName": "Sachunterricht", "displayName": "Sach"}, "removed": null}], "location": [{"current": {"type": "ROOM", "status": "REGULAR", "shortName": "4", "longName": "Klassenraum Klasse 4", "displayName": "4"}, "removed": null}], "teacher": "", "cellState": "REGULAR", "date": "2025-06-17", "start": "2025-06-17T11:55", "end": "2025-06-17T12:40", "type": "NORMAL_TEACHING_PERIOD"}, {"classID": 41, "schoolID": "3891500", "subject": [{"current": {"type": "SUBJECT", "status": "REGULAR", "shortName": "FsW", "longName": "F\u00f6rdern statt Wiederholen", "displayName": "FsW"}, "removed": null}], "location": [{"current": {"type": "ROOM", "status": "REGULAR", "shortName": "MU", "longName": "Musikraum", "displayName": "MU"}, "removed": null}], "teacher": "", "cellState": "REGULAR", "date": "2025-06-17", "start": "2025-06-17T11:55", "end": "2025-06-17T12:40", "type": "NORMAL_TEACHING_PERIOD"}, {"classID": 41, "schoolID": "3891500", "subject": [{"current": {"type": "SUBJECT", "status": "REGULAR", "shortName": "K S", "longName": "Kurzstunde", "displayName": "K S"}, "removed": null}], "location": [{"current": {"type": "ROOM", "status": "REGULAR", "shortName": "4", "longName": "Klassenraum Klasse 4", "displayName": "4"}, "removed": null}], "teacher": "", "cellState": "REGULAR", "date": "2025-06-17", "start": "2025-06-17T12:42", "end": "2025-06-17T13:00", "type": "NORMAL_TEACHING_PERIOD"}, {"classID": 48, "schoolID": "3891500", "subject": [{"current": {"type": "SUBJECT", "status": "REGULAR", "shortName": "D", "longName": "Deutsch", "displayName": "D"}, "removed": null}], "location": [{"current": {"type": "ROOM", "status": "REGULAR", "shortName": "IVK", "longName": "Klassenraum IVK", "displayName": "IVK"}, "removed": null}], "teacher": "", "cellState": "REGULAR", "date": "2025-06-17", "start": "2025-06-17T08:00", "end": "2025-06-17T09:35", "type": "NORMAL_TEACHING_PERIOD"}, {"classID": 48, "schoolID": "3891500", "subject": [{"current": {"type": "SUBJECT", "status": "REGULAR", "shortName": "D", "longName": "Deutsch", "displayName": "D"}, "removed": null}], "location": [{"current": {"type": "ROOM", "status": "REGULAR", "shortName": "IVK", "longName": "Klassenraum IVK", "displayName": "IVK"}, "removed": null}], "teacher": "", "cellState": "REGULAR", "date": "2025-06-17", "start": "2025-06-17T10:00", "end": "2025-06-17T10:45", "type": "NORMAL_TEACHING_PERIOD"}, {"classID": 48, "schoolID": "3891500", "subject": [{"current": {"type": "SUBJECT", "status": "REGULAR", "shortName": "Ma", "longName": "Mathematik", "displayName": "Ma"}, "removed": null}], "location": [{"current": {"type": "ROOM", "status": "REGULAR", "shortName": "IVK", "longName": "Klassenraum IVK", "displayName": "IVK"}, "removed": null}], "teacher": "", "cellState": "REGULAR", "date": "2025-06-17", "start": "2025-06-17T10:50", "end": "2025-06-17T11:35", "type": "NORMAL_TEACHING_PERIOD"}, {"classID": 48, "schoolID": "3891500", "subject": [{"current": {"type": "SUBJECT", "status": "REGULAR", "shortName": "The", "longName": "Theater", "displayName": "The"}, "removed": null}], "location": [{"current": {"type": "ROOM", "status": "REGULAR", "shortName": "AULA", "longName": "Aula", "displayName": "AULA"}, "removed": null}], "teacher": "", "cellState": "REGULAR", "date": "2025-06-17", "start": "2025-06-17T11:55", "end": "2025-06-17T12:40", "type": "NORMAL_TEACHING_PERIOD"}, {"classID": 48, "schoolID": "3891500", "subject": [{"current": {"type": "SUBJECT", "status": "REGULAR", "shortName": "K S", "longName": "Kurzstunde", "displayName": "K S"}, "removed": null}], "location": [{"current": {"type": "ROOM", "status": "REGULAR", "shortName": "AULA", "longName": "Aula", "displayName": "AULA"}, "removed": null}], "teacher": "", "cellState": "REGULAR", "date": "2025-06-17", "start": "2025-06-17T12:42", "end": "2025-06-17T13:00", "type": "NORMAL_TEACHING_PERIOD"}, {"classID": 47, "schoolID": "3891500", "subject": [{"current": {"type": "SUBJECT", "status": "REGULAR", "shortName": "SpV", "longName": "VSK Sport", "displayName": "SpV"}, "removed": null}], "location": [{"current": {"type": "ROOM", "status": "REGULAR", "shortName": "SP", "longName": "Sporthalle", "displayName": "SP"}, "removed": null}], "teacher": "", "cellState": "CHANGED", "date": "2025-06-17", "start": "2025-06-17T08:00", "end": "2025-06-17T08:45", "type": "NORMAL_TEACHING_PERIOD"}, {"classID": 47, "schoolID": "3891500", "subject": [{"current": {"type": "SUBJECT", "status": "REGULAR", "shortName": "KuV", "longName": "VSK Kunst", "displayName": "KuV"}, "removed": null}], "location": [{"current": {"type": "ROOM", "status": "REGULAR", "shortName": "KU", "longName": "Kunstraum", "displayName": "KU"}, "removed": null}], "teacher": "", "cellState": "CHANGED", "date": "2025-06-17", "start": "2025-06-17T08:50", "end": "2025-06-17T09:35", "type": "NORMAL_TEACHING_PERIOD"}, {"classID": 47, "schoolID": "3891500", "subject": [{"current": {"type": "SUBJECT", "status": "REGULAR", "shortName": "VSK", "longName": "VSK Klassenleitung", "displayName": "VSK"}, "removed": null}], "location": [{"current": {"type": "ROOM", "status": "REGULAR", "shortName": "VSK", "longName": "Klassenraum der VSK", "displayName": "VSK"}, "removed": null}], "teacher": "", "cellState": "CHANGED", "date": "2025-06-17", "start": "2025-06-17T10:00", "end": "2025-06-17T10:45", "type": "NORMAL_TEACHING_PERIOD"}, {"classID": 47, "schoolID": "3891500", "subject": [{"current": {"type": "SUBJECT", "status": "REGULAR", "shortName": "VSK", "longName": "VSK Klassenleitung", "displayName": "VSK"}, "removed": null}], "location": [{"current": {"type": "ROOM", "status": "REGULAR", "shortName": "VSK", "longName": "Klassenraum der VSK", "displayName": "VSK"}, "removed": null}], "teacher": "", "cellState": "CHANGED", "date": "2025-06-17", "start": "2025-06-17T10:50", "end": "2025-06-17T11:35", "type": "NORMAL_TEACHING_PERIOD"}, {"classID": 47, "schoolID": "3891500", "subject": [{"current": {"type": "SUBJECT", "status": "REGULAR", "shortName": "VSK", "longName": "VSK Klassenleitung", "displayName": "VSK"}, "removed": null}], "location": [{"current": {"type": "ROOM", "status": "REGULAR", "shortName": "VSK", "longName": "Klassenraum der VSK", "displayName": "VSK"}, "removed": null}], "teacher": "", "cellState": "CHANGED", "date": "2025-06-17", "start": "2025-06-17T11:55", "end": "2025-06-17T12:40", "type": "NORMAL_TEACHING_PERIOD"}, {"classID": 47, "schoolID": "3891500", "subject": [{"current": {"type": "SUBJECT", "status": "REGULAR", "shortName": "KSV", "longName": "VSK Kurzstunde", "displayName": "KSV"}, "removed": null}], "location": [{"current": {"type": "ROOM", "status": "REGULAR", "shortName": "VSK", "longName": "Klassenraum der VSK", "displayName": "VSK"}, "removed": null}], "teacher": "", "cellState": "CHANGED", "date": "2025-06-17", "start": "2025-06-17T12:42", "end": "2025-06-17T13:00", "type": "NORMAL_TEACHING_PERIOD"}, {"classID": 35, "schoolID": "3891500", "subject": [{"current": {"type": "SUBJECT", "status": "REGULAR", "shortName": "D", "longName": "Deutsch", "displayName": "D"}, "removed": null}], "location": [{"current": {"type": "ROOM", "status": "REGULAR", "shortName": "1", "longName": "Klassenraum Klasse 1", "displayName": "1"}, "removed": null}], "teacher": "", "cellState": "REGULAR", "date": "2025-06-18", "start": "2025-06-18T08:00", "end": "2025-06-18T08:45", "type": "NORMAL_TEACHING_PERIOD"}, {"classID": 35, "schoolID": "3891500", "subject": [{"current": {"type": "SUBJECT", "status": "REGULAR", "shortName": "Sach", "longName": "Sachunterricht", "displayName": "Sach"}, "removed": null}], "location": [{"current": {"type": "ROOM", "status": "REGULAR", "shortName": "1", "longName": "Klassenraum Klasse 1", "displayName": "1"}, "removed": null}], "teacher": "", "cellState": "REGULAR", "date": "2025-06-18", "start": "2025-06-18T08:50", "end": "2025-06-18T09:35", "type": "NORMAL_TEACHING_PERIOD"}, {"classID": 35, "schoolID": "3891500", "subject": [{"current": {"type": "SUBJECT", "status": "REGULAR", "shortName": "Ma", "longName": "Mathematik", "displayName": "Ma"}, "removed": null}], "location": [{"current": {"type": "ROOM", "status": "REGULAR", "shortName": "1", "longName": "Klassenraum Klasse 1", "displayName": "1"}, "removed": null}], "teacher": "", "cellState": "REGULAR", "date": "2025-06-18", "start": "2025-06-18T10:00", "end": "2025-06-18T10:45", "type": "NORMAL_TEACHING_PERIOD"}, {"classID": 35, "schoolID": "3891500", "subject": [{"current": {"type": "SUBJECT", "status": "REGULAR", "shortName": "KLS", "longName": "Klassenlehrerstunde", "displayName": "KLS"}, "removed": null}], "location": [{"current": {"type": "ROOM", "status": "REGULAR", "shortName": "1", "longName": "Klassenraum Klasse 1", "displayName": "1"}, "removed": null}], "teacher": "", "cellState": "REGULAR", "date": "2025-06-18", "start": "2025-06-18T10:50", "end": "2025-06-18T11:35", "type": "NORMAL_TEACHING_PERIOD"}, {"classID": 35, "schoolID": "3891500", "subject": [{"current": {"type": "SUBJECT", "status": "REGULAR", "shortName": "The", "longName": "Theater", "displayName": "The"}, "removed": null}], "location": [{"current": {"type": "ROOM", "status": "REGULAR", "shortName": "AULA", "longName": "Aula", "displayName": "AULA"}, "removed": null}], "teacher": "", "cellState": "REGULAR", "date": "2025-06-18", "start": "2025-06-18T11:55", "end": "2025-06-18T12:40", "type": "NORMAL_TEACHING_PERIOD"}, {"classID": 35, "schoolID": "3891500", "subject": [{"current": {"type": "SUBJECT", "status": "REGULAR", "shortName": "K S", "longName": "Kurzstunde", "displayName": "K S"}, "removed": null}], "location": [{"current": {"type": "ROOM", "status": "REGULAR", "shortName": "AULA", "longName": "Aula", "displayName": "AULA"}, "removed": null}], "teacher": "", "cellState": "REGULAR", "date": "2025-06-18", "start": "2025-06-18T12:42", "end": "2025-06-18T13:00", "type": "NORMAL_TEACHING_PERIOD"}, {"classID": 32, "schoolID": "3891500", "subject": [{"current": {"type": "SUBJECT", "status": "REGULAR", "shortName": "Sach", "longName": "Sachunterricht", "displayName": "Sach"}, "removed": null}], "location": [{"current": {"type": "ROOM", "status": "REGULAR", "shortName": "2", "longName": "Klassenraum Klasse 2", "displayName": "2"}, "removed": null}], "teacher": "", "cellState": "REGULAR", "date": "2025-06-18", "start": "2025-06-18T08:00", "end": "2025-06-18T09:35", "type": "NORMAL_TEACHING_PERIOD"}, {"classID": 32, "schoolID": "3891500", "subject": [{"current": {"type": "SUBJECT", "status": "REGULAR", "shortName": "Rel", "longName": "Religion", "displayName": "Rel"}, "removed": null}], "location": [{"current": {"type": "ROOM", "status": "REGULAR", "shortName": "2", "longName": "Klassenraum Klasse 2", "displayName": "2"}, "removed": null}], "teacher": "", "cellState": "REGULAR", "date": "2025-06-18", "start": "2025-06-18T10:00", "end": "2025-06-18T10:45", "type": "NORMAL_TEACHING_PERIOD"}, {"classID": 32, "schoolID": "3891500", "subject": [{"current": {"type": "SUBJECT", "status": "REGULAR", "shortName": "Sp", "longName": "Sport", "displayName": "Sp"}, "removed": null}], "location": [{"current": {"type": "ROOM", "status": "REGULAR", "shortName": "SP", "longName": "Sporthalle", "displayName": "SP"}, "removed": null}], "teacher": "", "cellState": "REGULAR", "date": "2025-06-18", "start": "2025-06-18T10:50", "end": "2025-06-18T11:35", "type": "NORMAL_TEACHING_PERIOD"}, {"classID": 32, "schoolID": "3891500", "subject": [{"current": {"type": "SUBJECT", "status": "REGULAR", "shortName": "Ma", "longName": "Mathematik", "displayName": "Ma"}, "removed": null}], "location": [{"current": {"type": "ROOM", "status": "REGULAR", "shortName": "2", "longName": "Klassenraum Klasse 2", "displayName": "2"}, "removed": null}], "teacher": "", "cellState": "REGULAR", "date": "2025-06-18", "start": "2025-06-18T11:55", "end": "2025-06-18T12:40", "type": "NORMAL_TEACHING_PERIOD"}, {"classID": 32, "schoolID": "3891500", "subject": [{"current": {"type": "SUBJECT", "status": "REGULAR", "shortName": "K S", "longName": "Kurzstunde", "displayName": "K S"}, "removed": null}], "location": [{"current": {"type": "ROOM", "status": "REGULAR", "shortName": "MU", "longName": "Musikraum", "displayName": "MU"}, "removed": null}], "teacher": "", "cellState": "REGULAR", "date": "2025-06-18", "start": "2025-06-18T12:42", "end": "2025-06-18T13:00", "type": "NORMAL_TEACHING_PERIOD"}, {"classID": 38, "schoolID": "3891500", "subject": [{"current": {"type": "SUBJECT", "status": "REGULAR", "shortName": "E", "longName": "Englisch", "displayName": "E"}, "removed": null}], "location": [{"current": {"type": "ROOM", "status": "REGULAR", "shortName": "3", "longName": "Klassenraum Klasse 3", "displayName": "3"}, "removed": null}], "teacher": "", "cellState": "REGULAR", "date": "2025-06-18", "start": "2025-06-18T08:00", "end": "2025-06-18T08:45", "type": "NORMAL_TEACHING_PERIOD"}, {"classID": 38, "schoolID": "3891500", "subject": [{"current": {"type": "SUBJECT", "status": "REGULAR", "shortName": "D", "longName": "Deutsch", "displayName": "D"}, "removed": null}], "location": [{"current": {"type": "ROOM", "status": "REGULAR", "shortName": "3", "longName": "Klassenraum Klasse 3", "displayName": "3"}, "removed": null}], "teacher": "", "cellState": "REGULAR", "date": "2025-06-18", "start": "2025-06-18T08:50", "end": "2025-06-18T09:35", "type": "NORMAL_TEACHING_PERIOD"}, {"classID": 38, "schoolID": "3891500", "subject": [{"current": {"type": "SUBJECT", "status": "REGULAR", "shortName": "Sach", "longName": "Sachunterricht", "displayName": "Sach"}, "removed": null}], "location": [{"current": {"type": "ROOM", "status": "REGULAR", "shortName": "PC", "longName": "Computerraum", "displayName": "PC"}, "removed": null}], "teacher": "", "cellState": "REGULAR", "date": "2025-06-18", "start": "2025-06-18T10:00", "end": "2025-06-18T10:45", "type": "NORMAL_TEACHING_PERIOD"}, {"classID": 38, "schoolID": "3891500", "subject": [{"current": {"type": "SUBJECT", "status": "REGULAR", "shortName": "Ma", "longName": "Mathematik", "displayName": "Ma"}, "removed": null}], "location": [{"current": {"type": "ROOM", "status": "REGULAR", "shortName": "3", "longName": "Klassenraum Klasse 3", "displayName": "3"}, "removed": null}], "teacher": "", "cellState": "REGULAR", "date": "2025-06-18", "start": "2025-06-18T10:50", "end": "2025-06-18T11:35", "type": "NORMAL_TEACHING_PERIOD"}, {"classID": 38, "schoolID": "3891500", "subject": [{"current": {"type": "SUBJECT", "status": "REGULAR", "shortName": "Sp", "longName": "Sport", "displayName": "Sp"}, "removed": null}], "location": [{"current": {"type": "ROOM", "status": "REGULAR", "shortName": "SP", "longName": "Sporthalle", "displayName": "SP"}, "removed": null}], "teacher": "", "cellState": "REGULAR", "date": "2025-06-18", "start": "2025-06-18T11:55", "end": "2025-06-18T12:40", "type": "NORMAL_TEACHING_PERIOD"}, {"classID": 38, "schoolID": "3891500", "subject": [{"current": {"type": "SUBJECT", "status": "REGULAR", "shortName": "K S", "longName": "Kurzstunde", "displayName": "K S"}, "removed": null}], "location": [{"current": {"type": "ROOM", "status": "REGULAR", "shortName": "SP", "longName": "Sporthalle", "displayName": "SP"}, "removed": null}], "teacher": "", "cellState": "REGULAR", "date": "2025-06-18", "start": "2025-06-18T12:42", "end": "2025-06-18T13:00", "type": "NORMAL_TEACHING_PERIOD"}, {"classID": 41, "schoolID": "3891500", "subject": [{"current": {"type": "SUBJECT", "status": "REGULAR", "shortName": "Ma", "longName": "Mathematik", "displayName": "Ma"}, "removed": null}], "location": [{"current": {"type": "ROOM", "status": "REGULAR", "shortName": "4", "longName": "Klassenraum Klasse 4", "displayName": "4"}, "removed": null}], "teacher": "", "cellState": "REGULAR", "date": "2025-06-18", "start": "2025-06-18T08:00", "end": "2025-06-18T08:45", "type": "NORMAL_TEACHING_PERIOD"}, {"classID": 41, "schoolID": "3891500", "subject": [{"current": {"type": "SUBJECT", "status": "REGULAR", "shortName": "D", "longName": "Deutsch", "displayName": "D"}, "removed": null}], "location": [{"current": {"type": "ROOM", "status": "REGULAR", "shortName": "4", "longName": "Klassenraum Klasse 4", "displayName": "4"}, "removed": null}], "teacher": "", "cellState": "REGULAR", "date": "2025-06-18", "start": "2025-06-18T08:50", "end": "2025-06-18T09:35", "type": "NORMAL_TEACHING_PERIOD"}, {"classID": 41, "schoolID": "3891500", "subject": [{"current": {"type": "SUBJECT", "status": "REGULAR", "shortName": "E", "longName": "Englisch", "displayName": "E"}, "removed": null}], "location": [{"current": {"type": "ROOM", "status": "REGULAR", "shortName": "4", "longName": "Klassenraum Klasse 4", "displayName": "4"}, "removed": null}], "teacher": "", "cellState": "REGULAR", "date": "2025-06-18", "start": "2025-06-18T10:00", "end": "2025-06-18T10:45", "type": "NORMAL_TEACHING_PERIOD"}, {"classID": 41, "schoolID": "3891500", "subject": [{"current": {"type": "SUBJECT", "status": "REGULAR", "shortName": "Rel", "longName": "Religion", "displayName": "Rel"}, "removed": null}], "location": [{"current": {"type": "ROOM", "status": "REGULAR", "shortName": "MU", "longName": "Musikraum", "displayName": "MU"}, "removed": null}], "teacher": "", "cellState": "REGULAR", "date": "2025-06-18", "start": "2025-06-18T10:50", "end": "2025-06-18T11:35", "type": "NORMAL_TEACHING_PERIOD"}, {"classID": 41, "schoolID": "3891500", "subject": [{"current": {"type": "SUBJECT", "status": "REGULAR", "shortName": "BKu", "longName": "Bildende Kunst", "displayName": "BKu"}, "removed": null}], "location": [{"current": {"type": "ROOM", "status": "REGULAR", "shortName": "KU", "longName": "Kunstraum", "displayName": "KU"}, "removed": null}], "teacher": "", "cellState": "REGULAR", "date": "2025-06-18", "start": "2025-06-18T11:55", "end": "2025-06-18T12:40", "type": "NORMAL_TEACHING_PERIOD"}, {"classID": 41, "schoolID": "3891500", "subject": [{"current": {"type": "SUBJECT", "status": "REGULAR", "shortName": "K S", "longName": "Kurzstunde", "displayName": "K S"}, "removed": null}], "location": [{"current": {"type": "ROOM", "status": "REGULAR", "shortName": "KU", "longName": "Kunstraum", "displayName": "KU"}, "removed": null}], "teacher": "", "cellState": "REGULAR", "date": "2025-06-18", "start": "2025-06-18T12:42", "end": "2025-06-18T13:00", "type": "NORMAL_TEACHING_PERIOD"}, {"classID": 48, "schoolID": "3891500", "subject": [{"current": {"type": "SUBJECT", "status": "REGULAR", "shortName": "D", "longName": "Deutsch", "displayName": "D"}, "removed": null}], "location": [{"current": {"type": "ROOM", "status": "REGULAR", "shortName": "IVK", "longName": "Klassenraum IVK", "displayName": "IVK"}, "removed": null}], "teacher": "", "cellState": "REGULAR", "date": "2025-06-18", "start": "2025-06-18T08:00", "end": "2025-06-18T08:45", "type": "NORMAL_TEACHING_PERIOD"}, {"classID": 48, "schoolID": "3891500", "subject": [{"current": {"type": "SUBJECT", "status": "REGULAR", "shortName": "Ma", "longName": "Mathematik", "displayName": "Ma"}, "removed": null}], "location": [{"current": {"type": "ROOM", "status": "REGULAR", "shortName": "IVK", "longName": "Klassenraum IVK", "displayName": "IVK"}, "removed": null}], "teacher": "", "cellState": "REGULAR", "date": "2025-06-18", "start": "2025-06-18T08:50", "end": "2025-06-18T09:35", "type": "NORMAL_TEACHING_PERIOD"}, {"classID": 48, "schoolID": "3891500", "subject": [{"current": {"type": "SUBJECT", "status": "REGULAR", "shortName": "Sp", "longName": "Sport", "displayName": "Sp"}, "removed": null}], "location": [{"current": {"type": "ROOM", "status": "REGULAR", "shortName": "SP", "longName": "Sporthalle", "displayName": "SP"}, "removed": null}], "teacher": "", "cellState": "REGULAR", "date": "2025-06-18", "start": "2025-06-18T10:00", "end": "2025-06-18T10:45", "type": "NORMAL_TEACHING_PERIOD"}, {"classID": 48, "schoolID": "3891500", "subject": [{"current": {"type": "SUBJECT", "status": "REGULAR", "shortName": "D", "longName": "Deutsch", "displayName": "D"}, "removed": null}], "location": [{"current": {"type": "ROOM", "status": "REGULAR", "shortName": "IVK", "longName": "Klassenraum IVK", "displayName": "IVK"}, "removed": null}], "teacher": "", "cellState": "REGULAR", "date": "2025-06-18", "start": "2025-06-18T10:50", "end": "2025-06-18T11:35", "type": "NORMAL_TEACHING_PERIOD"}, {"classID": 48, "schoolID": "3891500", "subject": [{"current": {"type": "SUBJECT", "status": "REGULAR", "shortName": "Sach", "longName": "Sachunterricht", "displayName": "Sach"}, "removed": null}], "location": [{"current": {"type": "ROOM", "status": "REGULAR", "shortName": "IVK", "longName": "Klassenraum IVK", "displayName": "IVK"}, "removed": null}], "teacher": "", "cellState": "REGULAR", "date": "2025-06-18", "start": "2025-06-18T11:55", "end": "2025-06-18T12:40", "type": "NORMAL_TEACHING_PERIOD"}, {"classID": 48, "schoolID": "3891500", "subject": [{"current": {"type": "SUBJECT", "status": "REGULAR", "shortName": "K S", "longName": "Kurzstunde", "displayName": "K S"}, "removed": null}], "location": [{"current": {"type": "ROOM", "status": "REGULAR", "shortName": "IVK", "longName": "Klassenraum IVK", "displayName": "IVK"}, "removed": null}], "teacher": "", "cellState": "REGULAR", "date": "2025-06-18", "start": "2025-06-18T12:42", "end": "2025-06-18T13:00", "type": "NORMAL_TEACHING_PERIOD"}, {"classID": 47, "schoolID": "3891500", "subject": [{"current": {"type": "SUBJECT", "status": "REGULAR", "shortName": "VSK", "longName": "VSK Klassenleitung", "displayName": "VSK"}, "removed": null}], "location": [{"current": {"type": "ROOM", "status": "REGULAR", "shortName": "VSK", "longName": "Klassenraum der VSK", "displayName": "VSK"}, "removed": null}], "teacher": "", "cellState": "CHANGED", "date": "2025-06-18", "start": "2025-06-18T08:00", "end": "2025-06-18T08:45", "type": "NORMAL_TEACHING_PERIOD"}, {"classID": 47, "schoolID": "3891500", "subject": [{"current": {"type": "SUBJECT", "status": "REGULAR", "shortName": "SpV", "longName": "VSK Sport", "displayName": "SpV"}, "removed": null}], "location": [{"current": {"type": "ROOM", "status": "REGULAR", "shortName": "SP", "longName": "Sporthalle", "displayName": "SP"}, "removed": null}], "teacher": "", "cellState": "CHANGED", "date": "2025-06-18", "start": "2025-06-18T08:50", "end": "2025-06-18T09:35", "type": "NORMAL_TEACHING_PERIOD"}, {"classID": 47, "schoolID": "3891500", "subject": [{"current": {"type": "SUBJECT", "status": "REGULAR", "shortName": "VSK", "longName": "VSK Klassenleitung", "displayName": "VSK"}, "removed": null}], "location": [{"current": {"type": "ROOM", "status": "REGULAR", "shortName": "VSK", "longName": "Klassenraum der VSK", "displayName": "VSK"}, "removed": null}], "teacher": "", "cellState": "CHANGED", "date": "2025-06-18", "start": "2025-06-18T10:00", "end": "2025-06-18T10:45", "type": "NORMAL_TEACHING_PERIOD"}, {"classID": 47, "schoolID": "3891500", "subject": [{"current": {"type": "SUBJECT", "status": "REGULAR", "shortName": "VSK", "longName": "VSK Klassenleitung", "displayName": "VSK"}, "removed": null}], "location": [{"current": {"type": "ROOM", "status": "REGULAR", "shortName": "VSK", "longName": "Klassenraum der VSK", "displayName": "VSK"}, "removed": null}], "teacher": "", "cellState": "CHANGED", "date": "2025-06-18", "start": "2025-06-18T10:50", "end": "2025-06-18T11:35", "type": "NORMAL_TEACHING_PERIOD"}, {"classID": 47, "schoolID": "3891500", "subject": [{"current": {"type": "SUBJECT", "status": "REGULAR", "shortName": "VSK", "longName": "VSK Klassenleitung", "displayName": "VSK"}, "removed": null}], "location": [{"current": {"type": "ROOM", "status": "REGULAR", "shortName": "VSK", "longName": "Klassenraum der VSK", "displayName": "VSK"}, "removed": null}], "teacher": "", "cellState": "CHANGED", "date": "2025-06-18", "start": "2025-06-18T11:55", "end": "2025-06-18T12:40", "type": "NORMAL_TEACHING_PERIOD"}, {"classID": 47, "schoolID": "3891500", "subject": [{"current": {"type": "SUBJECT", "status": "REGULAR", "shortName": "KSV", "longName": "VSK Kurzstunde", "displayName": "KSV"}, "removed": null}], "location": "", "teacher": "", "cellState": "CHANGED", "date": "2025-06-18", "start": "2025-06-18T12:42", "end": "2025-06-18T13:00", "type": "NORMAL_TEACHING_PERIOD"}, {"classID": 35, "schoolID": "3891500", "subject": [{"current": {"type": "SUBJECT", "status": "REGULAR", "shortName": "D", "longName": "Deutsch", "displayName": "D"}, "removed": null}], "location": [{"current": {"type": "ROOM", "status": "REGULAR", "shortName": "1", "longName": "Klassenraum Klasse 1", "displayName": "1"}, "removed": null}], "teacher": "", "cellState": "REGULAR", "date": "2025-06-19", "start": "2025-06-19T08:00", "end": "2025-06-19T08:45", "type": "NORMAL_TEACHING_PERIOD"}, {"classID": 35, "schoolID": "3891500", "subject": [{"current": {"type": "SUBJECT", "status": "REGULAR", "shortName": "Ma", "longName": "Mathematik", "displayName": "Ma"}, "removed": null}], "location": [{"current": {"type": "ROOM", "status": "REGULAR", "shortName": "1", "longName": "Klassenraum Klasse 1", "displayName": "1"}, "removed": null}], "teacher": "", "cellState": "REGULAR", "date": "2025-06-19", "start": "2025-06-19T08:50", "end": "2025-06-19T09:35", "type": "NORMAL_TEACHING_PERIOD"}, {"classID": 35, "schoolID": "3891500", "subject": [{"current": {"type": "SUBJECT", "status": "REGULAR", "shortName": "D", "longName": "Deutsch", "displayName": "D"}, "removed": null}], "location": [{"current": {"type": "ROOM", "status": "REGULAR", "shortName": "1", "longName": "Klassenraum Klasse 1", "displayName": "1"}, "removed": null}], "teacher": "", "cellState": "REGULAR", "date": "2025-06-19", "start": "2025-06-19T10:00", "end": "2025-06-19T10:45", "type": "NORMAL_TEACHING_PERIOD"}, {"classID": 35, "schoolID": "3891500", "subject": [{"current": {"type": "SUBJECT", "status": "REGULAR", "shortName": "BKu", "longName": "Bildende Kunst", "displayName": "BKu"}, "removed": null}], "location": [{"current": {"type": "ROOM", "status": "REGULAR", "shortName": "KU", "longName": "Kunstraum", "displayName": "KU"}, "removed": null}], "teacher": "", "cellState": "REGULAR", "date": "2025-06-19", "start": "2025-06-19T10:50", "end": "2025-06-19T11:35", "type": "NORMAL_TEACHING_PERIOD"}, {"classID": 35, "schoolID": "3891500", "subject": [{"current": {"type": "SUBJECT", "status": "REGULAR", "shortName": "Sp", "longName": "Sport", "displayName": "Sp"}, "removed": null}], "location": [{"current": {"type": "ROOM", "status": "REGULAR", "shortName": "SP", "longName": "Sporthalle", "displayName": "SP"}, "removed": null}], "teacher": "", "cellState": "REGULAR", "date": "2025-06-19", "start": "2025-06-19T11:55", "end": "2025-06-19T12:40", "type": "NORMAL_TEACHING_PERIOD"}, {"classID": 35, "schoolID": "3891500", "subject": [{"current": {"type": "SUBJECT", "status": "REGULAR", "shortName": "K S", "longName": "Kurzstunde", "displayName": "K S"}, "removed": null}], "location": [{"current": {"type": "ROOM", "status": "REGULAR", "shortName": "SP", "longName": "Sporthalle", "displayName": "SP"}, "removed": null}], "teacher": "", "cellState": "REGULAR", "date": "2025-06-19", "start": "2025-06-19T12:42", "end": "2025-06-19T13:00", "type": "NORMAL_TEACHING_PERIOD"}, {"classID": 32, "schoolID": "3891500", "subject": [{"current": {"type": "SUBJECT", "status": "REGULAR", "shortName": "Sach", "longName": "Sachunterricht", "displayName": "Sach"}, "removed": null}], "location": [{"current": {"type": "ROOM", "status": "REGULAR", "shortName": "2", "longName": "Klassenraum Klasse 2", "displayName": "2"}, "removed": null}], "teacher": "", "cellState": "REGULAR", "date": "2025-06-19", "start": "2025-06-19T08:00", "end": "2025-06-19T08:45", "type": "NORMAL_TEACHING_PERIOD"}, {"classID": 32, "schoolID": "3891500", "subject": [{"current": {"type": "SUBJECT", "status": "REGULAR", "shortName": "Sp", "longName": "Sport", "displayName": "Sp"}, "removed": null}], "location": [{"current": {"type": "ROOM", "status": "REGULAR", "shortName": "SP", "longName": "Sporthalle", "displayName": "SP"}, "removed": null}], "teacher": "", "cellState": "REGULAR", "date": "2025-06-19", "start": "2025-06-19T08:50", "end": "2025-06-19T09:35", "type": "NORMAL_TEACHING_PERIOD"}, {"classID": 32, "schoolID": "3891500", "subject": [{"current": {"type": "SUBJECT", "status": "REGULAR", "shortName": "Ma", "longName": "Mathematik", "displayName": "Ma"}, "removed": null}], "location": [{"current": {"type": "ROOM", "status": "REGULAR", "shortName": "2", "longName": "Klassenraum Klasse 2", "displayName": "2"}, "removed": null}], "teacher": "", "cellState": "REGULAR", "date": "2025-06-19", "start": "2025-06-19T10:00", "end": "2025-06-19T10:45", "type": "NORMAL_TEACHING_PERIOD"}, {"classID": 32, "schoolID": "3891500", "subject": [{"current": {"type": "SUBJECT", "status": "REGULAR", "shortName": "FsW", "longName": "F\u00f6rdern statt Wiederholen", "displayName": "FsW"}, "removed": null}], "location": "", "teacher": "", "cellState": "REGULAR", "date": "2025-06-19", "start": "2025-06-19T10:00", "end": "2025-06-19T10:45", "type": "NORMAL_TEACHING_PERIOD"}, {"classID": 32, "schoolID": "3891500", "subject": [{"current": {"type": "SUBJECT", "status": "REGULAR", "shortName": "D", "longName": "Deutsch", "displayName": "D"}, "removed": null}], "location": [{"current": {"type": "ROOM", "status": "REGULAR", "shortName": "2", "longName": "Klassenraum Klasse 2", "displayName": "2"}, "removed": null}], "teacher": "", "cellState": "REGULAR", "date": "2025-06-19", "start": "2025-06-19T10:50", "end": "2025-06-19T11:35", "type": "NORMAL_TEACHING_PERIOD"}, {"classID": 32, "schoolID": "3891500", "subject": [{"current": {"type": "SUBJECT", "status": "REGULAR", "shortName": "FsW", "longName": "F\u00f6rdern statt Wiederholen", "displayName": "FsW"}, "removed": null}], "location": [{"current": {"type": "ROOM", "status": "REGULAR", "shortName": "2", "longName": "Klassenraum Klasse 2", "displayName": "2"}, "removed": null}], "teacher": "", "cellState": "REGULAR", "date": "2025-06-19", "start": "2025-06-19T10:50", "end": "2025-06-19T11:35", "type": "NORMAL_TEACHING_PERIOD"}, {"classID": 32, "schoolID": "3891500", "subject": [{"current": {"type": "SUBJECT", "status": "REGULAR", "shortName": "D", "longName": "Deutsch", "displayName": "D"}, "removed": null}], "location": [{"current": {"type": "ROOM", "status": "REGULAR", "shortName": "2", "longName": "Klassenraum Klasse 2", "displayName": "2"}, "removed": null}], "teacher": "", "cellState": "REGULAR", "date": "2025-06-19", "start": "2025-06-19T11:55", "end": "2025-06-19T12:40", "type": "NORMAL_TEACHING_PERIOD"}, {"classID": 32, "schoolID": "3891500", "subject": [{"current": {"type": "SUBJECT", "status": "REGULAR", "shortName": "K S", "longName": "Kurzstunde", "displayName": "K S"}, "removed": null}], "location": [{"current": {"type": "ROOM", "status": "REGULAR", "shortName": "2", "longName": "Klassenraum Klasse 2", "displayName": "2"}, "removed": null}], "teacher": "", "cellState": "REGULAR", "date": "2025-06-19", "start": "2025-06-19T12:42", "end": "2025-06-19T13:00", "type": "NORMAL_TEACHING_PERIOD"}, {"classID": 32, "schoolID": "3891500", "subject": [{"current": {"type": "SUBJECT", "status": "REGULAR", "shortName": "Add", "longName": "Additive Sprachf\u00f6rderung", "displayName": "Add"}, "removed": null}], "location": [{"current": {"type": "ROOM", "status": "REGULAR", "shortName": "PC", "longName": "Computerraum", "displayName": "PC"}, "removed": null}], "teacher": "", "cellState": "REGULAR", "date": "2025-06-19", "start": "2025-06-19T13:00", "end": "2025-06-19T13:45", "type": "NORMAL_TEACHING_PERIOD"}, {"classID": 38, "schoolID": "3891500", "subject": [{"current": {"type": "SUBJECT", "status": "REGULAR", "shortName": "Ma", "longName": "Mathematik", "displayName": "Ma"}, "removed": null}], "location": [{"current": {"type": "ROOM", "status": "REGULAR", "shortName": "3", "longName": "Klassenraum Klasse 3", "displayName": "3"}, "removed": null}], "teacher": "", "cellState": "REGULAR", "date": "2025-06-19", "start": "2025-06-19T08:00", "end": "2025-06-19T08:45", "type": "NORMAL_TEACHING_PERIOD"}, {"classID": 38, "schoolID": "3891500", "subject": [{"current": {"type": "SUBJECT", "status": "REGULAR", "shortName": "D", "longName": "Deutsch", "displayName": "D"}, "removed": null}], "location": [{"current": {"type": "ROOM", "status": "REGULAR", "shortName": "3", "longName": "Klassenraum Klasse 3", "displayName": "3"}, "removed": null}], "teacher": "", "cellState": "REGULAR", "date": "2025-06-19", "start": "2025-06-19T08:50", "end": "2025-06-19T09:35", "type": "NORMAL_TEACHING_PERIOD"}, {"classID": 38, "schoolID": "3891500", "subject": [{"current": {"type": "SUBJECT", "status": "REGULAR", "shortName": "E", "longName": "Englisch", "displayName": "E"}, "removed": null}], "location": [{"current": {"type": "ROOM", "status": "REGULAR", "shortName": "3", "longName": "Klassenraum Klasse 3", "displayName": "3"}, "removed": null}], "teacher": "", "cellState": "REGULAR", "date": "2025-06-19", "start": "2025-06-19T10:00", "end": "2025-06-19T10:45", "type": "NORMAL_TEACHING_PERIOD"}, {"classID": 38, "schoolID": "3891500", "subject": [{"current": {"type": "SUBJECT", "status": "REGULAR", "shortName": "Sp", "longName": "Sport", "displayName": "Sp"}, "removed": null}], "location": [{"current": {"type": "ROOM", "status": "REGULAR", "shortName": "SP", "longName": "Sporthalle", "displayName": "SP"}, "removed": null}], "teacher": "", "cellState": "REGULAR", "date": "2025-06-19", "start": "2025-06-19T10:50", "end": "2025-06-19T11:35", "type": "NORMAL_TEACHING_PERIOD"}, {"classID": 38, "schoolID": "3891500", "subject": [{"current": {"type": "SUBJECT", "status": "REGULAR", "shortName": "Sach", "longName": "Sachunterricht", "displayName": "Sach"}, "removed": null}], "location": [{"current": {"type": "ROOM", "status": "REGULAR", "shortName": "3", "longName": "Klassenraum Klasse 3", "displayName": "3"}, "removed": null}], "teacher": "", "cellState": "REGULAR", "date": "2025-06-19", "start": "2025-06-19T11:55", "end": "2025-06-19T12:40", "type": "NORMAL_TEACHING_PERIOD"}, {"classID": 38, "schoolID": "3891500", "subject": [{"current": {"type": "SUBJECT", "status": "REGULAR", "shortName": "K S", "longName": "Kurzstunde", "displayName": "K S"}, "removed": null}], "location": "", "teacher": "", "cellState": "REGULAR", "date": "2025-06-19", "start": "2025-06-19T12:42", "end": "2025-06-19T13:00", "type": "NORMAL_TEACHING_PERIOD"}, {"classID": 41, "schoolID": "3891500", "subject": [{"current": {"type": "SUBJECT", "status": "REGULAR", "shortName": "D", "longName": "Deutsch", "displayName": "D"}, "removed": null}], "location": [{"current": {"type": "ROOM", "status": "REGULAR", "shortName": "4", "longName": "Klassenraum Klasse 4", "displayName": "4"}, "removed": null}], "teacher": "", "cellState": "REGULAR", "date": "2025-06-19", "start": "2025-06-19T08:00", "end": "2025-06-19T08:45", "type": "NORMAL_TEACHING_PERIOD"}, {"classID": 41, "schoolID": "3891500", "subject": [{"current": {"type": "SUBJECT", "status": "REGULAR", "shortName": "FsW", "longName": "F\u00f6rdern statt Wiederholen", "displayName": "FsW"}, "removed": null}], "location": [{"current": {"type": "ROOM", "status": "REGULAR", "shortName": "MU", "longName": "Musikraum", "displayName": "MU"}, "removed": null}], "teacher": "", "cellState": "REGULAR", "date": "2025-06-19", "start": "2025-06-19T08:00", "end": "2025-06-19T08:45", "type": "NORMAL_TEACHING_PERIOD"}, {"classID": 41, "schoolID": "3891500", "subject": [{"current": {"type": "SUBJECT", "status": "REGULAR", "shortName": "BKu", "longName": "Bildende Kunst", "displayName": "BKu"}, "removed": null}], "location": [{"current": {"type": "ROOM", "status": "REGULAR", "shortName": "KU", "longName": "Kunstraum", "displayName": "KU"}, "removed": null}], "teacher": "", "cellState": "REGULAR", "date": "2025-06-19", "start": "2025-06-19T08:50", "end": "2025-06-19T09:35", "type": "NORMAL_TEACHING_PERIOD"}, {"classID": 41, "schoolID": "3891500", "subject": [{"current": {"type": "SUBJECT", "status": "REGULAR", "shortName": "Sp", "longName": "Sport", "displayName": "Sp"}, "removed": null}], "location": [{"current": {"type": "ROOM", "status": "REGULAR", "shortName": "SP", "longName": "Sporthalle", "displayName": "SP"}, "removed": null}], "teacher": "", "cellState": "REGULAR", "date": "2025-06-19", "start": "2025-06-19T10:00", "end": "2025-06-19T10:45", "type": "NORMAL_TEACHING_PERIOD"}, {"classID": 41, "schoolID": "3891500", "subject": [{"current": {"type": "SUBJECT", "status": "REGULAR", "shortName": "Ma", "longName": "Mathematik", "displayName": "Ma"}, "removed": null}], "location": [{"current": {"type": "ROOM", "status": "REGULAR", "shortName": "4", "longName": "Klassenraum Klasse 4", "displayName": "4"}, "removed": null}], "teacher": "", "cellState": "REGULAR", "date": "2025-06-19", "start": "2025-06-19T10:50", "end": "2025-06-19T11:35", "type": "NORMAL_TEACHING_PERIOD"}, {"classID": 41, "schoolID": "3891500", "subject": [{"current": {"type": "SUBJECT", "status": "REGULAR", "shortName": "Sach", "longName": "Sachunterricht", "displayName": "Sach"}, "removed": null}], "location": [{"current": {"type": "ROOM", "status": "REGULAR", "shortName": "4", "longName": "Klassenraum Klasse 4", "displayName": "4"}, "removed": null}], "teacher": "", "cellState": "REGULAR", "date": "2025-06-19", "start": "2025-06-19T11:55", "end": "2025-06-19T12:40", "type": "NORMAL_TEACHING_PERIOD"}, {"classID": 41, "schoolID": "3891500", "subject": [{"current": {"type": "SUBJECT", "status": "REGULAR", "shortName": "K S", "longName": "Kurzstunde", "displayName": "K S"}, "removed": null}], "location": [{"current": {"type": "ROOM", "status": "REGULAR", "shortName": "4", "longName": "Klassenraum Klasse 4", "displayName": "4"}, "removed": null}], "teacher": "", "cellState": "REGULAR", "date": "2025-06-19", "start": "2025-06-19T12:42", "end": "2025-06-19T13:00", "type": "NORMAL_TEACHING_PERIOD"}, {"classID": 48, "schoolID": "3891500", "subject": [{"current": {"type": "SUBJECT", "status": "REGULAR", "shortName": "D", "longName": "Deutsch", "displayName": "D"}, "removed": null}], "location": [{"current": {"type": "ROOM", "status": "REGULAR", "shortName": "IVK", "longName": "Klassenraum IVK", "displayName": "IVK"}, "removed": null}], "teacher": "", "cellState": "REGULAR", "date": "2025-06-19", "start": "2025-06-19T08:00", "end": "2025-06-19T08:45", "type": "NORMAL_TEACHING_PERIOD"}, {"classID": 48, "schoolID": "3891500", "subject": [{"current": {"type": "SUBJECT", "status": "REGULAR", "shortName": "Sach", "longName": "Sachunterricht", "displayName": "Sach"}, "removed": null}], "location": [{"current": {"type": "ROOM", "status": "REGULAR", "shortName": "IVK", "longName": "Klassenraum IVK", "displayName": "IVK"}, "removed": null}], "teacher": "", "cellState": "REGULAR", "date": "2025-06-19", "start": "2025-06-19T08:50", "end": "2025-06-19T09:35", "type": "NORMAL_TEACHING_PERIOD"}, {"classID": 48, "schoolID": "3891500", "subject": [{"current": {"type": "SUBJECT", "status": "REGULAR", "shortName": "BKu", "longName": "Bildende Kunst", "displayName": "BKu"}, "removed": null}], "location": [{"current": {"type": "ROOM", "status": "REGULAR", "shortName": "KU", "longName": "Kunstraum", "displayName": "KU"}, "removed": null}], "teacher": "", "cellState": "REGULAR", "date": "2025-06-19", "start": "2025-06-19T10:00", "end": "2025-06-19T10:45", "type": "NORMAL_TEACHING_PERIOD"}, {"classID": 48, "schoolID": "3891500", "subject": [{"current": {"type": "SUBJECT", "status": "REGULAR", "shortName": "Mu", "longName": "Musik", "displayName": "Mu"}, "removed": null}], "location": [{"current": {"type": "ROOM", "status": "REGULAR", "shortName": "IVK", "longName": "Klassenraum IVK", "displayName": "IVK"}, "removed": null}], "teacher": "", "cellState": "REGULAR", "date": "2025-06-19", "start": "2025-06-19T10:50", "end": "2025-06-19T11:35", "type": "NORMAL_TEACHING_PERIOD"}, {"classID": 48, "schoolID": "3891500", "subject": [{"current": {"type": "SUBJECT", "status": "REGULAR", "shortName": "Ma", "longName": "Mathematik", "displayName": "Ma"}, "removed": null}], "location": [{"current": {"type": "ROOM", "status": "REGULAR", "shortName": "IVK", "longName": "Klassenraum IVK", "displayName": "IVK"}, "removed": null}], "teacher": "", "cellState": "REGULAR", "date": "2025-06-19", "start": "2025-06-19T11:55", "end": "2025-06-19T12:40", "type": "NORMAL_TEACHING_PERIOD"}, {"classID": 48, "schoolID": "3891500", "subject": [{"current": {"type": "SUBJECT", "status": "REGULAR", "shortName": "K S", "longName": "Kurzstunde", "displayName": "K S"}, "removed": null}], "location": [{"current": {"type": "ROOM", "status": "REGULAR", "shortName": "IVK", "longName": "Klassenraum IVK", "displayName": "IVK"}, "removed": null}], "teacher": "", "cellState": "REGULAR", "date": "2025-06-19", "start": "2025-06-19T12:42", "end": "2025-06-19T13:00", "type": "NORMAL_TEACHING_PERIOD"}, {"classID": 47, "schoolID": "3891500", "subject": [{"current": {"type": "SUBJECT", "status": "REGULAR", "shortName": "VSK", "longName": "VSK Klassenleitung", "displayName": "VSK"}, "removed": null}], "location": [{"current": {"type": "ROOM", "status": "REGULAR", "shortName": "VSK", "longName": "Klassenraum der VSK", "displayName": "VSK"}, "removed": null}], "teacher": "", "cellState": "CHANGED", "date": "2025-06-19", "start": "2025-06-19T08:00", "end": "2025-06-19T08:45", "type": "NORMAL_TEACHING_PERIOD"}, {"classID": 47, "schoolID": "3891500", "subject": [{"current": {"type": "SUBJECT", "status": "REGULAR", "shortName": "VSK", "longName": "VSK Klassenleitung", "displayName": "VSK"}, "removed": null}], "location": [{"current": {"type": "ROOM", "status": "REGULAR", "shortName": "VSK", "longName": "Klassenraum der VSK", "displayName": "VSK"}, "removed": null}], "teacher": "", "cellState": "CHANGED", "date": "2025-06-19", "start": "2025-06-19T08:50", "end": "2025-06-19T09:35", "type": "NORMAL_TEACHING_PERIOD"}, {"classID": 47, "schoolID": "3891500", "subject": [{"current": {"type": "SUBJECT", "status": "REGULAR", "shortName": "VSK", "longName": "VSK Klassenleitung", "displayName": "VSK"}, "removed": null}], "location": [{"current": {"type": "ROOM", "status": "REGULAR", "shortName": "VSK", "longName": "Klassenraum der VSK", "displayName": "VSK"}, "removed": null}], "teacher": "", "cellState": "CHANGED", "date": "2025-06-19", "start": "2025-06-19T10:00", "end": "2025-06-19T10:45", "type": "NORMAL_TEACHING_PERIOD"}, {"classID": 47, "schoolID": "3891500", "subject": [{"current": {"type": "SUBJECT", "status": "REGULAR", "shortName": "VSK", "longName": "VSK Klassenleitung", "displayName": "VSK"}, "removed": null}], "location": [{"current": {"type": "ROOM", "status": "REGULAR", "shortName": "PC", "longName": "Computerraum", "displayName": "PC"}, "removed": null}], "teacher": "", "cellState": "CHANGED", "date": "2025-06-19", "start": "2025-06-19T10:50", "end": "2025-06-19T11:35", "type": "NORMAL_TEACHING_PERIOD"}, {"classID": 47, "schoolID": "3891500", "subject": [{"current": {"type": "SUBJECT", "status": "REGULAR", "shortName": "VSK", "longName": "VSK Klassenleitung", "displayName": "VSK"}, "removed": null}], "location": [{"current": {"type": "ROOM", "status": "REGULAR", "shortName": "VSK", "longName": "Klassenraum der VSK", "displayName": "VSK"}, "removed": null}], "teacher": "", "cellState": "CHANGED", "date": "2025-06-19", "start": "2025-06-19T11:55", "end": "2025-06-19T12:40", "type": "NORMAL_TEACHING_PERIOD"}, {"classID": 47, "schoolID": "3891500", "subject": [{"current": {"type": "SUBJECT", "status": "REGULAR", "shortName": "KSV", "longName": "VSK Kurzstunde", "displayName": "KSV"}, "removed": null}], "location": [{"current": {"type": "ROOM", "status": "REGULAR", "shortName": "VSK", "longName": "Klassenraum der VSK", "displayName": "VSK"}, "removed": null}], "teacher": "", "cellState": "CHANGED", "date": "2025-06-19", "start": "2025-06-19T12:42", "end": "2025-06-19T13:00", "type": "NORMAL_TEACHING_PERIOD"}, {"classID": 35, "schoolID": "3891500", "subject": [{"current": {"type": "SUBJECT", "status": "REGULAR", "shortName": "D", "longName": "Deutsch", "displayName": "D"}, "removed": null}], "location": [{"current": {"type": "ROOM", "status": "REGULAR", "shortName": "1", "longName": "Klassenraum Klasse 1", "displayName": "1"}, "removed": null}], "teacher": "", "cellState": "REGULAR", "date": "2025-06-20", "start": "2025-06-20T08:00", "end": "2025-06-20T08:45", "type": "NORMAL_TEACHING_PERIOD"}, {"classID": 35, "schoolID": "3891500", "subject": [{"current": {"type": "SUBJECT", "status": "REGULAR", "shortName": "Ma", "longName": "Mathematik", "displayName": "Ma"}, "removed": null}], "location": [{"current": {"type": "ROOM", "status": "REGULAR", "shortName": "1", "longName": "Klassenraum Klasse 1", "displayName": "1"}, "removed": null}], "teacher": "", "cellState": "REGULAR", "date": "2025-06-20", "start": "2025-06-20T08:50", "end": "2025-06-20T09:35", "type": "NORMAL_TEACHING_PERIOD"}, {"classID": 35, "schoolID": "3891500", "subject": [{"current": {"type": "SUBJECT", "status": "REGULAR", "shortName": "Sp", "longName": "Sport", "displayName": "Sp"}, "removed": null}], "location": [{"current": {"type": "ROOM", "status": "REGULAR", "shortName": "SP", "longName": "Sporthalle", "displayName": "SP"}, "removed": null}], "teacher": "", "cellState": "REGULAR", "date": "2025-06-20", "start": "2025-06-20T10:00", "end": "2025-06-20T10:45", "type": "NORMAL_TEACHING_PERIOD"}, {"classID": 35, "schoolID": "3891500", "subject": [{"current": {"type": "SUBJECT", "status": "REGULAR", "shortName": "D", "longName": "Deutsch", "displayName": "D"}, "removed": null}], "location": [{"current": {"type": "ROOM", "status": "REGULAR", "shortName": "1", "longName": "Klassenraum Klasse 1", "displayName": "1"}, "removed": null}], "teacher": "", "cellState": "REGULAR", "date": "2025-06-20", "start": "2025-06-20T10:50", "end": "2025-06-20T11:35", "type": "NORMAL_TEACHING_PERIOD"}, {"classID": 35, "schoolID": "3891500", "subject": [{"current": {"type": "SUBJECT", "status": "REGULAR", "shortName": "Sach", "longName": "Sachunterricht", "displayName": "Sach"}, "removed": null}], "location": [{"current": {"type": "ROOM", "status": "REGULAR", "shortName": "1", "longName": "Klassenraum Klasse 1", "displayName": "1"}, "removed": null}], "teacher": "", "cellState": "REGULAR", "date": "2025-06-20", "start": "2025-06-20T11:55", "end": "2025-06-20T12:40", "type": "NORMAL_TEACHING_PERIOD"}, {"classID": 35, "schoolID": "3891500", "subject": [{"current": {"type": "SUBJECT", "status": "REGULAR", "shortName": "K S", "longName": "Kurzstunde", "displayName": "K S"}, "removed": null}], "location": [{"current": {"type": "ROOM", "status": "REGULAR", "shortName": "1", "longName": "Klassenraum Klasse 1", "displayName": "1"}, "removed": null}], "teacher": "", "cellState": "REGULAR", "date": "2025-06-20", "start": "2025-06-20T12:42", "end": "2025-06-20T13:00", "type": "NORMAL_TEACHING_PERIOD"}, {"classID": 32, "schoolID": "3891500", "subject": [{"current": {"type": "SUBJECT", "status": "REGULAR", "shortName": "D", "longName": "Deutsch", "displayName": "D"}, "removed": null}], "location": [{"current": {"type": "ROOM", "status": "REGULAR", "shortName": "2", "longName": "Klassenraum Klasse 2", "displayName": "2"}, "removed": null}], "teacher": "", "cellState": "REGULAR", "date": "2025-06-20", "start": "2025-06-20T08:00", "end": "2025-06-20T08:45", "type": "NORMAL_TEACHING_PERIOD"}, {"classID": 32, "schoolID": "3891500", "subject": [{"current": {"type": "SUBJECT", "status": "REGULAR", "shortName": "E", "longName": "Englisch", "displayName": "E"}, "removed": null}], "location": [{"current": {"type": "ROOM", "status": "REGULAR", "shortName": "2", "longName": "Klassenraum Klasse 2", "displayName": "2"}, "removed": null}], "teacher": "", "cellState": "REGULAR", "date": "2025-06-20", "start": "2025-06-20T08:50", "end": "2025-06-20T09:35", "type": "NORMAL_TEACHING_PERIOD"}, {"classID": 32, "schoolID": "3891500", "subject": [{"current": {"type": "SUBJECT", "status": "REGULAR", "shortName": "Ma", "longName": "Mathematik", "displayName": "Ma"}, "removed": null}], "location": [{"current": {"type": "ROOM", "status": "REGULAR", "shortName": "2", "longName": "Klassenraum Klasse 2", "displayName": "2"}, "removed": null}], "teacher": "", "cellState": "REGULAR", "date": "2025-06-20", "start": "2025-06-20T10:00", "end": "2025-06-20T10:45", "type": "NORMAL_TEACHING_PERIOD"}, {"classID": 32, "schoolID": "3891500", "subject": [{"current": {"type": "SUBJECT", "status": "REGULAR", "shortName": "Mu", "longName": "Musik", "displayName": "Mu"}, "removed": null}], "location": [{"current": {"type": "ROOM", "status": "REGULAR", "shortName": "MU", "longName": "Musikraum", "displayName": "MU"}, "removed": null}], "teacher": "", "cellState": "REGULAR", "date": "2025-06-20", "start": "2025-06-20T10:50", "end": "2025-06-20T11:35", "type": "NORMAL_TEACHING_PERIOD"}, {"classID": 32, "schoolID": "3891500", "subject": [{"current": {"type": "SUBJECT", "status": "REGULAR", "shortName": "D", "longName": "Deutsch", "displayName": "D"}, "removed": null}], "location": [{"current": {"type": "ROOM", "status": "REGULAR", "shortName": "2", "longName": "Klassenraum Klasse 2", "displayName": "2"}, "removed": null}], "teacher": "", "cellState": "REGULAR", "date": "2025-06-20", "start": "2025-06-20T11:55", "end": "2025-06-20T12:40", "type": "NORMAL_TEACHING_PERIOD"}, {"classID": 32, "schoolID": "3891500", "subject": [{"current": {"type": "SUBJECT", "status": "REGULAR", "shortName": "K S", "longName": "Kurzstunde", "displayName": "K S"}, "removed": null}], "location": [{"current": {"type": "ROOM", "status": "REGULAR", "shortName": "2", "longName": "Klassenraum Klasse 2", "displayName": "2"}, "removed": null}], "teacher": "", "cellState": "REGULAR", "date": "2025-06-20", "start": "2025-06-20T12:42", "end": "2025-06-20T13:00", "type": "NORMAL_TEACHING_PERIOD"}, {"classID": 38, "schoolID": "3891500", "subject": [{"current": {"type": "SUBJECT", "status": "REGULAR", "shortName": "Ma", "longName": "Mathematik", "displayName": "Ma"}, "removed": null}], "location": [{"current": {"type": "ROOM", "status": "REGULAR", "shortName": "3", "longName": "Klassenraum Klasse 3", "displayName": "3"}, "removed": null}], "teacher": "", "cellState": "REGULAR", "date": "2025-06-20", "start": "2025-06-20T08:00", "end": "2025-06-20T09:35", "type": "NORMAL_TEACHING_PERIOD"}, {"classID": 38, "schoolID": "3891500", "subject": "", "location": [{"current": {"type": "ROOM", "status": "ADDED", "shortName": "AULA", "longName": "Aula", "displayName": "AULA"}, "removed": null}], "teacher": "", "cellState": "CHANGED", "date": "2025-06-20", "start": "2025-06-20T10:00", "end": "2025-06-20T11:35", "type": "EVENT"}, {"classID": 38, "schoolID": "3891500", "subject": [{"current": {"type": "SUBJECT", "status": "REGULAR", "shortName": "Mu", "longName": "Musik", "displayName": "Mu"}, "removed": null}], "location": [{"current": {"type": "ROOM", "status": "REGULAR", "shortName": "MU", "longName": "Musikraum", "displayName": "MU"}, "removed": null}], "teacher": "", "cellState": "REGULAR", "date": "2025-06-20", "start": "2025-06-20T11:55", "end": "2025-06-20T12:40", "type": "NORMAL_TEACHING_PERIOD"}, {"classID": 38, "schoolID": "3891500", "subject": [{"current": {"type": "SUBJECT", "status": "REGULAR", "shortName": "K S", "longName": "Kurzstunde", "displayName": "K S"}, "removed": null}], "location": [{"current": {"type": "ROOM", "status": "REGULAR", "shortName": "MU", "longName": "Musikraum", "displayName": "MU"}, "removed": null}], "teacher": "", "cellState": "REGULAR", "date": "2025-06-20", "start": "2025-06-20T12:42", "end": "2025-06-20T13:00", "type": "NORMAL_TEACHING_PERIOD"}, {"classID": 41, "schoolID": "3891500", "subject": [{"current": {"type": "SUBJECT", "status": "REGULAR", "shortName": "E", "longName": "Englisch", "displayName": "E"}, "removed": null}], "location": [{"current": {"type": "ROOM", "status": "REGULAR", "shortName": "4", "longName": "Klassenraum Klasse 4", "displayName": "4"}, "removed": null}], "teacher": "", "cellState": "REGULAR", "date": "2025-06-20", "start": "2025-06-20T08:00", "end": "2025-06-20T08:45", "type": "NORMAL_TEACHING_PERIOD"}, {"classID": 41, "schoolID": "3891500", "subject": [{"current": {"type": "SUBJECT", "status": "REGULAR", "shortName": "Sach", "longName": "Sachunterricht", "displayName": "Sach"}, "removed": null}], "location": [{"current": {"type": "ROOM", "status": "REGULAR", "shortName": "4", "longName": "Klassenraum Klasse 4", "displayName": "4"}, "removed": null}], "teacher": "", "cellState": "REGULAR", "date": "2025-06-20", "start": "2025-06-20T08:50", "end": "2025-06-20T09:35", "type": "NORMAL_TEACHING_PERIOD"}, {"classID": 41, "schoolID": "3891500", "subject": [{"current": {"type": "SUBJECT", "status": "REGULAR", "shortName": "D", "longName": "Deutsch", "displayName": "D"}, "removed": null}], "location": [{"current": {"type": "ROOM", "status": "REGULAR", "shortName": "4", "longName": "Klassenraum Klasse 4", "displayName": "4"}, "removed": null}], "teacher": "", "cellState": "REGULAR", "date": "2025-06-20", "start": "2025-06-20T10:00", "end": "2025-06-20T10:45", "type": "NORMAL_TEACHING_PERIOD"}, {"classID": 41, "schoolID": "3891500", "subject": [{"current": {"type": "SUBJECT", "status": "REGULAR", "shortName": "E", "longName": "Englisch", "displayName": "E"}, "removed": null}], "location": [{"current": {"type": "ROOM", "status": "REGULAR", "shortName": "4", "longName": "Klassenraum Klasse 4", "displayName": "4"}, "removed": null}], "teacher": "", "cellState": "REGULAR", "date": "2025-06-20", "start": "2025-06-20T10:50", "end": "2025-06-20T11:35", "type": "NORMAL_TEACHING_PERIOD"}, {"classID": 41, "schoolID": "3891500", "subject": [{"current": {"type": "SUBJECT", "status": "REGULAR", "shortName": "The", "longName": "Theater", "displayName": "The"}, "removed": null}], "location": [{"current": {"type": "ROOM", "status": "REGULAR", "shortName": "AULA", "longName": "Aula", "displayName": "AULA"}, "removed": null}], "teacher": "", "cellState": "REGULAR", "date": "2025-06-20", "start": "2025-06-20T11:55", "end": "2025-06-20T12:40", "type": "NORMAL_TEACHING_PERIOD"}, {"classID": 41, "schoolID": "3891500", "subject": [{"current": {"type": "SUBJECT", "status": "REGULAR", "shortName": "K S", "longName": "Kurzstunde", "displayName": "K S"}, "removed": null}], "location": [{"current": {"type": "ROOM", "status": "REGULAR", "shortName": "AULA", "longName": "Aula", "displayName": "AULA"}, "removed": null}], "teacher": "", "cellState": "REGULAR", "date": "2025-06-20", "start": "2025-06-20T12:42", "end": "2025-06-20T13:00", "type": "NORMAL_TEACHING_PERIOD"}, {"classID": 48, "schoolID": "3891500", "subject": [{"current": {"type": "SUBJECT", "status": "REGULAR", "shortName": "D", "longName": "Deutsch", "displayName": "D"}, "removed": null}], "location": [{"current": {"type": "ROOM", "status": "REGULAR", "shortName": "IVK", "longName": "Klassenraum IVK", "displayName": "IVK"}, "removed": null}], "teacher": "", "cellState": "REGULAR", "date": "2025-06-20", "start": "2025-06-20T08:00", "end": "2025-06-20T09:35", "type": "NORMAL_TEACHING_PERIOD"}, {"classID": 48, "schoolID": "3891500", "subject": [{"current": {"type": "SUBJECT", "status": "REGULAR", "shortName": "BKu", "longName": "Bildende Kunst", "displayName": "BKu"}, "removed": null}], "location": "", "teacher": "", "cellState": "REGULAR", "date": "2025-06-20", "start": "2025-06-20T10:00", "end": "2025-06-20T10:45", "type": "NORMAL_TEACHING_PERIOD"}, {"classID": 48, "schoolID": "3891500", "subject": [{"current": {"type": "SUBJECT", "status": "REGULAR", "shortName": "Sp", "longName": "Sport", "displayName": "Sp"}, "removed": null}], "location": [{"current": {"type": "ROOM", "status": "REGULAR", "shortName": "SP", "longName": "Sporthalle", "displayName": "SP"}, "removed": null}], "teacher": "", "cellState": "REGULAR", "date": "2025-06-20", "start": "2025-06-20T10:50", "end": "2025-06-20T11:35", "type": "NORMAL_TEACHING_PERIOD"}, {"classID": 48, "schoolID": "3891500", "subject": [{"current": {"type": "SUBJECT", "status": "REGULAR", "shortName": "Mu", "longName": "Musik", "displayName": "Mu"}, "removed": null}], "location": "", "teacher": "", "cellState": "REGULAR", "date": "2025-06-20", "start": "2025-06-20T11:55", "end": "2025-06-20T12:40", "type": "NORMAL_TEACHING_PERIOD"}, {"classID": 48, "schoolID": "3891500", "subject": [{"current": {"type": "SUBJECT", "status": "REGULAR", "shortName": "K S", "longName": "Kurzstunde", "displayName": "K S"}, "removed": null}], "location": [{"current": {"type": "ROOM", "status": "REGULAR", "shortName": "IVK", "longName": "Klassenraum IVK", "displayName": "IVK"}, "removed": null}], "teacher": "", "cellState": "REGULAR", "date": "2025-06-20", "start": "2025-06-20T12:42", "end": "2025-06-20T13:00", "type": "NORMAL_TEACHING_PERIOD"}, {"classID": 47, "schoolID": "3891500", "subject": [{"current": {"type": "SUBJECT", "status": "REGULAR", "shortName": "ThV", "longName": "VSK Theater", "displayName": "ThV"}, "removed": null}], "location": [{"current": {"type": "ROOM", "status": "REGULAR", "shortName": "AULA", "longName": "Aula", "displayName": "AULA"}, "removed": null}], "teacher": "", "cellState": "CHANGED", "date": "2025-06-20", "start": "2025-06-20T08:00", "end": "2025-06-20T08:45", "type": "NORMAL_TEACHING_PERIOD"}, {"classID": 47, "schoolID": "3891500", "subject": [{"current": {"type": "SUBJECT", "status": "REGULAR", "shortName": "SpV", "longName": "VSK Sport", "displayName": "SpV"}, "removed": null}], "location": [{"current": {"type": "ROOM", "status": "REGULAR", "shortName": "SP", "longName": "Sporthalle", "displayName": "SP"}, "removed": null}], "teacher": "", "cellState": "CHANGED", "date": "2025-06-20", "start": "2025-06-20T08:50", "end": "2025-06-20T09:35", "type": "NORMAL_TEACHING_PERIOD"}, {"classID": 47, "schoolID": "3891500", "subject": [{"current": {"type": "SUBJECT", "status": "REGULAR", "shortName": "VSK", "longName": "VSK Klassenleitung", "displayName": "VSK"}, "removed": null}], "location": [{"current": {"type": "ROOM", "status": "REGULAR", "shortName": "VSK", "longName": "Klassenraum der VSK", "displayName": "VSK"}, "removed": null}], "teacher": "", "cellState": "CHANGED", "date": "2025-06-20", "start": "2025-06-20T10:00", "end": "2025-06-20T10:45", "type": "NORMAL_TEACHING_PERIOD"}, {"classID": 47, "schoolID": "3891500", "subject": [{"current": {"type": "SUBJECT", "status": "REGULAR", "shortName": "VSK", "longName": "VSK Klassenleitung", "displayName": "VSK"}, "removed": null}], "location": "", "teacher": "", "cellState": "CHANGED", "date": "2025-06-20", "start": "2025-06-20T10:50", "end": "2025-06-20T11:35", "type": "NORMAL_TEACHING_PERIOD"}, {"classID": 47, "schoolID": "3891500", "subject": [{"current": {"type": "SUBJECT", "status": "REGULAR", "shortName": "KuV", "longName": "VSK Kunst", "displayName": "KuV"}, "removed": null}], "location": [{"current": {"type": "ROOM", "status": "REGULAR", "shortName": "KU", "longName": "Kunstraum", "displayName": "KU"}, "removed": null}], "teacher": "", "cellState": "CHANGED", "date": "2025-06-20", "start": "2025-06-20T11:55", "end": "2025-06-20T12:40", "type": "NORMAL_TEACHING_PERIOD"}, {"classID": 47, "schoolID": "3891500", "subject": [{"current": {"type": "SUBJECT", "status": "REGULAR", "shortName": "KSV", "longName": "VSK Kurzstunde", "displayName": "KSV"}, "removed": null}], "location": [{"current": {"type": "ROOM", "status": "REGULAR", "shortName": "KU", "longName": "Kunstraum", "displayName": "KU"}, "removed": null}], "teacher": "", "cellState": "CHANGED", "date": "2025-06-20", "start": "2025-06-20T12:42", "end": "2025-06-20T13:00", "type": "NORMAL_TEACHING_PERIOD"}]