[{"classID": 735, "schoolID": "2315200", "subject": [{"current": {"type": "SUBJECT", "status": "REGULAR", "shortName": "n5.5", "longName": "Internationales und nationales Recht", "displayName": "n5.5"}, "removed": null}], "location": [{"current": {"type": "ROOM", "status": "REGULAR", "shortName": "R 5", "longName": "R 5", "displayName": "R 5"}, "removed": null}], "teacher": [{"current": {"type": "TEACHER", "status": "REGULAR", "shortName": "HN", "longName": "Heinecke", "displayName": "HN"}, "removed": null}], "cellState": "REGULAR", "date": "2025-06-16", "start": "2025-06-16T08:10", "end": "2025-06-16T09:40", "type": "NORMAL_TEACHING_PERIOD"}, {"classID": 735, "schoolID": "2315200", "subject": [{"current": {"type": "SUBJECT", "status": "REGULAR", "shortName": "n7.3", "longName": "Tankerschein", "displayName": "n7.3"}, "removed": null}], "location": [{"current": {"type": "ROOM", "status": "REGULAR", "shortName": "Kartenr", "longName": "Kartenr", "displayName": "Kartenr"}, "removed": null}], "teacher": [{"current": {"type": "TEACHER", "status": "REGULAR", "shortName": "GO", "longName": "G\u00f6rtz", "displayName": "GO"}, "removed": null}], "cellState": "REGULAR", "date": "2025-06-16", "start": "2025-06-16T09:55", "end": "2025-06-16T11:25", "type": "NORMAL_TEACHING_PERIOD"}, {"classID": 735, "schoolID": "2315200", "subject": [{"current": {"type": "SUBJECT", "status": "REGULAR", "shortName": "n2.3", "longName": "Physik", "displayName": "n2.3"}, "removed": null}], "location": [{"current": {"type": "ROOM", "status": "REGULAR", "shortName": "Phy", "longName": "Phy", "displayName": "Phy"}, "removed": null}], "teacher": [{"current": {"type": "TEACHER", "status": "REGULAR", "shortName": "RE", "longName": "Reinwald", "displayName": "RE"}, "removed": null}], "cellState": "REGULAR", "date": "2025-06-16", "start": "2025-06-16T11:40", "end": "2025-06-16T13:10", "type": "NORMAL_TEACHING_PERIOD"}, {"classID": 735, "schoolID": "2315200", "subject": [{"current": {"type": "SUBJECT", "status": "REGULAR", "shortName": "n2.1", "longName": "Mathematik 1", "displayName": "n2.1"}, "removed": null}], "location": [{"current": {"type": "ROOM", "status": "REGULAR", "shortName": "R 4", "longName": "R 4", "displayName": "R 4"}, "removed": null}], "teacher": [{"current": {"type": "TEACHER", "status": "REGULAR", "shortName": "PA", "longName": "Dr. Pause", "displayName": "PA"}, "removed": null}], "cellState": "REGULAR", "date": "2025-06-16", "start": "2025-06-16T13:30", "end": "2025-06-16T15:00", "type": "NORMAL_TEACHING_PERIOD"}, {"classID": 735, "schoolID": "2315200", "subject": [{"current": {"type": "SUBJECT", "status": "REGULAR", "shortName": "FischT", "longName": "Fischereitechnologie", "displayName": "FischT"}, "removed": null}], "location": [{"current": {"type": "ROOM", "status": "REGULAR", "shortName": "R 2", "longName": "R 2", "displayName": "R 2"}, "removed": null}], "teacher": [{"current": {"type": "TEACHER", "status": "REGULAR", "shortName": "PA", "longName": "Dr. Pause", "displayName": "PA"}, "removed": null}], "cellState": "REGULAR", "date": "2025-06-16", "start": "2025-06-16T15:15", "end": "2025-06-16T16:45", "type": "NORMAL_TEACHING_PERIOD"}, {"classID": 741, "schoolID": "2315200", "subject": [{"current": {"type": "SUBJECT", "status": "REGULAR", "shortName": "n4.4", "longName": "Gef\u00e4hrliche Ladungen", "displayName": "n4.4"}, "removed": null}], "location": [{"current": {"type": "ROOM", "status": "REGULAR", "shortName": "R 1", "longName": "R 1", "displayName": "R 1"}, "removed": null}], "teacher": [{"current": {"type": "TEACHER", "status": "REGULAR", "shortName": "GO", "longName": "G\u00f6rtz", "displayName": "GO"}, "removed": null}], "cellState": "REGULAR", "date": "2025-06-16", "start": "2025-06-16T08:10", "end": "2025-06-16T09:40", "type": "NORMAL_TEACHING_PERIOD"}, {"classID": 741, "schoolID": "2315200", "subject": [{"current": {"type": "SUBJECT", "status": "REGULAR", "shortName": "n3.14", "longName": "Meteorologie", "displayName": "n3.14"}, "removed": null}], "location": [{"current": {"type": "ROOM", "status": "REGULAR", "shortName": "R 2", "longName": "R 2", "displayName": "R 2"}, "removed": null}], "teacher": [{"current": {"type": "TEACHER", "status": "REGULAR", "shortName": "RE", "longName": "Reinwald", "displayName": "RE"}, "removed": null}], "cellState": "REGULAR", "date": "2025-06-16", "start": "2025-06-16T09:55", "end": "2025-06-16T11:25", "type": "NORMAL_TEACHING_PERIOD"}, {"classID": 741, "schoolID": "2315200", "subject": [{"current": {"type": "SUBJECT", "status": "REGULAR", "shortName": "n3.11", "longName": "Man\u00f6verkunde", "displayName": "n3.11"}, "removed": null}], "location": [{"current": {"type": "ROOM", "status": "REGULAR", "shortName": "R 6", "longName": "R 6", "displayName": "R 6"}, "removed": null}], "teacher": [{"current": {"type": "TEACHER", "status": "REGULAR", "shortName": "WI", "longName": "Wilhelm", "displayName": "WI"}, "removed": null}], "cellState": "REGULAR", "date": "2025-06-16", "start": "2025-06-16T11:40", "end": "2025-06-16T13:10", "type": "NORMAL_TEACHING_PERIOD"}, {"classID": 741, "schoolID": "2315200", "subject": [{"current": {"type": "SUBJECT", "status": "REGULAR", "shortName": "n3.3", "longName": "TerrNav/AstroNav 1", "displayName": "n3.3"}, "removed": null}], "location": [{"current": {"type": "ROOM", "status": "REGULAR", "shortName": "Kartenr", "longName": "Kartenr", "displayName": "Kartenr"}, "removed": null}], "teacher": [{"current": {"type": "TEACHER", "status": "REGULAR", "shortName": "WE", "longName": "Fr. Wessels", "displayName": "WE"}, "removed": null}], "cellState": "REGULAR", "date": "2025-06-16", "start": "2025-06-16T13:30", "end": "2025-06-16T15:00", "type": "NORMAL_TEACHING_PERIOD"}, {"classID": 744, "schoolID": "2315200", "subject": [{"current": {"type": "SUBJECT", "status": "REGULAR", "shortName": "n5.6", "longName": "Intakt- und Leckstabilit\u00e4t, Schiffsfestigkeit", "displayName": "n5.6"}, "removed": null}], "location": [{"current": {"type": "ROOM", "status": "REGULAR", "shortName": "2.05", "longName": "SHS Instruktor", "displayName": "2.05"}, "removed": null}], "teacher": [{"current": {"type": "TEACHER", "status": "REGULAR", "shortName": "Ws", "longName": "Wessels", "displayName": "Ws"}, "removed": null}], "cellState": "REGULAR", "date": "2025-06-16", "start": "2025-06-16T09:55", "end": "2025-06-16T11:25", "type": "NORMAL_TEACHING_PERIOD"}, {"classID": 744, "schoolID": "2315200", "subject": [{"current": {"type": "SUBJECT", "status": "REGULAR", "shortName": "n7.7", "longName": "T-Trainer", "displayName": "n7.7"}, "removed": null}], "location": [{"current": {"type": "ROOM", "status": "REGULAR", "shortName": "R 3", "longName": "R 3", "displayName": "R 3"}, "removed": null}], "teacher": [{"current": {"type": "TEACHER", "status": "REGULAR", "shortName": "GU", "longName": "Grunert", "displayName": "GU"}, "removed": null}], "cellState": "REGULAR", "date": "2025-06-16", "start": "2025-06-16T12:30", "end": "2025-06-16T13:10", "type": "NORMAL_TEACHING_PERIOD"}, {"classID": 744, "schoolID": "2315200", "subject": [{"current": {"type": "SUBJECT", "status": "REGULAR", "shortName": "n7.7", "longName": "T-Trainer", "displayName": "n7.7"}, "removed": null}], "location": [{"current": {"type": "ROOM", "status": "REGULAR", "shortName": "R 3", "longName": "R 3", "displayName": "R 3"}, "removed": null}], "teacher": [{"current": {"type": "TEACHER", "status": "REGULAR", "shortName": "GU", "longName": "Grunert", "displayName": "GU"}, "removed": null}], "cellState": "REGULAR", "date": "2025-06-16", "start": "2025-06-16T13:30", "end": "2025-06-16T14:15", "type": "NORMAL_TEACHING_PERIOD"}, {"classID": 744, "schoolID": "2315200", "subject": [{"current": {"type": "SUBJECT", "status": "REGULAR", "shortName": "n3.13", "longName": "System\u00fcberwachung", "displayName": "n3.13"}, "removed": null}], "location": [{"current": {"type": "ROOM", "status": "REGULAR", "shortName": "CheLab", "longName": "CheLab", "displayName": "CheLab"}, "removed": null}], "teacher": [{"current": {"type": "TEACHER", "status": "REGULAR", "shortName": "GU", "longName": "Grunert", "displayName": "GU"}, "removed": null}], "cellState": "REGULAR", "date": "2025-06-16", "start": "2025-06-16T14:20", "end": "2025-06-16T15:00", "type": "NORMAL_TEACHING_PERIOD"}, {"classID": 744, "schoolID": "2315200", "subject": [{"current": {"type": "SUBJECT", "status": "REGULAR", "shortName": "n5.4", "longName": "Maritimer Umweltschutz", "displayName": "n5.4"}, "removed": null}], "location": [{"current": {"type": "ROOM", "status": "REGULAR", "shortName": "R 1", "longName": "R 1", "displayName": "R 1"}, "removed": null}], "teacher": [{"current": {"type": "TEACHER", "status": "REGULAR", "shortName": "WI", "longName": "Wilhelm", "displayName": "WI"}, "removed": null}], "cellState": "REGULAR", "date": "2025-06-16", "start": "2025-06-16T15:15", "end": "2025-06-16T16:00", "type": "NORMAL_TEACHING_PERIOD"}, {"classID": 753, "schoolID": "2315200", "subject": [{"current": {"type": "SUBJECT", "status": "REGULAR", "shortName": "n5.5", "longName": "Internationales und nationales Recht", "displayName": "n5.5"}, "removed": null}], "location": [{"current": {"type": "ROOM", "status": "REGULAR", "shortName": "R 5", "longName": "R 5", "displayName": "R 5"}, "removed": null}], "teacher": [{"current": {"type": "TEACHER", "status": "REGULAR", "shortName": "HN", "longName": "Heinecke", "displayName": "HN"}, "removed": null}], "cellState": "REGULAR", "date": "2025-06-16", "start": "2025-06-16T08:10", "end": "2025-06-16T09:40", "type": "NORMAL_TEACHING_PERIOD"}, {"classID": 753, "schoolID": "2315200", "subject": [{"current": {"type": "SUBJECT", "status": "REGULAR", "shortName": "n7.3", "longName": "Tankerschein", "displayName": "n7.3"}, "removed": null}], "location": [{"current": {"type": "ROOM", "status": "REGULAR", "shortName": "Kartenr", "longName": "Kartenr", "displayName": "Kartenr"}, "removed": null}], "teacher": [{"current": {"type": "TEACHER", "status": "REGULAR", "shortName": "GO", "longName": "G\u00f6rtz", "displayName": "GO"}, "removed": null}], "cellState": "REGULAR", "date": "2025-06-16", "start": "2025-06-16T09:55", "end": "2025-06-16T11:25", "type": "NORMAL_TEACHING_PERIOD"}, {"classID": 753, "schoolID": "2315200", "subject": [{"current": {"type": "SUBJECT", "status": "REGULAR", "shortName": "c4.34", "longName": "c 4.3.4 Leittechnik", "displayName": "c4.34"}, "removed": null}], "location": [{"current": {"type": "ROOM", "status": "REGULAR", "shortName": "Elab2", "longName": "EDV", "displayName": "Elab2"}, "removed": null}], "teacher": [{"current": {"type": "TEACHER", "status": "REGULAR", "shortName": "SO", "longName": "Sch\u00f6nig", "displayName": "SO"}, "removed": null}], "cellState": "REGULAR", "date": "2025-06-16", "start": "2025-06-16T11:40", "end": "2025-06-16T13:10", "type": "NORMAL_TEACHING_PERIOD"}, {"classID": 753, "schoolID": "2315200", "subject": [{"current": {"type": "SUBJECT", "status": "REGULAR", "shortName": "c6.1", "longName": "c 6.1 Arbeitsschutz, Wachdienst", "displayName": "c6.1"}, "removed": null}], "location": [{"current": {"type": "ROOM", "status": "REGULAR", "shortName": "R 1", "longName": "R 1", "displayName": "R 1"}, "removed": null}], "teacher": [{"current": {"type": "TEACHER", "status": "REGULAR", "shortName": "WI", "longName": "Wilhelm", "displayName": "WI"}, "removed": null}], "cellState": "REGULAR", "date": "2025-06-16", "start": "2025-06-16T13:30", "end": "2025-06-16T15:00", "type": "NORMAL_TEACHING_PERIOD"}, {"classID": 753, "schoolID": "2315200", "subject": [{"current": {"type": "SUBJECT", "status": "REGULAR", "shortName": "n5.4", "longName": "Maritimer Umweltschutz", "displayName": "n5.4"}, "removed": null}], "location": [{"current": {"type": "ROOM", "status": "REGULAR", "shortName": "R 1", "longName": "R 1", "displayName": "R 1"}, "removed": null}], "teacher": [{"current": {"type": "TEACHER", "status": "REGULAR", "shortName": "WI", "longName": "Wilhelm", "displayName": "WI"}, "removed": null}], "cellState": "REGULAR", "date": "2025-06-16", "start": "2025-06-16T15:15", "end": "2025-06-16T16:00", "type": "NORMAL_TEACHING_PERIOD"}, {"classID": 759, "schoolID": "2315200", "subject": [{"current": {"type": "SUBJECT", "status": "REGULAR", "shortName": "c3.4", "longName": "c 3.4 Arbeitsmaschinen und Anlagen", "displayName": "c3.4"}, "removed": null}], "location": [{"current": {"type": "ROOM", "status": "REGULAR", "shortName": "R 3", "longName": "R 3", "displayName": "R 3"}, "removed": null}], "teacher": [{"current": {"type": "TEACHER", "status": "REGULAR", "shortName": "GU", "longName": "Grunert", "displayName": "GU"}, "removed": null}], "cellState": "REGULAR", "date": "2025-06-16", "start": "2025-06-16T08:10", "end": "2025-06-16T09:40", "type": "NORMAL_TEACHING_PERIOD"}, {"classID": 759, "schoolID": "2315200", "subject": [{"current": {"type": "SUBJECT", "status": "REGULAR", "shortName": "c3.4", "longName": "c 3.4 Arbeitsmaschinen und Anlagen", "displayName": "c3.4"}, "removed": null}], "location": [{"current": {"type": "ROOM", "status": "REGULAR", "shortName": "Phy", "longName": "Phy", "displayName": "Phy"}, "removed": null}], "teacher": [{"current": {"type": "TEACHER", "status": "REGULAR", "shortName": "GU", "longName": "Grunert", "displayName": "GU"}, "removed": null}], "cellState": "REGULAR", "date": "2025-06-16", "start": "2025-06-16T09:55", "end": "2025-06-16T11:25", "type": "NORMAL_TEACHING_PERIOD"}, {"classID": 759, "schoolID": "2315200", "subject": [{"current": {"type": "SUBJECT", "status": "REGULAR", "shortName": "c3.4", "longName": "c 3.4 Arbeitsmaschinen und Anlagen", "displayName": "c3.4"}, "removed": null}], "location": [{"current": {"type": "ROOM", "status": "REGULAR", "shortName": "R 5", "longName": "R 5", "displayName": "R 5"}, "removed": null}], "teacher": [{"current": {"type": "TEACHER", "status": "REGULAR", "shortName": "GU", "longName": "Grunert", "displayName": "GU"}, "removed": null}], "cellState": "REGULAR", "date": "2025-06-16", "start": "2025-06-16T11:40", "end": "2025-06-16T12:25", "type": "NORMAL_TEACHING_PERIOD"}, {"classID": 759, "schoolID": "2315200", "subject": [{"current": {"type": "SUBJECT", "status": "REGULAR", "shortName": "n7.7", "longName": "T-Trainer", "displayName": "n7.7"}, "removed": null}], "location": [{"current": {"type": "ROOM", "status": "REGULAR", "shortName": "R 3", "longName": "R 3", "displayName": "R 3"}, "removed": null}], "teacher": [{"current": {"type": "TEACHER", "status": "REGULAR", "shortName": "GU", "longName": "Grunert", "displayName": "GU"}, "removed": null}], "cellState": "REGULAR", "date": "2025-06-16", "start": "2025-06-16T12:30", "end": "2025-06-16T13:10", "type": "NORMAL_TEACHING_PERIOD"}, {"classID": 759, "schoolID": "2315200", "subject": [{"current": {"type": "SUBJECT", "status": "REGULAR", "shortName": "n7.7", "longName": "T-Trainer", "displayName": "n7.7"}, "removed": null}], "location": [{"current": {"type": "ROOM", "status": "REGULAR", "shortName": "R 3", "longName": "R 3", "displayName": "R 3"}, "removed": null}], "teacher": [{"current": {"type": "TEACHER", "status": "REGULAR", "shortName": "GU", "longName": "Grunert", "displayName": "GU"}, "removed": null}], "cellState": "REGULAR", "date": "2025-06-16", "start": "2025-06-16T13:30", "end": "2025-06-16T14:15", "type": "NORMAL_TEACHING_PERIOD"}, {"classID": 771, "schoolID": "2315200", "subject": [{"current": {"type": "SUBJECT", "status": "REGULAR", "shortName": "s4.2", "longName": "sBB4-2", "displayName": "s4.2"}, "removed": null}], "location": [{"current": {"type": "ROOM", "status": "REGULAR", "shortName": "Kartenr", "longName": "Kartenr", "displayName": "Kartenr"}, "removed": null}], "teacher": [{"current": {"type": "TEACHER", "status": "REGULAR", "shortName": "MC", "longName": "Machnow", "displayName": "MC"}, "removed": null}], "cellState": "REGULAR", "date": "2025-06-16", "start": "2025-06-16T08:10", "end": "2025-06-16T09:40", "type": "NORMAL_TEACHING_PERIOD"}, {"classID": 771, "schoolID": "2315200", "subject": [{"current": {"type": "SUBJECT", "status": "REGULAR", "shortName": "n7.3", "longName": "Tankerschein", "displayName": "n7.3"}, "removed": null}], "location": [{"current": {"type": "ROOM", "status": "REGULAR", "shortName": "Kartenr", "longName": "Kartenr", "displayName": "Kartenr"}, "removed": null}], "teacher": [{"current": {"type": "TEACHER", "status": "REGULAR", "shortName": "GO", "longName": "G\u00f6rtz", "displayName": "GO"}, "removed": null}], "cellState": "REGULAR", "date": "2025-06-16", "start": "2025-06-16T09:55", "end": "2025-06-16T11:25", "type": "NORMAL_TEACHING_PERIOD"}, {"classID": 771, "schoolID": "2315200", "subject": [{"current": {"type": "SUBJECT", "status": "REGULAR", "shortName": "s1.2", "longName": "sBB1-2", "displayName": "s1.2"}, "removed": null}], "location": [{"current": {"type": "ROOM", "status": "REGULAR", "shortName": "R 2", "longName": "R 2", "displayName": "R 2"}, "removed": null}], "teacher": [{"current": {"type": "TEACHER", "status": "REGULAR", "shortName": "WE", "longName": "Fr. Wessels", "displayName": "WE"}, "removed": null}], "cellState": "REGULAR", "date": "2025-06-16", "start": "2025-06-16T11:40", "end": "2025-06-16T13:10", "type": "NORMAL_TEACHING_PERIOD"}, {"classID": 771, "schoolID": "2315200", "subject": [{"current": {"type": "SUBJECT", "status": "REGULAR", "shortName": "s2.2", "longName": "sBB2-2", "displayName": "s2.2"}, "removed": null}], "location": [{"current": {"type": "ROOM", "status": "REGULAR", "shortName": "Phy", "longName": "Phy", "displayName": "Phy"}, "removed": null}], "teacher": [{"current": {"type": "TEACHER", "status": "REGULAR", "shortName": "RE", "longName": "Reinwald", "displayName": "RE"}, "removed": null}], "cellState": "REGULAR", "date": "2025-06-16", "start": "2025-06-16T13:30", "end": "2025-06-16T15:00", "type": "NORMAL_TEACHING_PERIOD"}, {"classID": 735, "schoolID": "2315200", "subject": [{"current": {"type": "SUBJECT", "status": "REGULAR", "shortName": "n5.1", "longName": "Personalf\u00fchrung und Arbeitsrecht", "displayName": "n5.1"}, "removed": null}], "location": [{"current": {"type": "ROOM", "status": "REGULAR", "shortName": "R 5", "longName": "R 5", "displayName": "R 5"}, "removed": null}], "teacher": [{"current": {"type": "TEACHER", "status": "REGULAR", "shortName": "HN", "longName": "Heinecke", "displayName": "HN"}, "removed": null}], "cellState": "REGULAR", "date": "2025-06-17", "start": "2025-06-17T08:10", "end": "2025-06-17T11:25", "type": "NORMAL_TEACHING_PERIOD"}, {"classID": 735, "schoolID": "2315200", "subject": [{"current": {"type": "SUBJECT", "status": "REGULAR", "shortName": "n5.7", "longName": "Schiffbau", "displayName": "n5.7"}, "removed": null}], "location": [{"current": {"type": "ROOM", "status": "REGULAR", "shortName": "R 6", "longName": "R 6", "displayName": "R 6"}, "removed": null}], "teacher": [{"current": {"type": "TEACHER", "status": "REGULAR", "shortName": "GO", "longName": "G\u00f6rtz", "displayName": "GO"}, "removed": null}], "cellState": "REGULAR", "date": "2025-06-17", "start": "2025-06-17T11:40", "end": "2025-06-17T13:10", "type": "NORMAL_TEACHING_PERIOD"}, {"classID": 735, "schoolID": "2315200", "subject": [{"current": {"type": "SUBJECT", "status": "REGULAR", "shortName": "EDV n1.3", "longName": "Informatik", "displayName": "EDV n1.3"}, "removed": null}], "location": [{"current": {"type": "ROOM", "status": "REGULAR", "shortName": "2.04", "longName": "EDV/GOC", "displayName": "2.04"}, "removed": null}], "teacher": [{"current": {"type": "TEACHER", "status": "REGULAR", "shortName": "RE", "longName": "Reinwald", "displayName": "RE"}, "removed": null}], "cellState": "REGULAR", "date": "2025-06-17", "start": "2025-06-17T13:30", "end": "2025-06-17T15:00", "type": "NORMAL_TEACHING_PERIOD"}, {"classID": 735, "schoolID": "2315200", "subject": [{"current": {"type": "SUBJECT", "status": "REGULAR", "shortName": "n2.3", "longName": "Physik", "displayName": "n2.3"}, "removed": null}], "location": [{"current": {"type": "ROOM", "status": "REGULAR", "shortName": "2.04", "longName": "EDV/GOC", "displayName": "2.04"}, "removed": null}], "teacher": [{"current": {"type": "TEACHER", "status": "REGULAR", "shortName": "RE", "longName": "Reinwald", "displayName": "RE"}, "removed": null}], "cellState": "REGULAR", "date": "2025-06-17", "start": "2025-06-17T15:15", "end": "2025-06-17T16:45", "type": "NORMAL_TEACHING_PERIOD"}, {"classID": 741, "schoolID": "2315200", "subject": [{"current": {"type": "SUBJECT", "status": "REGULAR", "shortName": "n4.3", "longName": "Ladungsumschlag und -sicherung 2", "displayName": "n4.3"}, "removed": null}], "location": [{"current": {"type": "ROOM", "status": "REGULAR", "shortName": "R 6", "longName": "R 6", "displayName": "R 6"}, "removed": null}], "teacher": [{"current": {"type": "TEACHER", "status": "REGULAR", "shortName": "GO", "longName": "G\u00f6rtz", "displayName": "GO"}, "removed": null}], "cellState": "REGULAR", "date": "2025-06-17", "start": "2025-06-17T08:10", "end": "2025-06-17T09:40", "type": "NORMAL_TEACHING_PERIOD"}, {"classID": 741, "schoolID": "2315200", "subject": [{"current": {"type": "SUBJECT", "status": "REGULAR", "shortName": "n3.1", "longName": "Seeverkehrsrecht", "displayName": "n3.1"}, "removed": null}], "location": [{"current": {"type": "ROOM", "status": "REGULAR", "shortName": "R 6", "longName": "R 6", "displayName": "R 6"}, "removed": null}], "teacher": [{"current": {"type": "TEACHER", "status": "REGULAR", "shortName": "GO", "longName": "G\u00f6rtz", "displayName": "GO"}, "removed": null}], "cellState": "REGULAR", "date": "2025-06-17", "start": "2025-06-17T09:55", "end": "2025-06-17T11:25", "type": "NORMAL_TEACHING_PERIOD"}, {"classID": 741, "schoolID": "2315200", "subject": [{"current": {"type": "SUBJECT", "status": "REGULAR", "shortName": "RAD n3.7", "longName": "RadarNav", "displayName": "RAD n3.7"}, "removed": null}], "location": [{"current": {"type": "ROOM", "status": "REGULAR", "shortName": "2.04", "longName": "EDV/GOC", "displayName": "2.04"}, "removed": null}], "teacher": [{"current": {"type": "TEACHER", "status": "REGULAR", "shortName": "WI", "longName": "Wilhelm", "displayName": "WI"}, "removed": null}], "cellState": "REGULAR", "date": "2025-06-17", "start": "2025-06-17T11:40", "end": "2025-06-17T13:10", "type": "NORMAL_TEACHING_PERIOD"}, {"classID": 741, "schoolID": "2315200", "subject": [{"current": {"type": "SUBJECT", "status": "REGULAR", "shortName": "n4.1", "longName": "Seehandelsrecht", "displayName": "n4.1"}, "removed": null}], "location": [{"current": {"type": "ROOM", "status": "REGULAR", "shortName": "R 3", "longName": "R 3", "displayName": "R 3"}, "removed": null}], "teacher": [{"current": {"type": "TEACHER", "status": "REGULAR", "shortName": "WI", "longName": "Wilhelm", "displayName": "WI"}, "removed": null}], "cellState": "REGULAR", "date": "2025-06-17", "start": "2025-06-17T13:30", "end": "2025-06-17T15:00", "type": "NORMAL_TEACHING_PERIOD"}, {"classID": 741, "schoolID": "2315200", "subject": [{"current": {"type": "SUBJECT", "status": "REGULAR", "shortName": "n3.11", "longName": "Man\u00f6verkunde", "displayName": "n3.11"}, "removed": null}], "location": [{"current": {"type": "ROOM", "status": "REGULAR", "shortName": "R 3", "longName": "R 3", "displayName": "R 3"}, "removed": null}], "teacher": [{"current": {"type": "TEACHER", "status": "REGULAR", "shortName": "WI", "longName": "Wilhelm", "displayName": "WI"}, "removed": null}], "cellState": "REGULAR", "date": "2025-06-17", "start": "2025-06-17T15:15", "end": "2025-06-17T16:45", "type": "NORMAL_TEACHING_PERIOD"}, {"classID": 744, "schoolID": "2315200", "subject": [{"current": {"type": "SUBJECT", "status": "REGULAR", "shortName": "n3.2", "longName": "Reiseplanung/Nav/BRM", "displayName": "n3.2"}, "removed": null}], "location": [{"current": {"type": "ROOM", "status": "REGULAR", "shortName": "2.05", "longName": "SHS Instruktor", "displayName": "2.05"}, "removed": null}], "teacher": [{"current": {"type": "TEACHER", "status": "REGULAR", "shortName": "Ws", "longName": "Wessels", "displayName": "Ws"}, "removed": null}], "cellState": "REGULAR", "date": "2025-06-17", "start": "2025-06-17T08:55", "end": "2025-06-17T13:10", "type": "NORMAL_TEACHING_PERIOD"}, {"classID": 753, "schoolID": "2315200", "subject": [{"current": {"type": "SUBJECT", "status": "REGULAR", "shortName": "n5.1", "longName": "Personalf\u00fchrung und Arbeitsrecht", "displayName": "n5.1"}, "removed": null}], "location": [{"current": {"type": "ROOM", "status": "REGULAR", "shortName": "R 5", "longName": "R 5", "displayName": "R 5"}, "removed": null}], "teacher": [{"current": {"type": "TEACHER", "status": "REGULAR", "shortName": "HN", "longName": "Heinecke", "displayName": "HN"}, "removed": null}], "cellState": "REGULAR", "date": "2025-06-17", "start": "2025-06-17T08:10", "end": "2025-06-17T11:25", "type": "NORMAL_TEACHING_PERIOD"}, {"classID": 753, "schoolID": "2315200", "subject": [{"current": {"type": "SUBJECT", "status": "REGULAR", "shortName": "C4.12", "longName": "c 4.1.2 Wechselstromlehre", "displayName": "C4.12"}, "removed": null}], "location": [{"current": {"type": "ROOM", "status": "REGULAR", "shortName": "ELab", "longName": "ELab", "displayName": "ELab"}, "removed": null}], "teacher": [{"current": {"type": "TEACHER", "status": "REGULAR", "shortName": "SO", "longName": "Sch\u00f6nig", "displayName": "SO"}, "removed": null}], "cellState": "REGULAR", "date": "2025-06-17", "start": "2025-06-17T11:40", "end": "2025-06-17T13:10", "type": "NORMAL_TEACHING_PERIOD"}, {"classID": 753, "schoolID": "2315200", "subject": [{"current": {"type": "SUBJECT", "status": "REGULAR", "shortName": "c4.21", "longName": "c 4.2.1 Hydr. Pneumat. Steuerungen", "displayName": "c4.21"}, "removed": null}], "location": [{"current": {"type": "ROOM", "status": "REGULAR", "shortName": "ELab", "longName": "ELab", "displayName": "ELab"}, "removed": null}], "teacher": [{"current": {"type": "TEACHER", "status": "REGULAR", "shortName": "GU", "longName": "Grunert", "displayName": "GU"}, "removed": null}], "cellState": "REGULAR", "date": "2025-06-17", "start": "2025-06-17T13:30", "end": "2025-06-17T15:00", "type": "NORMAL_TEACHING_PERIOD"}, {"classID": 759, "schoolID": "2315200", "subject": [{"current": {"type": "SUBJECT", "status": "REGULAR", "shortName": "c3.7", "longName": "c 3.7 Maschinendynamik", "displayName": "c3.7"}, "removed": null}], "location": [{"current": {"type": "ROOM", "status": "REGULAR", "shortName": "R 4", "longName": "R 4", "displayName": "R 4"}, "removed": null}], "teacher": [{"current": {"type": "TEACHER", "status": "REGULAR", "shortName": "MA", "longName": "M\u00e4th", "displayName": "MA"}, "removed": null}], "cellState": "REGULAR", "date": "2025-06-17", "start": "2025-06-17T08:10", "end": "2025-06-17T09:40", "type": "NORMAL_TEACHING_PERIOD"}, {"classID": 759, "schoolID": "2315200", "subject": [{"current": {"type": "SUBJECT", "status": "REGULAR", "shortName": "c7.2", "longName": "c 7.2 Simulation", "displayName": "c7.2"}, "removed": null}], "location": [{"current": {"type": "ROOM", "status": "REGULAR", "shortName": "R 4", "longName": "R 4", "displayName": "R 4"}, "removed": null}], "teacher": [{"current": {"type": "TEACHER", "status": "REGULAR", "shortName": "MA", "longName": "M\u00e4th", "displayName": "MA"}, "removed": null}], "cellState": "REGULAR", "date": "2025-06-17", "start": "2025-06-17T11:40", "end": "2025-06-17T13:10", "type": "NORMAL_TEACHING_PERIOD"}, {"classID": 774, "schoolID": "2315200", "subject": [{"current": {"type": "SUBJECT", "status": "REGULAR", "shortName": "L-Team", "longName": "L-Team", "displayName": "L-Team"}, "removed": null}], "location": "", "teacher": [{"current": {"type": "TEACHER", "status": "REGULAR", "shortName": "GN", "longName": "Graven", "displayName": "GN"}, "removed": null}], "cellState": "REGULAR", "date": "2025-06-17", "start": "2025-06-17T13:30", "end": "2025-06-17T15:00", "type": "NORMAL_TEACHING_PERIOD"}, {"classID": 771, "schoolID": "2315200", "subject": [{"current": {"type": "SUBJECT", "status": "REGULAR", "shortName": "s1.2", "longName": "sBB1-2", "displayName": "s1.2"}, "removed": null}], "location": [{"current": {"type": "ROOM", "status": "REGULAR", "shortName": "Phy", "longName": "Phy", "displayName": "Phy"}, "removed": null}], "teacher": [{"current": {"type": "TEACHER", "status": "REGULAR", "shortName": "WE", "longName": "Fr. Wessels", "displayName": "WE"}, "removed": null}], "cellState": "REGULAR", "date": "2025-06-17", "start": "2025-06-17T08:10", "end": "2025-06-17T09:40", "type": "NORMAL_TEACHING_PERIOD"}, {"classID": 771, "schoolID": "2315200", "subject": [{"current": {"type": "SUBJECT", "status": "REGULAR", "shortName": "s2.2", "longName": "sBB2-2", "displayName": "s2.2"}, "removed": null}], "location": [{"current": {"type": "ROOM", "status": "REGULAR", "shortName": "Phy", "longName": "Phy", "displayName": "Phy"}, "removed": null}], "teacher": [{"current": {"type": "TEACHER", "status": "REGULAR", "shortName": "RE", "longName": "Reinwald", "displayName": "RE"}, "removed": null}], "cellState": "REGULAR", "date": "2025-06-17", "start": "2025-06-17T09:55", "end": "2025-06-17T11:25", "type": "NORMAL_TEACHING_PERIOD"}, {"classID": 771, "schoolID": "2315200", "subject": [{"current": {"type": "SUBJECT", "status": "REGULAR", "shortName": "s2.4", "longName": "sBB2-4", "displayName": "s2.4"}, "removed": null}], "location": [{"current": {"type": "ROOM", "status": "REGULAR", "shortName": "Phy", "longName": "Phy", "displayName": "Phy"}, "removed": null}], "teacher": [{"current": {"type": "TEACHER", "status": "REGULAR", "shortName": "RE", "longName": "Reinwald", "displayName": "RE"}, "removed": null}], "cellState": "REGULAR", "date": "2025-06-17", "start": "2025-06-17T11:40", "end": "2025-06-17T13:10", "type": "NORMAL_TEACHING_PERIOD"}, {"classID": 735, "schoolID": "2315200", "subject": [{"current": {"type": "SUBJECT", "status": "REGULAR", "shortName": "n2.4", "longName": "Chemie", "displayName": "n2.4"}, "removed": null}], "location": [{"current": {"type": "ROOM", "status": "REGULAR", "shortName": "CheLab", "longName": "CheLab", "displayName": "CheLab"}, "removed": null}], "teacher": [{"current": {"type": "TEACHER", "status": "REGULAR", "shortName": "WE", "longName": "Fr. Wessels", "displayName": "WE"}, "removed": null}], "cellState": "REGULAR", "date": "2025-06-18", "start": "2025-06-18T08:10", "end": "2025-06-18T09:40", "type": "NORMAL_TEACHING_PERIOD"}, {"classID": 735, "schoolID": "2315200", "subject": [{"current": {"type": "SUBJECT", "status": "REGULAR", "shortName": "n3.13", "longName": "System\u00fcberwachung", "displayName": "n3.13"}, "removed": null}], "location": [{"current": {"type": "ROOM", "status": "REGULAR", "shortName": "R 1", "longName": "R 1", "displayName": "R 1"}, "removed": null}], "teacher": [{"current": {"type": "TEACHER", "status": "REGULAR", "shortName": "GU", "longName": "Grunert", "displayName": "GU"}, "removed": null}], "cellState": "REGULAR", "date": "2025-06-18", "start": "2025-06-18T09:55", "end": "2025-06-18T11:25", "type": "NORMAL_TEACHING_PERIOD"}, {"classID": 735, "schoolID": "2315200", "subject": [{"current": {"type": "SUBJECT", "status": "REGULAR", "shortName": "n2.1", "longName": "Mathematik 1", "displayName": "n2.1"}, "removed": null}], "location": [{"current": {"type": "ROOM", "status": "REGULAR", "shortName": "R 3", "longName": "R 3", "displayName": "R 3"}, "removed": null}], "teacher": [{"current": {"type": "TEACHER", "status": "REGULAR", "shortName": "PA", "longName": "Dr. Pause", "displayName": "PA"}, "removed": null}], "cellState": "REGULAR", "date": "2025-06-18", "start": "2025-06-18T11:40", "end": "2025-06-18T13:10", "type": "NORMAL_TEACHING_PERIOD"}, {"classID": 735, "schoolID": "2315200", "subject": [{"current": {"type": "SUBJECT", "status": "REGULAR", "shortName": "n2.2", "longName": "Mathematik 2", "displayName": "n2.2"}, "removed": null}], "location": [{"current": {"type": "ROOM", "status": "REGULAR", "shortName": "R 3", "longName": "R 3", "displayName": "R 3"}, "removed": null}], "teacher": [{"current": {"type": "TEACHER", "status": "REGULAR", "shortName": "PA", "longName": "Dr. Pause", "displayName": "PA"}, "removed": null}], "cellState": "REGULAR", "date": "2025-06-18", "start": "2025-06-18T13:30", "end": "2025-06-18T14:15", "type": "NORMAL_TEACHING_PERIOD"}, {"classID": 735, "schoolID": "2315200", "subject": [{"current": {"type": "SUBJECT", "status": "REGULAR", "shortName": "n1.4", "longName": "BWL/VWL", "displayName": "n1.4"}, "removed": null}], "location": [{"current": {"type": "ROOM", "status": "REGULAR", "shortName": "R 5", "longName": "R 5", "displayName": "R 5"}, "removed": null}], "teacher": [{"current": {"type": "TEACHER", "status": "REGULAR", "shortName": "WI", "longName": "Wilhelm", "displayName": "WI"}, "removed": null}], "cellState": "REGULAR", "date": "2025-06-18", "start": "2025-06-18T14:20", "end": "2025-06-18T16:00", "type": "NORMAL_TEACHING_PERIOD"}, {"classID": 741, "schoolID": "2315200", "subject": [{"current": {"type": "SUBJECT", "status": "REGULAR", "shortName": "sm4.20", "longName": "sm4.20 E-Maschinen+Anlagen", "displayName": "sm4.20"}, "removed": null}], "location": [{"current": {"type": "ROOM", "status": "REGULAR", "shortName": "Elab2", "longName": "EDV", "displayName": "Elab2"}, "removed": null}], "teacher": [{"current": {"type": "TEACHER", "status": "REGULAR", "shortName": "SO", "longName": "Sch\u00f6nig", "displayName": "SO"}, "removed": null}], "cellState": "REGULAR", "date": "2025-06-18", "start": "2025-06-18T08:10", "end": "2025-06-18T09:40", "type": "NORMAL_TEACHING_PERIOD"}, {"classID": 741, "schoolID": "2315200", "subject": [{"current": {"type": "SUBJECT", "status": "REGULAR", "shortName": "n1.12", "longName": "Schriftv/Dialog", "displayName": "n1.12"}, "removed": null}], "location": [{"current": {"type": "ROOM", "status": "REGULAR", "shortName": "R 5", "longName": "R 5", "displayName": "R 5"}, "removed": null}], "teacher": [{"current": {"type": "TEACHER", "status": "REGULAR", "shortName": "HN", "longName": "Heinecke", "displayName": "HN"}, "removed": null}], "cellState": "REGULAR", "date": "2025-06-18", "start": "2025-06-18T09:55", "end": "2025-06-18T11:25", "type": "NORMAL_TEACHING_PERIOD"}, {"classID": 741, "schoolID": "2315200", "subject": [{"current": {"type": "SUBJECT", "status": "REGULAR", "shortName": "n3.3", "longName": "TerrNav/AstroNav 1", "displayName": "n3.3"}, "removed": null}], "location": [{"current": {"type": "ROOM", "status": "REGULAR", "shortName": "Kartenr", "longName": "Kartenr", "displayName": "Kartenr"}, "removed": null}], "teacher": [{"current": {"type": "TEACHER", "status": "REGULAR", "shortName": "WE", "longName": "Fr. Wessels", "displayName": "WE"}, "removed": null}], "cellState": "REGULAR", "date": "2025-06-18", "start": "2025-06-18T11:40", "end": "2025-06-18T13:10", "type": "NORMAL_TEACHING_PERIOD"}, {"classID": 741, "schoolID": "2315200", "subject": [{"current": {"type": "SUBJECT", "status": "REGULAR", "shortName": "n3.14", "longName": "Meteorologie", "displayName": "n3.14"}, "removed": null}], "location": [{"current": {"type": "ROOM", "status": "REGULAR", "shortName": "Phy", "longName": "Phy", "displayName": "Phy"}, "removed": null}], "teacher": [{"current": {"type": "TEACHER", "status": "REGULAR", "shortName": "RE", "longName": "Reinwald", "displayName": "RE"}, "removed": null}], "cellState": "REGULAR", "date": "2025-06-18", "start": "2025-06-18T13:30", "end": "2025-06-18T15:00", "type": "NORMAL_TEACHING_PERIOD"}, {"classID": 744, "schoolID": "2315200", "subject": [{"current": {"type": "SUBJECT", "status": "REGULAR", "shortName": "n1.12", "longName": "Schriftv/Dialog", "displayName": "n1.12"}, "removed": null}], "location": [{"current": {"type": "ROOM", "status": "REGULAR", "shortName": "R 5", "longName": "R 5", "displayName": "R 5"}, "removed": null}], "teacher": [{"current": {"type": "TEACHER", "status": "REGULAR", "shortName": "HN", "longName": "Heinecke", "displayName": "HN"}, "removed": null}], "cellState": "REGULAR", "date": "2025-06-18", "start": "2025-06-18T08:10", "end": "2025-06-18T09:40", "type": "NORMAL_TEACHING_PERIOD"}, {"classID": 744, "schoolID": "2315200", "subject": [{"current": {"type": "SUBJECT", "status": "REGULAR", "shortName": "n3.10", "longName": "SAR", "displayName": "n3.10"}, "removed": null}], "location": [{"current": {"type": "ROOM", "status": "REGULAR", "shortName": "2.04", "longName": "EDV/GOC", "displayName": "2.04"}, "removed": null}], "teacher": [{"current": {"type": "TEACHER", "status": "REGULAR", "shortName": "GN", "longName": "Graven", "displayName": "GN"}, "removed": null}], "cellState": "REGULAR", "date": "2025-06-18", "start": "2025-06-18T09:55", "end": "2025-06-18T11:25", "type": "NORMAL_TEACHING_PERIOD"}, {"classID": 744, "schoolID": "2315200", "subject": [{"current": {"type": "SUBJECT", "status": "REGULAR", "shortName": "n7.6", "longName": "DP Offshore", "displayName": "n7.6"}, "removed": null}], "location": [{"current": {"type": "ROOM", "status": "REGULAR", "shortName": "2.05", "longName": "SHS Instruktor", "displayName": "2.05"}, "removed": null}], "teacher": [{"current": {"type": "TEACHER", "status": "REGULAR", "shortName": "WI", "longName": "Wilhelm", "displayName": "WI"}, "removed": null}], "cellState": "REGULAR", "date": "2025-06-18", "start": "2025-06-18T11:40", "end": "2025-06-18T12:25", "type": "NORMAL_TEACHING_PERIOD"}, {"classID": 744, "schoolID": "2315200", "subject": [{"current": {"type": "SUBJECT", "status": "REGULAR", "shortName": "n4.1", "longName": "Seehandelsrecht", "displayName": "n4.1"}, "removed": null}], "location": [{"current": {"type": "ROOM", "status": "REGULAR", "shortName": "R 6", "longName": "R 6", "displayName": "R 6"}, "removed": null}], "teacher": [{"current": {"type": "TEACHER", "status": "REGULAR", "shortName": "WI", "longName": "Wilhelm", "displayName": "WI"}, "removed": null}], "cellState": "REGULAR", "date": "2025-06-18", "start": "2025-06-18T12:30", "end": "2025-06-18T13:10", "type": "NORMAL_TEACHING_PERIOD"}, {"classID": 753, "schoolID": "2315200", "subject": [{"current": {"type": "SUBJECT", "status": "REGULAR", "shortName": "c1.3", "longName": "c 1.3 Seeverkehrswirtschaft", "displayName": "c1.3"}, "removed": null}], "location": [{"current": {"type": "ROOM", "status": "REGULAR", "shortName": "R 1", "longName": "R 1", "displayName": "R 1"}, "removed": null}], "teacher": [{"current": {"type": "TEACHER", "status": "REGULAR", "shortName": "WI", "longName": "Wilhelm", "displayName": "WI"}, "removed": null}], "cellState": "REGULAR", "date": "2025-06-18", "start": "2025-06-18T08:10", "end": "2025-06-18T09:40", "type": "NORMAL_TEACHING_PERIOD"}, {"classID": 753, "schoolID": "2315200", "subject": [{"current": {"type": "SUBJECT", "status": "REGULAR", "shortName": "c2.22", "longName": "c 2.2.2 Mechanik", "displayName": "c2.22"}, "removed": null}], "location": [{"current": {"type": "ROOM", "status": "REGULAR", "shortName": "R 3", "longName": "R 3", "displayName": "R 3"}, "removed": null}], "teacher": [{"current": {"type": "TEACHER", "status": "REGULAR", "shortName": "MA", "longName": "M\u00e4th", "displayName": "MA"}, "removed": null}], "cellState": "REGULAR", "date": "2025-06-18", "start": "2025-06-18T09:55", "end": "2025-06-18T11:25", "type": "NORMAL_TEACHING_PERIOD"}, {"classID": 753, "schoolID": "2315200", "subject": [{"current": {"type": "SUBJECT", "status": "REGULAR", "shortName": "c1.1", "longName": "c 1.1 Englisch / Deutsch", "displayName": "c1.1"}, "removed": null}], "location": [{"current": {"type": "ROOM", "status": "REGULAR", "shortName": "R 5", "longName": "R 5", "displayName": "R 5"}, "removed": null}], "teacher": [{"current": {"type": "TEACHER", "status": "REGULAR", "shortName": "HN", "longName": "Heinecke", "displayName": "HN"}, "removed": null}], "cellState": "REGULAR", "date": "2025-06-18", "start": "2025-06-18T11:40", "end": "2025-06-18T13:10", "type": "NORMAL_TEACHING_PERIOD"}, {"classID": 753, "schoolID": "2315200", "subject": [{"current": {"type": "SUBJECT", "status": "REGULAR", "shortName": "c7.1", "longName": "c 7.1 Projekte", "displayName": "c7.1"}, "removed": null}], "location": [{"current": {"type": "ROOM", "status": "REGULAR", "shortName": "MH", "longName": "Maschinenhalle", "displayName": "MH"}, "removed": null}], "teacher": [{"current": {"type": "TEACHER", "status": "REGULAR", "shortName": "CH", "longName": "Christiansen", "displayName": "CH"}, "removed": null}], "cellState": "REGULAR", "date": "2025-06-18", "start": "2025-06-18T13:30", "end": "2025-06-18T15:00", "type": "NORMAL_TEACHING_PERIOD"}, {"classID": 753, "schoolID": "2315200", "subject": [{"current": {"type": "SUBJECT", "status": "REGULAR", "shortName": "c3.1", "longName": "c 3.1 Betriebsstoffe", "displayName": "c3.1"}, "removed": null}], "location": [{"current": {"type": "ROOM", "status": "REGULAR", "shortName": "CheLab", "longName": "CheLab", "displayName": "CheLab"}, "removed": null}], "teacher": [{"current": {"type": "TEACHER", "status": "REGULAR", "shortName": "He", "longName": "Herrmann", "displayName": "He"}, "removed": null}], "cellState": "REGULAR", "date": "2025-06-18", "start": "2025-06-18T15:15", "end": "2025-06-18T17:30", "type": "NORMAL_TEACHING_PERIOD"}, {"classID": 759, "schoolID": "2315200", "subject": [{"current": {"type": "SUBJECT", "status": "REGULAR", "shortName": "c3.3", "longName": "c 3.3 Verbrennungskraftmaschinen", "displayName": "c3.3"}, "removed": null}], "location": [{"current": {"type": "ROOM", "status": "REGULAR", "shortName": "R 2", "longName": "R 2", "displayName": "R 2"}, "removed": null}], "teacher": [{"current": {"type": "TEACHER", "status": "REGULAR", "shortName": "MA", "longName": "M\u00e4th", "displayName": "MA"}, "removed": null}], "cellState": "REGULAR", "date": "2025-06-18", "start": "2025-06-18T08:10", "end": "2025-06-18T08:55", "type": "NORMAL_TEACHING_PERIOD"}, {"classID": 759, "schoolID": "2315200", "subject": [{"current": {"type": "SUBJECT", "status": "REGULAR", "shortName": "c3.5", "longName": "c 3.5 Dampftechnik", "displayName": "c3.5"}, "removed": null}], "location": [{"current": {"type": "ROOM", "status": "REGULAR", "shortName": "R 2", "longName": "R 2", "displayName": "R 2"}, "removed": null}], "teacher": [{"current": {"type": "TEACHER", "status": "REGULAR", "shortName": "MA", "longName": "M\u00e4th", "displayName": "MA"}, "removed": null}], "cellState": "REGULAR", "date": "2025-06-18", "start": "2025-06-18T08:55", "end": "2025-06-18T09:40", "type": "NORMAL_TEACHING_PERIOD"}, {"classID": 759, "schoolID": "2315200", "subject": [{"current": {"type": "SUBJECT", "status": "REGULAR", "shortName": "c4.22", "longName": "c 4.2.2 SPS", "displayName": "c4.22"}, "removed": null}], "location": [{"current": {"type": "ROOM", "status": "REGULAR", "shortName": "Elab2", "longName": "EDV", "displayName": "Elab2"}, "removed": null}], "teacher": [{"current": {"type": "TEACHER", "status": "REGULAR", "shortName": "SO", "longName": "Sch\u00f6nig", "displayName": "SO"}, "removed": null}], "cellState": "REGULAR", "date": "2025-06-18", "start": "2025-06-18T09:55", "end": "2025-06-18T11:25", "type": "NORMAL_TEACHING_PERIOD"}, {"classID": 759, "schoolID": "2315200", "subject": [{"current": {"type": "SUBJECT", "status": "REGULAR", "shortName": "c3 Lab", "longName": "c 3 Mot/Dampf Labor", "displayName": "c3 Lab"}, "removed": null}], "location": [{"current": {"type": "ROOM", "status": "REGULAR", "shortName": "WKLab", "longName": "WKLab", "displayName": "WKLab"}, "removed": null}], "teacher": [{"current": {"type": "TEACHER", "status": "REGULAR", "shortName": "He", "longName": "Herrmann", "displayName": "He"}, "removed": null}], "cellState": "REGULAR", "date": "2025-06-18", "start": "2025-06-18T11:40", "end": "2025-06-18T13:10", "type": "NORMAL_TEACHING_PERIOD"}, {"classID": 759, "schoolID": "2315200", "subject": [{"current": {"type": "SUBJECT", "status": "REGULAR", "shortName": "c3 Lab", "longName": "c 3 Mot/Dampf Labor", "displayName": "c3 Lab"}, "removed": null}], "location": [{"current": {"type": "ROOM", "status": "REGULAR", "shortName": "WKLab", "longName": "WKLab", "displayName": "WKLab"}, "removed": null}], "teacher": [{"current": {"type": "TEACHER", "status": "REGULAR", "shortName": "He", "longName": "Herrmann", "displayName": "He"}, "removed": null}], "cellState": "REGULAR", "date": "2025-06-18", "start": "2025-06-18T13:30", "end": "2025-06-18T15:00", "type": "NORMAL_TEACHING_PERIOD"}, {"classID": 759, "schoolID": "2315200", "subject": [{"current": {"type": "SUBJECT", "status": "REGULAR", "shortName": "c3.4", "longName": "c 3.4 Arbeitsmaschinen und Anlagen", "displayName": "c3.4"}, "removed": null}], "location": [{"current": {"type": "ROOM", "status": "REGULAR", "shortName": "R 4", "longName": "R 4", "displayName": "R 4"}, "removed": null}], "teacher": [{"current": {"type": "TEACHER", "status": "REGULAR", "shortName": "GU", "longName": "Grunert", "displayName": "GU"}, "removed": null}], "cellState": "REGULAR", "date": "2025-06-18", "start": "2025-06-18T15:15", "end": "2025-06-18T16:00", "type": "NORMAL_TEACHING_PERIOD"}, {"classID": 768, "schoolID": "2315200", "subject": [{"current": {"type": "SUBJECT", "status": "REGULAR", "shortName": "sPrakt", "longName": "s Betreuung Praktika", "displayName": "sPrakt"}, "removed": null}], "location": [{"current": {"type": "ROOM", "status": "REGULAR", "shortName": "Reederei", "longName": "Reederei", "displayName": "Reederei"}, "removed": null}], "teacher": [{"current": {"type": "TEACHER", "status": "REGULAR", "shortName": "DE", "longName": "Deiler", "displayName": "DE"}, "removed": null}], "cellState": "REGULAR", "date": "2025-06-18", "start": "2025-06-18T09:55", "end": "2025-06-18T13:10", "type": "NORMAL_TEACHING_PERIOD"}, {"classID": 771, "schoolID": "2315200", "subject": [{"current": {"type": "SUBJECT", "status": "REGULAR", "shortName": "sDE", "longName": "s Deutsch/Kommunikation", "displayName": "sDE"}, "removed": null}], "location": [{"current": {"type": "ROOM", "status": "REGULAR", "shortName": "ELab", "longName": "ELab", "displayName": "ELab"}, "removed": null}], "teacher": [{"current": {"type": "TEACHER", "status": "REGULAR", "shortName": "DE", "longName": "Deiler", "displayName": "DE"}, "removed": null}], "cellState": "REGULAR", "date": "2025-06-18", "start": "2025-06-18T08:10", "end": "2025-06-18T09:40", "type": "NORMAL_TEACHING_PERIOD"}, {"classID": 771, "schoolID": "2315200", "subject": [{"current": {"type": "SUBJECT", "status": "REGULAR", "shortName": "s2.3", "longName": "sBB2-3", "displayName": "s2.3"}, "removed": null}], "location": [{"current": {"type": "ROOM", "status": "REGULAR", "shortName": "R 6", "longName": "R 6", "displayName": "R 6"}, "removed": null}], "teacher": [{"current": {"type": "TEACHER", "status": "REGULAR", "shortName": "WE", "longName": "Fr. Wessels", "displayName": "WE"}, "removed": null}], "cellState": "REGULAR", "date": "2025-06-18", "start": "2025-06-18T09:55", "end": "2025-06-18T10:40", "type": "NORMAL_TEACHING_PERIOD"}, {"classID": 771, "schoolID": "2315200", "subject": [{"current": {"type": "SUBJECT", "status": "REGULAR", "shortName": "s1.3", "longName": "sBB1-3", "displayName": "s1.3"}, "removed": null}], "location": [{"current": {"type": "ROOM", "status": "REGULAR", "shortName": "R 6", "longName": "R 6", "displayName": "R 6"}, "removed": null}], "teacher": [{"current": {"type": "TEACHER", "status": "REGULAR", "shortName": "WE", "longName": "Fr. Wessels", "displayName": "WE"}, "removed": null}], "cellState": "REGULAR", "date": "2025-06-18", "start": "2025-06-18T10:40", "end": "2025-06-18T11:25", "type": "NORMAL_TEACHING_PERIOD"}, {"classID": 771, "schoolID": "2315200", "subject": [{"current": {"type": "SUBJECT", "status": "REGULAR", "shortName": "s6.6", "longName": "sBB6-6", "displayName": "s6.6"}, "removed": null}], "location": [{"current": {"type": "ROOM", "status": "REGULAR", "shortName": "MH", "longName": "Maschinenhalle", "displayName": "MH"}, "removed": null}], "teacher": [{"current": {"type": "TEACHER", "status": "REGULAR", "shortName": "CH", "longName": "Christiansen", "displayName": "CH"}, "removed": null}], "cellState": "REGULAR", "date": "2025-06-18", "start": "2025-06-18T11:40", "end": "2025-06-18T13:10", "type": "NORMAL_TEACHING_PERIOD"}, {"classID": 771, "schoolID": "2315200", "subject": [{"current": {"type": "SUBJECT", "status": "REGULAR", "shortName": "sPO", "longName": "s Politik", "displayName": "sPO"}, "removed": null}], "location": [{"current": {"type": "ROOM", "status": "REGULAR", "shortName": "ELab", "longName": "ELab", "displayName": "ELab"}, "removed": null}], "teacher": [{"current": {"type": "TEACHER", "status": "REGULAR", "shortName": "DE", "longName": "Deiler", "displayName": "DE"}, "removed": null}], "cellState": "REGULAR", "date": "2025-06-18", "start": "2025-06-18T13:30", "end": "2025-06-18T14:15", "type": "NORMAL_TEACHING_PERIOD"}, {"classID": 771, "schoolID": "2315200", "subject": [{"current": {"type": "SUBJECT", "status": "REGULAR", "shortName": "sDE", "longName": "s Deutsch/Kommunikation", "displayName": "sDE"}, "removed": null}], "location": [{"current": {"type": "ROOM", "status": "REGULAR", "shortName": "ELab", "longName": "ELab", "displayName": "ELab"}, "removed": null}], "teacher": [{"current": {"type": "TEACHER", "status": "REGULAR", "shortName": "DE", "longName": "Deiler", "displayName": "DE"}, "removed": null}], "cellState": "REGULAR", "date": "2025-06-18", "start": "2025-06-18T14:20", "end": "2025-06-18T15:00", "type": "NORMAL_TEACHING_PERIOD"}, {"classID": 747, "schoolID": "2315200", "subject": [{"current": {"type": "SUBJECT", "status": "REGULAR", "shortName": "sm4.20", "longName": "sm4.20 E-Maschinen+Anlagen", "displayName": "sm4.20"}, "removed": null}], "location": [{"current": {"type": "ROOM", "status": "REGULAR", "shortName": "Elab2", "longName": "EDV", "displayName": "Elab2"}, "removed": null}], "teacher": [{"current": {"type": "TEACHER", "status": "REGULAR", "shortName": "SO", "longName": "Sch\u00f6nig", "displayName": "SO"}, "removed": null}], "cellState": "REGULAR", "date": "2025-06-18", "start": "2025-06-18T08:10", "end": "2025-06-18T09:40", "type": "NORMAL_TEACHING_PERIOD"}, {"classID": 735, "schoolID": "2315200", "subject": [{"current": {"type": "SUBJECT", "status": "REGULAR", "shortName": "n1.12", "longName": "Schriftv/Dialog", "displayName": "n1.12"}, "removed": null}], "location": [{"current": {"type": "ROOM", "status": "REGULAR", "shortName": "R 5", "longName": "R 5", "displayName": "R 5"}, "removed": null}], "teacher": [{"current": {"type": "TEACHER", "status": "REGULAR", "shortName": "HN", "longName": "Heinecke", "displayName": "HN"}, "removed": null}], "cellState": "REGULAR", "date": "2025-06-19", "start": "2025-06-19T08:10", "end": "2025-06-19T10:40", "type": "NORMAL_TEACHING_PERIOD"}, {"classID": 735, "schoolID": "2315200", "subject": [{"current": {"type": "SUBJECT", "status": "REGULAR", "shortName": "n2.3", "longName": "Physik", "displayName": "n2.3"}, "removed": null}], "location": [{"current": {"type": "ROOM", "status": "REGULAR", "shortName": "Phy", "longName": "Phy", "displayName": "Phy"}, "removed": null}], "teacher": [{"current": {"type": "TEACHER", "status": "REGULAR", "shortName": "RE", "longName": "Reinwald", "displayName": "RE"}, "removed": null}], "cellState": "REGULAR", "date": "2025-06-19", "start": "2025-06-19T10:40", "end": "2025-06-19T12:25", "type": "NORMAL_TEACHING_PERIOD"}, {"classID": 735, "schoolID": "2315200", "subject": [{"current": {"type": "SUBJECT", "status": "REGULAR", "shortName": "n5.2", "longName": "Notfallmanagement", "displayName": "n5.2"}, "removed": null}], "location": [{"current": {"type": "ROOM", "status": "REGULAR", "shortName": "R 1", "longName": "R 1", "displayName": "R 1"}, "removed": null}], "teacher": [{"current": {"type": "TEACHER", "status": "REGULAR", "shortName": "MC", "longName": "Machnow", "displayName": "MC"}, "removed": null}], "cellState": "REGULAR", "date": "2025-06-19", "start": "2025-06-19T12:30", "end": "2025-06-19T13:10", "type": "NORMAL_TEACHING_PERIOD"}, {"classID": 735, "schoolID": "2315200", "subject": [{"current": {"type": "SUBJECT", "status": "REGULAR", "shortName": "n5.2", "longName": "Notfallmanagement", "displayName": "n5.2"}, "removed": null}], "location": [{"current": {"type": "ROOM", "status": "REGULAR", "shortName": "R 1", "longName": "R 1", "displayName": "R 1"}, "removed": null}], "teacher": [{"current": {"type": "TEACHER", "status": "REGULAR", "shortName": "MC", "longName": "Machnow", "displayName": "MC"}, "removed": null}], "cellState": "REGULAR", "date": "2025-06-19", "start": "2025-06-19T13:30", "end": "2025-06-19T14:15", "type": "NORMAL_TEACHING_PERIOD"}, {"classID": 741, "schoolID": "2315200", "subject": [{"current": {"type": "SUBJECT", "status": "REGULAR", "shortName": "n5.6", "longName": "Intakt- und Leckstabilit\u00e4t, Schiffsfestigkeit", "displayName": "n5.6"}, "removed": null}], "location": [{"current": {"type": "ROOM", "status": "REGULAR", "shortName": "2.05", "longName": "SHS Instruktor", "displayName": "2.05"}, "removed": null}], "teacher": [{"current": {"type": "TEACHER", "status": "REGULAR", "shortName": "Ws", "longName": "Wessels", "displayName": "Ws"}, "removed": null}], "cellState": "REGULAR", "date": "2025-06-19", "start": "2025-06-19T08:10", "end": "2025-06-19T11:25", "type": "NORMAL_TEACHING_PERIOD"}, {"classID": 741, "schoolID": "2315200", "subject": [{"current": {"type": "SUBJECT", "status": "REGULAR", "shortName": "n4.2", "longName": "Ladungsumschlag und -sicherung 1", "displayName": "n4.2"}, "removed": null}], "location": [{"current": {"type": "ROOM", "status": "REGULAR", "shortName": "R 6", "longName": "R 6", "displayName": "R 6"}, "removed": null}], "teacher": [{"current": {"type": "TEACHER", "status": "REGULAR", "shortName": "PA", "longName": "Dr. Pause", "displayName": "PA"}, "removed": null}], "cellState": "REGULAR", "date": "2025-06-19", "start": "2025-06-19T11:40", "end": "2025-06-19T12:25", "type": "NORMAL_TEACHING_PERIOD"}, {"classID": 741, "schoolID": "2315200", "subject": [{"current": {"type": "SUBJECT", "status": "REGULAR", "shortName": "n2.2", "longName": "Mathematik 2", "displayName": "n2.2"}, "removed": null}], "location": [{"current": {"type": "ROOM", "status": "REGULAR", "shortName": "R 6", "longName": "R 6", "displayName": "R 6"}, "removed": null}], "teacher": [{"current": {"type": "TEACHER", "status": "REGULAR", "shortName": "PA", "longName": "Dr. Pause", "displayName": "PA"}, "removed": null}], "cellState": "REGULAR", "date": "2025-06-19", "start": "2025-06-19T12:30", "end": "2025-06-19T13:10", "type": "NORMAL_TEACHING_PERIOD"}, {"classID": 741, "schoolID": "2315200", "subject": [{"current": {"type": "SUBJECT", "status": "REGULAR", "shortName": "n2.2", "longName": "Mathematik 2", "displayName": "n2.2"}, "removed": null}], "location": [{"current": {"type": "ROOM", "status": "REGULAR", "shortName": "R 6", "longName": "R 6", "displayName": "R 6"}, "removed": null}], "teacher": [{"current": {"type": "TEACHER", "status": "REGULAR", "shortName": "PA", "longName": "Dr. Pause", "displayName": "PA"}, "removed": null}], "cellState": "REGULAR", "date": "2025-06-19", "start": "2025-06-19T13:30", "end": "2025-06-19T14:15", "type": "NORMAL_TEACHING_PERIOD"}, {"classID": 741, "schoolID": "2315200", "subject": [{"current": {"type": "SUBJECT", "status": "REGULAR", "shortName": "n3.5", "longName": "Gezeitenkunde", "displayName": "n3.5"}, "removed": null}], "location": [{"current": {"type": "ROOM", "status": "REGULAR", "shortName": "R 5", "longName": "R 5", "displayName": "R 5"}, "removed": null}], "teacher": [{"current": {"type": "TEACHER", "status": "REGULAR", "shortName": "MC", "longName": "Machnow", "displayName": "MC"}, "removed": null}], "cellState": "REGULAR", "date": "2025-06-19", "start": "2025-06-19T14:20", "end": "2025-06-19T15:00", "type": "NORMAL_TEACHING_PERIOD"}, {"classID": 744, "schoolID": "2315200", "subject": [{"current": {"type": "SUBJECT", "status": "REGULAR", "shortName": "n3.12", "longName": "Maritimes Englisch", "displayName": "n3.12"}, "removed": null}], "location": [{"current": {"type": "ROOM", "status": "REGULAR", "shortName": "R 1", "longName": "R 1", "displayName": "R 1"}, "removed": null}], "teacher": [{"current": {"type": "TEACHER", "status": "REGULAR", "shortName": "MC", "longName": "Machnow", "displayName": "MC"}, "removed": null}], "cellState": "REGULAR", "date": "2025-06-19", "start": "2025-06-19T08:10", "end": "2025-06-19T09:40", "type": "NORMAL_TEACHING_PERIOD"}, {"classID": 744, "schoolID": "2315200", "subject": [{"current": {"type": "SUBJECT", "status": "REGULAR", "shortName": "n3.9", "longName": "Ma\u00dfnahmen in Notf\u00e4llen", "displayName": "n3.9"}, "removed": null}], "location": [{"current": {"type": "ROOM", "status": "REGULAR", "shortName": "R 1", "longName": "R 1", "displayName": "R 1"}, "removed": null}], "teacher": [{"current": {"type": "TEACHER", "status": "REGULAR", "shortName": "MC", "longName": "Machnow", "displayName": "MC"}, "removed": null}], "cellState": "REGULAR", "date": "2025-06-19", "start": "2025-06-19T09:55", "end": "2025-06-19T10:40", "type": "NORMAL_TEACHING_PERIOD"}, {"classID": 744, "schoolID": "2315200", "subject": [{"current": {"type": "SUBJECT", "status": "REGULAR", "shortName": "n5.2", "longName": "Notfallmanagement", "displayName": "n5.2"}, "removed": null}], "location": [{"current": {"type": "ROOM", "status": "REGULAR", "shortName": "R 1", "longName": "R 1", "displayName": "R 1"}, "removed": null}], "teacher": [{"current": {"type": "TEACHER", "status": "REGULAR", "shortName": "MC", "longName": "Machnow", "displayName": "MC"}, "removed": null}], "cellState": "REGULAR", "date": "2025-06-19", "start": "2025-06-19T10:40", "end": "2025-06-19T11:25", "type": "NORMAL_TEACHING_PERIOD"}, {"classID": 744, "schoolID": "2315200", "subject": [{"current": {"type": "SUBJECT", "status": "REGULAR", "shortName": "n5.5", "longName": "Internationales und nationales Recht", "displayName": "n5.5"}, "removed": null}], "location": [{"current": {"type": "ROOM", "status": "REGULAR", "shortName": "R 1", "longName": "R 1", "displayName": "R 1"}, "removed": null}], "teacher": [{"current": {"type": "TEACHER", "status": "REGULAR", "shortName": "MC", "longName": "Machnow", "displayName": "MC"}, "removed": null}], "cellState": "REGULAR", "date": "2025-06-19", "start": "2025-06-19T11:40", "end": "2025-06-19T12:25", "type": "NORMAL_TEACHING_PERIOD"}, {"classID": 753, "schoolID": "2315200", "subject": [{"current": {"type": "SUBJECT", "status": "REGULAR", "shortName": "c2.1", "longName": "c 2.1 Mathematik", "displayName": "c2.1"}, "removed": null}], "location": [{"current": {"type": "ROOM", "status": "REGULAR", "shortName": "R 4", "longName": "R 4", "displayName": "R 4"}, "removed": null}], "teacher": [{"current": {"type": "TEACHER", "status": "REGULAR", "shortName": "PA", "longName": "Dr. Pause", "displayName": "PA"}, "removed": null}], "cellState": "REGULAR", "date": "2025-06-19", "start": "2025-06-19T08:10", "end": "2025-06-19T11:25", "type": "NORMAL_TEACHING_PERIOD"}, {"classID": 753, "schoolID": "2315200", "subject": [{"current": {"type": "SUBJECT", "status": "REGULAR", "shortName": "c3.6", "longName": "c 3.6 Schiffbau", "displayName": "c3.6"}, "removed": null}], "location": [{"current": {"type": "ROOM", "status": "REGULAR", "shortName": "Elab2", "longName": "EDV", "displayName": "Elab2"}, "removed": null}], "teacher": [{"current": {"type": "TEACHER", "status": "REGULAR", "shortName": "CH", "longName": "Christiansen", "displayName": "CH"}, "removed": null}], "cellState": "REGULAR", "date": "2025-06-19", "start": "2025-06-19T11:40", "end": "2025-06-19T13:10", "type": "NORMAL_TEACHING_PERIOD"}, {"classID": 753, "schoolID": "2315200", "subject": [{"current": {"type": "SUBJECT", "status": "REGULAR", "shortName": "c3.4", "longName": "c 3.4 Arbeitsmaschinen und Anlagen", "displayName": "c3.4"}, "removed": null}], "location": [{"current": {"type": "ROOM", "status": "REGULAR", "shortName": "R 4", "longName": "R 4", "displayName": "R 4"}, "removed": null}], "teacher": [{"current": {"type": "TEACHER", "status": "REGULAR", "shortName": "GU", "longName": "Grunert", "displayName": "GU"}, "removed": null}], "cellState": "REGULAR", "date": "2025-06-19", "start": "2025-06-19T13:30", "end": "2025-06-19T15:00", "type": "NORMAL_TEACHING_PERIOD"}, {"classID": 759, "schoolID": "2315200", "subject": [{"current": {"type": "SUBJECT", "status": "REGULAR", "shortName": "c3.5", "longName": "c 3.5 Dampftechnik", "displayName": "c3.5"}, "removed": null}], "location": [{"current": {"type": "ROOM", "status": "REGULAR", "shortName": "Phy", "longName": "Phy", "displayName": "Phy"}, "removed": null}], "teacher": [{"current": {"type": "TEACHER", "status": "REGULAR", "shortName": "MA", "longName": "M\u00e4th", "displayName": "MA"}, "removed": null}], "cellState": "REGULAR", "date": "2025-06-19", "start": "2025-06-19T08:10", "end": "2025-06-19T08:55", "type": "NORMAL_TEACHING_PERIOD"}, {"classID": 759, "schoolID": "2315200", "subject": [{"current": {"type": "SUBJECT", "status": "REGULAR", "shortName": "c2.23", "longName": "c 2.2.3 Maschinenelemente", "displayName": "c2.23"}, "removed": null}], "location": [{"current": {"type": "ROOM", "status": "REGULAR", "shortName": "R 2", "longName": "R 2", "displayName": "R 2"}, "removed": null}], "teacher": [{"current": {"type": "TEACHER", "status": "REGULAR", "shortName": "MA", "longName": "M\u00e4th", "displayName": "MA"}, "removed": null}], "cellState": "REGULAR", "date": "2025-06-19", "start": "2025-06-19T08:55", "end": "2025-06-19T09:40", "type": "NORMAL_TEACHING_PERIOD"}, {"classID": 759, "schoolID": "2315200", "subject": [{"current": {"type": "SUBJECT", "status": "REGULAR", "shortName": "c5.3", "longName": "c 5.3  Instandhaltung leiten", "displayName": "c5.3"}, "removed": null}], "location": [{"current": {"type": "ROOM", "status": "REGULAR", "shortName": "ELab", "longName": "ELab", "displayName": "ELab"}, "removed": null}], "teacher": [{"current": {"type": "TEACHER", "status": "REGULAR", "shortName": "DE", "longName": "Deiler", "displayName": "DE"}, "removed": null}], "cellState": "REGULAR", "date": "2025-06-19", "start": "2025-06-19T09:55", "end": "2025-06-19T10:40", "type": "NORMAL_TEACHING_PERIOD"}, {"classID": 759, "schoolID": "2315200", "subject": [{"current": {"type": "SUBJECT", "status": "REGULAR", "shortName": "c1.1", "longName": "c 1.1 Englisch / Deutsch", "displayName": "c1.1"}, "removed": null}], "location": [{"current": {"type": "ROOM", "status": "REGULAR", "shortName": "ELab", "longName": "ELab", "displayName": "ELab"}, "removed": null}], "teacher": [{"current": {"type": "TEACHER", "status": "REGULAR", "shortName": "DE", "longName": "Deiler", "displayName": "DE"}, "removed": null}], "cellState": "REGULAR", "date": "2025-06-19", "start": "2025-06-19T10:40", "end": "2025-06-19T11:25", "type": "NORMAL_TEACHING_PERIOD"}, {"classID": 759, "schoolID": "2315200", "subject": [{"current": {"type": "SUBJECT", "status": "REGULAR", "shortName": "c3.3", "longName": "c 3.3 Verbrennungskraftmaschinen", "displayName": "c3.3"}, "removed": null}], "location": [{"current": {"type": "ROOM", "status": "REGULAR", "shortName": "R 3", "longName": "R 3", "displayName": "R 3"}, "removed": null}], "teacher": [{"current": {"type": "TEACHER", "status": "REGULAR", "shortName": "MA", "longName": "M\u00e4th", "displayName": "MA"}, "removed": null}], "cellState": "REGULAR", "date": "2025-06-19", "start": "2025-06-19T11:40", "end": "2025-06-19T13:10", "type": "NORMAL_TEACHING_PERIOD"}, {"classID": 759, "schoolID": "2315200", "subject": [{"current": {"type": "SUBJECT", "status": "REGULAR", "shortName": "c3.3", "longName": "c 3.3 Verbrennungskraftmaschinen", "displayName": "c3.3"}, "removed": null}], "location": [{"current": {"type": "ROOM", "status": "REGULAR", "shortName": "R 3", "longName": "R 3", "displayName": "R 3"}, "removed": null}], "teacher": [{"current": {"type": "TEACHER", "status": "REGULAR", "shortName": "MA", "longName": "M\u00e4th", "displayName": "MA"}, "removed": null}], "cellState": "REGULAR", "date": "2025-06-19", "start": "2025-06-19T13:30", "end": "2025-06-19T15:00", "type": "NORMAL_TEACHING_PERIOD"}, {"classID": 771, "schoolID": "2315200", "subject": [{"current": {"type": "SUBJECT", "status": "REGULAR", "shortName": "s3.3", "longName": "sBB3-3", "displayName": "s3.3"}, "removed": null}], "location": [{"current": {"type": "ROOM", "status": "REGULAR", "shortName": "1.04", "longName": "1.04", "displayName": "1.04"}, "removed": null}], "teacher": [{"current": {"type": "TEACHER", "status": "REGULAR", "shortName": "DE", "longName": "Deiler", "displayName": "DE"}, "removed": null}], "cellState": "REGULAR", "date": "2025-06-19", "start": "2025-06-19T08:10", "end": "2025-06-19T09:40", "type": "NORMAL_TEACHING_PERIOD"}, {"classID": 771, "schoolID": "2315200", "subject": [{"current": {"type": "SUBJECT", "status": "REGULAR", "shortName": "s3.2", "longName": "sBB3-2", "displayName": "s3.2"}, "removed": null}], "location": [{"current": {"type": "ROOM", "status": "REGULAR", "shortName": "MH", "longName": "Maschinenhalle", "displayName": "MH"}, "removed": null}], "teacher": [{"current": {"type": "TEACHER", "status": "REGULAR", "shortName": "He", "longName": "Herrmann", "displayName": "He"}, "removed": null}], "cellState": "REGULAR", "date": "2025-06-19", "start": "2025-06-19T09:55", "end": "2025-06-19T12:25", "type": "NORMAL_TEACHING_PERIOD"}, {"classID": 771, "schoolID": "2315200", "subject": [{"current": {"type": "SUBJECT", "status": "REGULAR", "shortName": "s6.3", "longName": "sBB6-3", "displayName": "s6.3"}, "removed": null}], "location": [{"current": {"type": "ROOM", "status": "REGULAR", "shortName": "MH", "longName": "Maschinenhalle", "displayName": "MH"}, "removed": null}], "teacher": [{"current": {"type": "TEACHER", "status": "REGULAR", "shortName": "He", "longName": "Herrmann", "displayName": "He"}, "removed": null}], "cellState": "REGULAR", "date": "2025-06-19", "start": "2025-06-19T12:30", "end": "2025-06-19T13:10", "type": "NORMAL_TEACHING_PERIOD"}, {"classID": 771, "schoolID": "2315200", "subject": [{"current": {"type": "SUBJECT", "status": "REGULAR", "shortName": "s6.3", "longName": "sBB6-3", "displayName": "s6.3"}, "removed": null}], "location": [{"current": {"type": "ROOM", "status": "REGULAR", "shortName": "MH", "longName": "Maschinenhalle", "displayName": "MH"}, "removed": null}], "teacher": [{"current": {"type": "TEACHER", "status": "REGULAR", "shortName": "He", "longName": "Herrmann", "displayName": "He"}, "removed": null}], "cellState": "REGULAR", "date": "2025-06-19", "start": "2025-06-19T13:30", "end": "2025-06-19T14:15", "type": "NORMAL_TEACHING_PERIOD"}, {"classID": 741, "schoolID": "2315200", "subject": [{"current": {"type": "SUBJECT", "status": "REGULAR", "shortName": "c3 Lab", "longName": "c 3 Mot/Dampf Labor", "displayName": "c3 Lab"}, "removed": null}], "location": [{"current": {"type": "ROOM", "status": "REGULAR", "shortName": "WKLab", "longName": "WKLab", "displayName": "WKLab"}, "removed": null}], "teacher": [{"current": {"type": "TEACHER", "status": "REGULAR", "shortName": "He", "longName": "Herrmann", "displayName": "He"}, "removed": null}], "cellState": "REGULAR", "date": "2025-06-20", "start": "2025-06-20T08:10", "end": "2025-06-20T13:10", "type": "NORMAL_TEACHING_PERIOD"}, {"classID": 744, "schoolID": "2315200", "subject": [{"current": {"type": "SUBJECT", "status": "REGULAR", "shortName": "n5.3", "longName": "Gefahrenabwehr auf dem Schiff", "displayName": "n5.3"}, "removed": null}], "location": [{"current": {"type": "ROOM", "status": "REGULAR", "shortName": "2.04", "longName": "EDV/GOC", "displayName": "2.04"}, "removed": null}], "teacher": [{"current": {"type": "TEACHER", "status": "REGULAR", "shortName": "GO", "longName": "G\u00f6rtz", "displayName": "GO"}, "removed": null}], "cellState": "REGULAR", "date": "2025-06-20", "start": "2025-06-20T13:30", "end": "2025-06-20T14:15", "type": "NORMAL_TEACHING_PERIOD"}, {"classID": 744, "schoolID": "2315200", "subject": [{"current": {"type": "SUBJECT", "status": "REGULAR", "shortName": "EDV n1.3", "longName": "Informatik", "displayName": "EDV n1.3"}, "removed": null}], "location": [{"current": {"type": "ROOM", "status": "REGULAR", "shortName": "2.04", "longName": "EDV/GOC", "displayName": "2.04"}, "removed": null}], "teacher": [{"current": {"type": "TEACHER", "status": "REGULAR", "shortName": "GO", "longName": "G\u00f6rtz", "displayName": "GO"}, "removed": null}], "cellState": "REGULAR", "date": "2025-06-20", "start": "2025-06-20T14:20", "end": "2025-06-20T15:00", "type": "NORMAL_TEACHING_PERIOD"}, {"classID": 759, "schoolID": "2315200", "subject": [{"current": {"type": "SUBJECT", "status": "REGULAR", "shortName": "Sicherheit", "longName": "Sicherheit", "displayName": "Sicherheit"}, "removed": null}], "location": "", "teacher": [{"current": {"type": "TEACHER", "status": "REGULAR", "shortName": "He", "longName": "Herrmann", "displayName": "He"}, "removed": null}], "cellState": "REGULAR", "date": "2025-06-20", "start": "2025-06-20T15:15", "end": "2025-06-20T16:45", "type": "NORMAL_TEACHING_PERIOD"}, {"classID": 768, "schoolID": "2315200", "subject": [{"current": {"type": "SUBJECT", "status": "REGULAR", "shortName": "sPrakt", "longName": "s Betreuung Praktika", "displayName": "sPrakt"}, "removed": null}], "location": [{"current": {"type": "ROOM", "status": "REGULAR", "shortName": "Reederei", "longName": "Reederei", "displayName": "Reederei"}, "removed": null}], "teacher": [{"current": {"type": "TEACHER", "status": "REGULAR", "shortName": "DE", "longName": "Deiler", "displayName": "DE"}, "removed": null}], "cellState": "REGULAR", "date": "2025-06-20", "start": "2025-06-20T15:15", "end": "2025-06-20T16:45", "type": "NORMAL_TEACHING_PERIOD"}, {"classID": 747, "schoolID": "2315200", "subject": [{"current": {"type": "SUBJECT", "status": "REGULAR", "shortName": "c3 Lab", "longName": "c 3 Mot/Dampf Labor", "displayName": "c3 Lab"}, "removed": null}], "location": [{"current": {"type": "ROOM", "status": "REGULAR", "shortName": "WKLab", "longName": "WKLab", "displayName": "WKLab"}, "removed": null}], "teacher": [{"current": {"type": "TEACHER", "status": "REGULAR", "shortName": "He", "longName": "Herrmann", "displayName": "He"}, "removed": null}], "cellState": "REGULAR", "date": "2025-06-20", "start": "2025-06-20T08:10", "end": "2025-06-20T13:10", "type": "NORMAL_TEACHING_PERIOD"}]