[{"classID": 2, "schoolID": "4852700", "subject": [{"current": {"type": "SUBJECT", "status": "REGULAR", "shortName": "D", "longName": "Deutsch", "displayName": "D"}, "removed": null}], "location": [{"current": {"type": "ROOM", "status": "REGULAR", "shortName": "1a", "longName": "1a UG", "displayName": "1a"}, "removed": null}], "teacher": [{"current": {"type": "TEACHER", "status": "REGULAR", "shortName": "MB", "longName": "Frau Brettschneider", "displayName": "MB"}, "removed": null}], "cellState": "REGULAR", "date": "2025-06-16", "start": "2025-06-16T07:50", "end": "2025-06-16T09:15", "type": "NORMAL_TEACHING_PERIOD"}, {"classID": 2, "schoolID": "4852700", "subject": [{"current": {"type": "SUBJECT", "status": "REGULAR", "shortName": "Mu", "longName": "Musik", "displayName": "Mu"}, "removed": null}], "location": [{"current": {"type": "ROOM", "status": "REGULAR", "shortName": "1a", "longName": "1a UG", "displayName": "1a"}, "removed": null}], "teacher": [{"current": {"type": "TEACHER", "status": "REGULAR", "shortName": "EM", "longName": "Frau Mager", "displayName": "EM"}, "removed": null}], "cellState": "REGULAR", "date": "2025-06-16", "start": "2025-06-16T09:45", "end": "2025-06-16T11:15", "type": "NORMAL_TEACHING_PERIOD"}, {"classID": 2, "schoolID": "4852700", "subject": [{"current": {"type": "SUBJECT", "status": "REGULAR", "shortName": "\u00dcZ", "longName": "\u00dcbungszeit", "displayName": "\u00dcZ"}, "removed": null}], "location": [{"current": {"type": "ROOM", "status": "REGULAR", "shortName": "1a", "longName": "1a UG", "displayName": "1a"}, "removed": null}], "teacher": [{"current": {"type": "TEACHER", "status": "REGULAR", "shortName": "OGS", "longName": "Hort", "displayName": "OGS"}, "removed": null}], "cellState": "REGULAR", "date": "2025-06-16", "start": "2025-06-16T12:15", "end": "2025-06-16T13:00", "type": "NORMAL_TEACHING_PERIOD"}, {"classID": 8, "schoolID": "4852700", "subject": [{"current": {"type": "SUBJECT", "status": "REGULAR", "shortName": "\u00dcZ", "longName": "\u00dcbungszeit", "displayName": "\u00dcZ"}, "removed": null}], "location": [{"current": {"type": "ROOM", "status": "REGULAR", "shortName": "1b", "longName": "1b UG", "displayName": "1b"}, "removed": null}], "teacher": [{"current": {"type": "TEACHER", "status": "REGULAR", "shortName": "OGS", "longName": "Hort", "displayName": "OGS"}, "removed": null}], "cellState": "REGULAR", "date": "2025-06-16", "start": "2025-06-16T12:15", "end": "2025-06-16T13:00", "type": "NORMAL_TEACHING_PERIOD"}, {"classID": 5, "schoolID": "4852700", "subject": [{"current": {"type": "SUBJECT", "status": "REGULAR", "shortName": "Le", "longName": "Lesezeit", "displayName": "Le"}, "removed": null}], "location": [{"current": {"type": "ROOM", "status": "REGULAR", "shortName": "1b", "longName": "1b UG", "displayName": "1b"}, "removed": null}, {"current": {"type": "ROOM", "status": "REGULAR", "shortName": "2a", "longName": "2a UG", "displayName": "2a"}, "removed": null}], "teacher": [{"current": {"type": "TEACHER", "status": "REGULAR", "shortName": "MB", "longName": "Frau Brettschneider", "displayName": "MB"}, "removed": null}], "cellState": "REGULAR", "date": "2025-06-16", "start": "2025-06-16T11:30", "end": "2025-06-16T12:15", "type": "NORMAL_TEACHING_PERIOD"}, {"classID": 5, "schoolID": "4852700", "subject": [{"current": {"type": "SUBJECT", "status": "REGULAR", "shortName": "\u00dcZ", "longName": "\u00dcbungszeit", "displayName": "\u00dcZ"}, "removed": null}], "location": [{"current": {"type": "ROOM", "status": "REGULAR", "shortName": "2a", "longName": "2a UG", "displayName": "2a"}, "removed": null}], "teacher": [{"current": {"type": "TEACHER", "status": "REGULAR", "shortName": "OGS", "longName": "Hort", "displayName": "OGS"}, "removed": null}], "cellState": "REGULAR", "date": "2025-06-16", "start": "2025-06-16T12:15", "end": "2025-06-16T13:00", "type": "NORMAL_TEACHING_PERIOD"}, {"classID": 18, "schoolID": "4852700", "subject": [{"current": {"type": "SUBJECT", "status": "REGULAR", "shortName": "Sp", "longName": "Sport", "displayName": "Sp"}, "removed": null}], "location": [{"current": {"type": "ROOM", "status": "REGULAR", "shortName": "Th", "longName": "Th", "displayName": "Th"}, "removed": null}], "teacher": [{"current": {"type": "TEACHER", "status": "REGULAR", "shortName": "MB", "longName": "Frau Brettschneider", "displayName": "MB"}, "removed": null}], "cellState": "REGULAR", "date": "2025-06-16", "start": "2025-06-16T09:45", "end": "2025-06-16T11:15", "type": "NORMAL_TEACHING_PERIOD"}, {"classID": 18, "schoolID": "4852700", "subject": [{"current": {"type": "SUBJECT", "status": "REGULAR", "shortName": "Le", "longName": "Lesezeit", "displayName": "Le"}, "removed": null}], "location": [{"current": {"type": "ROOM", "status": "REGULAR", "shortName": "2b", "longName": "2b UG", "displayName": "2b"}, "removed": null}], "teacher": [{"current": {"type": "TEACHER", "status": "REGULAR", "shortName": "CK", "longName": "Frau Klein", "displayName": "CK"}, "removed": null}], "cellState": "REGULAR", "date": "2025-06-16", "start": "2025-06-16T11:30", "end": "2025-06-16T12:15", "type": "NORMAL_TEACHING_PERIOD"}, {"classID": 18, "schoolID": "4852700", "subject": [{"current": {"type": "SUBJECT", "status": "REGULAR", "shortName": "\u00dcZ", "longName": "\u00dcbungszeit", "displayName": "\u00dcZ"}, "removed": null}], "location": [{"current": {"type": "ROOM", "status": "REGULAR", "shortName": "2b", "longName": "2b UG", "displayName": "2b"}, "removed": null}], "teacher": [{"current": {"type": "TEACHER", "status": "REGULAR", "shortName": "OGS", "longName": "Hort", "displayName": "OGS"}, "removed": null}], "cellState": "REGULAR", "date": "2025-06-16", "start": "2025-06-16T12:15", "end": "2025-06-16T13:00", "type": "NORMAL_TEACHING_PERIOD"}, {"classID": 2, "schoolID": "4852700", "subject": [{"current": {"type": "SUBJECT", "status": "REGULAR", "shortName": "Ma", "longName": "Mathe", "displayName": "Ma"}, "removed": null}], "location": [{"current": {"type": "ROOM", "status": "REGULAR", "shortName": "1a", "longName": "1a UG", "displayName": "1a"}, "removed": null}], "teacher": [{"current": {"type": "TEACHER", "status": "REGULAR", "shortName": "MB", "longName": "Frau Brettschneider", "displayName": "MB"}, "removed": null}], "cellState": "REGULAR", "date": "2025-06-17", "start": "2025-06-17T07:50", "end": "2025-06-17T09:15", "type": "NORMAL_TEACHING_PERIOD"}, {"classID": 2, "schoolID": "4852700", "subject": [{"current": {"type": "SUBJECT", "status": "REGULAR", "shortName": "Frie", "longName": "Friesisch", "displayName": "Frie"}, "removed": null}], "location": [{"current": {"type": "ROOM", "status": "REGULAR", "shortName": "1a", "longName": "1a UG", "displayName": "1a"}, "removed": null}], "teacher": [{"current": {"type": "TEACHER", "status": "REGULAR", "shortName": "MB", "longName": "Frau Brettschneider", "displayName": "MB"}, "removed": null}], "cellState": "REGULAR", "date": "2025-06-17", "start": "2025-06-17T09:45", "end": "2025-06-17T10:30", "type": "NORMAL_TEACHING_PERIOD"}, {"classID": 2, "schoolID": "4852700", "subject": [{"current": {"type": "SUBJECT", "status": "REGULAR", "shortName": "D", "longName": "Deutsch", "displayName": "D"}, "removed": null}], "location": [{"current": {"type": "ROOM", "status": "REGULAR", "shortName": "1a", "longName": "1a UG", "displayName": "1a"}, "removed": null}], "teacher": [{"current": {"type": "TEACHER", "status": "REGULAR", "shortName": "MB", "longName": "Frau Brettschneider", "displayName": "MB"}, "removed": null}], "cellState": "REGULAR", "date": "2025-06-17", "start": "2025-06-17T10:30", "end": "2025-06-17T11:15", "type": "NORMAL_TEACHING_PERIOD"}, {"classID": 2, "schoolID": "4852700", "subject": [{"current": {"type": "SUBJECT", "status": "REGULAR", "shortName": "\u00dcZ", "longName": "\u00dcbungszeit", "displayName": "\u00dcZ"}, "removed": null}], "location": [{"current": {"type": "ROOM", "status": "REGULAR", "shortName": "1a", "longName": "1a UG", "displayName": "1a"}, "removed": null}], "teacher": [{"current": {"type": "TEACHER", "status": "REGULAR", "shortName": "OGS", "longName": "Hort", "displayName": "OGS"}, "removed": null}], "cellState": "REGULAR", "date": "2025-06-17", "start": "2025-06-17T12:15", "end": "2025-06-17T13:00", "type": "NORMAL_TEACHING_PERIOD"}, {"classID": 8, "schoolID": "4852700", "subject": [{"current": {"type": "SUBJECT", "status": "REGULAR", "shortName": "\u00dcZ", "longName": "\u00dcbungszeit", "displayName": "\u00dcZ"}, "removed": null}], "location": [{"current": {"type": "ROOM", "status": "REGULAR", "shortName": "1b", "longName": "1b UG", "displayName": "1b"}, "removed": null}], "teacher": [{"current": {"type": "TEACHER", "status": "REGULAR", "shortName": "OGS", "longName": "Hort", "displayName": "OGS"}, "removed": null}], "cellState": "REGULAR", "date": "2025-06-17", "start": "2025-06-17T12:15", "end": "2025-06-17T13:00", "type": "NORMAL_TEACHING_PERIOD"}, {"classID": 5, "schoolID": "4852700", "subject": [{"current": {"type": "SUBJECT", "status": "REGULAR", "shortName": "Le", "longName": "Lesezeit", "displayName": "Le"}, "removed": null}], "location": [{"current": {"type": "ROOM", "status": "REGULAR", "shortName": "1b", "longName": "1b UG", "displayName": "1b"}, "removed": null}, {"current": {"type": "ROOM", "status": "REGULAR", "shortName": "2a", "longName": "2a UG", "displayName": "2a"}, "removed": null}], "teacher": [{"current": {"type": "TEACHER", "status": "REGULAR", "shortName": "MB", "longName": "Frau Brettschneider", "displayName": "MB"}, "removed": null}], "cellState": "REGULAR", "date": "2025-06-17", "start": "2025-06-17T11:30", "end": "2025-06-17T12:15", "type": "NORMAL_TEACHING_PERIOD"}, {"classID": 5, "schoolID": "4852700", "subject": [{"current": {"type": "SUBJECT", "status": "REGULAR", "shortName": "\u00dcZ", "longName": "\u00dcbungszeit", "displayName": "\u00dcZ"}, "removed": null}], "location": [{"current": {"type": "ROOM", "status": "REGULAR", "shortName": "2a", "longName": "2a UG", "displayName": "2a"}, "removed": null}], "teacher": [{"current": {"type": "TEACHER", "status": "REGULAR", "shortName": "OGS", "longName": "Hort", "displayName": "OGS"}, "removed": null}], "cellState": "REGULAR", "date": "2025-06-17", "start": "2025-06-17T12:15", "end": "2025-06-17T13:00", "type": "NORMAL_TEACHING_PERIOD"}, {"classID": 18, "schoolID": "4852700", "subject": [{"current": {"type": "SUBJECT", "status": "REGULAR", "shortName": "Le", "longName": "Lesezeit", "displayName": "Le"}, "removed": null}], "location": [{"current": {"type": "ROOM", "status": "REGULAR", "shortName": "2b", "longName": "2b UG", "displayName": "2b"}, "removed": null}], "teacher": [{"current": {"type": "TEACHER", "status": "REGULAR", "shortName": "CK", "longName": "Frau Klein", "displayName": "CK"}, "removed": null}], "cellState": "REGULAR", "date": "2025-06-17", "start": "2025-06-17T11:30", "end": "2025-06-17T12:15", "type": "NORMAL_TEACHING_PERIOD"}, {"classID": 18, "schoolID": "4852700", "subject": [{"current": {"type": "SUBJECT", "status": "REGULAR", "shortName": "\u00dcZ", "longName": "\u00dcbungszeit", "displayName": "\u00dcZ"}, "removed": null}], "location": [{"current": {"type": "ROOM", "status": "REGULAR", "shortName": "2b", "longName": "2b UG", "displayName": "2b"}, "removed": null}], "teacher": [{"current": {"type": "TEACHER", "status": "REGULAR", "shortName": "OGS", "longName": "Hort", "displayName": "OGS"}, "removed": null}], "cellState": "REGULAR", "date": "2025-06-17", "start": "2025-06-17T12:15", "end": "2025-06-17T13:00", "type": "NORMAL_TEACHING_PERIOD"}, {"classID": 2, "schoolID": "4852700", "subject": [{"current": {"type": "SUBJECT", "status": "REGULAR", "shortName": "D", "longName": "Deutsch", "displayName": "D"}, "removed": null}], "location": [{"current": {"type": "ROOM", "status": "REGULAR", "shortName": "1a", "longName": "1a UG", "displayName": "1a"}, "removed": null}], "teacher": [{"current": {"type": "TEACHER", "status": "REGULAR", "shortName": "MB", "longName": "Frau Brettschneider", "displayName": "MB"}, "removed": null}], "cellState": "REGULAR", "date": "2025-06-18", "start": "2025-06-18T07:50", "end": "2025-06-18T09:15", "type": "NORMAL_TEACHING_PERIOD"}, {"classID": 2, "schoolID": "4852700", "subject": [{"current": {"type": "SUBJECT", "status": "REGULAR", "shortName": "Ma", "longName": "Mathe", "displayName": "Ma"}, "removed": null}], "location": [{"current": {"type": "ROOM", "status": "REGULAR", "shortName": "1a", "longName": "1a UG", "displayName": "1a"}, "removed": null}], "teacher": [{"current": {"type": "TEACHER", "status": "REGULAR", "shortName": "MB", "longName": "Frau Brettschneider", "displayName": "MB"}, "removed": null}], "cellState": "REGULAR", "date": "2025-06-18", "start": "2025-06-18T09:45", "end": "2025-06-18T11:15", "type": "NORMAL_TEACHING_PERIOD"}, {"classID": 2, "schoolID": "4852700", "subject": [{"current": {"type": "SUBJECT", "status": "REGULAR", "shortName": "\u00dcZ", "longName": "\u00dcbungszeit", "displayName": "\u00dcZ"}, "removed": null}], "location": [{"current": {"type": "ROOM", "status": "REGULAR", "shortName": "1a", "longName": "1a UG", "displayName": "1a"}, "removed": null}], "teacher": [{"current": {"type": "TEACHER", "status": "REGULAR", "shortName": "OGS", "longName": "Hort", "displayName": "OGS"}, "removed": null}], "cellState": "REGULAR", "date": "2025-06-18", "start": "2025-06-18T12:15", "end": "2025-06-18T13:00", "type": "NORMAL_TEACHING_PERIOD"}, {"classID": 8, "schoolID": "4852700", "subject": [{"current": {"type": "SUBJECT", "status": "REGULAR", "shortName": "\u00dcZ", "longName": "\u00dcbungszeit", "displayName": "\u00dcZ"}, "removed": null}], "location": [{"current": {"type": "ROOM", "status": "REGULAR", "shortName": "1b", "longName": "1b UG", "displayName": "1b"}, "removed": null}], "teacher": [{"current": {"type": "TEACHER", "status": "REGULAR", "shortName": "OGS", "longName": "Hort", "displayName": "OGS"}, "removed": null}], "cellState": "REGULAR", "date": "2025-06-18", "start": "2025-06-18T12:15", "end": "2025-06-18T13:00", "type": "NORMAL_TEACHING_PERIOD"}, {"classID": 5, "schoolID": "4852700", "subject": [{"current": {"type": "SUBJECT", "status": "REGULAR", "shortName": "Le", "longName": "Lesezeit", "displayName": "Le"}, "removed": null}], "location": [{"current": {"type": "ROOM", "status": "REGULAR", "shortName": "1b", "longName": "1b UG", "displayName": "1b"}, "removed": null}, {"current": {"type": "ROOM", "status": "REGULAR", "shortName": "2a", "longName": "2a UG", "displayName": "2a"}, "removed": null}], "teacher": [{"current": {"type": "TEACHER", "status": "REGULAR", "shortName": "MB", "longName": "Frau Brettschneider", "displayName": "MB"}, "removed": null}], "cellState": "REGULAR", "date": "2025-06-18", "start": "2025-06-18T11:30", "end": "2025-06-18T12:15", "type": "NORMAL_TEACHING_PERIOD"}, {"classID": 5, "schoolID": "4852700", "subject": [{"current": {"type": "SUBJECT", "status": "REGULAR", "shortName": "\u00dcZ", "longName": "\u00dcbungszeit", "displayName": "\u00dcZ"}, "removed": null}], "location": [{"current": {"type": "ROOM", "status": "REGULAR", "shortName": "2a", "longName": "2a UG", "displayName": "2a"}, "removed": null}], "teacher": [{"current": {"type": "TEACHER", "status": "REGULAR", "shortName": "OGS", "longName": "Hort", "displayName": "OGS"}, "removed": null}], "cellState": "REGULAR", "date": "2025-06-18", "start": "2025-06-18T12:15", "end": "2025-06-18T13:00", "type": "NORMAL_TEACHING_PERIOD"}, {"classID": 18, "schoolID": "4852700", "subject": [{"current": {"type": "SUBJECT", "status": "REGULAR", "shortName": "Le", "longName": "Lesezeit", "displayName": "Le"}, "removed": null}], "location": [{"current": {"type": "ROOM", "status": "REGULAR", "shortName": "2b", "longName": "2b UG", "displayName": "2b"}, "removed": null}], "teacher": [{"current": {"type": "TEACHER", "status": "REGULAR", "shortName": "CK", "longName": "Frau Klein", "displayName": "CK"}, "removed": null}], "cellState": "REGULAR", "date": "2025-06-18", "start": "2025-06-18T11:30", "end": "2025-06-18T12:15", "type": "NORMAL_TEACHING_PERIOD"}, {"classID": 18, "schoolID": "4852700", "subject": [{"current": {"type": "SUBJECT", "status": "REGULAR", "shortName": "\u00dcZ", "longName": "\u00dcbungszeit", "displayName": "\u00dcZ"}, "removed": null}], "location": [{"current": {"type": "ROOM", "status": "REGULAR", "shortName": "2b", "longName": "2b UG", "displayName": "2b"}, "removed": null}], "teacher": [{"current": {"type": "TEACHER", "status": "REGULAR", "shortName": "OGS", "longName": "Hort", "displayName": "OGS"}, "removed": null}], "cellState": "REGULAR", "date": "2025-06-18", "start": "2025-06-18T12:15", "end": "2025-06-18T13:00", "type": "NORMAL_TEACHING_PERIOD"}, {"classID": 2, "schoolID": "4852700", "subject": [{"current": {"type": "SUBJECT", "status": "REGULAR", "shortName": "Ma", "longName": "Mathe", "displayName": "Ma"}, "removed": null}], "location": [{"current": {"type": "ROOM", "status": "REGULAR", "shortName": "1a", "longName": "1a UG", "displayName": "1a"}, "removed": null}], "teacher": [{"current": {"type": "TEACHER", "status": "REGULAR", "shortName": "MB", "longName": "Frau Brettschneider", "displayName": "MB"}, "removed": null}], "cellState": "REGULAR", "date": "2025-06-19", "start": "2025-06-19T07:50", "end": "2025-06-19T08:35", "type": "NORMAL_TEACHING_PERIOD"}, {"classID": 2, "schoolID": "4852700", "subject": [{"current": {"type": "SUBJECT", "status": "REGULAR", "shortName": "D", "longName": "Deutsch", "displayName": "D"}, "removed": null}], "location": [{"current": {"type": "ROOM", "status": "REGULAR", "shortName": "1a", "longName": "1a UG", "displayName": "1a"}, "removed": null}], "teacher": [{"current": {"type": "TEACHER", "status": "REGULAR", "shortName": "MB", "longName": "Frau Brettschneider", "displayName": "MB"}, "removed": null}], "cellState": "REGULAR", "date": "2025-06-19", "start": "2025-06-19T08:35", "end": "2025-06-19T09:15", "type": "NORMAL_TEACHING_PERIOD"}, {"classID": 2, "schoolID": "4852700", "subject": [{"current": {"type": "SUBJECT", "status": "REGULAR", "shortName": "Mu", "longName": "Musik", "displayName": "Mu"}, "removed": null}], "location": [{"current": {"type": "ROOM", "status": "REGULAR", "shortName": "1a", "longName": "1a UG", "displayName": "1a"}, "removed": null}], "teacher": [{"current": {"type": "TEACHER", "status": "REGULAR", "shortName": "EM", "longName": "Frau Mager", "displayName": "EM"}, "removed": null}], "cellState": "REGULAR", "date": "2025-06-19", "start": "2025-06-19T09:45", "end": "2025-06-19T10:30", "type": "NORMAL_TEACHING_PERIOD"}, {"classID": 2, "schoolID": "4852700", "subject": [{"current": {"type": "SUBJECT", "status": "REGULAR", "shortName": "Ku", "longName": "Kunst", "displayName": "Ku"}, "removed": null}], "location": [{"current": {"type": "ROOM", "status": "REGULAR", "shortName": "1a", "longName": "1a UG", "displayName": "1a"}, "removed": null}], "teacher": [{"current": {"type": "TEACHER", "status": "REGULAR", "shortName": "CK", "longName": "Frau Klein", "displayName": "CK"}, "removed": null}], "cellState": "REGULAR", "date": "2025-06-19", "start": "2025-06-19T10:30", "end": "2025-06-19T11:15", "type": "NORMAL_TEACHING_PERIOD"}, {"classID": 2, "schoolID": "4852700", "subject": [{"current": {"type": "SUBJECT", "status": "REGULAR", "shortName": "\u00dcZ", "longName": "\u00dcbungszeit", "displayName": "\u00dcZ"}, "removed": null}], "location": [{"current": {"type": "ROOM", "status": "REGULAR", "shortName": "1a", "longName": "1a UG", "displayName": "1a"}, "removed": null}], "teacher": [{"current": {"type": "TEACHER", "status": "REGULAR", "shortName": "OGS", "longName": "Hort", "displayName": "OGS"}, "removed": null}], "cellState": "REGULAR", "date": "2025-06-19", "start": "2025-06-19T12:15", "end": "2025-06-19T13:00", "type": "NORMAL_TEACHING_PERIOD"}, {"classID": 8, "schoolID": "4852700", "subject": [{"current": {"type": "SUBJECT", "status": "REGULAR", "shortName": "\u00dcZ", "longName": "\u00dcbungszeit", "displayName": "\u00dcZ"}, "removed": null}], "location": [{"current": {"type": "ROOM", "status": "REGULAR", "shortName": "1b", "longName": "1b UG", "displayName": "1b"}, "removed": null}], "teacher": [{"current": {"type": "TEACHER", "status": "REGULAR", "shortName": "OGS", "longName": "Hort", "displayName": "OGS"}, "removed": null}], "cellState": "REGULAR", "date": "2025-06-19", "start": "2025-06-19T12:15", "end": "2025-06-19T13:00", "type": "NORMAL_TEACHING_PERIOD"}, {"classID": 5, "schoolID": "4852700", "subject": [{"current": {"type": "SUBJECT", "status": "REGULAR", "shortName": "Sp", "longName": "Sport", "displayName": "Sp"}, "removed": null}], "location": [{"current": {"type": "ROOM", "status": "REGULAR", "shortName": "Th", "longName": "Th", "displayName": "Th"}, "removed": null}], "teacher": [{"current": {"type": "TEACHER", "status": "REGULAR", "shortName": "MB", "longName": "Frau Brettschneider", "displayName": "MB"}, "removed": null}], "cellState": "REGULAR", "date": "2025-06-19", "start": "2025-06-19T09:45", "end": "2025-06-19T11:15", "type": "NORMAL_TEACHING_PERIOD"}, {"classID": 5, "schoolID": "4852700", "subject": [{"current": {"type": "SUBJECT", "status": "REGULAR", "shortName": "Le", "longName": "Lesezeit", "displayName": "Le"}, "removed": null}], "location": [{"current": {"type": "ROOM", "status": "REGULAR", "shortName": "1b", "longName": "1b UG", "displayName": "1b"}, "removed": null}, {"current": {"type": "ROOM", "status": "REGULAR", "shortName": "2a", "longName": "2a UG", "displayName": "2a"}, "removed": null}], "teacher": [{"current": {"type": "TEACHER", "status": "REGULAR", "shortName": "MB", "longName": "Frau Brettschneider", "displayName": "MB"}, "removed": null}], "cellState": "REGULAR", "date": "2025-06-19", "start": "2025-06-19T11:30", "end": "2025-06-19T12:15", "type": "NORMAL_TEACHING_PERIOD"}, {"classID": 5, "schoolID": "4852700", "subject": [{"current": {"type": "SUBJECT", "status": "REGULAR", "shortName": "\u00dcZ", "longName": "\u00dcbungszeit", "displayName": "\u00dcZ"}, "removed": null}], "location": [{"current": {"type": "ROOM", "status": "REGULAR", "shortName": "2a", "longName": "2a UG", "displayName": "2a"}, "removed": null}], "teacher": [{"current": {"type": "TEACHER", "status": "REGULAR", "shortName": "OGS", "longName": "Hort", "displayName": "OGS"}, "removed": null}], "cellState": "REGULAR", "date": "2025-06-19", "start": "2025-06-19T12:15", "end": "2025-06-19T13:00", "type": "NORMAL_TEACHING_PERIOD"}, {"classID": 18, "schoolID": "4852700", "subject": [{"current": {"type": "SUBJECT", "status": "REGULAR", "shortName": "Le", "longName": "Lesezeit", "displayName": "Le"}, "removed": null}], "location": [{"current": {"type": "ROOM", "status": "REGULAR", "shortName": "2b", "longName": "2b UG", "displayName": "2b"}, "removed": null}], "teacher": [{"current": {"type": "TEACHER", "status": "REGULAR", "shortName": "CK", "longName": "Frau Klein", "displayName": "CK"}, "removed": null}], "cellState": "REGULAR", "date": "2025-06-19", "start": "2025-06-19T11:30", "end": "2025-06-19T12:15", "type": "NORMAL_TEACHING_PERIOD"}, {"classID": 18, "schoolID": "4852700", "subject": [{"current": {"type": "SUBJECT", "status": "REGULAR", "shortName": "\u00dcZ", "longName": "\u00dcbungszeit", "displayName": "\u00dcZ"}, "removed": null}], "location": [{"current": {"type": "ROOM", "status": "REGULAR", "shortName": "2b", "longName": "2b UG", "displayName": "2b"}, "removed": null}], "teacher": [{"current": {"type": "TEACHER", "status": "REGULAR", "shortName": "OGS", "longName": "Hort", "displayName": "OGS"}, "removed": null}], "cellState": "REGULAR", "date": "2025-06-19", "start": "2025-06-19T12:15", "end": "2025-06-19T13:00", "type": "NORMAL_TEACHING_PERIOD"}, {"classID": 2, "schoolID": "4852700", "subject": [{"current": {"type": "SUBJECT", "status": "REGULAR", "shortName": "D", "longName": "Deutsch", "displayName": "D"}, "removed": null}], "location": [{"current": {"type": "ROOM", "status": "REGULAR", "shortName": "1a", "longName": "1a UG", "displayName": "1a"}, "removed": null}], "teacher": [{"current": {"type": "TEACHER", "status": "REGULAR", "shortName": "MB", "longName": "Frau Brettschneider", "displayName": "MB"}, "removed": null}], "cellState": "REGULAR", "date": "2025-06-20", "start": "2025-06-20T07:50", "end": "2025-06-20T08:35", "type": "NORMAL_TEACHING_PERIOD"}, {"classID": 2, "schoolID": "4852700", "subject": [{"current": {"type": "SUBJECT", "status": "REGULAR", "shortName": "Ma", "longName": "Mathe", "displayName": "Ma"}, "removed": null}], "location": [{"current": {"type": "ROOM", "status": "REGULAR", "shortName": "1a", "longName": "1a UG", "displayName": "1a"}, "removed": null}], "teacher": [{"current": {"type": "TEACHER", "status": "REGULAR", "shortName": "MB", "longName": "Frau Brettschneider", "displayName": "MB"}, "removed": null}], "cellState": "REGULAR", "date": "2025-06-20", "start": "2025-06-20T08:35", "end": "2025-06-20T09:15", "type": "NORMAL_TEACHING_PERIOD"}, {"classID": 2, "schoolID": "4852700", "subject": [{"current": {"type": "SUBJECT", "status": "REGULAR", "shortName": "Sp", "longName": "Sport", "displayName": "Sp"}, "removed": null}], "location": [{"current": {"type": "ROOM", "status": "REGULAR", "shortName": "TH", "longName": "Turnhalle", "displayName": "TH"}, "removed": null}], "teacher": [{"current": {"type": "TEACHER", "status": "REGULAR", "shortName": "MB", "longName": "Frau Brettschneider", "displayName": "MB"}, "removed": null}], "cellState": "REGULAR", "date": "2025-06-20", "start": "2025-06-20T09:45", "end": "2025-06-20T11:15", "type": "NORMAL_TEACHING_PERIOD"}, {"classID": 2, "schoolID": "4852700", "subject": [{"current": {"type": "SUBJECT", "status": "REGULAR", "shortName": "\u00dcZ", "longName": "\u00dcbungszeit", "displayName": "\u00dcZ"}, "removed": null}], "location": [{"current": {"type": "ROOM", "status": "REGULAR", "shortName": "1a", "longName": "1a UG", "displayName": "1a"}, "removed": null}], "teacher": [{"current": {"type": "TEACHER", "status": "REGULAR", "shortName": "OGS", "longName": "Hort", "displayName": "OGS"}, "removed": null}], "cellState": "REGULAR", "date": "2025-06-20", "start": "2025-06-20T12:15", "end": "2025-06-20T13:00", "type": "NORMAL_TEACHING_PERIOD"}, {"classID": 8, "schoolID": "4852700", "subject": [{"current": {"type": "SUBJECT", "status": "REGULAR", "shortName": "Sp", "longName": "Sport", "displayName": "Sp"}, "removed": null}], "location": [{"current": {"type": "ROOM", "status": "REGULAR", "shortName": "Th", "longName": "Th", "displayName": "Th"}, "removed": null}], "teacher": [{"current": {"type": "TEACHER", "status": "REGULAR", "shortName": "MD", "longName": "Frau Diehl", "displayName": "MD"}, "removed": null}], "cellState": "REGULAR", "date": "2025-06-20", "start": "2025-06-20T07:50", "end": "2025-06-20T09:15", "type": "NORMAL_TEACHING_PERIOD"}, {"classID": 8, "schoolID": "4852700", "subject": [{"current": {"type": "SUBJECT", "status": "REGULAR", "shortName": "\u00dcZ", "longName": "\u00dcbungszeit", "displayName": "\u00dcZ"}, "removed": null}], "location": [{"current": {"type": "ROOM", "status": "REGULAR", "shortName": "1b", "longName": "1b UG", "displayName": "1b"}, "removed": null}], "teacher": [{"current": {"type": "TEACHER", "status": "REGULAR", "shortName": "OGS", "longName": "Hort", "displayName": "OGS"}, "removed": null}], "cellState": "REGULAR", "date": "2025-06-20", "start": "2025-06-20T12:15", "end": "2025-06-20T13:00", "type": "NORMAL_TEACHING_PERIOD"}, {"classID": 5, "schoolID": "4852700", "subject": [{"current": {"type": "SUBJECT", "status": "REGULAR", "shortName": "Le", "longName": "Lesezeit", "displayName": "Le"}, "removed": null}], "location": [{"current": {"type": "ROOM", "status": "REGULAR", "shortName": "1b", "longName": "1b UG", "displayName": "1b"}, "removed": null}, {"current": {"type": "ROOM", "status": "REGULAR", "shortName": "2a", "longName": "2a UG", "displayName": "2a"}, "removed": null}], "teacher": [{"current": {"type": "TEACHER", "status": "REGULAR", "shortName": "MB", "longName": "Frau Brettschneider", "displayName": "MB"}, "removed": null}], "cellState": "REGULAR", "date": "2025-06-20", "start": "2025-06-20T11:30", "end": "2025-06-20T12:15", "type": "NORMAL_TEACHING_PERIOD"}, {"classID": 5, "schoolID": "4852700", "subject": [{"current": {"type": "SUBJECT", "status": "REGULAR", "shortName": "\u00dcZ", "longName": "\u00dcbungszeit", "displayName": "\u00dcZ"}, "removed": null}], "location": [{"current": {"type": "ROOM", "status": "REGULAR", "shortName": "2a", "longName": "2a UG", "displayName": "2a"}, "removed": null}], "teacher": [{"current": {"type": "TEACHER", "status": "REGULAR", "shortName": "OGS", "longName": "Hort", "displayName": "OGS"}, "removed": null}], "cellState": "REGULAR", "date": "2025-06-20", "start": "2025-06-20T12:15", "end": "2025-06-20T13:00", "type": "NORMAL_TEACHING_PERIOD"}, {"classID": 18, "schoolID": "4852700", "subject": [{"current": {"type": "SUBJECT", "status": "REGULAR", "shortName": "Le", "longName": "Lesezeit", "displayName": "Le"}, "removed": null}], "location": [{"current": {"type": "ROOM", "status": "REGULAR", "shortName": "2b", "longName": "2b UG", "displayName": "2b"}, "removed": null}], "teacher": [{"current": {"type": "TEACHER", "status": "REGULAR", "shortName": "CK", "longName": "Frau Klein", "displayName": "CK"}, "removed": null}], "cellState": "REGULAR", "date": "2025-06-20", "start": "2025-06-20T11:30", "end": "2025-06-20T12:15", "type": "NORMAL_TEACHING_PERIOD"}, {"classID": 18, "schoolID": "4852700", "subject": [{"current": {"type": "SUBJECT", "status": "REGULAR", "shortName": "\u00dcZ", "longName": "\u00dcbungszeit", "displayName": "\u00dcZ"}, "removed": null}], "location": [{"current": {"type": "ROOM", "status": "REGULAR", "shortName": "2b", "longName": "2b UG", "displayName": "2b"}, "removed": null}], "teacher": [{"current": {"type": "TEACHER", "status": "REGULAR", "shortName": "OGS", "longName": "Hort", "displayName": "OGS"}, "removed": null}], "cellState": "REGULAR", "date": "2025-06-20", "start": "2025-06-20T12:15", "end": "2025-06-20T13:00", "type": "NORMAL_TEACHING_PERIOD"}]