[{"classID": 1296, "schoolID": "4236600", "subject": [{"current": {"type": "SUBJECT", "status": "REGULAR", "shortName": "DV1", "longName": "Datenverarbeitung Gruppe 1", "displayName": "DV1", "displayNameLabel": "NAME"}, "removed": null}], "location": [{"current": {"type": "ROOM", "status": "REGULAR", "shortName": "233", "longName": "DV-Raum / Elektrolabor", "displayName": "233", "displayNameLabel": "NAME"}, "removed": null}], "teacher": [{"current": {"type": "TEACHER", "status": "REGULAR", "shortName": "SG", "longName": "Seiberling", "displayName": "SG", "displayNameLabel": "NAME"}, "removed": null}], "cellState": "REGULAR", "date": "2025-09-08", "start": "2025-09-08T11:15", "end": "2025-09-08T12:45", "type": "NORMAL_TEACHING_PERIOD"}, {"classID": 1299, "schoolID": "4236600", "subject": [{"current": {"type": "SUBJECT", "status": "REGULAR", "shortName": "LBP", "longName": "Lernfeld Berufspraxis", "displayName": "LBP", "displayNameLabel": "NAME"}, "removed": null}], "location": [{"current": {"type": "ROOM", "status": "REGULAR", "shortName": "229", "longName": "CAD-Raum", "displayName": "229", "displayNameLabel": "NAME"}, "removed": null}], "teacher": [{"current": {"type": "TEACHER", "status": "REGULAR", "shortName": "SZ", "longName": "Schweizer", "displayName": "SZ", "displayNameLabel": "NAME"}, "removed": null}], "cellState": "REGULAR", "date": "2025-09-08", "start": "2025-09-08T14:55", "end": "2025-09-08T16:25", "type": "NORMAL_TEACHING_PERIOD"}, {"classID": 1302, "schoolID": "4236600", "subject": [{"current": {"type": "SUBJECT", "status": "REGULAR", "shortName": "LBP", "longName": "Lernfeld Berufspraxis", "displayName": "LBP", "displayNameLabel": "NAME"}, "removed": null}], "location": [{"current": {"type": "ROOM", "status": "REGULAR", "shortName": "230", "longName": "CAD-Raum", "displayName": "230", "displayNameLabel": "NAME"}, "removed": null}], "teacher": [{"current": {"type": "TEACHER", "status": "REGULAR", "shortName": "WI", "longName": "Wiese", "displayName": "WI", "displayNameLabel": "NAME"}, "removed": null}], "cellState": "REGULAR", "date": "2025-09-08", "start": "2025-09-08T07:45", "end": "2025-09-08T12:00", "type": "NORMAL_TEACHING_PERIOD"}, {"classID": 1302, "schoolID": "4236600", "subject": [{"current": {"type": "SUBJECT", "status": "REGULAR", "shortName": "LBP", "longName": "Lernfeld Berufspraxis", "displayName": "LBP", "displayNameLabel": "NAME"}, "removed": null}], "location": [{"current": {"type": "ROOM", "status": "REGULAR", "shortName": "230", "longName": "CAD-Raum", "displayName": "230", "displayNameLabel": "NAME"}, "removed": null}], "teacher": [{"current": {"type": "TEACHER", "status": "REGULAR", "shortName": "WI", "longName": "Wiese", "displayName": "WI", "displayNameLabel": "NAME"}, "removed": null}], "cellState": "REGULAR", "date": "2025-09-08", "start": "2025-09-08T13:20", "end": "2025-09-08T16:25", "type": "NORMAL_TEACHING_PERIOD"}, {"classID": 1305, "schoolID": "4236600", "subject": [{"current": {"type": "SUBJECT", "status": "REGULAR", "shortName": "LBP", "longName": "Lernfeld Berufspraxis", "displayName": "LBP", "displayNameLabel": "NAME"}, "removed": null}], "location": [{"current": {"type": "ROOM", "status": "REGULAR", "shortName": "230", "longName": "CAD-Raum", "displayName": "230", "displayNameLabel": "NAME"}, "removed": null}], "teacher": [{"current": {"type": "TEACHER", "status": "REGULAR", "shortName": "WI", "longName": "Wiese", "displayName": "WI", "displayNameLabel": "NAME"}, "removed": null}], "cellState": "REGULAR", "date": "2025-09-08", "start": "2025-09-08T07:45", "end": "2025-09-08T12:00", "type": "NORMAL_TEACHING_PERIOD"}, {"classID": 1305, "schoolID": "4236600", "subject": [{"current": {"type": "SUBJECT", "status": "REGULAR", "shortName": "LBP", "longName": "Lernfeld Berufspraxis", "displayName": "LBP", "displayNameLabel": "NAME"}, "removed": null}], "location": [{"current": {"type": "ROOM", "status": "REGULAR", "shortName": "230", "longName": "CAD-Raum", "displayName": "230", "displayNameLabel": "NAME"}, "removed": null}], "teacher": [{"current": {"type": "TEACHER", "status": "REGULAR", "shortName": "WI", "longName": "Wiese", "displayName": "WI", "displayNameLabel": "NAME"}, "removed": null}], "cellState": "REGULAR", "date": "2025-09-08", "start": "2025-09-08T13:20", "end": "2025-09-08T16:25", "type": "NORMAL_TEACHING_PERIOD"}, {"classID": 1308, "schoolID": "4236600", "subject": [{"current": {"type": "SUBJECT", "status": "REGULAR", "shortName": "LBP", "longName": "Lernfeld Berufspraxis", "displayName": "LBP", "displayNameLabel": "NAME"}, "removed": null}], "location": [{"current": {"type": "ROOM", "status": "REGULAR", "shortName": "228", "longName": "Werkstatt BFU1", "displayName": "228", "displayNameLabel": "NAME"}, "removed": null}], "teacher": [{"current": {"type": "TEACHER", "status": "REGULAR", "shortName": "RI", "longName": "Rikl", "displayName": "RI", "displayNameLabel": "NAME"}, "removed": null}], "cellState": "REGULAR", "date": "2025-09-08", "start": "2025-09-08T07:45", "end": "2025-09-08T11:00", "type": "NORMAL_TEACHING_PERIOD"}, {"classID": 1326, "schoolID": "4236600", "subject": [{"current": {"type": "SUBJECT", "status": "REGULAR", "shortName": "LB", "longName": "Lernberatung", "displayName": "LB", "displayNameLabel": "NAME"}, "removed": null}], "location": [{"current": {"type": "ROOM", "status": "REGULAR", "shortName": "203", "longName": "Klassenraum", "displayName": "203", "displayNameLabel": "NAME"}, "removed": null}], "teacher": [{"current": {"type": "TEACHER", "status": "REGULAR", "shortName": "BM", "longName": "Buckenmaier", "displayName": "BM", "displayNameLabel": "NAME"}, "removed": null}], "cellState": "REGULAR", "date": "2025-09-08", "start": "2025-09-08T11:15", "end": "2025-09-08T12:45", "type": "NORMAL_TEACHING_PERIOD"}, {"classID": 1350, "schoolID": "4236600", "subject": [{"current": {"type": "SUBJECT", "status": "REGULAR", "shortName": "SP/B", "longName": "Spanisch", "displayName": "SP/B", "displayNameLabel": "NAME"}, "removed": null}], "location": "", "teacher": [{"current": {"type": "TEACHER", "status": "REGULAR", "shortName": "BF", "longName": "Badten", "displayName": "BF", "displayNameLabel": "NAME"}, "removed": null}], "cellState": "REGULAR", "date": "2025-09-08", "start": "2025-09-08T07:45", "end": "2025-09-08T09:15", "type": "NORMAL_TEACHING_PERIOD"}, {"classID": 1359, "schoolID": "4236600", "subject": [{"current": {"type": "SUBJECT", "status": "REGULAR", "shortName": "SP/B", "longName": "Spanisch", "displayName": "SP/B", "displayNameLabel": "NAME"}, "removed": null}], "location": "", "teacher": [{"current": {"type": "TEACHER", "status": "REGULAR", "shortName": "BF", "longName": "Badten", "displayName": "BF", "displayNameLabel": "NAME"}, "removed": null}], "cellState": "REGULAR", "date": "2025-09-08", "start": "2025-09-08T07:45", "end": "2025-09-08T09:15", "type": "NORMAL_TEACHING_PERIOD"}, {"classID": 1368, "schoolID": "4236600", "subject": [{"current": {"type": "SUBJECT", "status": "REGULAR", "shortName": "E", "longName": "Englisch", "displayName": "E", "displayNameLabel": "NAME"}, "removed": null}], "location": [{"current": {"type": "ROOM", "status": "REGULAR", "shortName": "205", "longName": "Klassenraum", "displayName": "205", "displayNameLabel": "NAME"}, "removed": null}], "teacher": [{"current": {"type": "TEACHER", "status": "REGULAR", "shortName": "PT", "longName": "Patruck", "displayName": "PT", "displayNameLabel": "NAME"}, "removed": null}], "cellState": "REGULAR", "date": "2025-09-08", "start": "2025-09-08T07:45", "end": "2025-09-08T09:15", "type": "NORMAL_TEACHING_PERIOD"}, {"classID": 1377, "schoolID": "4236600", "subject": [{"current": {"type": "SUBJECT", "status": "REGULAR", "shortName": "BWL", "longName": "Betriebswirtschaftslehre", "displayName": "BWL", "displayNameLabel": "NAME"}, "removed": null}], "location": [{"current": {"type": "ROOM", "status": "REGULAR", "shortName": "301", "longName": "Klassenraum", "displayName": "301", "displayNameLabel": "NAME"}, "removed": null}], "teacher": [{"current": {"type": "TEACHER", "status": "REGULAR", "shortName": "FR", "longName": "Frank", "displayName": "FR", "displayNameLabel": "NAME"}, "removed": null}], "cellState": "REGULAR", "date": "2025-09-08", "start": "2025-09-08T07:45", "end": "2025-09-08T11:00", "type": "NORMAL_TEACHING_PERIOD"}, {"classID": 1290, "schoolID": "4236600", "subject": [{"current": {"type": "SUBJECT", "status": "REGULAR", "shortName": "BWL", "longName": "Betriebswirtschaftslehre", "displayName": "BWL", "displayNameLabel": "NAME"}, "removed": null}], "location": [{"current": {"type": "ROOM", "status": "REGULAR", "shortName": "207", "longName": "Klassenraum", "displayName": "207", "displayNameLabel": "NAME"}, "removed": null}], "teacher": [{"current": {"type": "TEACHER", "status": "REGULAR", "shortName": "PT", "longName": "Patruck", "displayName": "PT", "displayNameLabel": "NAME"}, "removed": null}], "cellState": "REGULAR", "date": "2025-09-09", "start": "2025-09-09T07:45", "end": "2025-09-09T09:15", "type": "NORMAL_TEACHING_PERIOD"}, {"classID": 1296, "schoolID": "4236600", "subject": [{"current": {"type": "SUBJECT", "status": "REGULAR", "shortName": "GGK", "longName": "Geschichte mit Gemeinschaftskunde", "displayName": "GGK", "displayNameLabel": "NAME"}, "removed": null}], "location": "", "teacher": [{"current": {"type": "TEACHER", "status": "REGULAR", "shortName": "SX", "longName": "Schellhorn", "displayName": "SX", "displayNameLabel": "NAME"}, "removed": null}], "cellState": "REGULAR", "date": "2025-09-09", "start": "2025-09-09T07:45", "end": "2025-09-09T09:15", "type": "NORMAL_TEACHING_PERIOD"}, {"classID": 1299, "schoolID": "4236600", "subject": [{"current": {"type": "SUBJECT", "status": "REGULAR", "shortName": "LBP", "longName": "Lernfeld Berufspraxis", "displayName": "LBP", "displayNameLabel": "NAME"}, "removed": null}], "location": [{"current": {"type": "ROOM", "status": "REGULAR", "shortName": "229", "longName": "CAD-Raum", "displayName": "229", "displayNameLabel": "NAME"}, "removed": null}], "teacher": [{"current": {"type": "TEACHER", "status": "REGULAR", "shortName": "KM", "longName": "K\u00fcmmel", "displayName": "KM", "displayNameLabel": "NAME"}, "removed": null}], "cellState": "REGULAR", "date": "2025-09-09", "start": "2025-09-09T07:45", "end": "2025-09-09T09:15", "type": "NORMAL_TEACHING_PERIOD"}, {"classID": 1302, "schoolID": "4236600", "subject": [{"current": {"type": "SUBJECT", "status": "REGULAR", "shortName": "LBT", "longName": "Lernfeld BerufsTheorie", "displayName": "LBT", "displayNameLabel": "NAME"}, "removed": null}], "location": [{"current": {"type": "ROOM", "status": "REGULAR", "shortName": "106", "longName": "Klassenraum", "displayName": "106", "displayNameLabel": "NAME"}, "removed": null}], "teacher": [{"current": {"type": "TEACHER", "status": "REGULAR", "shortName": "HA", "longName": "Haas", "displayName": "HA", "displayNameLabel": "NAME"}, "removed": null}], "cellState": "REGULAR", "date": "2025-09-09", "start": "2025-09-09T11:15", "end": "2025-09-09T12:45", "type": "NORMAL_TEACHING_PERIOD"}, {"classID": 1314, "schoolID": "4236600", "subject": [{"current": {"type": "SUBJECT", "status": "REGULAR", "shortName": "LBP", "longName": "Lernfeld Berufspraxis", "displayName": "LBP", "displayNameLabel": "NAME"}, "removed": null}], "location": "", "teacher": [{"current": {"type": "TEACHER", "status": "REGULAR", "shortName": "RE", "longName": "Reiche", "displayName": "RE", "displayNameLabel": "NAME"}, "removed": null}], "cellState": "REGULAR", "date": "2025-09-09", "start": "2025-09-09T11:15", "end": "2025-09-09T12:45", "type": "NORMAL_TEACHING_PERIOD"}, {"classID": 1314, "schoolID": "4236600", "subject": [{"current": {"type": "SUBJECT", "status": "REGULAR", "shortName": "LBP", "longName": "Lernfeld Berufspraxis", "displayName": "LBP", "displayNameLabel": "NAME"}, "removed": null}], "location": "", "teacher": [{"current": {"type": "TEACHER", "status": "REGULAR", "shortName": "RE", "longName": "Reiche", "displayName": "RE", "displayNameLabel": "NAME"}, "removed": null}], "cellState": "REGULAR", "date": "2025-09-09", "start": "2025-09-09T13:20", "end": "2025-09-09T14:50", "type": "NORMAL_TEACHING_PERIOD"}, {"classID": 1317, "schoolID": "4236600", "subject": [{"current": {"type": "SUBJECT", "status": "REGULAR", "shortName": "BIO", "longName": "Biologie", "displayName": "BIO", "displayNameLabel": "NAME"}, "removed": null}], "location": [{"current": {"type": "ROOM", "status": "REGULAR", "shortName": "005", "longName": "Physiksaal", "displayName": "005", "displayNameLabel": "NAME"}, "removed": null}], "teacher": [{"current": {"type": "TEACHER", "status": "REGULAR", "shortName": "HZ", "longName": "Heitzler", "displayName": "HZ", "displayNameLabel": "NAME"}, "removed": null}], "cellState": "REGULAR", "date": "2025-09-09", "start": "2025-09-09T09:30", "end": "2025-09-09T11:00", "type": "NORMAL_TEACHING_PERIOD"}, {"classID": 1326, "schoolID": "4236600", "subject": [{"current": {"type": "SUBJECT", "status": "REGULAR", "shortName": "PA", "longName": "Projektarbeit", "displayName": "PA", "displayNameLabel": "NAME"}, "removed": null}], "location": "", "teacher": [{"current": {"type": "TEACHER", "status": "REGULAR", "shortName": "KS", "longName": "Klingel", "displayName": "KS", "displayNameLabel": "NAME"}, "removed": null}], "cellState": "REGULAR", "date": "2025-09-09", "start": "2025-09-09T09:30", "end": "2025-09-09T11:00", "type": "NORMAL_TEACHING_PERIOD"}, {"classID": 1326, "schoolID": "4236600", "subject": [{"current": {"type": "SUBJECT", "status": "REGULAR", "shortName": "PA", "longName": "Projektarbeit", "displayName": "PA", "displayNameLabel": "NAME"}, "removed": null}], "location": "", "teacher": [{"current": {"type": "TEACHER", "status": "REGULAR", "shortName": "PN", "longName": "Pfaff", "displayName": "PN", "displayNameLabel": "NAME"}, "removed": null}], "cellState": "REGULAR", "date": "2025-09-09", "start": "2025-09-09T09:30", "end": "2025-09-09T11:00", "type": "NORMAL_TEACHING_PERIOD"}, {"classID": 1341, "schoolID": "4236600", "subject": [{"current": {"type": "SUBJECT", "status": "REGULAR", "shortName": "LBT", "longName": "Lernfeld BerufsTheorie", "displayName": "LBT", "displayNameLabel": "NAME"}, "removed": null}], "location": [{"current": {"type": "ROOM", "status": "REGULAR", "shortName": "106", "longName": "Klassenraum", "displayName": "106", "displayNameLabel": "NAME"}, "removed": null}], "teacher": [{"current": {"type": "TEACHER", "status": "REGULAR", "shortName": "HA", "longName": "Haas", "displayName": "HA", "displayNameLabel": "NAME"}, "removed": null}], "cellState": "REGULAR", "date": "2025-09-09", "start": "2025-09-09T11:15", "end": "2025-09-09T12:45", "type": "NORMAL_TEACHING_PERIOD"}, {"classID": 1347, "schoolID": "4236600", "subject": [{"current": {"type": "SUBJECT", "status": "REGULAR", "shortName": "LBT", "longName": "Lernfeld BerufsTheorie", "displayName": "LBT", "displayNameLabel": "NAME"}, "removed": null}], "location": [{"current": {"type": "ROOM", "status": "REGULAR", "shortName": "106", "longName": "Klassenraum", "displayName": "106", "displayNameLabel": "NAME"}, "removed": null}], "teacher": [{"current": {"type": "TEACHER", "status": "REGULAR", "shortName": "HA", "longName": "Haas", "displayName": "HA", "displayNameLabel": "NAME"}, "removed": null}], "cellState": "REGULAR", "date": "2025-09-09", "start": "2025-09-09T11:15", "end": "2025-09-09T12:45", "type": "NORMAL_TEACHING_PERIOD"}, {"classID": 1362, "schoolID": "4236600", "subject": [{"current": {"type": "SUBJECT", "status": "REGULAR", "shortName": "TMT", "longName": "Technik Metalltechnik", "displayName": "TMT", "displayNameLabel": "NAME"}, "removed": null}], "location": "", "teacher": [{"current": {"type": "TEACHER", "status": "REGULAR", "shortName": "WH", "longName": "Weihe", "displayName": "WH", "displayNameLabel": "NAME"}, "removed": null}], "cellState": "REGULAR", "date": "2025-09-09", "start": "2025-09-09T14:55", "end": "2025-09-09T16:25", "type": "NORMAL_TEACHING_PERIOD"}, {"classID": 1368, "schoolID": "4236600", "subject": [{"current": {"type": "SUBJECT", "status": "REGULAR", "shortName": "D", "longName": "Deutsch", "displayName": "D", "displayNameLabel": "NAME"}, "removed": null}], "location": [{"current": {"type": "ROOM", "status": "REGULAR", "shortName": "205", "longName": "Klassenraum", "displayName": "205", "displayNameLabel": "NAME"}, "removed": null}], "teacher": [{"current": {"type": "TEACHER", "status": "REGULAR", "shortName": "MQ", "longName": "Manrique", "displayName": "MQ", "displayNameLabel": "NAME"}, "removed": null}], "cellState": "REGULAR", "date": "2025-09-09", "start": "2025-09-09T07:45", "end": "2025-09-09T09:15", "type": "NORMAL_TEACHING_PERIOD"}]