[{"classID": 3164, "schoolID": "4137400", "subject": [{"current": {"type": "SUBJECT", "status": "REGULAR", "shortName": "Vert", "longName": "Verteidigungen", "displayName": "Vert", "displayNameLabel": "NAME"}, "removed": null}], "location": [{"current": {"type": "ROOM", "status": "REGULAR", "shortName": "109-944", "longName": "Besprechungszimmer", "displayName": "109-944", "displayNameLabel": "NAME"}, "removed": null}], "teacher": [{"current": {"type": "TEACHER", "status": "REGULAR", "shortName": "Gau", "longName": "Prof. Dr. Gauges", "displayName": "Gau", "displayNameLabel": "NAME"}, "removed": null}], "cellState": "ADDITIONAL", "date": "2025-09-09", "start": "2025-09-09T15:45", "end": "2025-09-09T17:15", "type": "ADDITIONAL_PERIOD"}, {"classID": 3050, "schoolID": "4137400", "subject": [{"current": {"type": "SUBJECT", "status": "REGULAR", "shortName": "SpaA", "longName": "Spanisch Anf\u00e4nger", "displayName": "SpaA", "displayNameLabel": "NAME"}, "removed": null}], "location": [{"current": {"type": "ROOM", "status": "REGULAR", "shortName": "105-511", "longName": "Vorlesung", "displayName": "105-511", "displayNameLabel": "NAME"}, "removed": null}], "teacher": [{"current": {"type": "TEACHER", "status": "REGULAR", "shortName": "CC1", "longName": "Career Center 1", "displayName": "CC1", "displayNameLabel": "NAME"}, "removed": null}], "cellState": "REGULAR", "date": "2025-09-11", "start": "2025-09-11T17:30", "end": "2025-09-11T19:00", "type": "NORMAL_TEACHING_PERIOD"}]