[{"classID": 1117, "schoolID": "2248000", "subject": [{"current": {"type": "SUBJECT", "status": "REGULAR", "shortName": "ELK", "longName": "Elektronik", "displayName": "ELK", "displayNameLabel": "NAME"}, "removed": null}], "location": [{"current": {"type": "ROOM", "status": "REGULAR", "shortName": "109", "longName": "109 -1 Etage -", "displayName": "109", "displayNameLabel": "NAME"}, "removed": null}], "teacher": [{"current": {"type": "TEACHER", "status": "REGULAR", "shortName": "LORB", "longName": "Lorbeer", "displayName": "LORB", "displayNameLabel": "NAME"}, "removed": null}], "cellState": "REGULAR", "date": "2025-09-08", "start": "2025-09-08T18:00", "end": "2025-09-08T21:15", "type": "NORMAL_TEACHING_PERIOD"}, {"classID": 1123, "schoolID": "2248000", "subject": [{"current": {"type": "SUBJECT", "status": "REGULAR", "shortName": "ESY -REG", "longName": "ESY Grundlagen", "displayName": "ESY -REG", "displayNameLabel": "NAME"}, "removed": null}], "location": [{"current": {"type": "ROOM", "status": "REGULAR", "shortName": "112", "longName": "112 -1 Etage -", "displayName": "112", "displayNameLabel": "NAME"}, "removed": null}], "teacher": [{"current": {"type": "TEACHER", "status": "REGULAR", "shortName": "SZIL", "longName": "Szillus", "displayName": "SZIL", "displayNameLabel": "NAME"}, "removed": null}], "cellState": "REGULAR", "date": "2025-09-08", "start": "2025-09-08T18:00", "end": "2025-09-08T21:15", "type": "NORMAL_TEACHING_PERIOD"}, {"classID": 1126, "schoolID": "2248000", "subject": [{"current": {"type": "SUBJECT", "status": "REGULAR", "shortName": "EAE", "longName": "Energie- und Antriebselektronik", "displayName": "EAE", "displayNameLabel": "NAME"}, "removed": null}], "location": [{"current": {"type": "ROOM", "status": "REGULAR", "shortName": "113", "longName": "113 -1 Etage -", "displayName": "113", "displayNameLabel": "NAME"}, "removed": null}], "teacher": [{"current": {"type": "TEACHER", "status": "REGULAR", "shortName": "FRIC", "longName": "Fricke", "displayName": "FRIC", "displayNameLabel": "NAME"}, "removed": null}, {"current": {"type": "TEACHER", "status": "REGULAR", "shortName": "SZIL", "longName": "Szillus", "displayName": "SZIL", "displayNameLabel": "NAME"}, "removed": null}], "cellState": "REGULAR", "date": "2025-09-08", "start": "2025-09-08T08:00", "end": "2025-09-08T11:15", "type": "EXAM"}, {"classID": 1132, "schoolID": "2248000", "subject": [{"current": {"type": "SUBJECT", "status": "REGULAR", "shortName": "BWI", "longName": "BWI", "displayName": "BWI", "displayNameLabel": "NAME"}, "removed": null}], "location": [{"current": {"type": "ROOM", "status": "REGULAR", "shortName": "E01", "longName": "E01 Erdetage", "displayName": "E01", "displayNameLabel": "NAME"}, "removed": null}], "teacher": [{"current": {"type": "TEACHER", "status": "REGULAR", "shortName": "LIPP", "longName": "Lipphardt", "displayName": "LIPP", "displayNameLabel": "NAME"}, "removed": null}], "cellState": "REGULAR", "date": "2025-09-08", "start": "2025-09-08T18:00", "end": "2025-09-08T21:15", "type": "NORMAL_TEACHING_PERIOD"}, {"classID": 1129, "schoolID": "2248000", "subject": [{"current": {"type": "SUBJECT", "status": "REGULAR", "shortName": "LF2_BWI", "longName": "LF2_BWI", "displayName": "LF2_BWI", "displayNameLabel": "NAME"}, "removed": null}], "location": [{"current": {"type": "ROOM", "status": "REGULAR", "shortName": "108", "longName": "108 -1 Etage -", "displayName": "108", "displayNameLabel": "NAME"}, "removed": null}], "teacher": [{"current": {"type": "TEACHER", "status": "REGULAR", "shortName": "BRAU", "longName": "Brandt", "displayName": "BRAU", "displayNameLabel": "NAME"}, "removed": null}], "cellState": "REGULAR", "date": "2025-09-08", "start": "2025-09-08T18:00", "end": "2025-09-08T21:15", "type": "NORMAL_TEACHING_PERIOD"}, {"classID": 1114, "schoolID": "2248000", "subject": [{"current": {"type": "SUBJECT", "status": "REGULAR", "shortName": "KON", "longName": "Konstruktion", "displayName": "KON", "displayNameLabel": "NAME"}, "removed": null}], "location": [{"current": {"type": "ROOM", "status": "REGULAR", "shortName": "E04", "longName": "E04 Erdetage", "displayName": "E04", "displayNameLabel": "NAME"}, "removed": null}], "teacher": [{"current": {"type": "TEACHER", "status": "REGULAR", "shortName": "MEYE", "longName": "Meyer-Well\u00dfow", "displayName": "MEYE", "displayNameLabel": "NAME"}, "removed": null}], "cellState": "REGULAR", "date": "2025-09-08", "start": "2025-09-08T18:00", "end": "2025-09-08T21:15", "type": "NORMAL_TEACHING_PERIOD"}, {"classID": 1120, "schoolID": "2248000", "subject": [{"current": {"type": "SUBJECT", "status": "REGULAR", "shortName": "AUT -M", "longName": "Automatisierungstechnik (M)", "displayName": "AUT -M", "displayNameLabel": "NAME"}, "removed": null}], "location": [{"current": {"type": "ROOM", "status": "REGULAR", "shortName": "112", "longName": "112 -1 Etage -", "displayName": "112", "displayNameLabel": "NAME"}, "removed": null}], "teacher": [{"current": {"type": "TEACHER", "status": "REGULAR", "shortName": "LUET", "longName": "L\u00fctzen", "displayName": "LUET", "displayNameLabel": "NAME"}, "removed": null}], "cellState": "REGULAR", "date": "2025-09-08", "start": "2025-09-08T08:00", "end": "2025-09-08T11:15", "type": "EXAM"}, {"classID": 1102, "schoolID": "2248000", "subject": [{"current": {"type": "SUBJECT", "status": "REGULAR", "shortName": "MAT", "longName": "Mathematik", "displayName": "MAT", "displayNameLabel": "NAME"}, "removed": null}], "location": [{"current": {"type": "ROOM", "status": "REGULAR", "shortName": "104", "longName": "104 -1 Etage -", "displayName": "104", "displayNameLabel": "NAME"}, "removed": null}], "teacher": [{"current": {"type": "TEACHER", "status": "REGULAR", "shortName": "ROHN", "longName": "Rohlfs", "displayName": "ROHN", "displayNameLabel": "NAME"}, "removed": null}], "cellState": "REGULAR", "date": "2025-09-08", "start": "2025-09-08T08:00", "end": "2025-09-08T09:30", "type": "NORMAL_TEACHING_PERIOD"}, {"classID": 1102, "schoolID": "2248000", "subject": [{"current": {"type": "SUBJECT", "status": "REGULAR", "shortName": "LF3_BST", "longName": "Lernfeld 3 - Ein Kellergeschoss planen", "displayName": "LF3_BST", "displayNameLabel": "NAME"}, "removed": null}], "location": [{"current": {"type": "ROOM", "status": "REGULAR", "shortName": "104", "longName": "104 -1 Etage -", "displayName": "104", "displayNameLabel": "NAME"}, "removed": null}], "teacher": [{"current": {"type": "TEACHER", "status": "REGULAR", "shortName": "ELBE", "longName": "Elberding", "displayName": "ELBE", "displayNameLabel": "NAME"}, "removed": null}], "cellState": "REGULAR", "date": "2025-09-08", "start": "2025-09-08T09:45", "end": "2025-09-08T11:15", "type": "NORMAL_TEACHING_PERIOD"}, {"classID": 1102, "schoolID": "2248000", "subject": [{"current": {"type": "SUBJECT", "status": "REGULAR", "shortName": "ENG", "longName": "Englisch", "displayName": "ENG", "displayNameLabel": "NAME"}, "removed": null}], "location": [{"current": {"type": "ROOM", "status": "REGULAR", "shortName": "104", "longName": "104 -1 Etage -", "displayName": "104", "displayNameLabel": "NAME"}, "removed": null}], "teacher": [{"current": {"type": "TEACHER", "status": "REGULAR", "shortName": "FISC", "longName": "Fischer", "displayName": "FISC", "displayNameLabel": "NAME"}, "removed": null}], "cellState": "REGULAR", "date": "2025-09-08", "start": "2025-09-08T11:45", "end": "2025-09-08T13:15", "type": "NORMAL_TEACHING_PERIOD"}, {"classID": 1102, "schoolID": "2248000", "subject": [{"current": {"type": "SUBJECT", "status": "REGULAR", "shortName": "BWI", "longName": "BWI", "displayName": "BWI", "displayNameLabel": "NAME"}, "removed": null}], "location": [{"current": {"type": "ROOM", "status": "REGULAR", "shortName": "104", "longName": "104 -1 Etage -", "displayName": "104", "displayNameLabel": "NAME"}, "removed": null}], "teacher": [{"current": {"type": "TEACHER", "status": "REGULAR", "shortName": "SAEM", "longName": "S\u00e4mann", "displayName": "SAEM", "displayNameLabel": "NAME"}, "removed": null}], "cellState": "REGULAR", "date": "2025-09-08", "start": "2025-09-08T13:30", "end": "2025-09-08T15:00", "type": "NORMAL_TEACHING_PERIOD"}, {"classID": 1111, "schoolID": "2248000", "subject": [{"current": {"type": "SUBJECT", "status": "REGULAR", "shortName": "LF 3+4+5", "longName": "LF 3+4+5", "displayName": "LF 3+4+5", "displayNameLabel": "NAME"}, "removed": null}], "location": [{"current": {"type": "ROOM", "status": "REGULAR", "shortName": "E04", "longName": "E04 Erdetage", "displayName": "E04", "displayNameLabel": "NAME"}, "removed": null}], "teacher": [{"current": {"type": "TEACHER", "status": "REGULAR", "shortName": "ZETT", "longName": "Zett", "displayName": "ZETT", "displayNameLabel": "NAME"}, "removed": null}], "cellState": "REGULAR", "date": "2025-09-08", "start": "2025-09-08T08:00", "end": "2025-09-08T11:15", "type": "EXAM"}, {"classID": 1147, "schoolID": "2248000", "subject": [{"current": {"type": "SUBJECT", "status": "REGULAR", "shortName": "MAT", "longName": "Mathematik", "displayName": "MAT", "displayNameLabel": "NAME"}, "removed": null}], "location": [{"current": {"type": "ROOM", "status": "REGULAR", "shortName": "213", "longName": "213 -2 Etage-", "displayName": "213", "displayNameLabel": "NAME"}, "removed": null}], "teacher": [{"current": {"type": "TEACHER", "status": "REGULAR", "shortName": "FIND", "longName": "Findeisen", "displayName": "FIND", "displayNameLabel": "NAME"}, "removed": null}], "cellState": "REGULAR", "date": "2025-09-08", "start": "2025-09-08T08:00", "end": "2025-09-08T09:30", "type": "NORMAL_TEACHING_PERIOD"}, {"classID": 1147, "schoolID": "2248000", "subject": [{"current": {"type": "SUBJECT", "status": "REGULAR", "shortName": "LF3_BST", "longName": "Lernfeld 3 - Ein Kellergeschoss planen", "displayName": "LF3_BST", "displayNameLabel": "NAME"}, "removed": null}], "location": [{"current": {"type": "ROOM", "status": "REGULAR", "shortName": "104", "longName": "104 -1 Etage -", "displayName": "104", "displayNameLabel": "NAME"}, "removed": null}], "teacher": [{"current": {"type": "TEACHER", "status": "REGULAR", "shortName": "ELBE", "longName": "Elberding", "displayName": "ELBE", "displayNameLabel": "NAME"}, "removed": null}], "cellState": "REGULAR", "date": "2025-09-08", "start": "2025-09-08T09:45", "end": "2025-09-08T11:15", "type": "NORMAL_TEACHING_PERIOD"}, {"classID": 1147, "schoolID": "2248000", "subject": [{"current": {"type": "SUBJECT", "status": "REGULAR", "shortName": "TKO DT", "longName": "TKO DT", "displayName": "TKO DT", "displayNameLabel": "NAME"}, "removed": null}], "location": [{"current": {"type": "ROOM", "status": "REGULAR", "shortName": "107", "longName": "107 -1 Etage -", "displayName": "107", "displayNameLabel": "NAME"}, "removed": null}], "teacher": [{"current": {"type": "TEACHER", "status": "REGULAR", "shortName": "SVOB", "longName": "Svoboda", "displayName": "SVOB", "displayNameLabel": "NAME"}, "removed": null}], "cellState": "REGULAR", "date": "2025-09-08", "start": "2025-09-08T11:45", "end": "2025-09-08T13:15", "type": "NORMAL_TEACHING_PERIOD"}, {"classID": 1147, "schoolID": "2248000", "subject": [{"current": {"type": "SUBJECT", "status": "REGULAR", "shortName": "TKO DT", "longName": "TKO DT", "displayName": "TKO DT", "displayNameLabel": "NAME"}, "removed": null}], "location": [{"current": {"type": "ROOM", "status": "REGULAR", "shortName": "A-H", "longName": "Au\u00dfer Haus", "displayName": "A-H", "displayNameLabel": "NAME"}, "removed": null}], "teacher": [{"current": {"type": "TEACHER", "status": "REGULAR", "shortName": "SVOB", "longName": "Svoboda", "displayName": "SVOB", "displayNameLabel": "NAME"}, "removed": null}], "cellState": "REGULAR", "date": "2025-09-08", "start": "2025-09-08T13:30", "end": "2025-09-08T15:00", "type": "NORMAL_TEACHING_PERIOD"}, {"classID": 1144, "schoolID": "2248000", "subject": [{"current": {"type": "SUBJECT", "status": "REGULAR", "shortName": "MAT", "longName": "Mathematik", "displayName": "MAT", "displayNameLabel": "NAME"}, "removed": null}], "location": [{"current": {"type": "ROOM", "status": "REGULAR", "shortName": "213", "longName": "213 -2 Etage-", "displayName": "213", "displayNameLabel": "NAME"}, "removed": null}], "teacher": [{"current": {"type": "TEACHER", "status": "REGULAR", "shortName": "FIND", "longName": "Findeisen", "displayName": "FIND", "displayNameLabel": "NAME"}, "removed": null}], "cellState": "REGULAR", "date": "2025-09-08", "start": "2025-09-08T08:00", "end": "2025-09-08T09:30", "type": "NORMAL_TEACHING_PERIOD"}, {"classID": 1144, "schoolID": "2248000", "subject": [{"current": {"type": "SUBJECT", "status": "REGULAR", "shortName": "QMA", "longName": "Qualit\u00e4tsmanagement", "displayName": "QMA", "displayNameLabel": "NAME"}, "removed": null}], "location": [{"current": {"type": "ROOM", "status": "REGULAR", "shortName": "109", "longName": "109 -1 Etage -", "displayName": "109", "displayNameLabel": "NAME"}, "removed": null}], "teacher": [{"current": {"type": "TEACHER", "status": "REGULAR", "shortName": "KREU", "longName": "Kreutz", "displayName": "KREU", "displayNameLabel": "NAME"}, "removed": null}], "cellState": "REGULAR", "date": "2025-09-08", "start": "2025-09-08T09:45", "end": "2025-09-08T11:15", "type": "NORMAL_TEACHING_PERIOD"}, {"classID": 1144, "schoolID": "2248000", "subject": [{"current": {"type": "SUBJECT", "status": "REGULAR", "shortName": "TKO DT", "longName": "TKO DT", "displayName": "TKO DT", "displayNameLabel": "NAME"}, "removed": null}], "location": [{"current": {"type": "ROOM", "status": "REGULAR", "shortName": "107", "longName": "107 -1 Etage -", "displayName": "107", "displayNameLabel": "NAME"}, "removed": null}], "teacher": [{"current": {"type": "TEACHER", "status": "REGULAR", "shortName": "SVOB", "longName": "Svoboda", "displayName": "SVOB", "displayNameLabel": "NAME"}, "removed": null}], "cellState": "REGULAR", "date": "2025-09-08", "start": "2025-09-08T11:45", "end": "2025-09-08T13:15", "type": "NORMAL_TEACHING_PERIOD"}, {"classID": 1144, "schoolID": "2248000", "subject": [{"current": {"type": "SUBJECT", "status": "REGULAR", "shortName": "TKO DT", "longName": "TKO DT", "displayName": "TKO DT", "displayNameLabel": "NAME"}, "removed": null}], "location": [{"current": {"type": "ROOM", "status": "REGULAR", "shortName": "A-H", "longName": "Au\u00dfer Haus", "displayName": "A-H", "displayNameLabel": "NAME"}, "removed": null}], "teacher": [{"current": {"type": "TEACHER", "status": "REGULAR", "shortName": "SVOB", "longName": "Svoboda", "displayName": "SVOB", "displayNameLabel": "NAME"}, "removed": null}], "cellState": "REGULAR", "date": "2025-09-08", "start": "2025-09-08T13:30", "end": "2025-09-08T15:00", "type": "NORMAL_TEACHING_PERIOD"}, {"classID": 1135, "schoolID": "2248000", "subject": [{"current": {"type": "SUBJECT", "status": "REGULAR", "shortName": "MAT", "longName": "Mathematik", "displayName": "MAT", "displayNameLabel": "NAME"}, "removed": null}], "location": [{"current": {"type": "ROOM", "status": "REGULAR", "shortName": "213", "longName": "213 -2 Etage-", "displayName": "213", "displayNameLabel": "NAME"}, "removed": null}], "teacher": [{"current": {"type": "TEACHER", "status": "REGULAR", "shortName": "FIND", "longName": "Findeisen", "displayName": "FIND", "displayNameLabel": "NAME"}, "removed": null}], "cellState": "REGULAR", "date": "2025-09-08", "start": "2025-09-08T08:00", "end": "2025-09-08T09:30", "type": "NORMAL_TEACHING_PERIOD"}, {"classID": 1135, "schoolID": "2248000", "subject": [{"current": {"type": "SUBJECT", "status": "REGULAR", "shortName": "LF3_Ergo", "longName": "LF3_Ergo", "displayName": "LF3_Ergo", "displayNameLabel": "NAME"}, "removed": null}], "location": [{"current": {"type": "ROOM", "status": "REGULAR", "shortName": "Aula", "longName": "Aula", "displayName": "Aula", "displayNameLabel": "NAME"}, "removed": null}], "teacher": [{"current": {"type": "TEACHER", "status": "REGULAR", "shortName": "BRUH", "longName": "Bruhn", "displayName": "BRUH", "displayNameLabel": "NAME"}, "removed": null}], "cellState": "REGULAR", "date": "2025-09-08", "start": "2025-09-08T09:45", "end": "2025-09-08T11:15", "type": "NORMAL_TEACHING_PERIOD"}, {"classID": 1135, "schoolID": "2248000", "subject": [{"current": {"type": "SUBJECT", "status": "REGULAR", "shortName": "TKO DT", "longName": "TKO DT", "displayName": "TKO DT", "displayNameLabel": "NAME"}, "removed": null}], "location": [{"current": {"type": "ROOM", "status": "REGULAR", "shortName": "107", "longName": "107 -1 Etage -", "displayName": "107", "displayNameLabel": "NAME"}, "removed": null}], "teacher": [{"current": {"type": "TEACHER", "status": "REGULAR", "shortName": "SVOB", "longName": "Svoboda", "displayName": "SVOB", "displayNameLabel": "NAME"}, "removed": null}], "cellState": "REGULAR", "date": "2025-09-08", "start": "2025-09-08T11:45", "end": "2025-09-08T13:15", "type": "NORMAL_TEACHING_PERIOD"}, {"classID": 1135, "schoolID": "2248000", "subject": [{"current": {"type": "SUBJECT", "status": "REGULAR", "shortName": "TKO DT", "longName": "TKO DT", "displayName": "TKO DT", "displayNameLabel": "NAME"}, "removed": null}], "location": [{"current": {"type": "ROOM", "status": "REGULAR", "shortName": "A-H", "longName": "Au\u00dfer Haus", "displayName": "A-H", "displayNameLabel": "NAME"}, "removed": null}], "teacher": [{"current": {"type": "TEACHER", "status": "REGULAR", "shortName": "SVOB", "longName": "Svoboda", "displayName": "SVOB", "displayNameLabel": "NAME"}, "removed": null}], "cellState": "REGULAR", "date": "2025-09-08", "start": "2025-09-08T13:30", "end": "2025-09-08T15:00", "type": "NORMAL_TEACHING_PERIOD"}, {"classID": 1099, "schoolID": "2248000", "subject": [{"current": {"type": "SUBJECT", "status": "REGULAR", "shortName": "TKO-E", "longName": "TKO-E", "displayName": "TKO-E", "displayNameLabel": "NAME"}, "removed": null}], "location": [{"current": {"type": "ROOM", "status": "REGULAR", "shortName": "109", "longName": "109 -1 Etage -", "displayName": "109", "displayNameLabel": "NAME"}, "removed": null}], "teacher": [{"current": {"type": "TEACHER", "status": "REGULAR", "shortName": "SVOB", "longName": "Svoboda", "displayName": "SVOB", "displayNameLabel": "NAME"}, "removed": null}], "cellState": "REGULAR", "date": "2025-09-08", "start": "2025-09-08T08:00", "end": "2025-09-08T09:30", "type": "NORMAL_TEACHING_PERIOD"}, {"classID": 1099, "schoolID": "2248000", "subject": [{"current": {"type": "SUBJECT", "status": "REGULAR", "shortName": "QMA", "longName": "Qualit\u00e4tsmanagement", "displayName": "QMA", "displayNameLabel": "NAME"}, "removed": null}], "location": [{"current": {"type": "ROOM", "status": "REGULAR", "shortName": "109", "longName": "109 -1 Etage -", "displayName": "109", "displayNameLabel": "NAME"}, "removed": null}], "teacher": [{"current": {"type": "TEACHER", "status": "REGULAR", "shortName": "KREU", "longName": "Kreutz", "displayName": "KREU", "displayNameLabel": "NAME"}, "removed": null}], "cellState": "REGULAR", "date": "2025-09-08", "start": "2025-09-08T09:45", "end": "2025-09-08T11:15", "type": "NORMAL_TEACHING_PERIOD"}, {"classID": 1099, "schoolID": "2248000", "subject": [{"current": {"type": "SUBJECT", "status": "REGULAR", "shortName": "NWI -C", "longName": "Naturwissenschaften (Chemie)", "displayName": "NWI -C", "displayNameLabel": "NAME"}, "removed": null}], "location": [{"current": {"type": "ROOM", "status": "REGULAR", "shortName": "109", "longName": "109 -1 Etage -", "displayName": "109", "displayNameLabel": "NAME"}, "removed": null}], "teacher": [{"current": {"type": "TEACHER", "status": "REGULAR", "shortName": "BRUH", "longName": "Bruhn", "displayName": "BRUH", "displayNameLabel": "NAME"}, "removed": null}], "cellState": "REGULAR", "date": "2025-09-08", "start": "2025-09-08T11:45", "end": "2025-09-08T13:15", "type": "NORMAL_TEACHING_PERIOD"}, {"classID": 1105, "schoolID": "2248000", "subject": [{"current": {"type": "SUBJECT", "status": "REGULAR", "shortName": "TKO -M", "longName": "Technische Kommunikation (M)", "displayName": "TKO -M", "displayNameLabel": "NAME"}, "removed": null}], "location": [{"current": {"type": "ROOM", "status": "REGULAR", "shortName": "A-H", "longName": "Au\u00dfer Haus", "displayName": "A-H", "displayNameLabel": "NAME"}, "removed": null}], "teacher": [{"current": {"type": "TEACHER", "status": "REGULAR", "shortName": "SVOB", "longName": "Svoboda", "displayName": "SVOB", "displayNameLabel": "NAME"}, "removed": null}], "cellState": "REGULAR", "date": "2025-09-08", "start": "2025-09-08T08:00", "end": "2025-09-08T09:30", "type": "NORMAL_TEACHING_PERIOD"}, {"classID": 1105, "schoolID": "2248000", "subject": [{"current": {"type": "SUBJECT", "status": "REGULAR", "shortName": "LF3_Ergo", "longName": "LF3_Ergo", "displayName": "LF3_Ergo", "displayNameLabel": "NAME"}, "removed": null}], "location": [{"current": {"type": "ROOM", "status": "REGULAR", "shortName": "Aula", "longName": "Aula", "displayName": "Aula", "displayNameLabel": "NAME"}, "removed": null}], "teacher": [{"current": {"type": "TEACHER", "status": "REGULAR", "shortName": "BRUH", "longName": "Bruhn", "displayName": "BRUH", "displayNameLabel": "NAME"}, "removed": null}], "cellState": "REGULAR", "date": "2025-09-08", "start": "2025-09-08T09:45", "end": "2025-09-08T11:15", "type": "NORMAL_TEACHING_PERIOD"}, {"classID": 1105, "schoolID": "2248000", "subject": [{"current": {"type": "SUBJECT", "status": "REGULAR", "shortName": "MAT", "longName": "Mathematik", "displayName": "MAT", "displayNameLabel": "NAME"}, "removed": null}], "location": [{"current": {"type": "ROOM", "status": "REGULAR", "shortName": "Aula", "longName": "Aula", "displayName": "Aula", "displayNameLabel": "NAME"}, "removed": null}], "teacher": [{"current": {"type": "TEACHER", "status": "REGULAR", "shortName": "ROHL", "longName": "Rohlf", "displayName": "ROHL", "displayNameLabel": "NAME"}, "removed": null}], "cellState": "REGULAR", "date": "2025-09-08", "start": "2025-09-08T11:45", "end": "2025-09-08T13:15", "type": "NORMAL_TEACHING_PERIOD"}, {"classID": 1105, "schoolID": "2248000", "subject": [{"current": {"type": "SUBJECT", "status": "REGULAR", "shortName": "LF6 WET", "longName": "LF6 WET", "displayName": "LF6 WET", "displayNameLabel": "NAME"}, "removed": null}], "location": [{"current": {"type": "ROOM", "status": "REGULAR", "shortName": "Aula", "longName": "Aula", "displayName": "Aula", "displayNameLabel": "NAME"}, "removed": null}], "teacher": [{"current": {"type": "TEACHER", "status": "REGULAR", "shortName": "LAMM", "longName": "Lammers", "displayName": "LAMM", "displayNameLabel": "NAME"}, "removed": null}], "cellState": "REGULAR", "date": "2025-09-08", "start": "2025-09-08T13:30", "end": "2025-09-08T15:00", "type": "NORMAL_TEACHING_PERIOD"}, {"classID": 1108, "schoolID": "2248000", "subject": [{"current": {"type": "SUBJECT", "status": "REGULAR", "shortName": "FTE", "longName": "Fertigungstechnik", "displayName": "FTE", "displayNameLabel": "NAME"}, "removed": null}], "location": [{"current": {"type": "ROOM", "status": "REGULAR", "shortName": "108", "longName": "108 -1 Etage -", "displayName": "108", "displayNameLabel": "NAME"}, "removed": null}], "teacher": [{"current": {"type": "TEACHER", "status": "REGULAR", "shortName": "GROE", "longName": "Groer", "displayName": "GROE", "displayNameLabel": "NAME"}, "removed": null}, {"current": {"type": "TEACHER", "status": "REGULAR", "shortName": "WINK", "longName": "Winkler", "displayName": "WINK", "displayNameLabel": "NAME"}, "removed": null}], "cellState": "REGULAR", "date": "2025-09-08", "start": "2025-09-08T08:00", "end": "2025-09-08T11:15", "type": "EXAM"}, {"classID": 1149, "schoolID": "2248000", "subject": [{"current": {"type": "SUBJECT", "status": "REGULAR", "shortName": "ENG", "longName": "Englisch", "displayName": "ENG", "displayNameLabel": "NAME"}, "removed": null}], "location": [{"current": {"type": "ROOM", "status": "REGULAR", "shortName": "106", "longName": "106 -1 Etage -", "displayName": "106", "displayNameLabel": "NAME"}, "removed": null}], "teacher": [{"current": {"type": "TEACHER", "status": "REGULAR", "shortName": "LEMK", "longName": "Lemke", "displayName": "LEMK", "displayNameLabel": "NAME"}, "removed": null}], "cellState": "REGULAR", "date": "2025-09-08", "start": "2025-09-08T18:00", "end": "2025-09-08T21:15", "type": "NORMAL_TEACHING_PERIOD"}, {"classID": 1117, "schoolID": "2248000", "subject": [{"current": {"type": "SUBJECT", "status": "REGULAR", "shortName": "ELT", "longName": "Elektrotechnik", "displayName": "ELT", "displayNameLabel": "NAME"}, "removed": null}], "location": [{"current": {"type": "ROOM", "status": "REGULAR", "shortName": "109", "longName": "109 -1 Etage -", "displayName": "109", "displayNameLabel": "NAME"}, "removed": null}], "teacher": [{"current": {"type": "TEACHER", "status": "REGULAR", "shortName": "SAMM", "longName": "Samm", "displayName": "SAMM", "displayNameLabel": "NAME"}, "removed": null}], "cellState": "REGULAR", "date": "2025-09-09", "start": "2025-09-09T18:00", "end": "2025-09-09T21:15", "type": "NORMAL_TEACHING_PERIOD"}, {"classID": 1123, "schoolID": "2248000", "subject": [{"current": {"type": "SUBJECT", "status": "REGULAR", "shortName": "AUT -M", "longName": "Automatisierungstechnik (M)", "displayName": "AUT -M", "displayNameLabel": "NAME"}, "removed": null}], "location": [{"current": {"type": "ROOM", "status": "REGULAR", "shortName": "112", "longName": "112 -1 Etage -", "displayName": "112", "displayNameLabel": "NAME"}, "removed": null}], "teacher": [{"current": {"type": "TEACHER", "status": "REGULAR", "shortName": "IBRA", "longName": "Ibrahim", "displayName": "IBRA", "displayNameLabel": "NAME"}, "removed": null}], "cellState": "REGULAR", "date": "2025-09-09", "start": "2025-09-09T18:00", "end": "2025-09-09T21:15", "type": "EXAM"}, {"classID": 1126, "schoolID": "2248000", "subject": [{"current": {"type": "SUBJECT", "status": "REGULAR", "shortName": "AUT", "longName": "Automatisierungstechnik (E)", "displayName": "AUT", "displayNameLabel": "NAME"}, "removed": null}], "location": [{"current": {"type": "ROOM", "status": "REGULAR", "shortName": "113", "longName": "113 -1 Etage -", "displayName": "113", "displayNameLabel": "NAME"}, "removed": null}], "teacher": [{"current": {"type": "TEACHER", "status": "REGULAR", "shortName": "IBRA", "longName": "Ibrahim", "displayName": "IBRA", "displayNameLabel": "NAME"}, "removed": null}, {"current": {"type": "TEACHER", "status": "REGULAR", "shortName": "KOSS", "longName": "Kossow", "displayName": "KOSS", "displayNameLabel": "NAME"}, "removed": null}], "cellState": "REGULAR", "date": "2025-09-09", "start": "2025-09-09T08:00", "end": "2025-09-09T11:15", "type": "EXAM"}, {"classID": 1132, "schoolID": "2248000", "subject": [{"current": {"type": "SUBJECT", "status": "REGULAR", "shortName": "AUT -M", "longName": "Automatisierungstechnik (M)", "displayName": "AUT -M", "displayNameLabel": "NAME"}, "removed": null}], "location": [{"current": {"type": "ROOM", "status": "REGULAR", "shortName": "E01", "longName": "E01 Erdetage", "displayName": "E01", "displayNameLabel": "NAME"}, "removed": null}], "teacher": [{"current": {"type": "TEACHER", "status": "REGULAR", "shortName": "KREU", "longName": "Kreutz", "displayName": "KREU", "displayNameLabel": "NAME"}, "removed": null}], "cellState": "REGULAR", "date": "2025-09-09", "start": "2025-09-09T18:00", "end": "2025-09-09T21:15", "type": "NORMAL_TEACHING_PERIOD"}, {"classID": 1129, "schoolID": "2248000", "subject": [{"current": {"type": "SUBJECT", "status": "REGULAR", "shortName": "LF2_Vertrieb", "longName": "LF2_Vertrieb", "displayName": "LF2_Vertrieb", "displayNameLabel": "NAME"}, "removed": null}], "location": [{"current": {"type": "ROOM", "status": "REGULAR", "shortName": "108", "longName": "108 -1 Etage -", "displayName": "108", "displayNameLabel": "NAME"}, "removed": null}], "teacher": [{"current": {"type": "TEACHER", "status": "REGULAR", "shortName": "BRAU", "longName": "Brandt", "displayName": "BRAU", "displayNameLabel": "NAME"}, "removed": null}], "cellState": "REGULAR", "date": "2025-09-09", "start": "2025-09-09T18:00", "end": "2025-09-09T21:15", "type": "NORMAL_TEACHING_PERIOD"}, {"classID": 1114, "schoolID": "2248000", "subject": [{"current": {"type": "SUBJECT", "status": "REGULAR", "shortName": "FMA", "longName": "Fertigungsmaschinen", "displayName": "FMA", "displayNameLabel": "NAME"}, "removed": null}], "location": [{"current": {"type": "ROOM", "status": "REGULAR", "shortName": "E04", "longName": "E04 Erdetage", "displayName": "E04", "displayNameLabel": "NAME"}, "removed": null}], "teacher": [{"current": {"type": "TEACHER", "status": "REGULAR", "shortName": "BECH", "longName": "BECH", "displayName": "BECH", "displayNameLabel": "NAME"}, "removed": null}], "cellState": "REGULAR", "date": "2025-09-09", "start": "2025-09-09T18:00", "end": "2025-09-09T21:15", "type": "NORMAL_TEACHING_PERIOD"}, {"classID": 1120, "schoolID": "2248000", "subject": [{"current": {"type": "SUBJECT", "status": "REGULAR", "shortName": "FTE", "longName": "Fertigungstechnik", "displayName": "FTE", "displayNameLabel": "NAME"}, "removed": null}], "location": [{"current": {"type": "ROOM", "status": "REGULAR", "shortName": "112", "longName": "112 -1 Etage -", "displayName": "112", "displayNameLabel": "NAME"}, "removed": null}], "teacher": [{"current": {"type": "TEACHER", "status": "REGULAR", "shortName": "FINZ", "longName": "Finzenhagen", "displayName": "FINZ", "displayNameLabel": "NAME"}, "removed": null}, {"current": {"type": "TEACHER", "status": "REGULAR", "shortName": "GROE", "longName": "Groer", "displayName": "GROE", "displayNameLabel": "NAME"}, "removed": null}], "cellState": "REGULAR", "date": "2025-09-09", "start": "2025-09-09T08:00", "end": "2025-09-09T11:15", "type": "EXAM"}, {"classID": 1102, "schoolID": "2248000", "subject": [{"current": {"type": "SUBJECT", "status": "REGULAR", "shortName": "LF3_BST", "longName": "Lernfeld 3 - Ein Kellergeschoss planen", "displayName": "LF3_BST", "displayNameLabel": "NAME"}, "removed": null}], "location": [{"current": {"type": "ROOM", "status": "REGULAR", "shortName": "104", "longName": "104 -1 Etage -", "displayName": "104", "displayNameLabel": "NAME"}, "removed": null}], "teacher": [{"current": {"type": "TEACHER", "status": "REGULAR", "shortName": "ELBE", "longName": "Elberding", "displayName": "ELBE", "displayNameLabel": "NAME"}, "removed": null}], "cellState": "REGULAR", "date": "2025-09-09", "start": "2025-09-09T08:00", "end": "2025-09-09T09:30", "type": "NORMAL_TEACHING_PERIOD"}, {"classID": 1102, "schoolID": "2248000", "subject": [{"current": {"type": "SUBJECT", "status": "REGULAR", "shortName": "NWI -P", "longName": "Naturwissenschaften (Physik)", "displayName": "NWI -P", "displayNameLabel": "NAME"}, "removed": null}], "location": [{"current": {"type": "ROOM", "status": "REGULAR", "shortName": "104", "longName": "104 -1 Etage -", "displayName": "104", "displayNameLabel": "NAME"}, "removed": null}], "teacher": [{"current": {"type": "TEACHER", "status": "REGULAR", "shortName": "WYPU", "longName": "Wyputta", "displayName": "WYPU", "displayNameLabel": "NAME"}, "removed": null}], "cellState": "REGULAR", "date": "2025-09-09", "start": "2025-09-09T09:45", "end": "2025-09-09T11:15", "type": "NORMAL_TEACHING_PERIOD"}, {"classID": 1102, "schoolID": "2248000", "subject": [{"current": {"type": "SUBJECT", "status": "REGULAR", "shortName": "NWI -P", "longName": "Naturwissenschaften (Physik)", "displayName": "NWI -P", "displayNameLabel": "NAME"}, "removed": null}], "location": [{"current": {"type": "ROOM", "status": "REGULAR", "shortName": "104", "longName": "104 -1 Etage -", "displayName": "104", "displayNameLabel": "NAME"}, "removed": null}], "teacher": [{"current": {"type": "TEACHER", "status": "REGULAR", "shortName": "WYPU", "longName": "Wyputta", "displayName": "WYPU", "displayNameLabel": "NAME"}, "removed": null}], "cellState": "REGULAR", "date": "2025-09-09", "start": "2025-09-09T11:45", "end": "2025-09-09T13:15", "type": "NORMAL_TEACHING_PERIOD"}, {"classID": 1102, "schoolID": "2248000", "subject": [{"current": {"type": "SUBJECT", "status": "REGULAR", "shortName": "LF3 Brandschutz", "longName": "LF3 Brandschutz", "displayName": "LF3 Brandschutz", "displayNameLabel": "NAME"}, "removed": null}], "location": [{"current": {"type": "ROOM", "status": "REGULAR", "shortName": "104", "longName": "104 -1 Etage -", "displayName": "104", "displayNameLabel": "NAME"}, "removed": null}], "teacher": [{"current": {"type": "TEACHER", "status": "REGULAR", "shortName": "BRUH", "longName": "Bruhn", "displayName": "BRUH", "displayNameLabel": "NAME"}, "removed": null}], "cellState": "REGULAR", "date": "2025-09-09", "start": "2025-09-09T13:30", "end": "2025-09-09T15:00", "type": "NORMAL_TEACHING_PERIOD"}, {"classID": 1111, "schoolID": "2248000", "subject": [{"current": {"type": "SUBJECT", "status": "REGULAR", "shortName": "LF 6+7+9", "longName": "LF 6+7+9", "displayName": "LF 6+7+9", "displayNameLabel": "NAME"}, "removed": null}], "location": [{"current": {"type": "ROOM", "status": "REGULAR", "shortName": "E04", "longName": "E04 Erdetage", "displayName": "E04", "displayNameLabel": "NAME"}, "removed": null}], "teacher": [{"current": {"type": "TEACHER", "status": "REGULAR", "shortName": "ALTW", "longName": "Altenburg", "displayName": "ALTW", "displayNameLabel": "NAME"}, "removed": null}], "cellState": "REGULAR", "date": "2025-09-09", "start": "2025-09-09T08:00", "end": "2025-09-09T11:15", "type": "EXAM"}, {"classID": 1147, "schoolID": "2248000", "subject": [{"current": {"type": "SUBJECT", "status": "REGULAR", "shortName": "LF3_BST", "longName": "Lernfeld 3 - Ein Kellergeschoss planen", "displayName": "LF3_BST", "displayNameLabel": "NAME"}, "removed": null}], "location": [{"current": {"type": "ROOM", "status": "REGULAR", "shortName": "104", "longName": "104 -1 Etage -", "displayName": "104", "displayNameLabel": "NAME"}, "removed": null}], "teacher": [{"current": {"type": "TEACHER", "status": "REGULAR", "shortName": "ELBE", "longName": "Elberding", "displayName": "ELBE", "displayNameLabel": "NAME"}, "removed": null}], "cellState": "REGULAR", "date": "2025-09-09", "start": "2025-09-09T08:00", "end": "2025-09-09T09:30", "type": "NORMAL_TEACHING_PERIOD"}, {"classID": 1147, "schoolID": "2248000", "subject": [{"current": {"type": "SUBJECT", "status": "REGULAR", "shortName": "MAT", "longName": "Mathematik", "displayName": "MAT", "displayNameLabel": "NAME"}, "removed": null}], "location": [{"current": {"type": "ROOM", "status": "REGULAR", "shortName": "107", "longName": "107 -1 Etage -", "displayName": "107", "displayNameLabel": "NAME"}, "removed": null}], "teacher": [{"current": {"type": "TEACHER", "status": "REGULAR", "shortName": "FIND", "longName": "Findeisen", "displayName": "FIND", "displayNameLabel": "NAME"}, "removed": null}], "cellState": "REGULAR", "date": "2025-09-09", "start": "2025-09-09T09:45", "end": "2025-09-09T11:15", "type": "NORMAL_TEACHING_PERIOD"}, {"classID": 1147, "schoolID": "2248000", "subject": [{"current": {"type": "SUBJECT", "status": "REGULAR", "shortName": "NWI -P", "longName": "Naturwissenschaften (Physik)", "displayName": "NWI -P", "displayNameLabel": "NAME"}, "removed": null}], "location": [{"current": {"type": "ROOM", "status": "REGULAR", "shortName": "107", "longName": "107 -1 Etage -", "displayName": "107", "displayNameLabel": "NAME"}, "removed": null}], "teacher": [{"current": {"type": "TEACHER", "status": "REGULAR", "shortName": "VOSS", "longName": "Voss", "displayName": "VOSS", "displayNameLabel": "NAME"}, "removed": null}], "cellState": "REGULAR", "date": "2025-09-09", "start": "2025-09-09T11:45", "end": "2025-09-09T13:15", "type": "NORMAL_TEACHING_PERIOD"}, {"classID": 1147, "schoolID": "2248000", "subject": [{"current": {"type": "SUBJECT", "status": "REGULAR", "shortName": "ENG", "longName": "Englisch", "displayName": "ENG", "displayNameLabel": "NAME"}, "removed": null}], "location": [{"current": {"type": "ROOM", "status": "REGULAR", "shortName": "A-H", "longName": "Au\u00dfer Haus", "displayName": "A-H", "displayNameLabel": "NAME"}, "removed": null}], "teacher": [{"current": {"type": "TEACHER", "status": "REGULAR", "shortName": "LEMK", "longName": "Lemke", "displayName": "LEMK", "displayNameLabel": "NAME"}, "removed": null}], "cellState": "REGULAR", "date": "2025-09-09", "start": "2025-09-09T13:30", "end": "2025-09-09T15:00", "type": "NORMAL_TEACHING_PERIOD"}, {"classID": 1144, "schoolID": "2248000", "subject": [{"current": {"type": "SUBJECT", "status": "REGULAR", "shortName": "PRM", "longName": "Projektmanagement", "displayName": "PRM", "displayNameLabel": "NAME"}, "removed": null}], "location": [{"current": {"type": "ROOM", "status": "REGULAR", "shortName": "A-H", "longName": "Au\u00dfer Haus", "displayName": "A-H", "displayNameLabel": "NAME"}, "removed": null}], "teacher": [{"current": {"type": "TEACHER", "status": "REGULAR", "shortName": "SVOB", "longName": "Svoboda", "displayName": "SVOB", "displayNameLabel": "NAME"}, "removed": null}], "cellState": "REGULAR", "date": "2025-09-09", "start": "2025-09-09T08:00", "end": "2025-09-09T09:30", "type": "NORMAL_TEACHING_PERIOD"}, {"classID": 1144, "schoolID": "2248000", "subject": [{"current": {"type": "SUBJECT", "status": "REGULAR", "shortName": "MAT", "longName": "Mathematik", "displayName": "MAT", "displayNameLabel": "NAME"}, "removed": null}], "location": [{"current": {"type": "ROOM", "status": "REGULAR", "shortName": "107", "longName": "107 -1 Etage -", "displayName": "107", "displayNameLabel": "NAME"}, "removed": null}], "teacher": [{"current": {"type": "TEACHER", "status": "REGULAR", "shortName": "FIND", "longName": "Findeisen", "displayName": "FIND", "displayNameLabel": "NAME"}, "removed": null}], "cellState": "REGULAR", "date": "2025-09-09", "start": "2025-09-09T09:45", "end": "2025-09-09T11:15", "type": "NORMAL_TEACHING_PERIOD"}, {"classID": 1144, "schoolID": "2248000", "subject": [{"current": {"type": "SUBJECT", "status": "REGULAR", "shortName": "NWI -P", "longName": "Naturwissenschaften (Physik)", "displayName": "NWI -P", "displayNameLabel": "NAME"}, "removed": null}], "location": [{"current": {"type": "ROOM", "status": "REGULAR", "shortName": "107", "longName": "107 -1 Etage -", "displayName": "107", "displayNameLabel": "NAME"}, "removed": null}], "teacher": [{"current": {"type": "TEACHER", "status": "REGULAR", "shortName": "VOSS", "longName": "Voss", "displayName": "VOSS", "displayNameLabel": "NAME"}, "removed": null}], "cellState": "REGULAR", "date": "2025-09-09", "start": "2025-09-09T11:45", "end": "2025-09-09T13:15", "type": "NORMAL_TEACHING_PERIOD"}, {"classID": 1144, "schoolID": "2248000", "subject": [{"current": {"type": "SUBJECT", "status": "REGULAR", "shortName": "ENG", "longName": "Englisch", "displayName": "ENG", "displayNameLabel": "NAME"}, "removed": null}], "location": [{"current": {"type": "ROOM", "status": "REGULAR", "shortName": "A-H", "longName": "Au\u00dfer Haus", "displayName": "A-H", "displayNameLabel": "NAME"}, "removed": null}], "teacher": [{"current": {"type": "TEACHER", "status": "REGULAR", "shortName": "LEMK", "longName": "Lemke", "displayName": "LEMK", "displayNameLabel": "NAME"}, "removed": null}], "cellState": "REGULAR", "date": "2025-09-09", "start": "2025-09-09T13:30", "end": "2025-09-09T15:00", "type": "NORMAL_TEACHING_PERIOD"}, {"classID": 1135, "schoolID": "2248000", "subject": [{"current": {"type": "SUBJECT", "status": "REGULAR", "shortName": "LF4 CAD", "longName": "LF4 CAD", "displayName": "LF4 CAD", "displayNameLabel": "NAME"}, "removed": null}], "location": [{"current": {"type": "ROOM", "status": "REGULAR", "shortName": "Aula", "longName": "Aula", "displayName": "Aula", "displayNameLabel": "NAME"}, "removed": null}], "teacher": [{"current": {"type": "TEACHER", "status": "REGULAR", "shortName": "BECH", "longName": "BECH", "displayName": "BECH", "displayNameLabel": "NAME"}, "removed": null}], "cellState": "REGULAR", "date": "2025-09-09", "start": "2025-09-09T08:00", "end": "2025-09-09T09:30", "type": "EXAM"}, {"classID": 1135, "schoolID": "2248000", "subject": [{"current": {"type": "SUBJECT", "status": "REGULAR", "shortName": "MAT", "longName": "Mathematik", "displayName": "MAT", "displayNameLabel": "NAME"}, "removed": null}], "location": [{"current": {"type": "ROOM", "status": "REGULAR", "shortName": "107", "longName": "107 -1 Etage -", "displayName": "107", "displayNameLabel": "NAME"}, "removed": null}], "teacher": [{"current": {"type": "TEACHER", "status": "REGULAR", "shortName": "FIND", "longName": "Findeisen", "displayName": "FIND", "displayNameLabel": "NAME"}, "removed": null}], "cellState": "REGULAR", "date": "2025-09-09", "start": "2025-09-09T09:45", "end": "2025-09-09T11:15", "type": "NORMAL_TEACHING_PERIOD"}, {"classID": 1135, "schoolID": "2248000", "subject": [{"current": {"type": "SUBJECT", "status": "REGULAR", "shortName": "NWI -P", "longName": "Naturwissenschaften (Physik)", "displayName": "NWI -P", "displayNameLabel": "NAME"}, "removed": null}], "location": [{"current": {"type": "ROOM", "status": "REGULAR", "shortName": "107", "longName": "107 -1 Etage -", "displayName": "107", "displayNameLabel": "NAME"}, "removed": null}], "teacher": [{"current": {"type": "TEACHER", "status": "REGULAR", "shortName": "VOSS", "longName": "Voss", "displayName": "VOSS", "displayNameLabel": "NAME"}, "removed": null}], "cellState": "REGULAR", "date": "2025-09-09", "start": "2025-09-09T11:45", "end": "2025-09-09T13:15", "type": "NORMAL_TEACHING_PERIOD"}, {"classID": 1135, "schoolID": "2248000", "subject": [{"current": {"type": "SUBJECT", "status": "REGULAR", "shortName": "ENG", "longName": "Englisch", "displayName": "ENG", "displayNameLabel": "NAME"}, "removed": null}], "location": [{"current": {"type": "ROOM", "status": "REGULAR", "shortName": "A-H", "longName": "Au\u00dfer Haus", "displayName": "A-H", "displayNameLabel": "NAME"}, "removed": null}], "teacher": [{"current": {"type": "TEACHER", "status": "REGULAR", "shortName": "LEMK", "longName": "Lemke", "displayName": "LEMK", "displayNameLabel": "NAME"}, "removed": null}], "cellState": "REGULAR", "date": "2025-09-09", "start": "2025-09-09T13:30", "end": "2025-09-09T15:00", "type": "NORMAL_TEACHING_PERIOD"}, {"classID": 1099, "schoolID": "2248000", "subject": [{"current": {"type": "SUBJECT", "status": "REGULAR", "shortName": "PRM", "longName": "Projektmanagement", "displayName": "PRM", "displayNameLabel": "NAME"}, "removed": null}], "location": [{"current": {"type": "ROOM", "status": "REGULAR", "shortName": "A-H", "longName": "Au\u00dfer Haus", "displayName": "A-H", "displayNameLabel": "NAME"}, "removed": null}], "teacher": [{"current": {"type": "TEACHER", "status": "REGULAR", "shortName": "SVOB", "longName": "Svoboda", "displayName": "SVOB", "displayNameLabel": "NAME"}, "removed": null}], "cellState": "REGULAR", "date": "2025-09-09", "start": "2025-09-09T08:00", "end": "2025-09-09T09:30", "type": "NORMAL_TEACHING_PERIOD"}, {"classID": 1099, "schoolID": "2248000", "subject": [{"current": {"type": "SUBJECT", "status": "REGULAR", "shortName": "MAT", "longName": "Mathematik", "displayName": "MAT", "displayNameLabel": "NAME"}, "removed": null}], "location": [{"current": {"type": "ROOM", "status": "REGULAR", "shortName": "109", "longName": "109 -1 Etage -", "displayName": "109", "displayNameLabel": "NAME"}, "removed": null}], "teacher": [{"current": {"type": "TEACHER", "status": "REGULAR", "shortName": "IBRA", "longName": "Ibrahim", "displayName": "IBRA", "displayNameLabel": "NAME"}, "removed": null}], "cellState": "REGULAR", "date": "2025-09-09", "start": "2025-09-09T09:45", "end": "2025-09-09T11:15", "type": "NORMAL_TEACHING_PERIOD"}, {"classID": 1099, "schoolID": "2248000", "subject": [{"current": {"type": "SUBJECT", "status": "REGULAR", "shortName": "BWI-3", "longName": "Betriebswirtschaft- Verm\u00f6gensverteilung", "displayName": "BWI-3", "displayNameLabel": "NAME"}, "removed": null}], "location": [{"current": {"type": "ROOM", "status": "REGULAR", "shortName": "109", "longName": "109 -1 Etage -", "displayName": "109", "displayNameLabel": "NAME"}, "removed": null}], "teacher": [{"current": {"type": "TEACHER", "status": "REGULAR", "shortName": "BOYS", "longName": "Boysen", "displayName": "BOYS", "displayNameLabel": "NAME"}, "removed": null}], "cellState": "REGULAR", "date": "2025-09-09", "start": "2025-09-09T11:45", "end": "2025-09-09T13:15", "type": "NORMAL_TEACHING_PERIOD"}, {"classID": 1099, "schoolID": "2248000", "subject": [{"current": {"type": "SUBJECT", "status": "REGULAR", "shortName": "S-M", "longName": "St\u00fctzkurs Mathematik", "displayName": "S-M", "displayNameLabel": "NAME"}, "removed": null}], "location": [{"current": {"type": "ROOM", "status": "REGULAR", "shortName": "109", "longName": "109 -1 Etage -", "displayName": "109", "displayNameLabel": "NAME"}, "removed": null}], "teacher": [{"current": {"type": "TEACHER", "status": "REGULAR", "shortName": "VOSS", "longName": "Voss", "displayName": "VOSS", "displayNameLabel": "NAME"}, "removed": null}], "cellState": "REGULAR", "date": "2025-09-09", "start": "2025-09-09T13:30", "end": "2025-09-09T15:00", "type": "NORMAL_TEACHING_PERIOD"}, {"classID": 1105, "schoolID": "2248000", "subject": [{"current": {"type": "SUBJECT", "status": "REGULAR", "shortName": "LF4 CAD", "longName": "LF4 CAD", "displayName": "LF4 CAD", "displayNameLabel": "NAME"}, "removed": null}], "location": [{"current": {"type": "ROOM", "status": "REGULAR", "shortName": "Aula", "longName": "Aula", "displayName": "Aula", "displayNameLabel": "NAME"}, "removed": null}], "teacher": [{"current": {"type": "TEACHER", "status": "REGULAR", "shortName": "BECH", "longName": "BECH", "displayName": "BECH", "displayNameLabel": "NAME"}, "removed": null}], "cellState": "REGULAR", "date": "2025-09-09", "start": "2025-09-09T08:00", "end": "2025-09-09T09:30", "type": "EXAM"}, {"classID": 1105, "schoolID": "2248000", "subject": [{"current": {"type": "SUBJECT", "status": "REGULAR", "shortName": "LF2 BWI 3", "longName": "LF2 BWI 3", "displayName": "LF2 BWI 3", "displayNameLabel": "NAME"}, "removed": null}], "location": [{"current": {"type": "ROOM", "status": "REGULAR", "shortName": "Aula", "longName": "Aula", "displayName": "Aula", "displayNameLabel": "NAME"}, "removed": null}], "teacher": [{"current": {"type": "TEACHER", "status": "REGULAR", "shortName": "BOYS", "longName": "Boysen", "displayName": "BOYS", "displayNameLabel": "NAME"}, "removed": null}], "cellState": "REGULAR", "date": "2025-09-09", "start": "2025-09-09T09:45", "end": "2025-09-09T11:15", "type": "NORMAL_TEACHING_PERIOD"}, {"classID": 1105, "schoolID": "2248000", "subject": [{"current": {"type": "SUBJECT", "status": "REGULAR", "shortName": "ENG", "longName": "Englisch", "displayName": "ENG", "displayNameLabel": "NAME"}, "removed": null}], "location": [{"current": {"type": "ROOM", "status": "REGULAR", "shortName": "Aula", "longName": "Aula", "displayName": "Aula", "displayNameLabel": "NAME"}, "removed": null}], "teacher": [{"current": {"type": "TEACHER", "status": "REGULAR", "shortName": "LEMK", "longName": "Lemke", "displayName": "LEMK", "displayNameLabel": "NAME"}, "removed": null}], "cellState": "REGULAR", "date": "2025-09-09", "start": "2025-09-09T11:45", "end": "2025-09-09T13:15", "type": "NORMAL_TEACHING_PERIOD"}, {"classID": 1105, "schoolID": "2248000", "subject": [{"current": {"type": "SUBJECT", "status": "REGULAR", "shortName": "S-TME", "longName": "St\u00fctzkurs TME", "displayName": "S-TME", "displayNameLabel": "NAME"}, "removed": null}], "location": [{"current": {"type": "ROOM", "status": "REGULAR", "shortName": "Aula", "longName": "Aula", "displayName": "Aula", "displayNameLabel": "NAME"}, "removed": null}], "teacher": [{"current": {"type": "TEACHER", "status": "REGULAR", "shortName": "GROE", "longName": "Groer", "displayName": "GROE", "displayNameLabel": "NAME"}, "removed": null}], "cellState": "REGULAR", "date": "2025-09-09", "start": "2025-09-09T13:30", "end": "2025-09-09T15:00", "type": "NORMAL_TEACHING_PERIOD"}, {"classID": 1108, "schoolID": "2248000", "subject": [{"current": {"type": "SUBJECT", "status": "REGULAR", "shortName": "LF7 AUTO", "longName": "LF7 AUTO", "displayName": "LF7 AUTO", "displayNameLabel": "NAME"}, "removed": null}], "location": [{"current": {"type": "ROOM", "status": "REGULAR", "shortName": "108", "longName": "108 -1 Etage -", "displayName": "108", "displayNameLabel": "NAME"}, "removed": null}], "teacher": [{"current": {"type": "TEACHER", "status": "REGULAR", "shortName": "LENS", "longName": "Lensch-Franzen", "displayName": "LENS", "displayNameLabel": "NAME"}, "removed": null}], "cellState": "REGULAR", "date": "2025-09-09", "start": "2025-09-09T08:00", "end": "2025-09-09T11:15", "type": "EXAM"}, {"classID": 1149, "schoolID": "2248000", "subject": [{"current": {"type": "SUBJECT", "status": "REGULAR", "shortName": "DEU", "longName": "Deutsch", "displayName": "DEU", "displayNameLabel": "NAME"}, "removed": null}], "location": [{"current": {"type": "ROOM", "status": "REGULAR", "shortName": "106", "longName": "106 -1 Etage -", "displayName": "106", "displayNameLabel": "NAME"}, "removed": null}], "teacher": [{"current": {"type": "TEACHER", "status": "REGULAR", "shortName": "JAGD", "longName": "Jagdmann", "displayName": "JAGD", "displayNameLabel": "NAME"}, "removed": null}], "cellState": "REGULAR", "date": "2025-09-09", "start": "2025-09-09T18:00", "end": "2025-09-09T21:15", "type": "NORMAL_TEACHING_PERIOD"}, {"classID": 1102, "schoolID": "2248000", "subject": [{"current": {"type": "SUBJECT", "status": "REGULAR", "shortName": "LF2_BST", "longName": "Lernfeld 2 - Ein Bauwerk gr\u00fcnden", "displayName": "LF2_BST", "displayNameLabel": "NAME"}, "removed": null}], "location": [{"current": {"type": "ROOM", "status": "REGULAR", "shortName": "E05", "longName": "E05 Erdetage", "displayName": "E05", "displayNameLabel": "NAME"}, "removed": null}], "teacher": [{"current": {"type": "TEACHER", "status": "REGULAR", "shortName": "JANS", "longName": "Jan\u00dfen", "displayName": "JANS", "displayNameLabel": "NAME"}, "removed": null}], "cellState": "REGULAR", "date": "2025-09-10", "start": "2025-09-10T08:00", "end": "2025-09-10T09:30", "type": "NORMAL_TEACHING_PERIOD"}, {"classID": 1102, "schoolID": "2248000", "subject": [{"current": {"type": "SUBJECT", "status": "REGULAR", "shortName": "LF3_BST", "longName": "Lernfeld 3 - Ein Kellergeschoss planen", "displayName": "LF3_BST", "displayNameLabel": "NAME"}, "removed": null}], "location": [{"current": {"type": "ROOM", "status": "REGULAR", "shortName": "E05", "longName": "E05 Erdetage", "displayName": "E05", "displayNameLabel": "NAME"}, "removed": null}], "teacher": [{"current": {"type": "TEACHER", "status": "REGULAR", "shortName": "BRUH", "longName": "Bruhn", "displayName": "BRUH", "displayNameLabel": "NAME"}, "removed": null}], "cellState": "REGULAR", "date": "2025-09-10", "start": "2025-09-10T09:45", "end": "2025-09-10T11:15", "type": "NORMAL_TEACHING_PERIOD"}, {"classID": 1102, "schoolID": "2248000", "subject": [{"current": {"type": "SUBJECT", "status": "REGULAR", "shortName": "WPO", "longName": "Wirtschaft/Politik", "displayName": "WPO", "displayNameLabel": "NAME"}, "removed": null}], "location": [{"current": {"type": "ROOM", "status": "REGULAR", "shortName": "E05", "longName": "E05 Erdetage", "displayName": "E05", "displayNameLabel": "NAME"}, "removed": null}], "teacher": [{"current": {"type": "TEACHER", "status": "REGULAR", "shortName": "KROL", "longName": "Krol", "displayName": "KROL", "displayNameLabel": "NAME"}, "removed": null}], "cellState": "REGULAR", "date": "2025-09-10", "start": "2025-09-10T11:45", "end": "2025-09-10T13:15", "type": "NORMAL_TEACHING_PERIOD"}, {"classID": 1102, "schoolID": "2248000", "subject": [{"current": {"type": "SUBJECT", "status": "REGULAR", "shortName": "MAT", "longName": "Mathematik", "displayName": "MAT", "displayNameLabel": "NAME"}, "removed": null}], "location": [{"current": {"type": "ROOM", "status": "REGULAR", "shortName": "E05", "longName": "E05 Erdetage", "displayName": "E05", "displayNameLabel": "NAME"}, "removed": null}], "teacher": [{"current": {"type": "TEACHER", "status": "REGULAR", "shortName": "ROHN", "longName": "Rohlfs", "displayName": "ROHN", "displayNameLabel": "NAME"}, "removed": null}], "cellState": "REGULAR", "date": "2025-09-10", "start": "2025-09-10T13:30", "end": "2025-09-10T15:00", "type": "NORMAL_TEACHING_PERIOD"}, {"classID": 1099, "schoolID": "2248000", "subject": [{"current": {"type": "SUBJECT", "status": "REGULAR", "shortName": "MAT", "longName": "Mathematik", "displayName": "MAT", "displayNameLabel": "NAME"}, "removed": null}], "location": [{"current": {"type": "ROOM", "status": "REGULAR", "shortName": "109", "longName": "109 -1 Etage -", "displayName": "109", "displayNameLabel": "NAME"}, "removed": null}], "teacher": [{"current": {"type": "TEACHER", "status": "REGULAR", "shortName": "IBRA", "longName": "Ibrahim", "displayName": "IBRA", "displayNameLabel": "NAME"}, "removed": null}], "cellState": "REGULAR", "date": "2025-09-10", "start": "2025-09-10T08:00", "end": "2025-09-10T09:30", "type": "EXAM"}, {"classID": 1099, "schoolID": "2248000", "subject": [{"current": {"type": "SUBJECT", "status": "REGULAR", "shortName": "WPO", "longName": "Wirtschaft/Politik", "displayName": "WPO", "displayNameLabel": "NAME"}, "removed": null}], "location": [{"current": {"type": "ROOM", "status": "REGULAR", "shortName": "109", "longName": "109 -1 Etage -", "displayName": "109", "displayNameLabel": "NAME"}, "removed": null}], "teacher": [{"current": {"type": "TEACHER", "status": "REGULAR", "shortName": "ZABE", "longName": "Zabel", "displayName": "ZABE", "displayNameLabel": "NAME"}, "removed": null}], "cellState": "REGULAR", "date": "2025-09-10", "start": "2025-09-10T09:45", "end": "2025-09-10T11:15", "type": "NORMAL_TEACHING_PERIOD"}, {"classID": 1099, "schoolID": "2248000", "subject": [{"current": {"type": "SUBJECT", "status": "REGULAR", "shortName": "ELK", "longName": "Elektronik", "displayName": "ELK", "displayNameLabel": "NAME"}, "removed": null}], "location": [{"current": {"type": "ROOM", "status": "REGULAR", "shortName": "109", "longName": "109 -1 Etage -", "displayName": "109", "displayNameLabel": "NAME"}, "removed": null}], "teacher": [{"current": {"type": "TEACHER", "status": "REGULAR", "shortName": "KOSS", "longName": "Kossow", "displayName": "KOSS", "displayNameLabel": "NAME"}, "removed": null}], "cellState": "REGULAR", "date": "2025-09-10", "start": "2025-09-10T11:45", "end": "2025-09-10T15:00", "type": "NORMAL_TEACHING_PERIOD"}, {"classID": 1105, "schoolID": "2248000", "subject": [{"current": {"type": "SUBJECT", "status": "REGULAR", "shortName": "LF2 Vertrieb", "longName": "LF2 Vertrieb", "displayName": "LF2 Vertrieb", "displayNameLabel": "NAME"}, "removed": null}], "location": [{"current": {"type": "ROOM", "status": "REGULAR", "shortName": "E04", "longName": "E04 Erdetage", "displayName": "E04", "displayNameLabel": "NAME"}, "removed": null}], "teacher": [{"current": {"type": "TEACHER", "status": "REGULAR", "shortName": "SAEM", "longName": "S\u00e4mann", "displayName": "SAEM", "displayNameLabel": "NAME"}, "removed": null}], "cellState": "REGULAR", "date": "2025-09-10", "start": "2025-09-10T08:00", "end": "2025-09-10T09:30", "type": "NORMAL_TEACHING_PERIOD"}, {"classID": 1105, "schoolID": "2248000", "subject": [{"current": {"type": "SUBJECT", "status": "REGULAR", "shortName": "MLF6 TME", "longName": "Lernfeld 6 Technische Mechanik", "displayName": "MLF6 TME", "displayNameLabel": "NAME"}, "removed": null}], "location": [{"current": {"type": "ROOM", "status": "REGULAR", "shortName": "Aula", "longName": "Aula", "displayName": "Aula", "displayNameLabel": "NAME"}, "removed": null}], "teacher": [{"current": {"type": "TEACHER", "status": "REGULAR", "shortName": "KUCH", "longName": "Kuchcinski", "displayName": "KUCH", "displayNameLabel": "NAME"}, "removed": null}], "cellState": "REGULAR", "date": "2025-09-10", "start": "2025-09-10T09:45", "end": "2025-09-10T11:15", "type": "EXAM"}, {"classID": 1105, "schoolID": "2248000", "subject": [{"current": {"type": "SUBJECT", "status": "REGULAR", "shortName": "MLF6 TME", "longName": "Lernfeld 6 Technische Mechanik", "displayName": "MLF6 TME", "displayNameLabel": "NAME"}, "removed": null}], "location": [{"current": {"type": "ROOM", "status": "REGULAR", "shortName": "Aula", "longName": "Aula", "displayName": "Aula", "displayNameLabel": "NAME"}, "removed": null}], "teacher": [{"current": {"type": "TEACHER", "status": "REGULAR", "shortName": "KUCH", "longName": "Kuchcinski", "displayName": "KUCH", "displayNameLabel": "NAME"}, "removed": null}], "cellState": "REGULAR", "date": "2025-09-10", "start": "2025-09-10T11:45", "end": "2025-09-10T13:15", "type": "NORMAL_TEACHING_PERIOD"}, {"classID": 1105, "schoolID": "2248000", "subject": [{"current": {"type": "SUBJECT", "status": "REGULAR", "shortName": "NWI -C", "longName": "Naturwissenschaften (Chemie)", "displayName": "NWI -C", "displayNameLabel": "NAME"}, "removed": null}], "location": [{"current": {"type": "ROOM", "status": "REGULAR", "shortName": "E04", "longName": "E04 Erdetage", "displayName": "E04", "displayNameLabel": "NAME"}, "removed": null}], "teacher": [{"current": {"type": "TEACHER", "status": "REGULAR", "shortName": "ZUHA", "longName": "Zuhayra", "displayName": "ZUHA", "displayNameLabel": "NAME"}, "removed": null}], "cellState": "REGULAR", "date": "2025-09-10", "start": "2025-09-10T13:30", "end": "2025-09-10T15:00", "type": "NORMAL_TEACHING_PERIOD"}, {"classID": 1149, "schoolID": "2248000", "subject": [{"current": {"type": "SUBJECT", "status": "REGULAR", "shortName": "ENG", "longName": "Englisch", "displayName": "ENG", "displayNameLabel": "NAME"}, "removed": null}], "location": [{"current": {"type": "ROOM", "status": "REGULAR", "shortName": "A-H", "longName": "Au\u00dfer Haus", "displayName": "A-H", "displayNameLabel": "NAME"}, "removed": null}], "teacher": [{"current": {"type": "TEACHER", "status": "REGULAR", "shortName": "LEMK", "longName": "Lemke", "displayName": "LEMK", "displayNameLabel": "NAME"}, "removed": null}], "cellState": "REGULAR", "date": "2025-09-10", "start": "2025-09-10T18:00", "end": "2025-09-10T21:15", "type": "NORMAL_TEACHING_PERIOD"}, {"classID": 1117, "schoolID": "2248000", "subject": [{"current": {"type": "SUBJECT", "status": "REGULAR", "shortName": "MAT", "longName": "Mathematik", "displayName": "MAT", "displayNameLabel": "NAME"}, "removed": null}], "location": [{"current": {"type": "ROOM", "status": "REGULAR", "shortName": "E04", "longName": "E04 Erdetage", "displayName": "E04", "displayNameLabel": "NAME"}, "removed": null}], "teacher": [{"current": {"type": "TEACHER", "status": "REGULAR", "shortName": "WOLF", "longName": "Wolf", "displayName": "WOLF", "displayNameLabel": "NAME"}, "removed": null}], "cellState": "REGULAR", "date": "2025-09-11", "start": "2025-09-11T18:00", "end": "2025-09-11T21:15", "type": "NORMAL_TEACHING_PERIOD"}, {"classID": 1123, "schoolID": "2248000", "subject": [{"current": {"type": "SUBJECT", "status": "REGULAR", "shortName": "EAE", "longName": "Energie- und Antriebselektronik", "displayName": "EAE", "displayNameLabel": "NAME"}, "removed": null}], "location": [{"current": {"type": "ROOM", "status": "REGULAR", "shortName": "112", "longName": "112 -1 Etage -", "displayName": "112", "displayNameLabel": "NAME"}, "removed": null}], "teacher": [{"current": {"type": "TEACHER", "status": "REGULAR", "shortName": "SZIL", "longName": "Szillus", "displayName": "SZIL", "displayNameLabel": "NAME"}, "removed": null}], "cellState": "REGULAR", "date": "2025-09-11", "start": "2025-09-11T18:00", "end": "2025-09-11T21:15", "type": "NORMAL_TEACHING_PERIOD"}, {"classID": 1132, "schoolID": "2248000", "subject": [{"current": {"type": "SUBJECT", "status": "REGULAR", "shortName": "LF2 NWI", "longName": "LF2 NWI", "displayName": "LF2 NWI", "displayNameLabel": "NAME"}, "removed": null}], "location": [{"current": {"type": "ROOM", "status": "REGULAR", "shortName": "E01", "longName": "E01 Erdetage", "displayName": "E01", "displayNameLabel": "NAME"}, "removed": null}], "teacher": [{"current": {"type": "TEACHER", "status": "REGULAR", "shortName": "VOSS", "longName": "Voss", "displayName": "VOSS", "displayNameLabel": "NAME"}, "removed": null}], "cellState": "REGULAR", "date": "2025-09-11", "start": "2025-09-11T18:00", "end": "2025-09-11T21:15", "type": "NORMAL_TEACHING_PERIOD"}, {"classID": 1129, "schoolID": "2248000", "subject": [{"current": {"type": "SUBJECT", "status": "REGULAR", "shortName": "MAT", "longName": "Mathematik", "displayName": "MAT", "displayNameLabel": "NAME"}, "removed": null}], "location": [{"current": {"type": "ROOM", "status": "REGULAR", "shortName": "E04", "longName": "E04 Erdetage", "displayName": "E04", "displayNameLabel": "NAME"}, "removed": null}], "teacher": [{"current": {"type": "TEACHER", "status": "REGULAR", "shortName": "WOLF", "longName": "Wolf", "displayName": "WOLF", "displayNameLabel": "NAME"}, "removed": null}], "cellState": "REGULAR", "date": "2025-09-11", "start": "2025-09-11T18:00", "end": "2025-09-11T21:15", "type": "NORMAL_TEACHING_PERIOD"}, {"classID": 1114, "schoolID": "2248000", "subject": [{"current": {"type": "SUBJECT", "status": "REGULAR", "shortName": "AUT -M", "longName": "Automatisierungstechnik (M)", "displayName": "AUT -M", "displayNameLabel": "NAME"}, "removed": null}], "location": [{"current": {"type": "ROOM", "status": "REGULAR", "shortName": "109", "longName": "109 -1 Etage -", "displayName": "109", "displayNameLabel": "NAME"}, "removed": null}], "teacher": [{"current": {"type": "TEACHER", "status": "REGULAR", "shortName": "LUET", "longName": "L\u00fctzen", "displayName": "LUET", "displayNameLabel": "NAME"}, "removed": null}], "cellState": "REGULAR", "date": "2025-09-11", "start": "2025-09-11T18:00", "end": "2025-09-11T21:15", "type": "NORMAL_TEACHING_PERIOD"}, {"classID": 1102, "schoolID": "2248000", "subject": [{"current": {"type": "SUBJECT", "status": "REGULAR", "shortName": "TKO -B", "longName": "Technische Kommunikation (B)", "displayName": "TKO -B", "displayNameLabel": "NAME"}, "removed": null}], "location": [{"current": {"type": "ROOM", "status": "REGULAR", "shortName": "E05", "longName": "E05 Erdetage", "displayName": "E05", "displayNameLabel": "NAME"}, "removed": null}], "teacher": [{"current": {"type": "TEACHER", "status": "REGULAR", "shortName": "SVOB", "longName": "Svoboda", "displayName": "SVOB", "displayNameLabel": "NAME"}, "removed": null}], "cellState": "REGULAR", "date": "2025-09-11", "start": "2025-09-11T08:00", "end": "2025-09-11T09:30", "type": "NORMAL_TEACHING_PERIOD"}, {"classID": 1102, "schoolID": "2248000", "subject": [{"current": {"type": "SUBJECT", "status": "REGULAR", "shortName": "DEU", "longName": "Deutsch", "displayName": "DEU", "displayNameLabel": "NAME"}, "removed": null}], "location": [{"current": {"type": "ROOM", "status": "REGULAR", "shortName": "E05", "longName": "E05 Erdetage", "displayName": "E05", "displayNameLabel": "NAME"}, "removed": null}], "teacher": [{"current": {"type": "TEACHER", "status": "REGULAR", "shortName": "FALC", "longName": "Falck", "displayName": "FALC", "displayNameLabel": "NAME"}, "removed": null}], "cellState": "REGULAR", "date": "2025-09-11", "start": "2025-09-11T09:45", "end": "2025-09-11T11:15", "type": "NORMAL_TEACHING_PERIOD"}, {"classID": 1102, "schoolID": "2248000", "subject": [{"current": {"type": "SUBJECT", "status": "REGULAR", "shortName": "LF6 BBE", "longName": "LF6 BBE", "displayName": "LF6 BBE", "displayNameLabel": "NAME"}, "removed": null}], "location": [{"current": {"type": "ROOM", "status": "REGULAR", "shortName": "E05", "longName": "E05 Erdetage", "displayName": "E05", "displayNameLabel": "NAME"}, "removed": null}], "teacher": [{"current": {"type": "TEACHER", "status": "REGULAR", "shortName": "ALTW", "longName": "Altenburg", "displayName": "ALTW", "displayNameLabel": "NAME"}, "removed": null}], "cellState": "REGULAR", "date": "2025-09-11", "start": "2025-09-11T11:45", "end": "2025-09-11T13:15", "type": "NORMAL_TEACHING_PERIOD"}, {"classID": 1099, "schoolID": "2248000", "subject": [{"current": {"type": "SUBJECT", "status": "REGULAR", "shortName": "ELT", "longName": "Elektrotechnik", "displayName": "ELT", "displayNameLabel": "NAME"}, "removed": null}], "location": [{"current": {"type": "ROOM", "status": "REGULAR", "shortName": "109", "longName": "109 -1 Etage -", "displayName": "109", "displayNameLabel": "NAME"}, "removed": null}], "teacher": [{"current": {"type": "TEACHER", "status": "REGULAR", "shortName": "SAMM", "longName": "Samm", "displayName": "SAMM", "displayNameLabel": "NAME"}, "removed": null}], "cellState": "REGULAR", "date": "2025-09-11", "start": "2025-09-11T09:45", "end": "2025-09-11T11:15", "type": "NORMAL_TEACHING_PERIOD"}, {"classID": 1099, "schoolID": "2248000", "subject": [{"current": {"type": "SUBJECT", "status": "REGULAR", "shortName": "ELT", "longName": "Elektrotechnik", "displayName": "ELT", "displayNameLabel": "NAME"}, "removed": null}], "location": [{"current": {"type": "ROOM", "status": "REGULAR", "shortName": "109", "longName": "109 -1 Etage -", "displayName": "109", "displayNameLabel": "NAME"}, "removed": null}], "teacher": [{"current": {"type": "TEACHER", "status": "REGULAR", "shortName": "SAMM", "longName": "Samm", "displayName": "SAMM", "displayNameLabel": "NAME"}, "removed": null}], "cellState": "REGULAR", "date": "2025-09-11", "start": "2025-09-11T11:45", "end": "2025-09-11T13:15", "type": "NORMAL_TEACHING_PERIOD"}, {"classID": 1105, "schoolID": "2248000", "subject": [{"current": {"type": "SUBJECT", "status": "REGULAR", "shortName": "LF4 KON", "longName": "LF4 KON", "displayName": "LF4 KON", "displayNameLabel": "NAME"}, "removed": null}], "location": [{"current": {"type": "ROOM", "status": "REGULAR", "shortName": "E04", "longName": "E04 Erdetage", "displayName": "E04", "displayNameLabel": "NAME"}, "removed": null}], "teacher": [{"current": {"type": "TEACHER", "status": "REGULAR", "shortName": "GROE", "longName": "Groer", "displayName": "GROE", "displayNameLabel": "NAME"}, "removed": null}], "cellState": "REGULAR", "date": "2025-09-11", "start": "2025-09-11T08:00", "end": "2025-09-11T09:30", "type": "NORMAL_TEACHING_PERIOD"}, {"classID": 1105, "schoolID": "2248000", "subject": [{"current": {"type": "SUBJECT", "status": "REGULAR", "shortName": "TKO -M", "longName": "Technische Kommunikation (M)", "displayName": "TKO -M", "displayNameLabel": "NAME"}, "removed": null}], "location": [{"current": {"type": "ROOM", "status": "REGULAR", "shortName": "E04", "longName": "E04 Erdetage", "displayName": "E04", "displayNameLabel": "NAME"}, "removed": null}], "teacher": [{"current": {"type": "TEACHER", "status": "REGULAR", "shortName": "SVOB", "longName": "Svoboda", "displayName": "SVOB", "displayNameLabel": "NAME"}, "removed": null}], "cellState": "REGULAR", "date": "2025-09-11", "start": "2025-09-11T09:45", "end": "2025-09-11T11:15", "type": "NORMAL_TEACHING_PERIOD"}, {"classID": 1105, "schoolID": "2248000", "subject": [{"current": {"type": "SUBJECT", "status": "REGULAR", "shortName": "DEU", "longName": "Deutsch", "displayName": "DEU", "displayNameLabel": "NAME"}, "removed": null}], "location": [{"current": {"type": "ROOM", "status": "REGULAR", "shortName": "E04", "longName": "E04 Erdetage", "displayName": "E04", "displayNameLabel": "NAME"}, "removed": null}], "teacher": [{"current": {"type": "TEACHER", "status": "REGULAR", "shortName": "STOC", "longName": "Stockleben", "displayName": "STOC", "displayNameLabel": "NAME"}, "removed": null}], "cellState": "REGULAR", "date": "2025-09-11", "start": "2025-09-11T11:45", "end": "2025-09-11T13:15", "type": "NORMAL_TEACHING_PERIOD"}, {"classID": 1105, "schoolID": "2248000", "subject": [{"current": {"type": "SUBJECT", "status": "REGULAR", "shortName": "MAT", "longName": "Mathematik", "displayName": "MAT", "displayNameLabel": "NAME"}, "removed": null}], "location": [{"current": {"type": "ROOM", "status": "REGULAR", "shortName": "E04", "longName": "E04 Erdetage", "displayName": "E04", "displayNameLabel": "NAME"}, "removed": null}], "teacher": [{"current": {"type": "TEACHER", "status": "REGULAR", "shortName": "ROHL", "longName": "Rohlf", "displayName": "ROHL", "displayNameLabel": "NAME"}, "removed": null}], "cellState": "REGULAR", "date": "2025-09-11", "start": "2025-09-11T13:30", "end": "2025-09-11T15:00", "type": "NORMAL_TEACHING_PERIOD"}, {"classID": 1141, "schoolID": "2248000", "subject": [{"current": {"type": "SUBJECT", "status": "REGULAR", "shortName": "SPR", "longName": "Schriftliche Pr\u00fcfung", "displayName": "SPR", "displayNameLabel": "NAME"}, "removed": null}], "location": [{"current": {"type": "ROOM", "status": "REGULAR", "shortName": "E05", "longName": "E05 Erdetage", "displayName": "E05", "displayNameLabel": "NAME"}, "removed": null}], "teacher": [{"current": {"type": "TEACHER", "status": "REGULAR", "shortName": "IBRA", "longName": "Ibrahim", "displayName": "IBRA", "displayNameLabel": "NAME"}, "removed": null}], "cellState": "REGULAR", "date": "2025-09-11", "start": "2025-09-11T18:00", "end": "2025-09-11T21:15", "type": "NORMAL_TEACHING_PERIOD"}, {"classID": 1149, "schoolID": "2248000", "subject": [{"current": {"type": "SUBJECT", "status": "REGULAR", "shortName": "L&A", "longName": "Lern- und Arbeitstechniken", "displayName": "L&A", "displayNameLabel": "NAME"}, "removed": null}], "location": [{"current": {"type": "ROOM", "status": "REGULAR", "shortName": "106", "longName": "106 -1 Etage -", "displayName": "106", "displayNameLabel": "NAME"}, "removed": null}], "teacher": [{"current": {"type": "TEACHER", "status": "REGULAR", "shortName": "FALC", "longName": "Falck", "displayName": "FALC", "displayNameLabel": "NAME"}, "removed": null}], "cellState": "REGULAR", "date": "2025-09-11", "start": "2025-09-11T18:00", "end": "2025-09-11T21:15", "type": "NORMAL_TEACHING_PERIOD"}, {"classID": 1102, "schoolID": "2248000", "subject": [{"current": {"type": "SUBJECT", "status": "REGULAR", "shortName": "EXK", "longName": "Exkursion", "displayName": "EXK", "displayNameLabel": "NAME"}, "removed": null}], "location": "", "teacher": [{"current": {"type": "TEACHER", "status": "REGULAR", "shortName": "ELBE", "longName": "Elberding", "displayName": "ELBE", "displayNameLabel": "NAME"}, "removed": null}], "cellState": "REGULAR", "date": "2025-09-12", "start": "2025-09-12T08:00", "end": "2025-09-12T11:15", "type": "NORMAL_TEACHING_PERIOD"}, {"classID": 1102, "schoolID": "2248000", "subject": [{"current": {"type": "SUBJECT", "status": "REGULAR", "shortName": "EXK", "longName": "Exkursion", "displayName": "EXK", "displayNameLabel": "NAME"}, "removed": null}], "location": "", "teacher": [{"current": {"type": "TEACHER", "status": "REGULAR", "shortName": "ELBE", "longName": "Elberding", "displayName": "ELBE", "displayNameLabel": "NAME"}, "removed": null}], "cellState": "REGULAR", "date": "2025-09-12", "start": "2025-09-12T11:45", "end": "2025-09-12T15:00", "type": "NORMAL_TEACHING_PERIOD"}, {"classID": 1099, "schoolID": "2248000", "subject": [{"current": {"type": "SUBJECT", "status": "REGULAR", "shortName": "EXK", "longName": "Exkursion", "displayName": "EXK", "displayNameLabel": "NAME"}, "removed": null}], "location": "", "teacher": [{"current": {"type": "TEACHER", "status": "REGULAR", "shortName": "BRUH", "longName": "Bruhn", "displayName": "BRUH", "displayNameLabel": "NAME"}, "removed": null}], "cellState": "REGULAR", "date": "2025-09-12", "start": "2025-09-12T08:00", "end": "2025-09-12T11:15", "type": "NORMAL_TEACHING_PERIOD"}, {"classID": 1099, "schoolID": "2248000", "subject": [{"current": {"type": "SUBJECT", "status": "REGULAR", "shortName": "EXK", "longName": "Exkursion", "displayName": "EXK", "displayNameLabel": "NAME"}, "removed": null}], "location": "", "teacher": [{"current": {"type": "TEACHER", "status": "REGULAR", "shortName": "BRUH", "longName": "Bruhn", "displayName": "BRUH", "displayNameLabel": "NAME"}, "removed": null}], "cellState": "REGULAR", "date": "2025-09-12", "start": "2025-09-12T11:45", "end": "2025-09-12T15:00", "type": "NORMAL_TEACHING_PERIOD"}, {"classID": 1105, "schoolID": "2248000", "subject": [{"current": {"type": "SUBJECT", "status": "REGULAR", "shortName": "EXK", "longName": "Exkursion", "displayName": "EXK", "displayNameLabel": "NAME"}, "removed": null}], "location": "", "teacher": [{"current": {"type": "TEACHER", "status": "REGULAR", "shortName": "GROE", "longName": "Groer", "displayName": "GROE", "displayNameLabel": "NAME"}, "removed": null}], "cellState": "REGULAR", "date": "2025-09-12", "start": "2025-09-12T08:00", "end": "2025-09-12T11:15", "type": "NORMAL_TEACHING_PERIOD"}, {"classID": 1105, "schoolID": "2248000", "subject": [{"current": {"type": "SUBJECT", "status": "REGULAR", "shortName": "EXK", "longName": "Exkursion", "displayName": "EXK", "displayNameLabel": "NAME"}, "removed": null}], "location": "", "teacher": [{"current": {"type": "TEACHER", "status": "REGULAR", "shortName": "GROE", "longName": "Groer", "displayName": "GROE", "displayNameLabel": "NAME"}, "removed": null}], "cellState": "REGULAR", "date": "2025-09-12", "start": "2025-09-12T11:45", "end": "2025-09-12T15:00", "type": "NORMAL_TEACHING_PERIOD"}]