[{"classID": 638, "schoolID": "2227700", "subject": [{"current": {"type": "SUBJECT", "status": "REGULAR", "shortName": "D", "longName": "Deutsch", "displayName": "D", "displayNameLabel": "NAME"}, "removed": null}], "location": "", "teacher": [{"current": {"type": "TEACHER", "status": "REGULAR", "shortName": "STR", "longName": "Strau\u00df", "displayName": "STR", "displayNameLabel": "NAME"}, "removed": null}], "cellState": "REGULAR", "date": "2025-09-12", "start": "2025-09-12T08:00", "end": "2025-09-12T08:45", "type": "NORMAL_TEACHING_PERIOD"}, {"classID": 638, "schoolID": "2227700", "subject": [{"current": {"type": "SUBJECT", "status": "REGULAR", "shortName": "D", "longName": "Deutsch", "displayName": "D", "displayNameLabel": "NAME"}, "removed": null}], "location": [{"current": {"type": "ROOM", "status": "ADDED", "shortName": "EG 11", "longName": "DiffRaum", "displayName": "EG 11", "displayNameLabel": "NAME"}, "removed": {"type": "ROOM", "status": "REMOVED", "shortName": "EG 01", "longName": "Klassenraum 10a", "displayName": "EG 01", "displayNameLabel": "NAME"}}], "teacher": [{"current": {"type": "TEACHER", "status": "REGULAR", "shortName": "STR", "longName": "Strau\u00df", "displayName": "STR", "displayNameLabel": "NAME"}, "removed": null}], "cellState": "CHANGED", "date": "2025-09-12", "start": "2025-09-12T08:45", "end": "2025-09-12T09:30", "type": "NORMAL_TEACHING_PERIOD"}, {"classID": 638, "schoolID": "2227700", "subject": "", "location": "", "teacher": [{"current": {"type": "TEACHER", "status": "REGULAR", "shortName": "STR", "longName": "Strau\u00df", "displayName": "STR", "displayNameLabel": "NAME"}, "removed": null}], "cellState": "CHANGED", "date": "2025-09-12", "start": "2025-09-12T09:50", "end": "2025-09-12T11:20", "type": "EVENT"}, {"classID": 638, "schoolID": "2227700", "subject": "", "location": "", "teacher": [{"current": {"type": "TEACHER", "status": "REGULAR", "shortName": "PRE", "longName": "Pretor", "displayName": "PRE", "displayNameLabel": "NAME"}, "removed": null}], "cellState": "CHANGED", "date": "2025-09-12", "start": "2025-09-12T11:40", "end": "2025-09-12T12:25", "type": "EVENT"}, {"classID": 638, "schoolID": "2227700", "subject": [{"current": {"type": "SUBJECT", "status": "REGULAR", "shortName": "M", "longName": "Mathematik", "displayName": "M", "displayNameLabel": "NAME"}, "removed": null}], "location": [{"current": {"type": "ROOM", "status": "ADDED", "shortName": "EG 11", "longName": "DiffRaum", "displayName": "EG 11", "displayNameLabel": "NAME"}, "removed": {"type": "ROOM", "status": "REMOVED", "shortName": "EG 01", "longName": "Klassenraum 10a", "displayName": "EG 01", "displayNameLabel": "NAME"}}], "teacher": [{"current": {"type": "TEACHER", "status": "REGULAR", "shortName": "HAHN", "longName": "Hahn", "displayName": "HAHN", "displayNameLabel": "NAME"}, "removed": null}], "cellState": "CHANGED", "date": "2025-09-12", "start": "2025-09-12T12:25", "end": "2025-09-12T13:10", "type": "NORMAL_TEACHING_PERIOD"}, {"classID": 641, "schoolID": "2227700", "subject": [{"current": {"type": "SUBJECT", "status": "REGULAR", "shortName": "M", "longName": "Mathematik", "displayName": "M", "displayNameLabel": "NAME"}, "removed": null}], "location": [{"current": {"type": "ROOM", "status": "REGULAR", "shortName": "OG 22", "longName": "Klassenraum 10b", "displayName": "OG 22", "displayNameLabel": "NAME"}, "removed": null}], "teacher": [{"current": {"type": "TEACHER", "status": "REGULAR", "shortName": "FUHR", "longName": "Fuhrmann", "displayName": "FUHR", "displayNameLabel": "NAME"}, "removed": null}], "cellState": "REGULAR", "date": "2025-09-12", "start": "2025-09-12T08:00", "end": "2025-09-12T08:45", "type": "NORMAL_TEACHING_PERIOD"}, {"classID": 641, "schoolID": "2227700", "subject": [{"current": {"type": "SUBJECT", "status": "REGULAR", "shortName": "D", "longName": "Deutsch", "displayName": "D", "displayNameLabel": "NAME"}, "removed": null}], "location": [{"current": {"type": "ROOM", "status": "REGULAR", "shortName": "OG 22", "longName": "Klassenraum 10b", "displayName": "OG 22", "displayNameLabel": "NAME"}, "removed": null}], "teacher": [{"current": {"type": "TEACHER", "status": "REGULAR", "shortName": "BATY", "longName": "Batyko", "displayName": "BATY", "displayNameLabel": "NAME"}, "removed": null}], "cellState": "REGULAR", "date": "2025-09-12", "start": "2025-09-12T08:45", "end": "2025-09-12T09:30", "type": "NORMAL_TEACHING_PERIOD"}, {"classID": 641, "schoolID": "2227700", "subject": "", "location": "", "teacher": [{"current": {"type": "TEACHER", "status": "REGULAR", "shortName": "BATY", "longName": "Batyko", "displayName": "BATY", "displayNameLabel": "NAME"}, "removed": null}], "cellState": "CHANGED", "date": "2025-09-12", "start": "2025-09-12T09:50", "end": "2025-09-12T11:20", "type": "EVENT"}, {"classID": 641, "schoolID": "2227700", "subject": "", "location": "", "teacher": [{"current": {"type": "TEACHER", "status": "REGULAR", "shortName": "FUHR", "longName": "Fuhrmann", "displayName": "FUHR", "displayNameLabel": "NAME"}, "removed": null}], "cellState": "CHANGED", "date": "2025-09-12", "start": "2025-09-12T11:40", "end": "2025-09-12T12:25", "type": "EVENT"}, {"classID": 641, "schoolID": "2227700", "subject": [{"current": {"type": "SUBJECT", "status": "REGULAR", "shortName": "Ch", "longName": "Chemie", "displayName": "Ch", "displayNameLabel": "NAME"}, "removed": null}], "location": [{"current": {"type": "ROOM", "status": "REGULAR", "shortName": "MINT 2", "longName": "Mintraum 2", "displayName": "MINT 2", "displayNameLabel": "NAME"}, "removed": null}], "teacher": [{"current": {"type": "TEACHER", "status": "REGULAR", "shortName": "PRE", "longName": "Pretor", "displayName": "PRE", "displayNameLabel": "NAME"}, "removed": null}], "cellState": "REGULAR", "date": "2025-09-12", "start": "2025-09-12T12:25", "end": "2025-09-12T13:10", "type": "NORMAL_TEACHING_PERIOD"}, {"classID": 572, "schoolID": "2227700", "subject": [{"current": {"type": "SUBJECT", "status": "REGULAR", "shortName": "SpbUF", "longName": "Sprachbildender Unterricht Franz\u00f6sisch", "displayName": "SpbUF", "displayNameLabel": "NAME"}, "removed": null}], "location": [{"current": {"type": "ROOM", "status": "REGULAR", "shortName": "OG 20", "longName": "Klassenraum 5a", "displayName": "OG 20", "displayNameLabel": "NAME"}, "removed": null}], "teacher": [{"current": {"type": "TEACHER", "status": "REGULAR", "shortName": "B\u00c4R", "longName": "B\u00e4rmann", "displayName": "B\u00c4R", "displayNameLabel": "NAME"}, "removed": null}], "cellState": "REGULAR", "date": "2025-09-12", "start": "2025-09-12T08:00", "end": "2025-09-12T08:45", "type": "NORMAL_TEACHING_PERIOD"}, {"classID": 572, "schoolID": "2227700", "subject": [{"current": {"type": "SUBJECT", "status": "REGULAR", "shortName": "F\u00f6", "longName": "F\u00f6rderunterricht", "displayName": "F\u00f6", "displayNameLabel": "NAME"}, "removed": null}], "location": "", "teacher": [{"current": {"type": "TEACHER", "status": "ADDED", "shortName": "ACK", "longName": "Ackermann", "displayName": "ACK", "displayNameLabel": "NAME"}, "removed": {"type": "TEACHER", "status": "REMOVED", "shortName": "JUNG", "longName": "Jung", "displayName": "JUNG", "displayNameLabel": "NAME"}}], "cellState": "CHANGED", "date": "2025-09-12", "start": "2025-09-12T08:45", "end": "2025-09-12T09:30", "type": "NORMAL_TEACHING_PERIOD"}, {"classID": 572, "schoolID": "2227700", "subject": [{"current": {"type": "SUBJECT", "status": "REGULAR", "shortName": "SpbUF", "longName": "Sprachbildender Unterricht Franz\u00f6sisch", "displayName": "SpbUF", "displayNameLabel": "NAME"}, "removed": null}], "location": "", "teacher": [{"current": {"type": "TEACHER", "status": "REGULAR", "shortName": "B\u00c4R", "longName": "B\u00e4rmann", "displayName": "B\u00c4R", "displayNameLabel": "NAME"}, "removed": null}], "cellState": "REGULAR", "date": "2025-09-12", "start": "2025-09-12T08:45", "end": "2025-09-12T09:30", "type": "NORMAL_TEACHING_PERIOD"}, {"classID": 572, "schoolID": "2227700", "subject": [{"current": {"type": "SUBJECT", "status": "REGULAR", "shortName": "D", "longName": "Deutsch", "displayName": "D", "displayNameLabel": "NAME"}, "removed": null}], "location": "", "teacher": [{"current": {"type": "TEACHER", "status": "REGULAR", "shortName": "ACK", "longName": "Ackermann", "displayName": "ACK", "displayNameLabel": "NAME"}, "removed": null}], "cellState": "REGULAR", "date": "2025-09-12", "start": "2025-09-12T09:50", "end": "2025-09-12T10:35", "type": "NORMAL_TEACHING_PERIOD"}, {"classID": 572, "schoolID": "2227700", "subject": [{"current": {"type": "SUBJECT", "status": "REGULAR", "shortName": "D", "longName": "Deutsch", "displayName": "D", "displayNameLabel": "NAME"}, "removed": null}], "location": [{"current": {"type": "ROOM", "status": "REGULAR", "shortName": "OG 20", "longName": "Klassenraum 5a", "displayName": "OG 20", "displayNameLabel": "NAME"}, "removed": null}], "teacher": [{"current": {"type": "TEACHER", "status": "REGULAR", "shortName": "ACK", "longName": "Ackermann", "displayName": "ACK", "displayNameLabel": "NAME"}, "removed": null}], "cellState": "REGULAR", "date": "2025-09-12", "start": "2025-09-12T10:35", "end": "2025-09-12T11:20", "type": "NORMAL_TEACHING_PERIOD"}, {"classID": 572, "schoolID": "2227700", "subject": [{"current": {"type": "SUBJECT", "status": "REGULAR", "shortName": "E", "longName": "Englisch", "displayName": "E", "displayNameLabel": "NAME"}, "removed": null}], "location": [{"current": {"type": "ROOM", "status": "REGULAR", "shortName": "OG 20", "longName": "Klassenraum 5a", "displayName": "OG 20", "displayNameLabel": "NAME"}, "removed": null}], "teacher": "", "cellState": "CHANGED", "date": "2025-09-12", "start": "2025-09-12T11:40", "end": "2025-09-12T12:25", "type": "NORMAL_TEACHING_PERIOD"}, {"classID": 572, "schoolID": "2227700", "subject": [{"current": {"type": "SUBJECT", "status": "REGULAR", "shortName": "M", "longName": "Mathematik", "displayName": "M", "displayNameLabel": "NAME"}, "removed": null}], "location": [{"current": {"type": "ROOM", "status": "REGULAR", "shortName": "OG 22", "longName": "Klassenraum 10b", "displayName": "OG 22", "displayNameLabel": "NAME"}, "removed": null}], "teacher": [{"current": {"type": "TEACHER", "status": "REGULAR", "shortName": "FUHR", "longName": "Fuhrmann", "displayName": "FUHR", "displayNameLabel": "NAME"}, "removed": null}], "cellState": "REGULAR", "date": "2025-09-12", "start": "2025-09-12T12:25", "end": "2025-09-12T13:10", "type": "NORMAL_TEACHING_PERIOD"}, {"classID": 575, "schoolID": "2227700", "subject": [{"current": {"type": "SUBJECT", "status": "REGULAR", "shortName": "SpbUF", "longName": "Sprachbildender Unterricht Franz\u00f6sisch", "displayName": "SpbUF", "displayNameLabel": "NAME"}, "removed": null}], "location": [{"current": {"type": "ROOM", "status": "REGULAR", "shortName": "OG 20", "longName": "Klassenraum 5a", "displayName": "OG 20", "displayNameLabel": "NAME"}, "removed": null}], "teacher": [{"current": {"type": "TEACHER", "status": "REGULAR", "shortName": "B\u00c4R", "longName": "B\u00e4rmann", "displayName": "B\u00c4R", "displayNameLabel": "NAME"}, "removed": null}], "cellState": "REGULAR", "date": "2025-09-12", "start": "2025-09-12T08:00", "end": "2025-09-12T08:45", "type": "NORMAL_TEACHING_PERIOD"}, {"classID": 575, "schoolID": "2227700", "subject": [{"current": {"type": "SUBJECT", "status": "REGULAR", "shortName": "F\u00f6", "longName": "F\u00f6rderunterricht", "displayName": "F\u00f6", "displayNameLabel": "NAME"}, "removed": null}], "location": "", "teacher": [{"current": {"type": "TEACHER", "status": "ADDED", "shortName": "ACK", "longName": "Ackermann", "displayName": "ACK", "displayNameLabel": "NAME"}, "removed": {"type": "TEACHER", "status": "REMOVED", "shortName": "JUNG", "longName": "Jung", "displayName": "JUNG", "displayNameLabel": "NAME"}}], "cellState": "CHANGED", "date": "2025-09-12", "start": "2025-09-12T08:45", "end": "2025-09-12T09:30", "type": "NORMAL_TEACHING_PERIOD"}, {"classID": 575, "schoolID": "2227700", "subject": [{"current": {"type": "SUBJECT", "status": "REGULAR", "shortName": "SpbUF", "longName": "Sprachbildender Unterricht Franz\u00f6sisch", "displayName": "SpbUF", "displayNameLabel": "NAME"}, "removed": null}], "location": "", "teacher": [{"current": {"type": "TEACHER", "status": "REGULAR", "shortName": "B\u00c4R", "longName": "B\u00e4rmann", "displayName": "B\u00c4R", "displayNameLabel": "NAME"}, "removed": null}], "cellState": "REGULAR", "date": "2025-09-12", "start": "2025-09-12T08:45", "end": "2025-09-12T09:30", "type": "NORMAL_TEACHING_PERIOD"}, {"classID": 575, "schoolID": "2227700", "subject": [{"current": {"type": "SUBJECT", "status": "REGULAR", "shortName": "D", "longName": "Deutsch", "displayName": "D", "displayNameLabel": "NAME"}, "removed": null}], "location": "", "teacher": [{"current": {"type": "TEACHER", "status": "REGULAR", "shortName": "HALB", "longName": "Halbreiter", "displayName": "HALB", "displayNameLabel": "NAME"}, "removed": null}], "cellState": "REGULAR", "date": "2025-09-12", "start": "2025-09-12T09:50", "end": "2025-09-12T11:20", "type": "NORMAL_TEACHING_PERIOD"}, {"classID": 575, "schoolID": "2227700", "subject": [{"current": {"type": "SUBJECT", "status": "REGULAR", "shortName": "BK", "longName": "Bildende Kunst", "displayName": "BK", "displayNameLabel": "NAME"}, "removed": null}], "location": "", "teacher": [{"current": {"type": "TEACHER", "status": "REGULAR", "shortName": "HALB", "longName": "Halbreiter", "displayName": "HALB", "displayNameLabel": "NAME"}, "removed": null}], "cellState": "REGULAR", "date": "2025-09-12", "start": "2025-09-12T11:40", "end": "2025-09-12T13:10", "type": "NORMAL_TEACHING_PERIOD"}, {"classID": 578, "schoolID": "2227700", "subject": [{"current": {"type": "SUBJECT", "status": "REGULAR", "shortName": "SpbUE", "longName": "Sprachbildender Unterricht Englisch", "displayName": "SpbUE", "displayNameLabel": "NAME"}, "removed": null}], "location": "", "teacher": "", "cellState": "CHANGED", "date": "2025-09-12", "start": "2025-09-12T08:00", "end": "2025-09-12T08:45", "type": "NORMAL_TEACHING_PERIOD"}, {"classID": 578, "schoolID": "2227700", "subject": [{"current": {"type": "SUBJECT", "status": "REGULAR", "shortName": "SpbUE", "longName": "Sprachbildender Unterricht Englisch", "displayName": "SpbUE", "displayNameLabel": "NAME"}, "removed": null}], "location": [{"current": {"type": "ROOM", "status": "REGULAR", "shortName": "OG 21", "longName": "Klassenraum 5c", "displayName": "OG 21", "displayNameLabel": "NAME"}, "removed": null}], "teacher": "", "cellState": "CHANGED", "date": "2025-09-12", "start": "2025-09-12T08:45", "end": "2025-09-12T09:30", "type": "NORMAL_TEACHING_PERIOD"}, {"classID": 578, "schoolID": "2227700", "subject": [{"current": {"type": "SUBJECT", "status": "REGULAR", "shortName": "F\u00f6", "longName": "F\u00f6rderunterricht", "displayName": "F\u00f6", "displayNameLabel": "NAME"}, "removed": null}], "location": "", "teacher": [{"current": {"type": "TEACHER", "status": "ADDED", "shortName": "ACK", "longName": "Ackermann", "displayName": "ACK", "displayNameLabel": "NAME"}, "removed": {"type": "TEACHER", "status": "REMOVED", "shortName": "JUNG", "longName": "Jung", "displayName": "JUNG", "displayNameLabel": "NAME"}}], "cellState": "CHANGED", "date": "2025-09-12", "start": "2025-09-12T08:45", "end": "2025-09-12T09:30", "type": "NORMAL_TEACHING_PERIOD"}, {"classID": 578, "schoolID": "2227700", "subject": [{"current": {"type": "SUBJECT", "status": "REGULAR", "shortName": "F", "longName": "Franz\u00f6sisch", "displayName": "F", "displayNameLabel": "NAME"}, "removed": null}], "location": [{"current": {"type": "ROOM", "status": "REGULAR", "shortName": "OG 21", "longName": "Klassenraum 5c", "displayName": "OG 21", "displayNameLabel": "NAME"}, "removed": null}], "teacher": [{"current": {"type": "TEACHER", "status": "REGULAR", "shortName": "MEY", "longName": "Meyer", "displayName": "MEY", "displayNameLabel": "NAME"}, "removed": null}], "cellState": "REGULAR", "date": "2025-09-12", "start": "2025-09-12T09:50", "end": "2025-09-12T10:35", "type": "NORMAL_TEACHING_PERIOD"}, {"classID": 578, "schoolID": "2227700", "subject": [{"current": {"type": "SUBJECT", "status": "REGULAR", "shortName": "F", "longName": "Franz\u00f6sisch", "displayName": "F", "displayNameLabel": "NAME"}, "removed": null}], "location": "", "teacher": [{"current": {"type": "TEACHER", "status": "REGULAR", "shortName": "MEY", "longName": "Meyer", "displayName": "MEY", "displayNameLabel": "NAME"}, "removed": null}], "cellState": "REGULAR", "date": "2025-09-12", "start": "2025-09-12T10:35", "end": "2025-09-12T11:20", "type": "NORMAL_TEACHING_PERIOD"}, {"classID": 578, "schoolID": "2227700", "subject": [{"current": {"type": "SUBJECT", "status": "REGULAR", "shortName": "D", "longName": "Deutsch", "displayName": "D", "displayNameLabel": "NAME"}, "removed": null}], "location": "", "teacher": [{"current": {"type": "TEACHER", "status": "REGULAR", "shortName": "STEIB", "longName": "Steibert", "displayName": "STEIB", "displayNameLabel": "NAME"}, "removed": null}], "cellState": "REGULAR", "date": "2025-09-12", "start": "2025-09-12T11:40", "end": "2025-09-12T12:25", "type": "NORMAL_TEACHING_PERIOD"}, {"classID": 578, "schoolID": "2227700", "subject": [{"current": {"type": "SUBJECT", "status": "REGULAR", "shortName": "Klassenrat", "longName": "Klassenrat", "displayName": "Klassenrat", "displayNameLabel": "NAME"}, "removed": null}], "location": "", "teacher": [{"current": {"type": "TEACHER", "status": "REGULAR", "shortName": "STEIB", "longName": "Steibert", "displayName": "STEIB", "displayNameLabel": "NAME"}, "removed": null}], "cellState": "REGULAR", "date": "2025-09-12", "start": "2025-09-12T12:25", "end": "2025-09-12T13:10", "type": "NORMAL_TEACHING_PERIOD"}, {"classID": 581, "schoolID": "2227700", "subject": "", "location": "", "teacher": [{"current": {"type": "TEACHER", "status": "REGULAR", "shortName": "JUNG", "longName": "Jung", "displayName": "JUNG", "displayNameLabel": "NAME"}, "removed": null}], "cellState": "CHANGED", "date": "2025-09-12", "start": "2025-09-12T08:00", "end": "2025-09-12T09:30", "type": "EVENT"}, {"classID": 581, "schoolID": "2227700", "subject": [{"current": {"type": "SUBJECT", "status": "REGULAR", "shortName": "E", "longName": "Englisch", "displayName": "E", "displayNameLabel": "NAME"}, "removed": null}], "location": [{"current": {"type": "ROOM", "status": "REGULAR", "shortName": "EG 07", "longName": "Klassenraum 6a", "displayName": "EG 07", "displayNameLabel": "NAME"}, "removed": null}], "teacher": [{"current": {"type": "TEACHER", "status": "ADDED", "shortName": "KICK", "longName": "Kick", "displayName": "KICK", "displayNameLabel": "NAME"}, "removed": {"type": "TEACHER", "status": "REMOVED", "shortName": "ZIMM", "longName": "Zimmermann", "displayName": "ZIMM", "displayNameLabel": "NAME"}}], "cellState": "CHANGED", "date": "2025-09-12", "start": "2025-09-12T09:50", "end": "2025-09-12T10:35", "type": "NORMAL_TEACHING_PERIOD"}, {"classID": 581, "schoolID": "2227700", "subject": [{"current": {"type": "SUBJECT", "status": "REGULAR", "shortName": "E", "longName": "Englisch", "displayName": "E", "displayNameLabel": "NAME"}, "removed": null}], "location": [{"current": {"type": "ROOM", "status": "REGULAR", "shortName": "EG 07", "longName": "Klassenraum 6a", "displayName": "EG 07", "displayNameLabel": "NAME"}, "removed": null}], "teacher": [{"current": {"type": "TEACHER", "status": "ADDED", "shortName": "B\u00c4R", "longName": "B\u00e4rmann", "displayName": "B\u00c4R", "displayNameLabel": "NAME"}, "removed": {"type": "TEACHER", "status": "REMOVED", "shortName": "ZIMM", "longName": "Zimmermann", "displayName": "ZIMM", "displayNameLabel": "NAME"}}], "cellState": "CHANGED", "date": "2025-09-12", "start": "2025-09-12T10:35", "end": "2025-09-12T11:20", "type": "NORMAL_TEACHING_PERIOD"}, {"classID": 581, "schoolID": "2227700", "subject": [{"current": {"type": "SUBJECT", "status": "REGULAR", "shortName": "D", "longName": "Deutsch", "displayName": "D", "displayNameLabel": "NAME"}, "removed": null}], "location": [{"current": {"type": "ROOM", "status": "REGULAR", "shortName": "EG 07", "longName": "Klassenraum 6a", "displayName": "EG 07", "displayNameLabel": "NAME"}, "removed": null}], "teacher": [{"current": {"type": "TEACHER", "status": "ADDED", "shortName": "JUNG", "longName": "Jung", "displayName": "JUNG", "displayNameLabel": "NAME"}, "removed": {"type": "TEACHER", "status": "REMOVED", "shortName": "SCHU", "longName": "Schumacher", "displayName": "SCHU", "displayNameLabel": "NAME"}}], "cellState": "CHANGED", "date": "2025-09-12", "start": "2025-09-12T11:40", "end": "2025-09-12T12:25", "type": "NORMAL_TEACHING_PERIOD"}, {"classID": 581, "schoolID": "2227700", "subject": [{"current": {"type": "SUBJECT", "status": "REGULAR", "shortName": "Klassenrat", "longName": "Klassenrat", "displayName": "Klassenrat", "displayNameLabel": "NAME"}, "removed": null}], "location": "", "teacher": [{"current": {"type": "TEACHER", "status": "ADDED", "shortName": "B\u00d6HM", "longName": "B\u00f6hmann-Volz", "displayName": "B\u00d6HM", "displayNameLabel": "NAME"}, "removed": {"type": "TEACHER", "status": "REMOVED", "shortName": "SCHU", "longName": "Schumacher", "displayName": "SCHU", "displayNameLabel": "NAME"}}], "cellState": "CHANGED", "date": "2025-09-12", "start": "2025-09-12T12:25", "end": "2025-09-12T13:10", "type": "NORMAL_TEACHING_PERIOD"}, {"classID": 584, "schoolID": "2227700", "subject": "", "location": "", "teacher": [{"current": {"type": "TEACHER", "status": "REGULAR", "shortName": "PILL", "longName": "Pillong", "displayName": "PILL", "displayNameLabel": "NAME"}, "removed": null}], "cellState": "CHANGED", "date": "2025-09-12", "start": "2025-09-12T08:00", "end": "2025-09-12T09:30", "type": "EVENT"}, {"classID": 584, "schoolID": "2227700", "subject": [{"current": {"type": "SUBJECT", "status": "REGULAR", "shortName": "D", "longName": "Deutsch", "displayName": "D", "displayNameLabel": "NAME"}, "removed": null}], "location": "", "teacher": [{"current": {"type": "TEACHER", "status": "REGULAR", "shortName": "BARTH", "longName": "Barth", "displayName": "BARTH", "displayNameLabel": "NAME"}, "removed": null}], "cellState": "REGULAR", "date": "2025-09-12", "start": "2025-09-12T09:50", "end": "2025-09-12T11:20", "type": "NORMAL_TEACHING_PERIOD"}, {"classID": 584, "schoolID": "2227700", "subject": [{"current": {"type": "SUBJECT", "status": "REGULAR", "shortName": "E", "longName": "Englisch", "displayName": "E", "displayNameLabel": "NAME"}, "removed": null}], "location": [{"current": {"type": "ROOM", "status": "REGULAR", "shortName": "OG 15", "longName": "Beratungszimmer", "displayName": "OG 15", "displayNameLabel": "NAME"}, "removed": null}], "teacher": [{"current": {"type": "TEACHER", "status": "REGULAR", "shortName": "SCHWA", "longName": "Schwarz", "displayName": "SCHWA", "displayNameLabel": "NAME"}, "removed": null}], "cellState": "REGULAR", "date": "2025-09-12", "start": "2025-09-12T11:40", "end": "2025-09-12T12:25", "type": "NORMAL_TEACHING_PERIOD"}, {"classID": 584, "schoolID": "2227700", "subject": [{"current": {"type": "SUBJECT", "status": "REGULAR", "shortName": "F", "longName": "Franz\u00f6sisch", "displayName": "F", "displayNameLabel": "NAME"}, "removed": null}], "location": [{"current": {"type": "ROOM", "status": "REGULAR", "shortName": "EG 08", "longName": "Klassenraum 6b", "displayName": "EG 08", "displayNameLabel": "NAME"}, "removed": null}], "teacher": [{"current": {"type": "TEACHER", "status": "REGULAR", "shortName": "B\u00c4R", "longName": "B\u00e4rmann", "displayName": "B\u00c4R", "displayNameLabel": "NAME"}, "removed": null}], "cellState": "REGULAR", "date": "2025-09-12", "start": "2025-09-12T11:40", "end": "2025-09-12T12:25", "type": "NORMAL_TEACHING_PERIOD"}, {"classID": 584, "schoolID": "2227700", "subject": [{"current": {"type": "SUBJECT", "status": "REGULAR", "shortName": "F", "longName": "Franz\u00f6sisch", "displayName": "F", "displayNameLabel": "NAME"}, "removed": null}], "location": [{"current": {"type": "ROOM", "status": "REGULAR", "shortName": "EG 08", "longName": "Klassenraum 6b", "displayName": "EG 08", "displayNameLabel": "NAME"}, "removed": null}], "teacher": [{"current": {"type": "TEACHER", "status": "REGULAR", "shortName": "B\u00c4R", "longName": "B\u00e4rmann", "displayName": "B\u00c4R", "displayNameLabel": "NAME"}, "removed": null}], "cellState": "REGULAR", "date": "2025-09-12", "start": "2025-09-12T12:25", "end": "2025-09-12T13:10", "type": "NORMAL_TEACHING_PERIOD"}, {"classID": 584, "schoolID": "2227700", "subject": [{"current": {"type": "SUBJECT", "status": "REGULAR", "shortName": "E", "longName": "Englisch", "displayName": "E", "displayNameLabel": "NAME"}, "removed": null}], "location": "", "teacher": [{"current": {"type": "TEACHER", "status": "REGULAR", "shortName": "SCHWA", "longName": "Schwarz", "displayName": "SCHWA", "displayNameLabel": "NAME"}, "removed": null}], "cellState": "REGULAR", "date": "2025-09-12", "start": "2025-09-12T12:25", "end": "2025-09-12T13:10", "type": "NORMAL_TEACHING_PERIOD"}, {"classID": 587, "schoolID": "2227700", "subject": [{"current": {"type": "SUBJECT", "status": "REGULAR", "shortName": "D", "longName": "Deutsch", "displayName": "D", "displayNameLabel": "NAME"}, "removed": null}], "location": [{"current": {"type": "ROOM", "status": "REGULAR", "shortName": "OG 09", "longName": "Klassenraum 7a", "displayName": "OG 09", "displayNameLabel": "NAME"}, "removed": null}], "teacher": [{"current": {"type": "TEACHER", "status": "REGULAR", "shortName": "BARTH", "longName": "Barth", "displayName": "BARTH", "displayNameLabel": "NAME"}, "removed": null}], "cellState": "REGULAR", "date": "2025-09-12", "start": "2025-09-12T08:00", "end": "2025-09-12T09:30", "type": "NORMAL_TEACHING_PERIOD"}, {"classID": 587, "schoolID": "2227700", "subject": [{"current": {"type": "SUBJECT", "status": "REGULAR", "shortName": "E", "longName": "Englisch", "displayName": "E", "displayNameLabel": "NAME"}, "removed": null}], "location": [{"current": {"type": "ROOM", "status": "REGULAR", "shortName": "OG 09", "longName": "Klassenraum 7a", "displayName": "OG 09", "displayNameLabel": "NAME"}, "removed": null}], "teacher": [{"current": {"type": "TEACHER", "status": "REGULAR", "shortName": "PILL", "longName": "Pillong", "displayName": "PILL", "displayNameLabel": "NAME"}, "removed": null}], "cellState": "REGULAR", "date": "2025-09-12", "start": "2025-09-12T09:50", "end": "2025-09-12T11:20", "type": "NORMAL_TEACHING_PERIOD"}, {"classID": 587, "schoolID": "2227700", "subject": [{"current": {"type": "SUBJECT", "status": "REGULAR", "shortName": "Sp", "longName": "Sport", "displayName": "Sp", "displayNameLabel": "NAME"}, "removed": null}], "location": [{"current": {"type": "ROOM", "status": "REGULAR", "shortName": "Sport2", "longName": "Sporthalle 2", "displayName": "Sport2", "displayNameLabel": "NAME"}, "removed": null}], "teacher": [{"current": {"type": "TEACHER", "status": "ADDED", "shortName": "KICK", "longName": "Kick", "displayName": "KICK", "displayNameLabel": "NAME"}, "removed": {"type": "TEACHER", "status": "REMOVED", "shortName": "BODE", "longName": "Bodewig", "displayName": "BODE", "displayNameLabel": "NAME"}}], "cellState": "CHANGED", "date": "2025-09-12", "start": "2025-09-12T11:40", "end": "2025-09-12T12:25", "type": "NORMAL_TEACHING_PERIOD"}, {"classID": 590, "schoolID": "2227700", "subject": [{"current": {"type": "SUBJECT", "status": "REGULAR", "shortName": "E", "longName": "Englisch", "displayName": "E", "displayNameLabel": "NAME"}, "removed": null}], "location": [{"current": {"type": "ROOM", "status": "REGULAR", "shortName": "OG 08", "longName": "Klassenraum 7b", "displayName": "OG 08", "displayNameLabel": "NAME"}, "removed": null}], "teacher": [{"current": {"type": "TEACHER", "status": "REGULAR", "shortName": "SCHWA", "longName": "Schwarz", "displayName": "SCHWA", "displayNameLabel": "NAME"}, "removed": null}], "cellState": "REGULAR", "date": "2025-09-12", "start": "2025-09-12T08:00", "end": "2025-09-12T08:45", "type": "NORMAL_TEACHING_PERIOD"}, {"classID": 590, "schoolID": "2227700", "subject": [{"current": {"type": "SUBJECT", "status": "REGULAR", "shortName": "Mu", "longName": "Musik", "displayName": "Mu", "displayNameLabel": "NAME"}, "removed": null}], "location": [{"current": {"type": "ROOM", "status": "REGULAR", "shortName": "Musik", "longName": "Musiksaal", "displayName": "Musik", "displayNameLabel": "NAME"}, "removed": null}], "teacher": [{"current": {"type": "TEACHER", "status": "ADDED", "shortName": "PRE", "longName": "Pretor", "displayName": "PRE", "displayNameLabel": "NAME"}, "removed": {"type": "TEACHER", "status": "REMOVED", "shortName": "GERB", "longName": "Gerbel", "displayName": "GERB", "displayNameLabel": "NAME"}}], "cellState": "CHANGED", "date": "2025-09-12", "start": "2025-09-12T08:45", "end": "2025-09-12T09:30", "type": "NORMAL_TEACHING_PERIOD"}, {"classID": 590, "schoolID": "2227700", "subject": [{"current": {"type": "SUBJECT", "status": "REGULAR", "shortName": "Mu", "longName": "Musik", "displayName": "Mu", "displayNameLabel": "NAME"}, "removed": null}], "location": [{"current": {"type": "ROOM", "status": "REGULAR", "shortName": "Musik", "longName": "Musiksaal", "displayName": "Musik", "displayNameLabel": "NAME"}, "removed": null}], "teacher": [{"current": {"type": "TEACHER", "status": "ADDED", "shortName": "FUHR", "longName": "Fuhrmann", "displayName": "FUHR", "displayNameLabel": "NAME"}, "removed": {"type": "TEACHER", "status": "REMOVED", "shortName": "GERB", "longName": "Gerbel", "displayName": "GERB", "displayNameLabel": "NAME"}}], "cellState": "CHANGED", "date": "2025-09-12", "start": "2025-09-12T09:50", "end": "2025-09-12T10:35", "type": "NORMAL_TEACHING_PERIOD"}, {"classID": 590, "schoolID": "2227700", "subject": [{"current": {"type": "SUBJECT", "status": "REGULAR", "shortName": "M", "longName": "Mathematik", "displayName": "M", "displayNameLabel": "NAME"}, "removed": null}], "location": [{"current": {"type": "ROOM", "status": "REGULAR", "shortName": "OG 08", "longName": "Klassenraum 7b", "displayName": "OG 08", "displayNameLabel": "NAME"}, "removed": null}], "teacher": [{"current": {"type": "TEACHER", "status": "ADDED", "shortName": "JUNG", "longName": "Jung", "displayName": "JUNG", "displayNameLabel": "NAME"}, "removed": {"type": "TEACHER", "status": "REMOVED", "shortName": "GERB", "longName": "Gerbel", "displayName": "GERB", "displayNameLabel": "NAME"}}], "cellState": "CHANGED", "date": "2025-09-12", "start": "2025-09-12T10:35", "end": "2025-09-12T11:20", "type": "NORMAL_TEACHING_PERIOD"}, {"classID": 590, "schoolID": "2227700", "subject": [{"current": {"type": "SUBJECT", "status": "REGULAR", "shortName": "M", "longName": "Mathematik", "displayName": "M", "displayNameLabel": "NAME"}, "removed": null}], "location": [{"current": {"type": "ROOM", "status": "REGULAR", "shortName": "OG 08", "longName": "Klassenraum 7b", "displayName": "OG 08", "displayNameLabel": "NAME"}, "removed": null}], "teacher": [{"current": {"type": "TEACHER", "status": "ADDED", "shortName": "B\u00d6HM", "longName": "B\u00f6hmann-Volz", "displayName": "B\u00d6HM", "displayNameLabel": "NAME"}, "removed": {"type": "TEACHER", "status": "REMOVED", "shortName": "GERB", "longName": "Gerbel", "displayName": "GERB", "displayNameLabel": "NAME"}}], "cellState": "CHANGED", "date": "2025-09-12", "start": "2025-09-12T11:40", "end": "2025-09-12T12:25", "type": "NORMAL_TEACHING_PERIOD"}, {"classID": 593, "schoolID": "2227700", "subject": [{"current": {"type": "SUBJECT", "status": "REGULAR", "shortName": "M", "longName": "Mathematik", "displayName": "M", "displayNameLabel": "NAME"}, "removed": null}], "location": [{"current": {"type": "ROOM", "status": "ADDED", "shortName": "EG 20", "longName": "DaZ 2", "displayName": "EG 20", "displayNameLabel": "NAME"}, "removed": {"type": "ROOM", "status": "REMOVED", "shortName": "EG 10", "longName": "Klassenraum 7c", "displayName": "EG 10", "displayNameLabel": "NAME"}}], "teacher": [{"current": {"type": "TEACHER", "status": "REGULAR", "shortName": "HAHN", "longName": "Hahn", "displayName": "HAHN", "displayNameLabel": "NAME"}, "removed": null}], "cellState": "CHANGED", "date": "2025-09-12", "start": "2025-09-12T08:00", "end": "2025-09-12T08:45", "type": "NORMAL_TEACHING_PERIOD"}, {"classID": 593, "schoolID": "2227700", "subject": [{"current": {"type": "SUBJECT", "status": "REGULAR", "shortName": "M", "longName": "Mathematik", "displayName": "M", "displayNameLabel": "NAME"}, "removed": null}], "location": [{"current": {"type": "ROOM", "status": "ADDED", "shortName": "EG 20", "longName": "DaZ 2", "displayName": "EG 20", "displayNameLabel": "NAME"}, "removed": {"type": "ROOM", "status": "REMOVED", "shortName": "EG 10", "longName": "Klassenraum 7c", "displayName": "EG 10", "displayNameLabel": "NAME"}}], "teacher": [{"current": {"type": "TEACHER", "status": "REGULAR", "shortName": "HAHN", "longName": "Hahn", "displayName": "HAHN", "displayNameLabel": "NAME"}, "removed": null}], "cellState": "CHANGED", "date": "2025-09-12", "start": "2025-09-12T08:45", "end": "2025-09-12T09:30", "type": "NORMAL_TEACHING_PERIOD"}, {"classID": 593, "schoolID": "2227700", "subject": [{"current": {"type": "SUBJECT", "status": "REGULAR", "shortName": "GW", "longName": "Gesellschaftswissenschaften", "displayName": "GW", "displayNameLabel": "NAME"}, "removed": null}], "location": [{"current": {"type": "ROOM", "status": "ADDED", "shortName": "EG 20", "longName": "DaZ 2", "displayName": "EG 20", "displayNameLabel": "NAME"}, "removed": {"type": "ROOM", "status": "REMOVED", "shortName": "EG 10", "longName": "Klassenraum 7c", "displayName": "EG 10", "displayNameLabel": "NAME"}}], "teacher": [{"current": {"type": "TEACHER", "status": "REGULAR", "shortName": "GRO", "longName": "Grotehusmann", "displayName": "GRO", "displayNameLabel": "NAME"}, "removed": null}], "cellState": "CHANGED", "date": "2025-09-12", "start": "2025-09-12T09:50", "end": "2025-09-12T10:35", "type": "NORMAL_TEACHING_PERIOD"}, {"classID": 593, "schoolID": "2227700", "subject": [{"current": {"type": "SUBJECT", "status": "REGULAR", "shortName": "NW", "longName": "Naturwissenschaften", "displayName": "NW", "displayNameLabel": "NAME"}, "removed": null}], "location": [{"current": {"type": "ROOM", "status": "REGULAR", "shortName": "MINT 2", "longName": "Mintraum 2", "displayName": "MINT 2", "displayNameLabel": "NAME"}, "removed": null}], "teacher": [{"current": {"type": "TEACHER", "status": "ADDED", "shortName": "GRO", "longName": "Grotehusmann", "displayName": "GRO", "displayNameLabel": "NAME"}, "removed": {"type": "TEACHER", "status": "REMOVED", "shortName": "NEY", "longName": "Neymann", "displayName": "NEY", "displayNameLabel": "NAME"}}], "cellState": "CHANGED", "date": "2025-09-12", "start": "2025-09-12T10:35", "end": "2025-09-12T11:20", "type": "NORMAL_TEACHING_PERIOD"}, {"classID": 593, "schoolID": "2227700", "subject": [{"current": {"type": "SUBJECT", "status": "REGULAR", "shortName": "E", "longName": "Englisch", "displayName": "E", "displayNameLabel": "NAME"}, "removed": null}], "location": "", "teacher": [{"current": {"type": "TEACHER", "status": "REGULAR", "shortName": "MEY", "longName": "Meyer", "displayName": "MEY", "displayNameLabel": "NAME"}, "removed": null}], "cellState": "REGULAR", "date": "2025-09-12", "start": "2025-09-12T11:40", "end": "2025-09-12T13:10", "type": "NORMAL_TEACHING_PERIOD"}, {"classID": 593, "schoolID": "2227700", "subject": [{"current": {"type": "SUBJECT", "status": "REGULAR", "shortName": "Doppel", "longName": "Doppelbesetzung", "displayName": "Doppel", "displayNameLabel": "NAME"}, "removed": null}], "location": [{"current": {"type": "ROOM", "status": "ADDED", "shortName": "EG 20", "longName": "DaZ 2", "displayName": "EG 20", "displayNameLabel": "NAME"}, "removed": {"type": "ROOM", "status": "REMOVED", "shortName": "EG 10", "longName": "Klassenraum 7c", "displayName": "EG 10", "displayNameLabel": "NAME"}}], "teacher": [{"current": {"type": "TEACHER", "status": "REGULAR", "shortName": "KICK", "longName": "Kick", "displayName": "KICK", "displayNameLabel": "NAME"}, "removed": null}], "cellState": "CHANGED", "date": "2025-09-12", "start": "2025-09-12T12:25", "end": "2025-09-12T13:10", "type": "NORMAL_TEACHING_PERIOD"}, {"classID": 605, "schoolID": "2227700", "subject": [{"current": {"type": "SUBJECT", "status": "REGULAR", "shortName": "BK", "longName": "Bildende Kunst", "displayName": "BK", "displayNameLabel": "NAME"}, "removed": null}], "location": [{"current": {"type": "ROOM", "status": "REGULAR", "shortName": "EG 09", "longName": "Klassenraum 8a", "displayName": "EG 09", "displayNameLabel": "NAME"}, "removed": null}], "teacher": [{"current": {"type": "TEACHER", "status": "REGULAR", "shortName": "B\u00d6HM", "longName": "B\u00f6hmann-Volz", "displayName": "B\u00d6HM", "displayNameLabel": "NAME"}, "removed": null}], "cellState": "REGULAR", "date": "2025-09-12", "start": "2025-09-12T08:00", "end": "2025-09-12T09:30", "type": "NORMAL_TEACHING_PERIOD"}, {"classID": 605, "schoolID": "2227700", "subject": [{"current": {"type": "SUBJECT", "status": "REGULAR", "shortName": "NW", "longName": "Naturwissenschaften", "displayName": "NW", "displayNameLabel": "NAME"}, "removed": null}], "location": [{"current": {"type": "ROOM", "status": "REGULAR", "shortName": "MINT 1", "longName": "Mintraum 1", "displayName": "MINT 1", "displayNameLabel": "NAME"}, "removed": null}], "teacher": [{"current": {"type": "TEACHER", "status": "REGULAR", "shortName": "PRE", "longName": "Pretor", "displayName": "PRE", "displayNameLabel": "NAME"}, "removed": null}], "cellState": "REGULAR", "date": "2025-09-12", "start": "2025-09-12T09:50", "end": "2025-09-12T10:35", "type": "NORMAL_TEACHING_PERIOD"}, {"classID": 605, "schoolID": "2227700", "subject": [{"current": {"type": "SUBJECT", "status": "REGULAR", "shortName": "NW", "longName": "Naturwissenschaften", "displayName": "NW", "displayNameLabel": "NAME"}, "removed": null}], "location": "", "teacher": [{"current": {"type": "TEACHER", "status": "REGULAR", "shortName": "PRE", "longName": "Pretor", "displayName": "PRE", "displayNameLabel": "NAME"}, "removed": null}], "cellState": "REGULAR", "date": "2025-09-12", "start": "2025-09-12T10:35", "end": "2025-09-12T11:20", "type": "NORMAL_TEACHING_PERIOD"}, {"classID": 605, "schoolID": "2227700", "subject": [{"current": {"type": "SUBJECT", "status": "REGULAR", "shortName": "Inf", "longName": "Informatik", "displayName": "Inf", "displayNameLabel": "NAME"}, "removed": null}], "location": [{"current": {"type": "ROOM", "status": "ADDED", "shortName": "EG 09", "longName": "Klassenraum 8a", "displayName": "EG 09", "displayNameLabel": "NAME"}, "removed": {"type": "ROOM", "status": "REMOVED", "shortName": "Comp", "longName": "Computersaal", "displayName": "Comp", "displayNameLabel": "NAME"}}], "teacher": [{"current": {"type": "TEACHER", "status": "REGULAR", "shortName": "GREHL", "longName": "Grehl", "displayName": "GREHL", "displayNameLabel": "NAME"}, "removed": null}], "cellState": "CHANGED", "date": "2025-09-12", "start": "2025-09-12T11:40", "end": "2025-09-12T13:10", "type": "NORMAL_TEACHING_PERIOD"}, {"classID": 608, "schoolID": "2227700", "subject": [{"current": {"type": "SUBJECT", "status": "REGULAR", "shortName": "Inf", "longName": "Informatik", "displayName": "Inf", "displayNameLabel": "NAME"}, "removed": null}], "location": "", "teacher": [{"current": {"type": "TEACHER", "status": "REGULAR", "shortName": "GREHL", "longName": "Grehl", "displayName": "GREHL", "displayNameLabel": "NAME"}, "removed": null}], "cellState": "REGULAR", "date": "2025-09-12", "start": "2025-09-12T08:00", "end": "2025-09-12T09:30", "type": "NORMAL_TEACHING_PERIOD"}, {"classID": 608, "schoolID": "2227700", "subject": [{"current": {"type": "SUBJECT", "status": "REGULAR", "shortName": "M", "longName": "Mathematik", "displayName": "M", "displayNameLabel": "NAME"}, "removed": null}], "location": "", "teacher": [{"current": {"type": "TEACHER", "status": "REGULAR", "shortName": "GREHL", "longName": "Grehl", "displayName": "GREHL", "displayNameLabel": "NAME"}, "removed": null}], "cellState": "REGULAR", "date": "2025-09-12", "start": "2025-09-12T09:50", "end": "2025-09-12T11:20", "type": "NORMAL_TEACHING_PERIOD"}, {"classID": 608, "schoolID": "2227700", "subject": [{"current": {"type": "SUBJECT", "status": "REGULAR", "shortName": "M", "longName": "Mathematik", "displayName": "M", "displayNameLabel": "NAME"}, "removed": null}], "location": [{"current": {"type": "ROOM", "status": "REGULAR", "shortName": "OG 18", "longName": "KLassenraum 8b", "displayName": "OG 18", "displayNameLabel": "NAME"}, "removed": null}], "teacher": [{"current": {"type": "TEACHER", "status": "REGULAR", "shortName": "HAHN", "longName": "Hahn", "displayName": "HAHN", "displayNameLabel": "NAME"}, "removed": null}], "cellState": "REGULAR", "date": "2025-09-12", "start": "2025-09-12T09:50", "end": "2025-09-12T11:20", "type": "NORMAL_TEACHING_PERIOD"}, {"classID": 608, "schoolID": "2227700", "subject": [{"current": {"type": "SUBJECT", "status": "REGULAR", "shortName": "GW", "longName": "Gesellschaftswissenschaften", "displayName": "GW", "displayNameLabel": "NAME"}, "removed": null}], "location": [{"current": {"type": "ROOM", "status": "REGULAR", "shortName": "OG 19", "longName": "Klassenraum 5b", "displayName": "OG 19", "displayNameLabel": "NAME"}, "removed": null}], "teacher": [{"current": {"type": "TEACHER", "status": "REGULAR", "shortName": "BARTH", "longName": "Barth", "displayName": "BARTH", "displayNameLabel": "NAME"}, "removed": null}], "cellState": "REGULAR", "date": "2025-09-12", "start": "2025-09-12T11:40", "end": "2025-09-12T13:10", "type": "NORMAL_TEACHING_PERIOD"}, {"classID": 626, "schoolID": "2227700", "subject": [{"current": {"type": "SUBJECT", "status": "REGULAR", "shortName": "E", "longName": "Englisch", "displayName": "E", "displayNameLabel": "NAME"}, "removed": null}], "location": [{"current": {"type": "ROOM", "status": "REGULAR", "shortName": "OG 24", "longName": "Klassenraum 9a", "displayName": "OG 24", "displayNameLabel": "NAME"}, "removed": null}], "teacher": [{"current": {"type": "TEACHER", "status": "REGULAR", "shortName": "SCHWA", "longName": "Schwarz", "displayName": "SCHWA", "displayNameLabel": "NAME"}, "removed": null}], "cellState": "REGULAR", "date": "2025-09-12", "start": "2025-09-12T08:45", "end": "2025-09-12T09:30", "type": "NORMAL_TEACHING_PERIOD"}, {"classID": 626, "schoolID": "2227700", "subject": [{"current": {"type": "SUBJECT", "status": "REGULAR", "shortName": "E", "longName": "Englisch", "displayName": "E", "displayNameLabel": "NAME"}, "removed": null}], "location": [{"current": {"type": "ROOM", "status": "REGULAR", "shortName": "OG 24", "longName": "Klassenraum 9a", "displayName": "OG 24", "displayNameLabel": "NAME"}, "removed": null}], "teacher": [{"current": {"type": "TEACHER", "status": "REGULAR", "shortName": "SCHWA", "longName": "Schwarz", "displayName": "SCHWA", "displayNameLabel": "NAME"}, "removed": null}], "cellState": "REGULAR", "date": "2025-09-12", "start": "2025-09-12T09:50", "end": "2025-09-12T10:35", "type": "NORMAL_TEACHING_PERIOD"}, {"classID": 626, "schoolID": "2227700", "subject": [{"current": {"type": "SUBJECT", "status": "REGULAR", "shortName": "D", "longName": "Deutsch", "displayName": "D", "displayNameLabel": "NAME"}, "removed": null}], "location": [{"current": {"type": "ROOM", "status": "REGULAR", "shortName": "OG 24", "longName": "Klassenraum 9a", "displayName": "OG 24", "displayNameLabel": "NAME"}, "removed": null}], "teacher": [{"current": {"type": "TEACHER", "status": "ADDED", "shortName": "FUHR", "longName": "Fuhrmann", "displayName": "FUHR", "displayNameLabel": "NAME"}, "removed": {"type": "TEACHER", "status": "REMOVED", "shortName": "SCHU", "longName": "Schumacher", "displayName": "SCHU", "displayNameLabel": "NAME"}}], "cellState": "CHANGED", "date": "2025-09-12", "start": "2025-09-12T10:35", "end": "2025-09-12T11:20", "type": "NORMAL_TEACHING_PERIOD"}, {"classID": 626, "schoolID": "2227700", "subject": [{"current": {"type": "SUBJECT", "status": "REGULAR", "shortName": "M", "longName": "Mathematik", "displayName": "M", "displayNameLabel": "NAME"}, "removed": null}], "location": [{"current": {"type": "ROOM", "status": "REGULAR", "shortName": "OG 24", "longName": "Klassenraum 9a", "displayName": "OG 24", "displayNameLabel": "NAME"}, "removed": null}], "teacher": [{"current": {"type": "TEACHER", "status": "REGULAR", "shortName": "OLB", "longName": "Olbert", "displayName": "OLB", "displayNameLabel": "NAME"}, "removed": null}], "cellState": "REGULAR", "date": "2025-09-12", "start": "2025-09-12T11:40", "end": "2025-09-12T13:10", "type": "NORMAL_TEACHING_PERIOD"}, {"classID": 635, "schoolID": "2227700", "subject": [{"current": {"type": "SUBJECT", "status": "REGULAR", "shortName": "Ph", "longName": "Physik", "displayName": "Ph", "displayNameLabel": "NAME"}, "removed": null}], "location": [{"current": {"type": "ROOM", "status": "REGULAR", "shortName": "MINT 2", "longName": "Mintraum 2", "displayName": "MINT 2", "displayNameLabel": "NAME"}, "removed": null}], "teacher": [{"current": {"type": "TEACHER", "status": "REGULAR", "shortName": "FUHR", "longName": "Fuhrmann", "displayName": "FUHR", "displayNameLabel": "NAME"}, "removed": null}], "cellState": "REGULAR", "date": "2025-09-12", "start": "2025-09-12T08:45", "end": "2025-09-12T09:30", "type": "NORMAL_TEACHING_PERIOD"}, {"classID": 635, "schoolID": "2227700", "subject": [{"current": {"type": "SUBJECT", "status": "REGULAR", "shortName": "D", "longName": "Deutsch", "displayName": "D", "displayNameLabel": "NAME"}, "removed": null}], "location": [{"current": {"type": "ROOM", "status": "REGULAR", "shortName": "OG 23", "longName": "Klassenraum 9b", "displayName": "OG 23", "displayNameLabel": "NAME"}, "removed": null}], "teacher": [{"current": {"type": "TEACHER", "status": "REGULAR", "shortName": "SK", "longName": "Schunk", "displayName": "SK", "displayNameLabel": "NAME"}, "removed": null}], "cellState": "REGULAR", "date": "2025-09-12", "start": "2025-09-12T09:50", "end": "2025-09-12T11:20", "type": "NORMAL_TEACHING_PERIOD"}, {"classID": 635, "schoolID": "2227700", "subject": [{"current": {"type": "SUBJECT", "status": "REGULAR", "shortName": "E", "longName": "Englisch", "displayName": "E", "displayNameLabel": "NAME"}, "removed": null}], "location": [{"current": {"type": "ROOM", "status": "REGULAR", "shortName": "OG 23", "longName": "Klassenraum 9b", "displayName": "OG 23", "displayNameLabel": "NAME"}, "removed": null}], "teacher": [{"current": {"type": "TEACHER", "status": "REGULAR", "shortName": "PILL", "longName": "Pillong", "displayName": "PILL", "displayNameLabel": "NAME"}, "removed": null}], "cellState": "REGULAR", "date": "2025-09-12", "start": "2025-09-12T11:40", "end": "2025-09-12T13:10", "type": "NORMAL_TEACHING_PERIOD"}, {"classID": 632, "schoolID": "2227700", "subject": "", "location": "", "teacher": "", "cellState": "CHANGED", "date": "2025-09-12", "start": "2025-09-12T08:00", "end": "2025-09-12T15:40", "type": "EVENT"}, {"classID": 620, "schoolID": "2227700", "subject": [{"current": {"type": "SUBJECT", "status": "REGULAR", "shortName": "Ethik 1", "longName": "Ethik 1", "displayName": "Ethik 1", "displayNameLabel": "NAME"}, "removed": null}], "location": [{"current": {"type": "ROOM", "status": "REGULAR", "shortName": "OG 23", "longName": "Klassenraum 9b", "displayName": "OG 23", "displayNameLabel": "NAME"}, "removed": null}], "teacher": [{"current": {"type": "TEACHER", "status": "REGULAR", "shortName": "GRO", "longName": "Grotehusmann", "displayName": "GRO", "displayNameLabel": "NAME"}, "removed": null}], "cellState": "REGULAR", "date": "2025-09-12", "start": "2025-09-12T08:00", "end": "2025-09-12T08:45", "type": "NORMAL_TEACHING_PERIOD"}, {"classID": 620, "schoolID": "2227700", "subject": [{"current": {"type": "SUBJECT", "status": "REGULAR", "shortName": "KRel 1", "longName": "Kath. Religion Kurs 1", "displayName": "KRel 1", "displayNameLabel": "NAME"}, "removed": null}], "location": [{"current": {"type": "ROOM", "status": "REGULAR", "shortName": "OG 24", "longName": "Klassenraum 9a", "displayName": "OG 24", "displayNameLabel": "NAME"}, "removed": null}], "teacher": [{"current": {"type": "TEACHER", "status": "REGULAR", "shortName": "SK", "longName": "Schunk", "displayName": "SK", "displayNameLabel": "NAME"}, "removed": null}], "cellState": "REGULAR", "date": "2025-09-12", "start": "2025-09-12T08:00", "end": "2025-09-12T08:45", "type": "NORMAL_TEACHING_PERIOD"}, {"classID": 623, "schoolID": "2227700", "subject": [{"current": {"type": "SUBJECT", "status": "REGULAR", "shortName": "Ethik 1", "longName": "Ethik 1", "displayName": "Ethik 1", "displayNameLabel": "NAME"}, "removed": null}], "location": [{"current": {"type": "ROOM", "status": "REGULAR", "shortName": "OG 23", "longName": "Klassenraum 9b", "displayName": "OG 23", "displayNameLabel": "NAME"}, "removed": null}], "teacher": [{"current": {"type": "TEACHER", "status": "REGULAR", "shortName": "GRO", "longName": "Grotehusmann", "displayName": "GRO", "displayNameLabel": "NAME"}, "removed": null}], "cellState": "REGULAR", "date": "2025-09-12", "start": "2025-09-12T08:00", "end": "2025-09-12T08:45", "type": "NORMAL_TEACHING_PERIOD"}, {"classID": 623, "schoolID": "2227700", "subject": [{"current": {"type": "SUBJECT", "status": "REGULAR", "shortName": "KRel 1", "longName": "Kath. Religion Kurs 1", "displayName": "KRel 1", "displayNameLabel": "NAME"}, "removed": null}], "location": [{"current": {"type": "ROOM", "status": "REGULAR", "shortName": "OG 24", "longName": "Klassenraum 9a", "displayName": "OG 24", "displayNameLabel": "NAME"}, "removed": null}], "teacher": [{"current": {"type": "TEACHER", "status": "REGULAR", "shortName": "SK", "longName": "Schunk", "displayName": "SK", "displayNameLabel": "NAME"}, "removed": null}], "cellState": "REGULAR", "date": "2025-09-12", "start": "2025-09-12T08:00", "end": "2025-09-12T08:45", "type": "NORMAL_TEACHING_PERIOD"}]